lead_id,customer_id,project_id,lead_date,channel,visits,lead_score
LEAD_0000001,CUS_001225,PRJ_0012,2022-04-03,web,1,55
LEAD_0000002,CUS_005288,PRJ_0009,2025-09-07,web,1,48
LEAD_0000003,CUS_000805,PRJ_0012,2024-06-26,referral,1,74
LEAD_0000004,CUS_005612,PRJ_0014,2025-03-29,web,2,61
LEAD_0000005,CUS_005819,PRJ_0027,2023-03-24,campaign,2,84
LEAD_0000006,CUS_003813,PRJ_0008,2023-12-04,referral,3,64
LEAD_0000007,CUS_005723,PRJ_0004,2025-11-12,web,2,52
LEAD_0000008,CUS_003850,PRJ_0023,2024-05-20,agency,1,48
LEAD_0000009,CUS_000220,PRJ_0012,2025-05-17,web,3,64
LEAD_0000010,CUS_005514,PRJ_0028,2025-08-07,referral,1,60
LEAD_0000011,CUS_000879,PRJ_0016,2023-12-22,web,4,52
LEAD_0000012,CUS_004069,PRJ_0003,2025-12-02,referral,2,76
LEAD_0000013,CUS_001332,PRJ_0014,2025-01-13,walk_in,1,90
LEAD_0000014,CUS_000015,PRJ_0013,2022-07-04,referral,1,69
LEAD_0000015,CUS_005216,PRJ_0024,2023-09-28,web,1,61
LEAD_0000016,CUS_004341,PRJ_0018,2023-07-05,agency,0,58
LEAD_0000017,CUS_003378,PRJ_0007,2022-11-16,agency,2,59
LEAD_0000018,CUS_006147,PRJ_0010,2023-08-23,walk_in,2,53
LEAD_0000019,CUS_002135,PRJ_0001,2024-12-27,web,2,52
LEAD_0000020,CUS_003438,PRJ_0007,2023-12-30,web,0,40
LEAD_0000021,CUS_004705,PRJ_0012,2025-07-19,agency,1,52
LEAD_0000022,CUS_001001,PRJ_0003,2023-12-28,campaign,1,63
LEAD_0000023,CUS_006115,PRJ_0007,2022-12-27,agency,2,74
LEAD_0000024,CUS_006477,PRJ_0014,2024-10-06,agency,1,64
LEAD_0000025,CUS_005451,PRJ_0026,2022-01-23,referral,2,81
LEAD_0000026,CUS_003051,PRJ_0010,2023-09-27,walk_in,2,53
LEAD_0000027,CUS_003504,PRJ_0017,2025-02-12,campaign,2,54
LEAD_0000028,CUS_002207,PRJ_0001,2025-06-17,agency,1,49
LEAD_0000029,CUS_003006,PRJ_0011,2021-11-27,web,3,60
LEAD_0000030,CUS_005834,PRJ_0016,2025-05-30,walk_in,1,51
LEAD_0000031,CUS_002804,PRJ_0008,2024-02-14,web,2,62
LEAD_0000032,CUS_004426,PRJ_0019,2022-01-02,campaign,0,45
LEAD_0000033,CUS_001782,PRJ_0005,2021-01-24,agency,0,45
LEAD_0000034,CUS_002883,PRJ_0027,2022-11-04,web,1,59
LEAD_0000035,CUS_004653,PRJ_0004,2023-02-20,web,2,56
LEAD_0000036,CUS_002417,PRJ_0013,2022-04-07,walk_in,2,57
LEAD_0000037,CUS_002310,PRJ_0016,2021-01-09,referral,1,61
LEAD_0000038,CUS_005797,PRJ_0011,2023-04-18,referral,1,86
LEAD_0000039,CUS_005912,PRJ_0013,2025-08-25,web,3,57
LEAD_0000040,CUS_002057,PRJ_0005,2025-09-17,web,5,72
LEAD_0000041,CUS_000839,PRJ_0008,2023-06-13,web,1,85
LEAD_0000042,CUS_002908,PRJ_0021,2025-07-06,web,4,68
LEAD_0000043,CUS_004082,PRJ_0022,2021-06-16,agency,1,56
LEAD_0000044,CUS_002623,PRJ_0001,2025-03-29,agency,3,100
LEAD_0000045,CUS_000406,PRJ_0009,2023-10-16,agency,1,67
LEAD_0000046,CUS_006314,PRJ_0026,2021-05-07,agency,1,81
LEAD_0000047,CUS_001230,PRJ_0020,2021-04-28,referral,1,65
LEAD_0000048,CUS_005708,PRJ_0007,2021-02-17,walk_in,0,92
LEAD_0000049,CUS_003388,PRJ_0017,2022-08-18,web,2,39
LEAD_0000050,CUS_004532,PRJ_0004,2023-09-17,agency,1,47
LEAD_0000051,CUS_005117,PRJ_0003,2024-11-21,campaign,0,48
LEAD_0000052,CUS_003813,PRJ_0016,2023-12-30,web,2,48
LEAD_0000053,CUS_006410,PRJ_0014,2023-06-28,referral,0,67
LEAD_0000054,CUS_003252,PRJ_0018,2022-03-15,agency,1,100
LEAD_0000055,CUS_004843,PRJ_0022,2024-01-12,campaign,0,48
LEAD_0000056,CUS_000683,PRJ_0018,2025-11-15,web,1,76
LEAD_0000057,CUS_005831,PRJ_0015,2025-09-10,web,5,60
LEAD_0000058,CUS_005839,PRJ_0007,2022-12-20,web,0,64
LEAD_0000059,CUS_000408,PRJ_0023,2023-06-09,campaign,1,63
LEAD_0000060,CUS_006350,PRJ_0024,2023-02-01,web,1,46
LEAD_0000061,CUS_001536,PRJ_0014,2023-10-31,web,1,79
LEAD_0000062,CUS_004823,PRJ_0002,2023-01-20,web,3,66
LEAD_0000063,CUS_006252,PRJ_0022,2022-02-10,referral,5,66
LEAD_0000064,CUS_001859,PRJ_0028,2022-01-06,campaign,1,63
LEAD_0000065,CUS_004798,PRJ_0004,2025-02-22,web,3,58
LEAD_0000066,CUS_002543,PRJ_0014,2023-07-03,campaign,0,75
LEAD_0000067,CUS_004641,PRJ_0007,2021-08-22,web,2,69
LEAD_0000068,CUS_005277,PRJ_0007,2023-09-27,web,1,71
LEAD_0000069,CUS_001560,PRJ_0008,2024-06-01,walk_in,1,43
LEAD_0000070,CUS_005430,PRJ_0017,2021-11-15,campaign,3,56
LEAD_0000071,CUS_004140,PRJ_0011,2025-12-09,referral,4,83
LEAD_0000072,CUS_001988,PRJ_0012,2021-10-21,campaign,0,65
LEAD_0000073,CUS_005428,PRJ_0019,2023-08-06,web,4,97
LEAD_0000074,CUS_004423,PRJ_0003,2021-02-26,web,1,55
LEAD_0000075,CUS_000335,PRJ_0008,2025-02-06,campaign,0,66
LEAD_0000076,CUS_006133,PRJ_0007,2021-07-31,web,0,53
LEAD_0000077,CUS_003797,PRJ_0009,2024-07-22,web,0,59
LEAD_0000078,CUS_004782,PRJ_0020,2022-07-04,agency,2,61
LEAD_0000079,CUS_002385,PRJ_0008,2023-07-19,campaign,1,53
LEAD_0000080,CUS_002654,PRJ_0023,2024-11-06,web,2,72
LEAD_0000081,CUS_002275,PRJ_0006,2025-10-11,web,2,52
LEAD_0000082,CUS_003262,PRJ_0014,2021-11-05,web,3,56
LEAD_0000083,CUS_005182,PRJ_0028,2025-03-13,referral,4,81
LEAD_0000084,CUS_004988,PRJ_0016,2022-02-04,web,4,70
LEAD_0000085,CUS_003591,PRJ_0001,2021-04-18,walk_in,0,46
LEAD_0000086,CUS_000194,PRJ_0013,2025-03-21,web,1,68
LEAD_0000087,CUS_000440,PRJ_0018,2022-07-20,walk_in,0,56
LEAD_0000088,CUS_005675,PRJ_0005,2025-02-07,web,3,55
LEAD_0000089,CUS_006372,PRJ_0008,2025-06-15,web,3,61
LEAD_0000090,CUS_000962,PRJ_0013,2024-02-10,web,2,55
LEAD_0000091,CUS_003384,PRJ_0006,2022-10-02,walk_in,1,60
LEAD_0000092,CUS_005778,PRJ_0013,2021-09-18,agency,2,71
LEAD_0000093,CUS_000169,PRJ_0006,2021-11-16,agency,1,43
LEAD_0000094,CUS_006456,PRJ_0021,2024-02-20,web,2,58
LEAD_0000095,CUS_001079,PRJ_0006,2023-06-17,agency,3,82
LEAD_0000096,CUS_000332,PRJ_0002,2024-05-09,web,1,77
LEAD_0000097,CUS_003306,PRJ_0028,2021-05-12,web,3,56
LEAD_0000098,CUS_006254,PRJ_0008,2022-04-21,web,5,69
LEAD_0000099,CUS_005047,PRJ_0005,2021-12-11,agency,3,97
LEAD_0000100,CUS_001476,PRJ_0016,2025-08-14,campaign,2,73
LEAD_0000101,CUS_004045,PRJ_0021,2022-03-30,agency,2,55
LEAD_0000102,CUS_003027,PRJ_0007,2021-04-02,web,4,54
LEAD_0000103,CUS_002960,PRJ_0021,2021-07-07,web,0,64
LEAD_0000104,CUS_000537,PRJ_0013,2023-08-17,web,4,73
LEAD_0000105,CUS_002050,PRJ_0005,2021-02-10,referral,3,78
LEAD_0000106,CUS_001510,PRJ_0014,2022-05-12,web,1,90
LEAD_0000107,CUS_006397,PRJ_0027,2023-12-01,web,0,59
LEAD_0000108,CUS_001590,PRJ_0005,2021-06-18,campaign,0,52
LEAD_0000109,CUS_005571,PRJ_0011,2023-06-23,campaign,1,58
LEAD_0000110,CUS_001210,PRJ_0009,2024-12-09,referral,0,71
LEAD_0000111,CUS_000307,PRJ_0026,2024-11-07,agency,0,51
LEAD_0000112,CUS_005499,PRJ_0017,2022-01-01,web,1,63
LEAD_0000113,CUS_003246,PRJ_0020,2021-12-08,web,1,50
LEAD_0000114,CUS_006346,PRJ_0022,2025-04-12,web,2,83
LEAD_0000115,CUS_001105,PRJ_0016,2024-08-23,web,0,52
LEAD_0000116,CUS_001983,PRJ_0014,2022-12-02,campaign,2,79
LEAD_0000117,CUS_006396,PRJ_0014,2025-01-24,referral,1,77
LEAD_0000118,CUS_004804,PRJ_0001,2021-04-25,referral,2,89
LEAD_0000119,CUS_001288,PRJ_0026,2021-12-12,web,1,59
LEAD_0000120,CUS_000987,PRJ_0019,2024-02-03,agency,3,57
LEAD_0000121,CUS_002790,PRJ_0023,2023-12-24,agency,1,57
LEAD_0000122,CUS_006146,PRJ_0011,2024-03-07,agency,1,52
LEAD_0000123,CUS_000675,PRJ_0028,2024-07-15,referral,1,70
LEAD_0000124,CUS_004533,PRJ_0013,2022-11-07,web,1,45
LEAD_0000125,CUS_000948,PRJ_0004,2022-04-12,web,0,39
LEAD_0000126,CUS_004549,PRJ_0026,2024-02-12,campaign,3,59
LEAD_0000127,CUS_005416,PRJ_0018,2025-10-30,referral,4,57
LEAD_0000128,CUS_001604,PRJ_0012,2023-02-28,web,2,56
LEAD_0000129,CUS_004456,PRJ_0010,2021-04-29,web,0,45
LEAD_0000130,CUS_003413,PRJ_0026,2024-11-09,web,0,63
LEAD_0000131,CUS_000392,PRJ_0015,2023-01-28,walk_in,3,47
LEAD_0000132,CUS_002647,PRJ_0008,2022-01-16,referral,2,78
LEAD_0000133,CUS_004930,PRJ_0012,2021-06-03,referral,1,64
LEAD_0000134,CUS_005642,PRJ_0020,2025-05-22,web,3,51
LEAD_0000135,CUS_005376,PRJ_0026,2025-09-23,campaign,1,62
LEAD_0000136,CUS_004267,PRJ_0013,2024-09-14,referral,2,95
LEAD_0000137,CUS_004596,PRJ_0016,2022-08-10,web,4,71
LEAD_0000138,CUS_001819,PRJ_0027,2024-05-19,web,1,56
LEAD_0000139,CUS_004348,PRJ_0013,2022-10-03,web,2,52
LEAD_0000140,CUS_000676,PRJ_0021,2021-11-28,web,1,97
LEAD_0000141,CUS_001360,PRJ_0022,2025-01-25,referral,1,65
LEAD_0000142,CUS_005247,PRJ_0008,2024-09-22,agency,0,77
LEAD_0000143,CUS_001717,PRJ_0005,2025-05-06,campaign,3,57
LEAD_0000144,CUS_000428,PRJ_0013,2025-05-23,web,1,48
LEAD_0000145,CUS_001149,PRJ_0017,2024-11-11,referral,0,64
LEAD_0000146,CUS_003003,PRJ_0026,2024-05-22,web,3,76
LEAD_0000147,CUS_003402,PRJ_0011,2021-03-30,walk_in,1,59
LEAD_0000148,CUS_004215,PRJ_0019,2021-09-19,walk_in,2,43
LEAD_0000149,CUS_003694,PRJ_0013,2022-04-23,web,3,65
LEAD_0000150,CUS_003906,PRJ_0025,2021-05-20,agency,2,65
LEAD_0000151,CUS_001020,PRJ_0010,2022-01-14,web,0,64
LEAD_0000152,CUS_000777,PRJ_0009,2021-10-25,campaign,2,67
LEAD_0000153,CUS_002138,PRJ_0013,2025-12-13,campaign,2,48
LEAD_0000154,CUS_004209,PRJ_0022,2024-12-30,web,2,57
LEAD_0000155,CUS_003397,PRJ_0006,2021-04-15,walk_in,2,67
LEAD_0000156,CUS_001562,PRJ_0004,2021-04-14,campaign,1,57
LEAD_0000157,CUS_005049,PRJ_0016,2024-08-24,referral,2,57
LEAD_0000158,CUS_003620,PRJ_0024,2022-03-17,web,4,76
LEAD_0000159,CUS_005232,PRJ_0025,2025-07-11,referral,3,64
LEAD_0000160,CUS_001616,PRJ_0016,2025-10-19,referral,4,86
LEAD_0000161,CUS_005039,PRJ_0016,2024-07-21,campaign,1,59
LEAD_0000162,CUS_002516,PRJ_0002,2022-07-26,referral,2,58
LEAD_0000163,CUS_000955,PRJ_0008,2025-03-11,web,0,49
LEAD_0000164,CUS_004850,PRJ_0008,2022-07-15,web,2,81
LEAD_0000165,CUS_005681,PRJ_0027,2023-08-23,web,3,78
LEAD_0000166,CUS_001649,PRJ_0014,2021-04-22,agency,1,73
LEAD_0000167,CUS_000206,PRJ_0010,2023-07-04,web,1,60
LEAD_0000168,CUS_005540,PRJ_0015,2022-05-26,web,1,65
LEAD_0000169,CUS_003581,PRJ_0022,2024-11-12,referral,2,70
LEAD_0000170,CUS_002950,PRJ_0021,2024-01-30,agency,3,81
LEAD_0000171,CUS_001776,PRJ_0015,2023-05-28,web,0,66
LEAD_0000172,CUS_006451,PRJ_0016,2024-04-03,referral,1,61
LEAD_0000173,CUS_001866,PRJ_0018,2022-07-19,agency,3,83
LEAD_0000174,CUS_003967,PRJ_0023,2021-07-11,agency,1,80
LEAD_0000175,CUS_001414,PRJ_0006,2022-10-27,web,6,74
LEAD_0000176,CUS_001040,PRJ_0023,2024-01-04,web,1,68
LEAD_0000177,CUS_003041,PRJ_0022,2021-10-04,referral,1,60
LEAD_0000178,CUS_004868,PRJ_0018,2023-07-07,web,2,51
LEAD_0000179,CUS_000324,PRJ_0016,2024-11-22,campaign,3,59
LEAD_0000180,CUS_003968,PRJ_0007,2025-08-24,agency,1,84
LEAD_0000181,CUS_001388,PRJ_0015,2022-09-08,web,3,52
LEAD_0000182,CUS_000770,PRJ_0019,2023-09-13,agency,2,61
LEAD_0000183,CUS_006299,PRJ_0004,2022-09-24,web,2,53
LEAD_0000184,CUS_000445,PRJ_0013,2024-01-07,web,3,73
LEAD_0000185,CUS_001087,PRJ_0008,2021-05-07,campaign,1,73
LEAD_0000186,CUS_005361,PRJ_0003,2021-04-11,web,2,64
LEAD_0000187,CUS_000709,PRJ_0026,2023-11-14,walk_in,1,55
LEAD_0000188,CUS_003169,PRJ_0014,2022-09-27,agency,1,62
LEAD_0000189,CUS_001962,PRJ_0009,2023-02-10,agency,4,82
LEAD_0000190,CUS_004510,PRJ_0023,2023-06-06,agency,1,77
LEAD_0000191,CUS_005689,PRJ_0003,2023-03-14,campaign,2,55
LEAD_0000192,CUS_003257,PRJ_0013,2021-09-26,referral,4,80
LEAD_0000193,CUS_000976,PRJ_0017,2025-08-22,web,0,59
LEAD_0000194,CUS_005381,PRJ_0011,2021-11-25,campaign,2,42
LEAD_0000195,CUS_005398,PRJ_0018,2022-10-06,web,2,54
LEAD_0000196,CUS_001049,PRJ_0006,2023-03-18,web,3,55
LEAD_0000197,CUS_000259,PRJ_0009,2024-06-30,web,2,68
LEAD_0000198,CUS_000722,PRJ_0016,2021-07-11,campaign,1,52
LEAD_0000199,CUS_002734,PRJ_0002,2022-03-27,web,2,55
LEAD_0000200,CUS_002530,PRJ_0008,2025-03-23,web,1,80
LEAD_0000201,CUS_006134,PRJ_0014,2024-04-12,agency,5,68
LEAD_0000202,CUS_003378,PRJ_0018,2021-02-15,web,2,55
LEAD_0000203,CUS_006464,PRJ_0021,2024-08-26,web,6,82
LEAD_0000204,CUS_004028,PRJ_0001,2022-10-18,agency,1,63
LEAD_0000205,CUS_006429,PRJ_0003,2024-12-07,web,0,63
LEAD_0000206,CUS_001535,PRJ_0011,2021-07-12,agency,3,54
LEAD_0000207,CUS_004820,PRJ_0026,2022-11-27,agency,0,66
LEAD_0000208,CUS_004926,PRJ_0022,2023-05-24,referral,4,73
LEAD_0000209,CUS_005503,PRJ_0020,2025-07-02,referral,1,53
LEAD_0000210,CUS_004780,PRJ_0001,2025-09-29,campaign,2,63
LEAD_0000211,CUS_001930,PRJ_0014,2023-02-20,web,2,53
LEAD_0000212,CUS_003191,PRJ_0003,2023-08-31,referral,1,75
LEAD_0000213,CUS_002064,PRJ_0023,2023-01-31,web,1,72
LEAD_0000214,CUS_003069,PRJ_0028,2022-04-04,web,1,81
LEAD_0000215,CUS_003409,PRJ_0011,2022-10-04,campaign,2,67
LEAD_0000216,CUS_004667,PRJ_0001,2025-03-05,agency,2,61
LEAD_0000217,CUS_001184,PRJ_0019,2025-04-29,walk_in,3,53
LEAD_0000218,CUS_006484,PRJ_0022,2025-02-10,web,2,63
LEAD_0000219,CUS_002180,PRJ_0002,2021-01-04,campaign,2,96
LEAD_0000220,CUS_002461,PRJ_0011,2022-10-09,walk_in,1,65
LEAD_0000221,CUS_003542,PRJ_0023,2024-05-24,agency,1,73
LEAD_0000222,CUS_001783,PRJ_0009,2025-11-24,web,1,48
LEAD_0000223,CUS_002767,PRJ_0012,2021-03-02,agency,1,52
LEAD_0000224,CUS_003124,PRJ_0020,2021-03-06,web,0,63
LEAD_0000225,CUS_000295,PRJ_0003,2021-10-21,web,0,54
LEAD_0000226,CUS_001598,PRJ_0024,2025-09-17,walk_in,0,46
LEAD_0000227,CUS_000161,PRJ_0018,2023-01-21,campaign,1,45
LEAD_0000228,CUS_000390,PRJ_0013,2022-09-24,referral,3,75
LEAD_0000229,CUS_006344,PRJ_0012,2023-03-08,walk_in,0,57
LEAD_0000230,CUS_006196,PRJ_0001,2021-07-30,web,5,73
LEAD_0000231,CUS_003214,PRJ_0017,2025-03-22,walk_in,4,79
LEAD_0000232,CUS_002290,PRJ_0025,2023-06-03,web,2,75
LEAD_0000233,CUS_003937,PRJ_0011,2023-06-11,agency,3,64
LEAD_0000234,CUS_003319,PRJ_0026,2025-01-04,web,0,62
LEAD_0000235,CUS_005680,PRJ_0017,2021-11-26,agency,3,68
LEAD_0000236,CUS_000670,PRJ_0017,2022-05-01,campaign,1,69
LEAD_0000237,CUS_006276,PRJ_0019,2022-06-26,walk_in,0,61
LEAD_0000238,CUS_004783,PRJ_0007,2022-05-05,campaign,1,51
LEAD_0000239,CUS_006134,PRJ_0021,2022-09-23,campaign,1,51
LEAD_0000240,CUS_003125,PRJ_0028,2024-10-20,campaign,1,58
LEAD_0000241,CUS_004693,PRJ_0024,2025-03-19,web,2,62
LEAD_0000242,CUS_001156,PRJ_0013,2021-06-29,agency,2,69
LEAD_0000243,CUS_005013,PRJ_0022,2021-03-14,walk_in,5,69
LEAD_0000244,CUS_001718,PRJ_0026,2022-01-25,web,1,67
LEAD_0000245,CUS_000059,PRJ_0024,2025-06-20,web,3,61
LEAD_0000246,CUS_004004,PRJ_0007,2022-03-08,campaign,0,35
LEAD_0000247,CUS_001775,PRJ_0002,2025-01-28,walk_in,3,100
LEAD_0000248,CUS_005605,PRJ_0026,2021-06-22,web,6,75
LEAD_0000249,CUS_001346,PRJ_0006,2021-12-05,referral,4,76
LEAD_0000250,CUS_000703,PRJ_0022,2023-02-05,web,0,60
LEAD_0000251,CUS_001965,PRJ_0005,2024-02-17,agency,3,66
LEAD_0000252,CUS_001225,PRJ_0013,2023-05-13,web,3,60
LEAD_0000253,CUS_005798,PRJ_0008,2022-01-15,agency,2,53
LEAD_0000254,CUS_005611,PRJ_0002,2021-09-20,web,0,45
LEAD_0000255,CUS_003927,PRJ_0020,2022-07-26,campaign,1,68
LEAD_0000256,CUS_004760,PRJ_0011,2024-05-23,campaign,1,53
LEAD_0000257,CUS_001455,PRJ_0022,2021-04-15,walk_in,1,40
LEAD_0000258,CUS_006026,PRJ_0025,2025-12-19,agency,4,48
LEAD_0000259,CUS_004984,PRJ_0006,2021-12-14,web,2,63
LEAD_0000260,CUS_001024,PRJ_0019,2024-04-20,web,4,85
LEAD_0000261,CUS_003294,PRJ_0016,2024-05-12,campaign,3,68
LEAD_0000262,CUS_004263,PRJ_0009,2024-01-14,referral,2,67
LEAD_0000263,CUS_000727,PRJ_0011,2023-02-14,campaign,0,52
LEAD_0000264,CUS_001508,PRJ_0017,2022-10-14,walk_in,2,60
LEAD_0000265,CUS_000430,PRJ_0028,2021-03-25,agency,1,86
LEAD_0000266,CUS_001967,PRJ_0027,2023-01-13,web,3,64
LEAD_0000267,CUS_000712,PRJ_0010,2022-06-15,agency,2,47
LEAD_0000268,CUS_003503,PRJ_0012,2023-02-05,agency,2,70
LEAD_0000269,CUS_000905,PRJ_0028,2024-05-11,web,1,64
LEAD_0000270,CUS_002487,PRJ_0007,2022-09-28,referral,0,74
LEAD_0000271,CUS_001609,PRJ_0021,2023-08-25,web,2,67
LEAD_0000272,CUS_003691,PRJ_0024,2025-10-02,campaign,1,45
LEAD_0000273,CUS_002660,PRJ_0002,2021-09-15,web,3,57
LEAD_0000274,CUS_002495,PRJ_0016,2025-04-02,web,4,65
LEAD_0000275,CUS_003085,PRJ_0004,2022-05-12,agency,5,84
LEAD_0000276,CUS_004892,PRJ_0016,2023-05-13,campaign,1,32
LEAD_0000277,CUS_004793,PRJ_0014,2021-11-29,agency,3,100
LEAD_0000278,CUS_001534,PRJ_0026,2022-01-22,campaign,3,47
LEAD_0000279,CUS_005534,PRJ_0002,2021-08-07,web,3,70
LEAD_0000280,CUS_000471,PRJ_0012,2022-10-23,agency,1,71
LEAD_0000281,CUS_003662,PRJ_0018,2021-09-16,agency,3,65
LEAD_0000282,CUS_005095,PRJ_0021,2023-06-14,web,3,71
LEAD_0000283,CUS_004980,PRJ_0016,2025-04-23,referral,2,75
LEAD_0000284,CUS_005815,PRJ_0025,2025-05-08,agency,0,75
LEAD_0000285,CUS_002361,PRJ_0006,2025-07-19,walk_in,0,44
LEAD_0000286,CUS_005350,PRJ_0017,2023-05-13,walk_in,2,61
LEAD_0000287,CUS_005869,PRJ_0014,2021-03-21,web,1,76
LEAD_0000288,CUS_002908,PRJ_0017,2023-07-20,web,2,72
LEAD_0000289,CUS_003406,PRJ_0017,2023-03-28,agency,1,63
LEAD_0000290,CUS_002886,PRJ_0014,2025-12-09,campaign,2,56
LEAD_0000291,CUS_002193,PRJ_0001,2023-05-05,walk_in,4,62
LEAD_0000292,CUS_002008,PRJ_0003,2024-08-19,web,1,73
LEAD_0000293,CUS_001346,PRJ_0025,2025-11-29,walk_in,5,64
LEAD_0000294,CUS_003037,PRJ_0008,2024-06-11,agency,2,67
LEAD_0000295,CUS_006238,PRJ_0014,2025-04-24,web,2,56
LEAD_0000296,CUS_000226,PRJ_0011,2025-11-01,campaign,1,63
LEAD_0000297,CUS_000947,PRJ_0009,2025-03-21,web,2,70
LEAD_0000298,CUS_004356,PRJ_0008,2024-08-28,agency,1,66
LEAD_0000299,CUS_004861,PRJ_0016,2022-11-14,walk_in,2,75
LEAD_0000300,CUS_004572,PRJ_0008,2024-03-27,walk_in,2,64
LEAD_0000301,CUS_001690,PRJ_0026,2025-12-17,web,1,52
LEAD_0000302,CUS_005316,PRJ_0025,2022-09-01,referral,1,56
LEAD_0000303,CUS_000011,PRJ_0010,2022-03-16,web,2,57
LEAD_0000304,CUS_004199,PRJ_0017,2024-11-05,campaign,4,64
LEAD_0000305,CUS_006344,PRJ_0027,2021-05-02,walk_in,3,63
LEAD_0000306,CUS_001156,PRJ_0027,2024-07-09,agency,1,65
LEAD_0000307,CUS_006410,PRJ_0011,2024-01-28,web,2,60
LEAD_0000308,CUS_005580,PRJ_0013,2023-12-29,campaign,2,51
LEAD_0000309,CUS_001866,PRJ_0021,2022-12-06,web,1,70
LEAD_0000310,CUS_002440,PRJ_0018,2021-04-03,campaign,1,47
LEAD_0000311,CUS_001677,PRJ_0014,2024-01-22,web,0,81
LEAD_0000312,CUS_004159,PRJ_0017,2022-05-16,web,0,64
LEAD_0000313,CUS_005180,PRJ_0002,2023-07-02,walk_in,1,63
LEAD_0000314,CUS_001388,PRJ_0027,2024-04-10,web,2,41
LEAD_0000315,CUS_004428,PRJ_0022,2022-02-08,walk_in,0,53
LEAD_0000316,CUS_002664,PRJ_0004,2021-09-03,campaign,2,57
LEAD_0000317,CUS_001401,PRJ_0004,2022-05-24,web,4,68
LEAD_0000318,CUS_004089,PRJ_0009,2024-03-01,web,6,67
LEAD_0000319,CUS_002963,PRJ_0028,2024-08-21,web,3,50
LEAD_0000320,CUS_004266,PRJ_0022,2021-04-26,walk_in,3,54
LEAD_0000321,CUS_004200,PRJ_0027,2022-05-26,walk_in,3,73
LEAD_0000322,CUS_001976,PRJ_0022,2025-09-15,web,2,39
LEAD_0000323,CUS_002121,PRJ_0022,2021-10-18,campaign,2,52
LEAD_0000324,CUS_003881,PRJ_0004,2025-07-17,campaign,1,42
LEAD_0000325,CUS_000736,PRJ_0005,2021-01-15,web,2,71
LEAD_0000326,CUS_000026,PRJ_0016,2023-10-02,walk_in,2,63
LEAD_0000327,CUS_000548,PRJ_0012,2025-04-05,agency,4,75
LEAD_0000328,CUS_003859,PRJ_0007,2025-09-19,referral,3,58
LEAD_0000329,CUS_004700,PRJ_0012,2023-03-23,web,3,65
LEAD_0000330,CUS_005899,PRJ_0024,2025-10-28,web,2,55
LEAD_0000331,CUS_005019,PRJ_0003,2025-11-15,walk_in,2,67
LEAD_0000332,CUS_003454,PRJ_0022,2022-02-28,web,5,53
LEAD_0000333,CUS_004572,PRJ_0018,2021-04-03,agency,3,58
LEAD_0000334,CUS_002859,PRJ_0016,2024-07-08,web,4,66
LEAD_0000335,CUS_005615,PRJ_0008,2023-02-07,web,3,67
LEAD_0000336,CUS_003060,PRJ_0018,2024-05-10,web,3,57
LEAD_0000337,CUS_005750,PRJ_0018,2021-02-16,campaign,3,72
LEAD_0000338,CUS_000563,PRJ_0026,2021-07-25,agency,1,81
LEAD_0000339,CUS_002599,PRJ_0017,2023-10-28,walk_in,2,62
LEAD_0000340,CUS_002737,PRJ_0001,2022-05-28,agency,1,65
LEAD_0000341,CUS_002491,PRJ_0023,2023-02-07,campaign,2,99
LEAD_0000342,CUS_005390,PRJ_0018,2023-04-06,agency,2,72
LEAD_0000343,CUS_002577,PRJ_0003,2024-03-02,web,3,58
LEAD_0000344,CUS_006120,PRJ_0003,2023-06-07,referral,1,68
LEAD_0000345,CUS_002545,PRJ_0012,2024-12-30,referral,2,79
LEAD_0000346,CUS_001169,PRJ_0027,2021-05-26,agency,3,56
LEAD_0000347,CUS_006217,PRJ_0002,2021-06-17,campaign,2,54
LEAD_0000348,CUS_004529,PRJ_0011,2023-09-23,referral,3,61
LEAD_0000349,CUS_003355,PRJ_0023,2025-03-22,agency,1,62
LEAD_0000350,CUS_003315,PRJ_0008,2025-03-04,campaign,2,63
LEAD_0000351,CUS_002607,PRJ_0010,2022-04-12,web,2,58
LEAD_0000352,CUS_006117,PRJ_0001,2024-11-01,web,0,57
LEAD_0000353,CUS_005629,PRJ_0023,2022-09-26,agency,2,72
LEAD_0000354,CUS_002955,PRJ_0001,2023-10-23,referral,1,62
LEAD_0000355,CUS_004642,PRJ_0022,2021-06-09,campaign,2,72
LEAD_0000356,CUS_001427,PRJ_0028,2022-10-04,referral,1,84
LEAD_0000357,CUS_002623,PRJ_0007,2025-08-11,walk_in,0,71
LEAD_0000358,CUS_000293,PRJ_0022,2024-02-29,referral,3,74
LEAD_0000359,CUS_002135,PRJ_0024,2022-08-30,web,1,57
LEAD_0000360,CUS_004884,PRJ_0027,2022-11-01,referral,1,59
LEAD_0000361,CUS_002344,PRJ_0005,2021-03-24,campaign,1,37
LEAD_0000362,CUS_004677,PRJ_0011,2022-03-10,web,2,87
LEAD_0000363,CUS_006393,PRJ_0027,2024-05-16,referral,1,70
LEAD_0000364,CUS_006022,PRJ_0009,2021-11-16,referral,1,74
LEAD_0000365,CUS_002282,PRJ_0016,2021-06-25,walk_in,3,51
LEAD_0000366,CUS_000393,PRJ_0021,2023-10-08,web,2,63
LEAD_0000367,CUS_005862,PRJ_0016,2023-06-08,web,2,53
LEAD_0000368,CUS_006387,PRJ_0020,2021-03-24,referral,3,55
LEAD_0000369,CUS_006085,PRJ_0014,2025-10-23,campaign,2,63
LEAD_0000370,CUS_001199,PRJ_0027,2024-10-29,referral,2,53
LEAD_0000371,CUS_000478,PRJ_0004,2024-03-22,campaign,1,55
LEAD_0000372,CUS_003647,PRJ_0006,2023-07-01,web,0,46
LEAD_0000373,CUS_004144,PRJ_0012,2024-02-20,web,2,40
LEAD_0000374,CUS_003674,PRJ_0016,2023-03-11,campaign,2,46
LEAD_0000375,CUS_000317,PRJ_0021,2022-03-09,referral,0,56
LEAD_0000376,CUS_000266,PRJ_0017,2024-07-08,campaign,0,49
LEAD_0000377,CUS_002443,PRJ_0012,2025-11-15,campaign,1,74
LEAD_0000378,CUS_004057,PRJ_0020,2023-05-16,web,2,62
LEAD_0000379,CUS_001523,PRJ_0011,2025-10-11,web,3,48
LEAD_0000380,CUS_002207,PRJ_0028,2022-10-17,campaign,1,68
LEAD_0000381,CUS_003879,PRJ_0021,2022-05-31,web,2,63
LEAD_0000382,CUS_005430,PRJ_0026,2025-07-29,campaign,0,58
LEAD_0000383,CUS_003429,PRJ_0024,2024-02-22,agency,3,77
LEAD_0000384,CUS_003462,PRJ_0021,2023-04-13,agency,5,74
LEAD_0000385,CUS_001626,PRJ_0014,2021-03-10,referral,2,73
LEAD_0000386,CUS_000484,PRJ_0011,2023-10-02,referral,1,62
LEAD_0000387,CUS_004507,PRJ_0015,2022-10-15,referral,2,62
LEAD_0000388,CUS_003666,PRJ_0011,2024-12-06,campaign,5,67
LEAD_0000389,CUS_001223,PRJ_0017,2022-10-13,web,3,71
LEAD_0000390,CUS_006241,PRJ_0019,2025-08-29,campaign,2,57
LEAD_0000391,CUS_003001,PRJ_0011,2025-06-15,web,1,46
LEAD_0000392,CUS_005316,PRJ_0011,2024-06-12,campaign,2,41
LEAD_0000393,CUS_001892,PRJ_0017,2023-09-15,web,1,68
LEAD_0000394,CUS_004855,PRJ_0021,2024-04-08,web,4,81
LEAD_0000395,CUS_001372,PRJ_0003,2024-02-17,web,1,60
LEAD_0000396,CUS_005872,PRJ_0027,2025-06-23,referral,1,62
LEAD_0000397,CUS_004943,PRJ_0027,2022-02-28,walk_in,3,60
LEAD_0000398,CUS_004571,PRJ_0018,2022-01-13,walk_in,0,49
LEAD_0000399,CUS_002416,PRJ_0019,2024-05-17,agency,1,100
LEAD_0000400,CUS_001072,PRJ_0019,2025-12-20,web,1,49
LEAD_0000401,CUS_004154,PRJ_0024,2021-11-08,walk_in,3,53
LEAD_0000402,CUS_002450,PRJ_0020,2025-03-23,agency,2,60
LEAD_0000403,CUS_004301,PRJ_0022,2025-06-29,referral,2,67
LEAD_0000404,CUS_000623,PRJ_0018,2024-02-16,agency,3,71
LEAD_0000405,CUS_001670,PRJ_0010,2024-04-05,web,3,70
LEAD_0000406,CUS_003208,PRJ_0015,2024-07-02,agency,2,78
LEAD_0000407,CUS_003525,PRJ_0005,2024-07-20,web,1,58
LEAD_0000408,CUS_001644,PRJ_0023,2021-04-28,referral,1,70
LEAD_0000409,CUS_003160,PRJ_0009,2025-10-23,campaign,3,80
LEAD_0000410,CUS_004629,PRJ_0003,2023-10-03,web,2,58
LEAD_0000411,CUS_000108,PRJ_0021,2022-07-19,web,0,54
LEAD_0000412,CUS_000512,PRJ_0020,2023-02-28,web,2,45
LEAD_0000413,CUS_003324,PRJ_0021,2022-10-16,referral,2,67
LEAD_0000414,CUS_000498,PRJ_0006,2023-02-13,agency,1,48
LEAD_0000415,CUS_000436,PRJ_0022,2025-02-07,web,4,55
LEAD_0000416,CUS_006183,PRJ_0023,2023-08-18,referral,3,59
LEAD_0000417,CUS_001283,PRJ_0017,2021-08-28,referral,1,81
LEAD_0000418,CUS_005526,PRJ_0018,2023-04-17,referral,2,75
LEAD_0000419,CUS_002714,PRJ_0004,2021-09-24,referral,1,65
LEAD_0000420,CUS_002297,PRJ_0012,2021-03-18,web,5,62
LEAD_0000421,CUS_004090,PRJ_0023,2022-10-20,agency,2,75
LEAD_0000422,CUS_000041,PRJ_0012,2025-10-24,web,2,64
LEAD_0000423,CUS_001956,PRJ_0024,2022-01-18,campaign,2,62
LEAD_0000424,CUS_001855,PRJ_0007,2023-07-30,web,3,66
LEAD_0000425,CUS_000060,PRJ_0009,2022-01-13,referral,2,64
LEAD_0000426,CUS_001636,PRJ_0010,2021-12-29,web,2,56
LEAD_0000427,CUS_002236,PRJ_0017,2021-11-08,referral,3,67
LEAD_0000428,CUS_004835,PRJ_0005,2025-01-14,web,5,75
LEAD_0000429,CUS_002649,PRJ_0002,2024-03-20,web,5,94
LEAD_0000430,CUS_003071,PRJ_0010,2023-01-12,web,3,84
LEAD_0000431,CUS_001336,PRJ_0006,2021-03-04,web,1,58
LEAD_0000432,CUS_003703,PRJ_0013,2021-12-20,web,3,66
LEAD_0000433,CUS_005876,PRJ_0001,2021-09-26,agency,1,70
LEAD_0000434,CUS_005789,PRJ_0007,2025-12-09,web,0,45
LEAD_0000435,CUS_006105,PRJ_0008,2023-07-26,referral,3,53
LEAD_0000436,CUS_002706,PRJ_0001,2021-03-05,web,1,63
LEAD_0000437,CUS_005585,PRJ_0014,2025-06-02,agency,1,71
LEAD_0000438,CUS_000048,PRJ_0023,2024-03-10,agency,5,83
LEAD_0000439,CUS_002970,PRJ_0028,2025-07-14,campaign,0,59
LEAD_0000440,CUS_006200,PRJ_0023,2021-09-09,web,2,42
LEAD_0000441,CUS_003777,PRJ_0023,2022-03-27,agency,0,60
LEAD_0000442,CUS_003453,PRJ_0026,2025-06-28,agency,3,66
LEAD_0000443,CUS_006381,PRJ_0011,2023-01-30,web,1,56
LEAD_0000444,CUS_000729,PRJ_0005,2024-01-25,agency,5,86
LEAD_0000445,CUS_005122,PRJ_0026,2021-06-02,walk_in,3,47
LEAD_0000446,CUS_005442,PRJ_0004,2025-10-12,web,0,67
LEAD_0000447,CUS_004223,PRJ_0019,2025-06-29,web,5,68
LEAD_0000448,CUS_001250,PRJ_0007,2024-01-17,web,3,47
LEAD_0000449,CUS_006412,PRJ_0019,2024-03-13,campaign,1,61
LEAD_0000450,CUS_004584,PRJ_0003,2023-04-06,agency,1,70
LEAD_0000451,CUS_004244,PRJ_0015,2022-11-12,web,0,81
LEAD_0000452,CUS_002194,PRJ_0019,2022-07-08,campaign,2,57
LEAD_0000453,CUS_000235,PRJ_0024,2022-03-19,campaign,3,42
LEAD_0000454,CUS_006089,PRJ_0019,2022-08-08,agency,2,56
LEAD_0000455,CUS_005378,PRJ_0016,2023-02-02,walk_in,2,61
LEAD_0000456,CUS_003716,PRJ_0008,2025-02-19,referral,2,64
LEAD_0000457,CUS_002388,PRJ_0024,2021-04-04,referral,2,52
LEAD_0000458,CUS_001822,PRJ_0020,2023-07-25,referral,0,62
LEAD_0000459,CUS_002238,PRJ_0011,2022-04-26,referral,3,68
LEAD_0000460,CUS_002356,PRJ_0008,2023-11-09,web,2,51
LEAD_0000461,CUS_002805,PRJ_0006,2024-01-23,campaign,3,85
LEAD_0000462,CUS_003052,PRJ_0022,2023-05-03,web,2,52
LEAD_0000463,CUS_000153,PRJ_0026,2021-08-18,web,4,86
LEAD_0000464,CUS_005811,PRJ_0009,2022-12-21,agency,1,86
LEAD_0000465,CUS_002297,PRJ_0006,2021-11-01,campaign,3,61
LEAD_0000466,CUS_002812,PRJ_0013,2024-10-31,campaign,3,71
LEAD_0000467,CUS_006175,PRJ_0023,2024-06-22,web,2,72
LEAD_0000468,CUS_003793,PRJ_0025,2024-09-24,campaign,2,63
LEAD_0000469,CUS_002134,PRJ_0028,2022-04-07,web,0,56
LEAD_0000470,CUS_001193,PRJ_0022,2025-01-26,web,4,58
LEAD_0000471,CUS_002278,PRJ_0017,2022-03-16,campaign,0,67
LEAD_0000472,CUS_001238,PRJ_0005,2025-01-13,web,1,78
LEAD_0000473,CUS_004006,PRJ_0024,2022-02-28,referral,1,69
LEAD_0000474,CUS_000806,PRJ_0011,2022-04-30,web,4,56
LEAD_0000475,CUS_000321,PRJ_0007,2023-11-08,agency,2,72
LEAD_0000476,CUS_001173,PRJ_0008,2022-12-15,web,2,85
LEAD_0000477,CUS_003318,PRJ_0014,2025-01-01,web,2,65
LEAD_0000478,CUS_002212,PRJ_0013,2022-09-09,campaign,1,48
LEAD_0000479,CUS_005649,PRJ_0028,2025-01-20,campaign,3,63
LEAD_0000480,CUS_002079,PRJ_0007,2025-07-05,agency,3,66
LEAD_0000481,CUS_001152,PRJ_0012,2024-01-07,referral,1,89
LEAD_0000482,CUS_004848,PRJ_0002,2023-10-20,walk_in,2,65
LEAD_0000483,CUS_004480,PRJ_0006,2025-02-02,agency,1,63
LEAD_0000484,CUS_004155,PRJ_0027,2023-11-20,referral,3,70
LEAD_0000485,CUS_003186,PRJ_0028,2024-01-01,campaign,3,77
LEAD_0000486,CUS_001691,PRJ_0027,2024-02-24,agency,4,80
LEAD_0000487,CUS_004742,PRJ_0003,2022-03-28,walk_in,2,44
LEAD_0000488,CUS_001670,PRJ_0010,2021-08-23,campaign,2,51
LEAD_0000489,CUS_003152,PRJ_0028,2021-11-30,campaign,2,72
LEAD_0000490,CUS_001837,PRJ_0015,2023-12-15,agency,3,82
LEAD_0000491,CUS_003046,PRJ_0013,2022-02-28,campaign,3,67
LEAD_0000492,CUS_002530,PRJ_0018,2025-12-27,campaign,1,86
LEAD_0000493,CUS_000437,PRJ_0020,2021-09-24,referral,1,55
LEAD_0000494,CUS_003392,PRJ_0007,2024-12-31,referral,2,60
LEAD_0000495,CUS_003723,PRJ_0022,2024-08-16,agency,2,79
LEAD_0000496,CUS_004463,PRJ_0023,2025-10-04,web,2,68
LEAD_0000497,CUS_004336,PRJ_0014,2022-04-11,walk_in,2,55
LEAD_0000498,CUS_003741,PRJ_0007,2025-01-27,agency,3,63
LEAD_0000499,CUS_004017,PRJ_0023,2023-08-16,web,3,55
LEAD_0000500,CUS_002035,PRJ_0010,2022-07-31,campaign,4,71
LEAD_0000501,CUS_001607,PRJ_0018,2023-08-16,web,1,76
LEAD_0000502,CUS_003302,PRJ_0004,2023-10-22,campaign,1,49
LEAD_0000503,CUS_001219,PRJ_0028,2021-08-18,web,1,62
LEAD_0000504,CUS_005669,PRJ_0005,2024-06-23,campaign,3,70
LEAD_0000505,CUS_005794,PRJ_0025,2021-12-11,web,4,66
LEAD_0000506,CUS_003707,PRJ_0017,2023-06-07,web,0,56
LEAD_0000507,CUS_004824,PRJ_0012,2023-09-07,web,2,62
LEAD_0000508,CUS_000695,PRJ_0028,2021-04-10,walk_in,3,66
LEAD_0000509,CUS_002410,PRJ_0009,2022-12-05,agency,2,66
LEAD_0000510,CUS_003321,PRJ_0003,2024-03-06,web,5,75
LEAD_0000511,CUS_000718,PRJ_0022,2021-06-16,walk_in,2,81
LEAD_0000512,CUS_006241,PRJ_0004,2021-11-05,web,0,61
LEAD_0000513,CUS_006307,PRJ_0003,2025-10-19,agency,6,98
LEAD_0000514,CUS_003592,PRJ_0013,2024-02-05,web,1,73
LEAD_0000515,CUS_006466,PRJ_0022,2025-03-09,campaign,1,64
LEAD_0000516,CUS_000867,PRJ_0016,2023-04-21,campaign,2,77
LEAD_0000517,CUS_004692,PRJ_0028,2021-09-09,referral,3,56
LEAD_0000518,CUS_005322,PRJ_0010,2024-01-03,referral,0,68
LEAD_0000519,CUS_001242,PRJ_0006,2021-05-13,campaign,1,56
LEAD_0000520,CUS_001874,PRJ_0003,2021-09-09,web,3,52
LEAD_0000521,CUS_002133,PRJ_0002,2022-06-30,campaign,0,48
LEAD_0000522,CUS_002431,PRJ_0025,2023-10-23,campaign,4,71
LEAD_0000523,CUS_001880,PRJ_0009,2021-03-05,agency,1,68
LEAD_0000524,CUS_006307,PRJ_0018,2022-12-06,web,2,83
LEAD_0000525,CUS_000784,PRJ_0018,2023-12-10,web,1,66
LEAD_0000526,CUS_001300,PRJ_0026,2023-06-30,referral,4,87
LEAD_0000527,CUS_003167,PRJ_0014,2023-09-29,campaign,2,82
LEAD_0000528,CUS_002346,PRJ_0018,2025-09-05,web,2,35
LEAD_0000529,CUS_005257,PRJ_0006,2025-11-30,web,0,54
LEAD_0000530,CUS_006249,PRJ_0013,2025-03-15,walk_in,1,88
LEAD_0000531,CUS_002156,PRJ_0005,2024-01-04,referral,3,83
LEAD_0000532,CUS_005834,PRJ_0014,2022-08-29,agency,4,77
LEAD_0000533,CUS_004229,PRJ_0009,2023-12-01,agency,2,74
LEAD_0000534,CUS_000102,PRJ_0017,2024-08-17,campaign,3,71
LEAD_0000535,CUS_000042,PRJ_0028,2022-12-23,web,3,85
LEAD_0000536,CUS_005044,PRJ_0003,2023-07-29,campaign,1,49
LEAD_0000537,CUS_000338,PRJ_0028,2023-06-29,campaign,4,69
LEAD_0000538,CUS_000700,PRJ_0008,2024-11-10,web,3,69
LEAD_0000539,CUS_004748,PRJ_0005,2021-07-22,referral,4,69
LEAD_0000540,CUS_003789,PRJ_0025,2025-03-11,campaign,0,86
LEAD_0000541,CUS_003174,PRJ_0004,2022-12-31,agency,6,80
LEAD_0000542,CUS_004603,PRJ_0028,2023-12-05,web,4,83
LEAD_0000543,CUS_000637,PRJ_0017,2021-02-12,web,1,47
LEAD_0000544,CUS_003215,PRJ_0016,2023-03-11,web,2,67
LEAD_0000545,CUS_001883,PRJ_0003,2023-09-20,agency,1,47
LEAD_0000546,CUS_006483,PRJ_0019,2024-08-19,agency,1,48
LEAD_0000547,CUS_000030,PRJ_0017,2023-05-22,agency,1,72
LEAD_0000548,CUS_003255,PRJ_0022,2023-10-30,referral,2,69
LEAD_0000549,CUS_000261,PRJ_0025,2024-04-22,web,0,45
LEAD_0000550,CUS_000875,PRJ_0027,2023-11-28,web,4,62
LEAD_0000551,CUS_002227,PRJ_0021,2024-10-12,campaign,2,54
LEAD_0000552,CUS_000237,PRJ_0001,2024-11-02,web,1,45
LEAD_0000553,CUS_004176,PRJ_0022,2023-05-21,agency,4,67
LEAD_0000554,CUS_004356,PRJ_0020,2024-12-02,walk_in,3,62
LEAD_0000555,CUS_005209,PRJ_0026,2022-11-20,web,1,38
LEAD_0000556,CUS_002697,PRJ_0016,2025-07-02,referral,3,84
LEAD_0000557,CUS_003770,PRJ_0013,2022-05-12,web,1,48
LEAD_0000558,CUS_004392,PRJ_0005,2021-10-08,agency,5,72
LEAD_0000559,CUS_005436,PRJ_0016,2023-03-25,agency,1,100
LEAD_0000560,CUS_004199,PRJ_0026,2021-05-20,referral,1,80
LEAD_0000561,CUS_000760,PRJ_0004,2024-12-23,campaign,3,79
LEAD_0000562,CUS_002507,PRJ_0019,2024-05-17,walk_in,1,60
LEAD_0000563,CUS_000629,PRJ_0015,2025-10-05,agency,1,74
LEAD_0000564,CUS_002441,PRJ_0011,2022-10-29,walk_in,3,58
LEAD_0000565,CUS_003241,PRJ_0010,2022-05-04,referral,0,47
LEAD_0000566,CUS_003136,PRJ_0001,2021-10-29,web,1,45
LEAD_0000567,CUS_000844,PRJ_0010,2022-11-11,web,1,63
LEAD_0000568,CUS_002968,PRJ_0016,2021-02-25,agency,1,62
LEAD_0000569,CUS_000138,PRJ_0017,2025-10-21,walk_in,0,52
LEAD_0000570,CUS_001408,PRJ_0024,2023-09-23,web,2,57
LEAD_0000571,CUS_004983,PRJ_0026,2022-06-29,web,0,69
LEAD_0000572,CUS_000097,PRJ_0025,2023-07-27,web,4,81
LEAD_0000573,CUS_002929,PRJ_0009,2024-03-31,campaign,1,61
LEAD_0000574,CUS_005393,PRJ_0028,2024-08-30,web,2,65
LEAD_0000575,CUS_000259,PRJ_0012,2022-09-19,web,1,54
LEAD_0000576,CUS_005435,PRJ_0006,2024-11-14,referral,1,60
LEAD_0000577,CUS_005390,PRJ_0001,2025-09-22,referral,1,63
LEAD_0000578,CUS_004774,PRJ_0023,2025-12-23,campaign,1,85
LEAD_0000579,CUS_001465,PRJ_0019,2024-04-27,agency,1,60
LEAD_0000580,CUS_002544,PRJ_0023,2021-12-18,campaign,2,78
LEAD_0000581,CUS_004694,PRJ_0005,2022-06-21,agency,3,59
LEAD_0000582,CUS_003359,PRJ_0022,2024-09-02,web,2,62
LEAD_0000583,CUS_001909,PRJ_0016,2021-05-26,campaign,4,59
LEAD_0000584,CUS_000263,PRJ_0011,2025-03-31,agency,0,70
LEAD_0000585,CUS_004850,PRJ_0016,2023-11-30,agency,0,70
LEAD_0000586,CUS_006195,PRJ_0016,2024-12-30,agency,1,54
LEAD_0000587,CUS_005774,PRJ_0021,2024-04-16,referral,3,66
LEAD_0000588,CUS_002052,PRJ_0021,2021-01-09,campaign,3,67
LEAD_0000589,CUS_004416,PRJ_0004,2023-09-04,web,1,46
LEAD_0000590,CUS_004411,PRJ_0002,2021-12-29,web,1,65
LEAD_0000591,CUS_003709,PRJ_0013,2021-07-30,web,2,58
LEAD_0000592,CUS_002915,PRJ_0017,2023-11-07,campaign,3,65
LEAD_0000593,CUS_004487,PRJ_0026,2023-10-25,web,3,71
LEAD_0000594,CUS_000485,PRJ_0020,2022-09-08,walk_in,1,66
LEAD_0000595,CUS_003795,PRJ_0019,2022-09-06,campaign,2,63
LEAD_0000596,CUS_004496,PRJ_0014,2021-06-25,campaign,1,54
LEAD_0000597,CUS_003146,PRJ_0005,2025-10-04,web,4,90
LEAD_0000598,CUS_001572,PRJ_0025,2025-03-20,agency,1,76
LEAD_0000599,CUS_002302,PRJ_0005,2022-07-08,web,2,65
LEAD_0000600,CUS_004093,PRJ_0024,2025-03-23,web,0,62
LEAD_0000601,CUS_006193,PRJ_0014,2024-06-04,walk_in,0,86
LEAD_0000602,CUS_005463,PRJ_0026,2021-11-01,web,3,47
LEAD_0000603,CUS_004162,PRJ_0004,2022-02-05,agency,1,79
LEAD_0000604,CUS_002312,PRJ_0023,2022-12-02,agency,1,72
LEAD_0000605,CUS_003547,PRJ_0010,2024-04-04,web,1,56
LEAD_0000606,CUS_005604,PRJ_0020,2023-08-13,campaign,2,62
LEAD_0000607,CUS_003012,PRJ_0012,2024-12-24,campaign,1,69
LEAD_0000608,CUS_002385,PRJ_0027,2021-03-27,campaign,1,51
LEAD_0000609,CUS_006229,PRJ_0024,2021-09-14,walk_in,2,54
LEAD_0000610,CUS_002407,PRJ_0010,2024-03-21,referral,2,74
LEAD_0000611,CUS_002778,PRJ_0011,2024-07-25,web,0,55
LEAD_0000612,CUS_005844,PRJ_0028,2022-01-14,campaign,1,65
LEAD_0000613,CUS_002034,PRJ_0006,2025-06-06,referral,1,81
LEAD_0000614,CUS_004631,PRJ_0008,2024-07-14,walk_in,0,58
LEAD_0000615,CUS_003163,PRJ_0027,2021-11-11,web,2,69
LEAD_0000616,CUS_003872,PRJ_0006,2024-07-19,agency,4,78
LEAD_0000617,CUS_003856,PRJ_0012,2022-02-23,web,0,60
LEAD_0000618,CUS_000909,PRJ_0025,2021-10-28,walk_in,2,61
LEAD_0000619,CUS_002719,PRJ_0006,2025-09-03,referral,3,66
LEAD_0000620,CUS_000300,PRJ_0025,2021-05-17,campaign,2,71
LEAD_0000621,CUS_002954,PRJ_0027,2022-05-25,referral,2,55
LEAD_0000622,CUS_004644,PRJ_0007,2022-09-12,campaign,4,69
LEAD_0000623,CUS_003729,PRJ_0023,2024-02-23,web,2,71
LEAD_0000624,CUS_002709,PRJ_0011,2025-08-09,web,1,66
LEAD_0000625,CUS_001757,PRJ_0016,2022-12-31,campaign,3,52
LEAD_0000626,CUS_000444,PRJ_0004,2024-06-15,web,3,71
LEAD_0000627,CUS_002096,PRJ_0018,2022-12-01,web,2,60
LEAD_0000628,CUS_000492,PRJ_0006,2025-03-19,web,1,91
LEAD_0000629,CUS_006027,PRJ_0020,2025-03-07,agency,4,72
LEAD_0000630,CUS_000128,PRJ_0011,2024-05-27,referral,1,57
LEAD_0000631,CUS_001807,PRJ_0025,2022-08-02,campaign,3,50
LEAD_0000632,CUS_003311,PRJ_0005,2021-10-20,referral,2,49
LEAD_0000633,CUS_002336,PRJ_0012,2022-12-08,campaign,0,31
LEAD_0000634,CUS_005113,PRJ_0005,2023-08-28,web,4,66
LEAD_0000635,CUS_004097,PRJ_0002,2022-09-28,referral,1,54
LEAD_0000636,CUS_004848,PRJ_0010,2022-05-29,referral,1,61
LEAD_0000637,CUS_005514,PRJ_0027,2022-04-29,agency,0,36
LEAD_0000638,CUS_001695,PRJ_0023,2024-05-11,agency,5,80
LEAD_0000639,CUS_006066,PRJ_0022,2025-03-10,web,3,48
LEAD_0000640,CUS_004424,PRJ_0025,2023-07-21,agency,5,61
LEAD_0000641,CUS_001035,PRJ_0006,2024-07-31,referral,4,72
LEAD_0000642,CUS_006190,PRJ_0008,2022-01-18,campaign,2,55
LEAD_0000643,CUS_005892,PRJ_0009,2021-07-11,walk_in,2,56
LEAD_0000644,CUS_005212,PRJ_0026,2022-07-01,web,1,77
LEAD_0000645,CUS_003279,PRJ_0028,2021-10-19,agency,2,77
LEAD_0000646,CUS_002758,PRJ_0001,2021-07-09,walk_in,2,45
LEAD_0000647,CUS_003269,PRJ_0019,2023-11-13,agency,2,73
LEAD_0000648,CUS_004737,PRJ_0009,2021-12-04,web,0,69
LEAD_0000649,CUS_001406,PRJ_0007,2024-02-09,referral,2,50
LEAD_0000650,CUS_001068,PRJ_0017,2024-01-30,web,2,55
LEAD_0000651,CUS_003232,PRJ_0004,2021-01-03,walk_in,5,66
LEAD_0000652,CUS_005066,PRJ_0026,2025-07-19,agency,0,69
LEAD_0000653,CUS_005589,PRJ_0010,2021-06-29,web,2,69
LEAD_0000654,CUS_001388,PRJ_0025,2021-03-28,referral,2,55
LEAD_0000655,CUS_002343,PRJ_0004,2025-06-14,agency,3,48
LEAD_0000656,CUS_002459,PRJ_0022,2022-02-08,web,4,54
LEAD_0000657,CUS_004664,PRJ_0002,2023-07-26,web,2,63
LEAD_0000658,CUS_003896,PRJ_0012,2023-11-04,referral,4,79
LEAD_0000659,CUS_002113,PRJ_0006,2021-06-10,web,1,45
LEAD_0000660,CUS_003642,PRJ_0026,2021-10-21,campaign,2,32
LEAD_0000661,CUS_001620,PRJ_0009,2022-11-12,agency,4,69
LEAD_0000662,CUS_003662,PRJ_0001,2023-04-18,web,2,41
LEAD_0000663,CUS_006242,PRJ_0020,2024-02-25,agency,2,66
LEAD_0000664,CUS_005094,PRJ_0002,2024-12-09,referral,3,63
LEAD_0000665,CUS_003986,PRJ_0021,2023-08-01,web,2,42
LEAD_0000666,CUS_001477,PRJ_0020,2021-10-30,web,4,59
LEAD_0000667,CUS_000845,PRJ_0021,2024-04-13,web,5,65
LEAD_0000668,CUS_005641,PRJ_0006,2023-08-22,web,1,52
LEAD_0000669,CUS_003460,PRJ_0020,2023-09-08,walk_in,3,65
LEAD_0000670,CUS_000232,PRJ_0028,2024-10-16,web,4,72
LEAD_0000671,CUS_002974,PRJ_0006,2025-07-04,agency,4,76
LEAD_0000672,CUS_000981,PRJ_0015,2022-10-07,web,0,64
LEAD_0000673,CUS_003462,PRJ_0010,2024-05-01,agency,1,58
LEAD_0000674,CUS_006308,PRJ_0005,2024-11-23,campaign,5,65
LEAD_0000675,CUS_001177,PRJ_0003,2022-03-24,campaign,1,59
LEAD_0000676,CUS_004930,PRJ_0027,2023-11-18,web,1,49
LEAD_0000677,CUS_003892,PRJ_0022,2025-09-09,web,0,61
LEAD_0000678,CUS_000969,PRJ_0009,2024-10-08,web,3,78
LEAD_0000679,CUS_001948,PRJ_0007,2021-02-25,web,1,44
LEAD_0000680,CUS_002914,PRJ_0008,2023-02-08,agency,4,65
LEAD_0000681,CUS_005379,PRJ_0009,2022-09-12,web,1,63
LEAD_0000682,CUS_000049,PRJ_0004,2025-06-03,agency,2,69
LEAD_0000683,CUS_003486,PRJ_0016,2023-03-08,referral,1,65
LEAD_0000684,CUS_003388,PRJ_0026,2021-07-13,walk_in,0,52
LEAD_0000685,CUS_003498,PRJ_0021,2024-04-24,campaign,2,52
LEAD_0000686,CUS_006386,PRJ_0022,2025-10-16,web,3,68
LEAD_0000687,CUS_004459,PRJ_0025,2023-11-25,walk_in,3,71
LEAD_0000688,CUS_004204,PRJ_0023,2021-09-01,campaign,1,68
LEAD_0000689,CUS_002110,PRJ_0006,2025-04-23,campaign,3,74
LEAD_0000690,CUS_003961,PRJ_0012,2022-05-05,web,1,36
LEAD_0000691,CUS_005852,PRJ_0008,2022-01-09,agency,4,53
LEAD_0000692,CUS_005387,PRJ_0018,2025-03-27,agency,1,87
LEAD_0000693,CUS_001675,PRJ_0028,2024-09-20,web,2,65
LEAD_0000694,CUS_003748,PRJ_0020,2025-05-04,campaign,1,61
LEAD_0000695,CUS_002853,PRJ_0005,2024-05-09,walk_in,5,80
LEAD_0000696,CUS_004177,PRJ_0028,2024-07-23,web,0,38
LEAD_0000697,CUS_003601,PRJ_0017,2022-11-01,referral,2,63
LEAD_0000698,CUS_001934,PRJ_0016,2021-10-17,campaign,4,71
LEAD_0000699,CUS_005783,PRJ_0006,2021-06-25,walk_in,3,68
LEAD_0000700,CUS_003667,PRJ_0008,2022-02-21,web,2,75
LEAD_0000701,CUS_006085,PRJ_0024,2021-07-12,agency,1,78
LEAD_0000702,CUS_004776,PRJ_0004,2025-02-07,agency,3,83
LEAD_0000703,CUS_003905,PRJ_0006,2023-09-12,agency,1,62
LEAD_0000704,CUS_003350,PRJ_0007,2023-05-09,web,1,69
LEAD_0000705,CUS_000570,PRJ_0025,2022-11-22,agency,1,60
LEAD_0000706,CUS_002642,PRJ_0001,2024-09-21,web,1,41
LEAD_0000707,CUS_003946,PRJ_0004,2021-04-13,walk_in,1,37
LEAD_0000708,CUS_001370,PRJ_0005,2021-07-21,campaign,4,59
LEAD_0000709,CUS_004335,PRJ_0005,2025-09-18,agency,4,63
LEAD_0000710,CUS_001599,PRJ_0015,2021-08-17,web,1,61
LEAD_0000711,CUS_004258,PRJ_0025,2022-01-13,web,3,47
LEAD_0000712,CUS_005974,PRJ_0001,2021-09-05,web,1,53
LEAD_0000713,CUS_001370,PRJ_0027,2021-08-25,referral,1,55
LEAD_0000714,CUS_000846,PRJ_0003,2024-08-02,referral,0,48
LEAD_0000715,CUS_006293,PRJ_0008,2025-01-01,web,1,83
LEAD_0000716,CUS_004092,PRJ_0002,2024-01-11,web,5,83
LEAD_0000717,CUS_006040,PRJ_0027,2023-01-14,agency,0,57
LEAD_0000718,CUS_004781,PRJ_0015,2022-03-10,campaign,2,81
LEAD_0000719,CUS_000851,PRJ_0021,2021-08-07,web,0,53
LEAD_0000720,CUS_001299,PRJ_0001,2024-02-23,campaign,4,70
LEAD_0000721,CUS_004294,PRJ_0017,2024-07-12,agency,1,79
LEAD_0000722,CUS_001119,PRJ_0015,2025-07-03,referral,3,56
LEAD_0000723,CUS_006023,PRJ_0011,2023-09-14,agency,3,70
LEAD_0000724,CUS_001359,PRJ_0018,2022-07-01,web,1,49
LEAD_0000725,CUS_001349,PRJ_0009,2022-03-10,agency,1,69
LEAD_0000726,CUS_003561,PRJ_0007,2024-04-06,agency,1,68
LEAD_0000727,CUS_002959,PRJ_0022,2021-01-28,walk_in,2,58
LEAD_0000728,CUS_001242,PRJ_0026,2024-03-25,referral,4,64
LEAD_0000729,CUS_005613,PRJ_0023,2025-09-24,agency,1,40
LEAD_0000730,CUS_001812,PRJ_0028,2025-09-21,agency,1,87
LEAD_0000731,CUS_003320,PRJ_0013,2023-10-28,web,3,66
LEAD_0000732,CUS_002308,PRJ_0026,2023-04-30,walk_in,2,66
LEAD_0000733,CUS_005137,PRJ_0026,2022-05-03,agency,2,53
LEAD_0000734,CUS_000265,PRJ_0026,2022-07-12,referral,1,40
LEAD_0000735,CUS_003742,PRJ_0005,2022-08-13,web,3,64
LEAD_0000736,CUS_000182,PRJ_0003,2024-03-07,referral,0,86
LEAD_0000737,CUS_001556,PRJ_0016,2021-10-14,agency,2,43
LEAD_0000738,CUS_000044,PRJ_0010,2021-07-19,web,1,53
LEAD_0000739,CUS_003353,PRJ_0012,2025-08-02,agency,1,61
LEAD_0000740,CUS_005750,PRJ_0008,2022-04-01,web,2,65
LEAD_0000741,CUS_002560,PRJ_0006,2023-10-05,web,2,86
LEAD_0000742,CUS_005969,PRJ_0006,2021-07-03,campaign,3,55
LEAD_0000743,CUS_001497,PRJ_0025,2022-04-17,web,2,60
LEAD_0000744,CUS_003711,PRJ_0017,2023-06-02,agency,3,67
LEAD_0000745,CUS_001103,PRJ_0019,2022-10-05,agency,1,62
LEAD_0000746,CUS_000278,PRJ_0024,2021-12-21,campaign,3,58
LEAD_0000747,CUS_000919,PRJ_0028,2023-05-14,referral,2,58
LEAD_0000748,CUS_003435,PRJ_0025,2021-11-02,web,2,51
LEAD_0000749,CUS_004759,PRJ_0025,2021-11-17,web,1,44
LEAD_0000750,CUS_005706,PRJ_0007,2023-07-09,campaign,3,63
LEAD_0000751,CUS_003184,PRJ_0001,2022-09-02,walk_in,1,62
LEAD_0000752,CUS_005545,PRJ_0011,2024-01-24,referral,4,89
LEAD_0000753,CUS_002976,PRJ_0013,2022-08-09,web,3,67
LEAD_0000754,CUS_003840,PRJ_0023,2022-10-25,web,0,44
LEAD_0000755,CUS_005908,PRJ_0005,2022-07-28,walk_in,1,42
LEAD_0000756,CUS_000763,PRJ_0022,2024-02-13,referral,4,55
LEAD_0000757,CUS_006314,PRJ_0020,2022-07-24,agency,2,86
LEAD_0000758,CUS_002235,PRJ_0025,2025-01-16,agency,1,56
LEAD_0000759,CUS_000514,PRJ_0016,2023-07-09,referral,0,70
LEAD_0000760,CUS_006430,PRJ_0003,2023-01-18,web,1,59
LEAD_0000761,CUS_000999,PRJ_0023,2021-04-25,agency,1,80
LEAD_0000762,CUS_005366,PRJ_0004,2024-05-16,referral,1,61
LEAD_0000763,CUS_002642,PRJ_0006,2024-12-23,web,3,45
LEAD_0000764,CUS_004665,PRJ_0022,2025-07-08,referral,1,79
LEAD_0000765,CUS_004959,PRJ_0011,2022-07-14,campaign,3,71
LEAD_0000766,CUS_002059,PRJ_0021,2023-05-30,referral,1,60
LEAD_0000767,CUS_003143,PRJ_0022,2023-08-04,campaign,3,59
LEAD_0000768,CUS_001209,PRJ_0024,2023-02-22,referral,3,70
LEAD_0000769,CUS_001374,PRJ_0010,2021-10-26,web,1,45
LEAD_0000770,CUS_002783,PRJ_0027,2025-01-05,referral,1,65
LEAD_0000771,CUS_000148,PRJ_0009,2023-02-26,web,2,77
LEAD_0000772,CUS_001521,PRJ_0028,2025-10-05,web,1,57
LEAD_0000773,CUS_005842,PRJ_0022,2024-12-24,web,1,57
LEAD_0000774,CUS_002181,PRJ_0015,2021-07-03,web,0,71
LEAD_0000775,CUS_006484,PRJ_0025,2024-10-17,web,1,80
LEAD_0000776,CUS_005271,PRJ_0024,2021-06-04,campaign,1,59
LEAD_0000777,CUS_003676,PRJ_0017,2022-08-16,web,4,66
LEAD_0000778,CUS_001116,PRJ_0011,2023-07-03,campaign,3,62
LEAD_0000779,CUS_005164,PRJ_0026,2021-09-13,web,3,54
LEAD_0000780,CUS_001629,PRJ_0024,2025-10-01,web,1,56
LEAD_0000781,CUS_004324,PRJ_0027,2021-03-05,web,2,63
LEAD_0000782,CUS_001660,PRJ_0021,2025-09-26,web,2,66
LEAD_0000783,CUS_003285,PRJ_0020,2021-05-19,web,2,61
LEAD_0000784,CUS_005941,PRJ_0016,2023-01-09,web,1,59
LEAD_0000785,CUS_003669,PRJ_0025,2022-03-31,agency,1,69
LEAD_0000786,CUS_000667,PRJ_0010,2024-12-14,walk_in,0,52
LEAD_0000787,CUS_001515,PRJ_0008,2025-10-07,agency,2,80
LEAD_0000788,CUS_002986,PRJ_0024,2023-04-18,agency,2,71
LEAD_0000789,CUS_000582,PRJ_0014,2023-10-17,web,1,82
LEAD_0000790,CUS_006052,PRJ_0022,2025-06-29,agency,3,54
LEAD_0000791,CUS_000638,PRJ_0012,2022-06-28,agency,2,78
LEAD_0000792,CUS_005595,PRJ_0017,2024-11-01,referral,2,100
LEAD_0000793,CUS_005023,PRJ_0006,2021-01-27,campaign,4,90
LEAD_0000794,CUS_004281,PRJ_0017,2021-09-03,agency,3,57
LEAD_0000795,CUS_002420,PRJ_0017,2024-02-23,web,1,68
LEAD_0000796,CUS_004528,PRJ_0005,2023-03-13,web,3,71
LEAD_0000797,CUS_001887,PRJ_0008,2022-01-06,web,3,44
LEAD_0000798,CUS_004551,PRJ_0016,2022-02-13,web,0,58
LEAD_0000799,CUS_002785,PRJ_0024,2021-05-02,campaign,1,38
LEAD_0000800,CUS_000799,PRJ_0006,2021-09-12,walk_in,1,53
LEAD_0000801,CUS_004801,PRJ_0010,2024-12-14,web,1,49
LEAD_0000802,CUS_000397,PRJ_0006,2025-11-09,agency,3,69
LEAD_0000803,CUS_002973,PRJ_0019,2021-09-10,agency,1,51
LEAD_0000804,CUS_000042,PRJ_0012,2022-10-11,web,1,56
LEAD_0000805,CUS_001013,PRJ_0022,2022-06-05,referral,8,76
LEAD_0000806,CUS_003177,PRJ_0026,2024-12-12,agency,3,61
LEAD_0000807,CUS_002398,PRJ_0017,2025-05-31,web,3,61
LEAD_0000808,CUS_004560,PRJ_0016,2021-10-05,web,3,67
LEAD_0000809,CUS_004093,PRJ_0023,2022-06-25,web,1,75
LEAD_0000810,CUS_003104,PRJ_0018,2024-12-23,web,0,64
LEAD_0000811,CUS_005039,PRJ_0028,2025-02-21,agency,1,68
LEAD_0000812,CUS_000056,PRJ_0015,2024-06-20,web,1,66
LEAD_0000813,CUS_001716,PRJ_0003,2023-07-10,web,3,60
LEAD_0000814,CUS_004568,PRJ_0009,2021-06-01,web,1,52
LEAD_0000815,CUS_006347,PRJ_0012,2025-02-18,web,2,73
LEAD_0000816,CUS_002568,PRJ_0005,2022-07-22,web,0,56
LEAD_0000817,CUS_003055,PRJ_0017,2024-09-25,agency,2,66
LEAD_0000818,CUS_005224,PRJ_0027,2024-05-06,campaign,2,56
LEAD_0000819,CUS_003501,PRJ_0016,2025-10-14,walk_in,3,55
LEAD_0000820,CUS_006081,PRJ_0012,2022-04-02,agency,1,71
LEAD_0000821,CUS_001894,PRJ_0011,2022-12-12,agency,3,76
LEAD_0000822,CUS_002989,PRJ_0015,2023-10-16,web,4,89
LEAD_0000823,CUS_005595,PRJ_0023,2022-04-16,web,3,85
LEAD_0000824,CUS_003031,PRJ_0010,2025-12-29,web,1,46
LEAD_0000825,CUS_002415,PRJ_0012,2022-08-26,web,2,50
LEAD_0000826,CUS_002590,PRJ_0015,2024-06-13,referral,1,79
LEAD_0000827,CUS_000212,PRJ_0028,2021-01-04,referral,1,52
LEAD_0000828,CUS_002749,PRJ_0027,2023-07-19,walk_in,3,63
LEAD_0000829,CUS_002393,PRJ_0004,2021-01-25,walk_in,0,46
LEAD_0000830,CUS_004028,PRJ_0021,2025-01-21,web,1,73
LEAD_0000831,CUS_005830,PRJ_0005,2023-02-12,walk_in,3,89
LEAD_0000832,CUS_004797,PRJ_0022,2023-08-31,campaign,2,58
LEAD_0000833,CUS_006388,PRJ_0015,2023-09-05,agency,1,74
LEAD_0000834,CUS_002593,PRJ_0025,2021-09-02,referral,4,68
LEAD_0000835,CUS_002806,PRJ_0007,2021-06-09,walk_in,3,75
LEAD_0000836,CUS_001568,PRJ_0026,2024-02-01,web,1,83
LEAD_0000837,CUS_003519,PRJ_0026,2022-12-01,web,1,64
LEAD_0000838,CUS_000695,PRJ_0022,2022-08-03,campaign,2,71
LEAD_0000839,CUS_001681,PRJ_0010,2025-09-16,referral,2,72
LEAD_0000840,CUS_004766,PRJ_0021,2021-07-13,referral,3,59
LEAD_0000841,CUS_000749,PRJ_0023,2022-05-02,referral,4,79
LEAD_0000842,CUS_002692,PRJ_0027,2023-04-26,walk_in,2,61
LEAD_0000843,CUS_000143,PRJ_0010,2021-03-21,referral,1,82
LEAD_0000844,CUS_004625,PRJ_0008,2023-07-26,web,2,46
LEAD_0000845,CUS_002211,PRJ_0013,2024-10-26,referral,6,73
LEAD_0000846,CUS_002339,PRJ_0019,2024-09-02,agency,3,59
LEAD_0000847,CUS_000854,PRJ_0026,2023-09-09,web,1,88
LEAD_0000848,CUS_004255,PRJ_0009,2025-11-01,web,1,46
LEAD_0000849,CUS_001098,PRJ_0007,2021-03-20,web,2,42
LEAD_0000850,CUS_002809,PRJ_0007,2025-06-16,agency,2,94
LEAD_0000851,CUS_002089,PRJ_0012,2022-10-27,agency,3,53
LEAD_0000852,CUS_006091,PRJ_0005,2023-10-10,referral,2,74
LEAD_0000853,CUS_005084,PRJ_0024,2021-09-25,campaign,1,76
LEAD_0000854,CUS_003100,PRJ_0016,2022-08-14,agency,2,70
LEAD_0000855,CUS_005441,PRJ_0020,2023-06-29,walk_in,1,64
LEAD_0000856,CUS_004373,PRJ_0020,2022-03-01,agency,4,76
LEAD_0000857,CUS_001786,PRJ_0023,2022-07-31,campaign,0,78
LEAD_0000858,CUS_003702,PRJ_0011,2021-10-19,web,2,59
LEAD_0000859,CUS_000589,PRJ_0014,2021-05-26,walk_in,2,79
LEAD_0000860,CUS_005399,PRJ_0007,2023-07-09,agency,2,79
LEAD_0000861,CUS_001611,PRJ_0002,2025-10-05,web,2,70
LEAD_0000862,CUS_004640,PRJ_0016,2024-01-07,agency,0,87
LEAD_0000863,CUS_002624,PRJ_0020,2021-05-10,walk_in,6,63
LEAD_0000864,CUS_002658,PRJ_0010,2024-01-21,campaign,2,63
LEAD_0000865,CUS_000402,PRJ_0011,2021-12-22,agency,2,78
LEAD_0000866,CUS_001021,PRJ_0006,2024-01-19,campaign,2,48
LEAD_0000867,CUS_005337,PRJ_0003,2021-09-02,web,6,65
LEAD_0000868,CUS_002763,PRJ_0005,2022-11-06,walk_in,2,49
LEAD_0000869,CUS_000158,PRJ_0020,2023-11-21,web,1,58
LEAD_0000870,CUS_005929,PRJ_0014,2021-07-05,walk_in,1,50
LEAD_0000871,CUS_005547,PRJ_0001,2024-06-16,referral,1,81
LEAD_0000872,CUS_004887,PRJ_0012,2022-06-21,walk_in,1,66
LEAD_0000873,CUS_003380,PRJ_0010,2022-10-06,web,2,70
LEAD_0000874,CUS_002687,PRJ_0008,2024-08-07,campaign,1,51
LEAD_0000875,CUS_003479,PRJ_0018,2022-07-29,agency,3,87
LEAD_0000876,CUS_002457,PRJ_0009,2021-02-01,walk_in,5,69
LEAD_0000877,CUS_001223,PRJ_0001,2021-06-02,web,1,62
LEAD_0000878,CUS_000322,PRJ_0013,2025-06-15,agency,3,78
LEAD_0000879,CUS_002910,PRJ_0003,2024-04-10,agency,1,85
LEAD_0000880,CUS_001971,PRJ_0007,2023-12-20,agency,1,55
LEAD_0000881,CUS_003041,PRJ_0028,2025-03-03,walk_in,3,78
LEAD_0000882,CUS_004215,PRJ_0013,2025-11-24,web,3,55
LEAD_0000883,CUS_003460,PRJ_0003,2023-06-13,referral,2,78
LEAD_0000884,CUS_005859,PRJ_0006,2024-12-08,agency,0,71
LEAD_0000885,CUS_002157,PRJ_0006,2021-10-01,referral,2,72
LEAD_0000886,CUS_004346,PRJ_0018,2022-11-13,web,2,63
LEAD_0000887,CUS_005782,PRJ_0007,2023-03-05,referral,3,71
LEAD_0000888,CUS_000216,PRJ_0025,2022-10-08,agency,1,53
LEAD_0000889,CUS_003655,PRJ_0014,2022-11-10,campaign,0,68
LEAD_0000890,CUS_002118,PRJ_0015,2022-12-28,web,3,94
LEAD_0000891,CUS_003910,PRJ_0022,2024-03-14,referral,4,73
LEAD_0000892,CUS_005061,PRJ_0025,2021-01-05,web,2,62
LEAD_0000893,CUS_003502,PRJ_0020,2022-09-14,agency,0,46
LEAD_0000894,CUS_005408,PRJ_0026,2024-05-27,agency,0,71
LEAD_0000895,CUS_000021,PRJ_0014,2023-12-15,agency,2,79
LEAD_0000896,CUS_000608,PRJ_0014,2023-03-20,web,1,66
LEAD_0000897,CUS_005574,PRJ_0012,2021-10-22,agency,3,71
LEAD_0000898,CUS_001718,PRJ_0005,2023-03-04,campaign,2,55
LEAD_0000899,CUS_004428,PRJ_0019,2024-06-18,web,1,62
LEAD_0000900,CUS_002101,PRJ_0011,2023-11-08,web,1,60
LEAD_0000901,CUS_000953,PRJ_0011,2022-03-06,agency,2,74
LEAD_0000902,CUS_005799,PRJ_0006,2023-04-02,campaign,2,56
LEAD_0000903,CUS_002673,PRJ_0028,2023-01-18,campaign,4,47
LEAD_0000904,CUS_003744,PRJ_0001,2021-06-02,web,2,55
LEAD_0000905,CUS_005846,PRJ_0011,2021-07-31,referral,1,43
LEAD_0000906,CUS_001215,PRJ_0004,2021-12-22,referral,0,85
LEAD_0000907,CUS_004580,PRJ_0017,2025-08-03,referral,1,79
LEAD_0000908,CUS_003761,PRJ_0020,2024-07-23,web,1,78
LEAD_0000909,CUS_005598,PRJ_0008,2022-02-16,web,0,76
LEAD_0000910,CUS_004723,PRJ_0023,2025-09-01,campaign,2,66
LEAD_0000911,CUS_003107,PRJ_0028,2024-08-11,web,1,60
LEAD_0000912,CUS_002349,PRJ_0018,2024-06-06,campaign,2,73
LEAD_0000913,CUS_004567,PRJ_0003,2025-11-16,campaign,3,55
LEAD_0000914,CUS_006118,PRJ_0010,2023-03-21,agency,2,65
LEAD_0000915,CUS_004442,PRJ_0023,2023-08-14,agency,4,92
LEAD_0000916,CUS_005385,PRJ_0006,2024-05-25,agency,3,76
LEAD_0000917,CUS_002310,PRJ_0025,2025-08-27,web,3,47
LEAD_0000918,CUS_004056,PRJ_0012,2025-05-14,agency,0,45
LEAD_0000919,CUS_005351,PRJ_0016,2024-05-18,web,1,45
LEAD_0000920,CUS_002466,PRJ_0009,2025-05-12,agency,1,79
LEAD_0000921,CUS_001176,PRJ_0020,2022-09-24,referral,3,67
LEAD_0000922,CUS_000073,PRJ_0026,2023-08-25,agency,2,85
LEAD_0000923,CUS_003031,PRJ_0017,2024-10-25,campaign,3,58
LEAD_0000924,CUS_000466,PRJ_0024,2021-02-19,agency,4,72
LEAD_0000925,CUS_005943,PRJ_0005,2024-11-01,web,3,75
LEAD_0000926,CUS_005235,PRJ_0003,2023-12-09,agency,2,65
LEAD_0000927,CUS_004474,PRJ_0026,2024-06-25,agency,2,76
LEAD_0000928,CUS_005820,PRJ_0018,2025-05-14,agency,2,62
LEAD_0000929,CUS_002749,PRJ_0027,2023-04-01,web,3,69
LEAD_0000930,CUS_000806,PRJ_0013,2022-04-26,web,6,49
LEAD_0000931,CUS_004340,PRJ_0027,2025-10-25,agency,0,62
LEAD_0000932,CUS_000585,PRJ_0018,2025-08-10,web,0,60
LEAD_0000933,CUS_000793,PRJ_0011,2022-11-06,agency,1,69
LEAD_0000934,CUS_004471,PRJ_0014,2021-03-15,web,3,56
LEAD_0000935,CUS_001921,PRJ_0008,2022-11-12,agency,1,47
LEAD_0000936,CUS_003626,PRJ_0006,2021-07-24,agency,1,50
LEAD_0000937,CUS_001224,PRJ_0006,2021-01-22,walk_in,1,62
LEAD_0000938,CUS_002396,PRJ_0012,2023-05-14,web,2,65
LEAD_0000939,CUS_003207,PRJ_0023,2022-05-06,web,0,57
LEAD_0000940,CUS_002013,PRJ_0027,2023-05-17,web,0,52
LEAD_0000941,CUS_006346,PRJ_0026,2023-08-19,agency,1,72
LEAD_0000942,CUS_001589,PRJ_0020,2023-12-26,walk_in,4,50
LEAD_0000943,CUS_003704,PRJ_0002,2021-11-18,campaign,5,64
LEAD_0000944,CUS_001299,PRJ_0002,2024-02-29,campaign,1,61
LEAD_0000945,CUS_003452,PRJ_0024,2024-12-05,web,2,66
LEAD_0000946,CUS_001480,PRJ_0017,2023-09-27,web,1,56
LEAD_0000947,CUS_001175,PRJ_0011,2025-09-29,referral,2,72
LEAD_0000948,CUS_002153,PRJ_0006,2023-07-09,web,2,61
LEAD_0000949,CUS_005549,PRJ_0024,2025-12-21,campaign,2,60
LEAD_0000950,CUS_003323,PRJ_0020,2023-09-05,referral,4,65
LEAD_0000951,CUS_002940,PRJ_0017,2025-01-20,campaign,3,64
LEAD_0000952,CUS_006360,PRJ_0009,2025-08-21,web,0,62
LEAD_0000953,CUS_004526,PRJ_0021,2021-11-04,campaign,0,52
LEAD_0000954,CUS_000187,PRJ_0026,2024-11-21,referral,5,76
LEAD_0000955,CUS_002987,PRJ_0025,2025-02-11,walk_in,1,55
LEAD_0000956,CUS_004960,PRJ_0005,2021-12-06,referral,1,91
LEAD_0000957,CUS_001597,PRJ_0010,2023-04-14,web,4,50
LEAD_0000958,CUS_000684,PRJ_0023,2024-10-24,web,2,56
LEAD_0000959,CUS_002366,PRJ_0006,2021-07-12,agency,0,71
LEAD_0000960,CUS_003577,PRJ_0003,2022-05-17,campaign,4,66
LEAD_0000961,CUS_002548,PRJ_0007,2021-10-28,walk_in,1,51
LEAD_0000962,CUS_001232,PRJ_0013,2022-05-18,web,2,66
LEAD_0000963,CUS_005727,PRJ_0008,2023-07-18,web,2,83
LEAD_0000964,CUS_000083,PRJ_0018,2021-11-08,referral,1,75
LEAD_0000965,CUS_001417,PRJ_0010,2022-02-16,web,2,48
LEAD_0000966,CUS_000821,PRJ_0014,2022-01-05,campaign,4,70
LEAD_0000967,CUS_001614,PRJ_0028,2025-07-12,web,0,63
LEAD_0000968,CUS_001461,PRJ_0009,2022-12-04,referral,2,73
LEAD_0000969,CUS_003968,PRJ_0014,2023-03-30,web,2,92
LEAD_0000970,CUS_001916,PRJ_0007,2021-08-01,web,2,85
LEAD_0000971,CUS_004000,PRJ_0009,2023-11-18,agency,1,65
LEAD_0000972,CUS_001203,PRJ_0028,2021-12-10,campaign,0,61
LEAD_0000973,CUS_006081,PRJ_0018,2023-10-13,referral,2,84
LEAD_0000974,CUS_001956,PRJ_0011,2023-09-18,campaign,3,71
LEAD_0000975,CUS_003112,PRJ_0009,2023-08-14,web,3,44
LEAD_0000976,CUS_001936,PRJ_0016,2023-03-11,campaign,0,71
LEAD_0000977,CUS_001814,PRJ_0008,2021-10-04,agency,2,62
LEAD_0000978,CUS_005905,PRJ_0027,2022-10-03,web,2,50
LEAD_0000979,CUS_002661,PRJ_0020,2022-11-13,web,0,42
LEAD_0000980,CUS_004982,PRJ_0005,2024-08-29,web,2,45
LEAD_0000981,CUS_005128,PRJ_0017,2025-12-08,campaign,4,67
LEAD_0000982,CUS_001213,PRJ_0015,2024-07-28,walk_in,2,95
LEAD_0000983,CUS_000964,PRJ_0016,2023-04-02,web,1,74
LEAD_0000984,CUS_004205,PRJ_0024,2022-06-12,web,1,62
LEAD_0000985,CUS_001493,PRJ_0008,2021-11-14,web,3,72
LEAD_0000986,CUS_002668,PRJ_0018,2021-09-22,walk_in,2,44
LEAD_0000987,CUS_006012,PRJ_0007,2021-10-04,web,1,40
LEAD_0000988,CUS_003006,PRJ_0010,2023-11-03,walk_in,5,61
LEAD_0000989,CUS_002294,PRJ_0015,2023-07-23,web,2,57
LEAD_0000990,CUS_002164,PRJ_0024,2025-03-04,referral,2,61
LEAD_0000991,CUS_004699,PRJ_0014,2023-02-17,web,1,70
LEAD_0000992,CUS_004268,PRJ_0022,2022-09-01,agency,5,89
LEAD_0000993,CUS_004682,PRJ_0026,2021-01-23,web,2,30
LEAD_0000994,CUS_000164,PRJ_0009,2022-03-03,campaign,2,55
LEAD_0000995,CUS_000970,PRJ_0001,2025-07-04,referral,6,76
LEAD_0000996,CUS_002446,PRJ_0003,2021-10-21,web,1,45
LEAD_0000997,CUS_004696,PRJ_0014,2021-09-29,web,1,64
LEAD_0000998,CUS_004996,PRJ_0018,2023-06-09,web,0,57
LEAD_0000999,CUS_002790,PRJ_0022,2023-04-19,agency,2,62
LEAD_0001000,CUS_006461,PRJ_0027,2022-01-16,walk_in,3,66
LEAD_0001001,CUS_003505,PRJ_0011,2022-03-03,web,1,60
LEAD_0001002,CUS_000880,PRJ_0028,2025-05-12,walk_in,1,44
LEAD_0001003,CUS_005697,PRJ_0018,2025-10-18,web,1,43
LEAD_0001004,CUS_002174,PRJ_0024,2022-04-10,web,1,60
LEAD_0001005,CUS_001885,PRJ_0027,2021-10-12,campaign,0,37
LEAD_0001006,CUS_002517,PRJ_0013,2021-03-05,agency,2,66
LEAD_0001007,CUS_005713,PRJ_0025,2025-11-08,web,2,51
LEAD_0001008,CUS_003555,PRJ_0017,2022-12-20,agency,3,70
LEAD_0001009,CUS_002681,PRJ_0019,2024-11-09,referral,1,71
LEAD_0001010,CUS_003150,PRJ_0018,2023-07-09,web,1,63
LEAD_0001011,CUS_006376,PRJ_0001,2023-03-21,agency,1,45
LEAD_0001012,CUS_005391,PRJ_0003,2025-12-18,agency,0,77
LEAD_0001013,CUS_000789,PRJ_0003,2022-05-07,referral,4,80
LEAD_0001014,CUS_004158,PRJ_0014,2024-12-26,agency,2,72
LEAD_0001015,CUS_005568,PRJ_0001,2024-11-03,web,5,51
LEAD_0001016,CUS_005304,PRJ_0005,2023-04-05,web,3,60
LEAD_0001017,CUS_001943,PRJ_0016,2024-10-27,web,1,45
LEAD_0001018,CUS_004655,PRJ_0025,2024-12-05,campaign,0,50
LEAD_0001019,CUS_003551,PRJ_0027,2021-11-27,web,6,65
LEAD_0001020,CUS_006146,PRJ_0021,2021-04-15,campaign,2,51
LEAD_0001021,CUS_003767,PRJ_0016,2022-12-16,agency,3,69
LEAD_0001022,CUS_004791,PRJ_0003,2022-08-30,referral,3,78
LEAD_0001023,CUS_001392,PRJ_0019,2023-05-16,campaign,2,70
LEAD_0001024,CUS_000648,PRJ_0005,2021-12-11,referral,1,81
LEAD_0001025,CUS_004256,PRJ_0025,2022-05-20,agency,1,72
LEAD_0001026,CUS_004483,PRJ_0019,2024-08-10,campaign,1,65
LEAD_0001027,CUS_005840,PRJ_0010,2023-02-28,web,2,73
LEAD_0001028,CUS_000215,PRJ_0025,2025-03-15,campaign,3,84
LEAD_0001029,CUS_003087,PRJ_0016,2025-01-24,referral,3,80
LEAD_0001030,CUS_001149,PRJ_0016,2021-01-29,agency,1,72
LEAD_0001031,CUS_001117,PRJ_0004,2023-08-10,walk_in,3,53
LEAD_0001032,CUS_006086,PRJ_0025,2021-06-14,web,2,78
LEAD_0001033,CUS_005028,PRJ_0001,2025-06-10,agency,3,75
LEAD_0001034,CUS_006211,PRJ_0010,2021-09-27,walk_in,1,70
LEAD_0001035,CUS_004114,PRJ_0008,2021-02-01,web,1,61
LEAD_0001036,CUS_000704,PRJ_0007,2022-01-07,referral,0,39
LEAD_0001037,CUS_005367,PRJ_0015,2023-08-03,web,2,76
LEAD_0001038,CUS_002581,PRJ_0027,2022-12-25,agency,0,82
LEAD_0001039,CUS_000394,PRJ_0018,2022-07-21,web,5,64
LEAD_0001040,CUS_006426,PRJ_0004,2024-08-11,walk_in,3,76
LEAD_0001041,CUS_006438,PRJ_0002,2023-08-04,web,2,48
LEAD_0001042,CUS_000479,PRJ_0009,2021-05-15,campaign,2,68
LEAD_0001043,CUS_001656,PRJ_0010,2024-09-05,walk_in,3,65
LEAD_0001044,CUS_005925,PRJ_0011,2022-10-18,referral,0,76
LEAD_0001045,CUS_000841,PRJ_0006,2024-11-14,agency,2,74
LEAD_0001046,CUS_006389,PRJ_0015,2025-04-25,campaign,3,60
LEAD_0001047,CUS_001851,PRJ_0022,2022-10-02,web,3,47
LEAD_0001048,CUS_005735,PRJ_0009,2024-09-07,agency,4,69
LEAD_0001049,CUS_002177,PRJ_0027,2022-10-09,walk_in,2,56
LEAD_0001050,CUS_005317,PRJ_0008,2022-06-07,web,4,50
LEAD_0001051,CUS_001587,PRJ_0005,2024-02-26,agency,0,52
LEAD_0001052,CUS_003714,PRJ_0008,2022-10-01,walk_in,3,57
LEAD_0001053,CUS_005136,PRJ_0012,2022-02-03,walk_in,4,59
LEAD_0001054,CUS_005929,PRJ_0013,2023-11-29,agency,0,63
LEAD_0001055,CUS_001318,PRJ_0010,2021-09-20,referral,6,64
LEAD_0001056,CUS_000657,PRJ_0027,2021-01-11,web,2,54
LEAD_0001057,CUS_003888,PRJ_0012,2022-01-12,referral,4,67
LEAD_0001058,CUS_000737,PRJ_0028,2023-05-03,campaign,2,66
LEAD_0001059,CUS_001604,PRJ_0023,2023-02-24,agency,1,62
LEAD_0001060,CUS_004495,PRJ_0015,2024-05-23,campaign,0,78
LEAD_0001061,CUS_001388,PRJ_0015,2025-10-28,web,4,59
LEAD_0001062,CUS_000058,PRJ_0005,2022-02-02,agency,2,60
LEAD_0001063,CUS_000924,PRJ_0006,2021-02-05,web,1,52
LEAD_0001064,CUS_004158,PRJ_0022,2022-04-28,web,2,67
LEAD_0001065,CUS_000388,PRJ_0018,2022-12-09,web,2,62
LEAD_0001066,CUS_004014,PRJ_0010,2023-11-02,campaign,2,54
LEAD_0001067,CUS_001670,PRJ_0011,2025-04-01,walk_in,1,61
LEAD_0001068,CUS_003978,PRJ_0004,2022-11-21,walk_in,0,46
LEAD_0001069,CUS_006071,PRJ_0017,2023-01-06,campaign,1,51
LEAD_0001070,CUS_001122,PRJ_0024,2022-01-05,walk_in,0,51
LEAD_0001071,CUS_002083,PRJ_0027,2024-12-20,agency,2,63
LEAD_0001072,CUS_005949,PRJ_0001,2025-11-12,referral,4,59
LEAD_0001073,CUS_002587,PRJ_0018,2022-10-21,campaign,1,67
LEAD_0001074,CUS_004772,PRJ_0002,2022-12-30,web,1,59
LEAD_0001075,CUS_003895,PRJ_0015,2021-05-11,web,4,57
LEAD_0001076,CUS_001827,PRJ_0011,2023-04-21,referral,1,63
LEAD_0001077,CUS_006246,PRJ_0018,2022-10-25,agency,0,48
LEAD_0001078,CUS_003891,PRJ_0007,2024-12-12,agency,1,62
LEAD_0001079,CUS_004171,PRJ_0006,2022-03-31,agency,0,58
LEAD_0001080,CUS_002582,PRJ_0020,2025-05-22,agency,4,73
LEAD_0001081,CUS_004623,PRJ_0010,2025-09-09,referral,0,44
LEAD_0001082,CUS_004950,PRJ_0028,2022-05-14,referral,2,71
LEAD_0001083,CUS_003510,PRJ_0023,2024-11-21,web,3,53
LEAD_0001084,CUS_003218,PRJ_0014,2021-11-08,agency,2,77
LEAD_0001085,CUS_002992,PRJ_0015,2023-08-09,web,1,77
LEAD_0001086,CUS_001883,PRJ_0026,2025-12-03,walk_in,2,49
LEAD_0001087,CUS_003808,PRJ_0003,2023-09-23,web,1,64
LEAD_0001088,CUS_005308,PRJ_0019,2022-12-29,referral,2,61
LEAD_0001089,CUS_006252,PRJ_0021,2022-05-18,referral,0,61
LEAD_0001090,CUS_002587,PRJ_0005,2021-11-17,web,3,70
LEAD_0001091,CUS_005693,PRJ_0023,2025-09-29,agency,0,73
LEAD_0001092,CUS_006473,PRJ_0025,2023-02-15,walk_in,2,58
LEAD_0001093,CUS_003361,PRJ_0012,2024-06-29,web,1,79
LEAD_0001094,CUS_002550,PRJ_0023,2022-07-14,walk_in,5,72
LEAD_0001095,CUS_003376,PRJ_0002,2025-10-05,referral,1,81
LEAD_0001096,CUS_003705,PRJ_0009,2022-07-06,web,1,51
LEAD_0001097,CUS_003232,PRJ_0021,2024-03-03,web,3,58
LEAD_0001098,CUS_002600,PRJ_0015,2022-02-28,agency,1,83
LEAD_0001099,CUS_006261,PRJ_0020,2025-08-15,web,0,66
LEAD_0001100,CUS_003477,PRJ_0006,2022-10-22,agency,4,79
LEAD_0001101,CUS_000161,PRJ_0014,2021-12-30,campaign,1,73
LEAD_0001102,CUS_006442,PRJ_0003,2021-12-12,web,1,49
LEAD_0001103,CUS_000777,PRJ_0015,2024-05-05,walk_in,5,53
LEAD_0001104,CUS_000728,PRJ_0008,2024-10-25,web,3,56
LEAD_0001105,CUS_002966,PRJ_0001,2022-06-19,campaign,2,44
LEAD_0001106,CUS_005292,PRJ_0021,2025-11-09,referral,2,68
LEAD_0001107,CUS_005321,PRJ_0015,2025-06-03,web,4,75
LEAD_0001108,CUS_005775,PRJ_0001,2022-09-12,web,1,63
LEAD_0001109,CUS_003691,PRJ_0022,2021-08-15,web,2,68
LEAD_0001110,CUS_004362,PRJ_0013,2021-11-10,campaign,2,48
LEAD_0001111,CUS_001671,PRJ_0005,2025-04-04,web,2,54
LEAD_0001112,CUS_003197,PRJ_0016,2022-04-09,referral,1,53
LEAD_0001113,CUS_006464,PRJ_0003,2022-07-16,web,0,30
LEAD_0001114,CUS_003523,PRJ_0015,2022-10-28,web,3,72
LEAD_0001115,CUS_001122,PRJ_0007,2023-09-25,web,3,59
LEAD_0001116,CUS_004454,PRJ_0021,2024-09-15,agency,1,57
LEAD_0001117,CUS_004723,PRJ_0018,2022-03-14,agency,1,51
LEAD_0001118,CUS_006194,PRJ_0006,2023-04-23,web,2,44
LEAD_0001119,CUS_005647,PRJ_0011,2023-03-10,campaign,2,59
LEAD_0001120,CUS_002246,PRJ_0028,2021-07-29,web,3,60
LEAD_0001121,CUS_005517,PRJ_0017,2023-11-07,campaign,1,63
LEAD_0001122,CUS_005950,PRJ_0014,2021-09-23,web,3,65
LEAD_0001123,CUS_005765,PRJ_0002,2021-07-11,agency,0,65
LEAD_0001124,CUS_001821,PRJ_0022,2025-10-28,campaign,1,61
LEAD_0001125,CUS_002701,PRJ_0002,2022-09-09,referral,3,72
LEAD_0001126,CUS_002916,PRJ_0026,2025-06-21,referral,4,78
LEAD_0001127,CUS_005883,PRJ_0022,2023-11-16,referral,3,81
LEAD_0001128,CUS_002862,PRJ_0008,2024-12-01,web,2,72
LEAD_0001129,CUS_001928,PRJ_0007,2025-11-16,web,2,66
LEAD_0001130,CUS_001133,PRJ_0028,2025-03-04,agency,0,82
LEAD_0001131,CUS_003748,PRJ_0002,2023-08-10,agency,1,71
LEAD_0001132,CUS_001232,PRJ_0019,2025-01-17,web,1,52
LEAD_0001133,CUS_000427,PRJ_0008,2025-02-25,referral,2,52
LEAD_0001134,CUS_005599,PRJ_0008,2023-09-01,web,3,57
LEAD_0001135,CUS_001041,PRJ_0004,2022-09-01,campaign,3,46
LEAD_0001136,CUS_006438,PRJ_0015,2022-03-20,agency,2,62
LEAD_0001137,CUS_003097,PRJ_0010,2024-11-02,campaign,2,57
LEAD_0001138,CUS_006155,PRJ_0009,2025-09-10,campaign,1,55
LEAD_0001139,CUS_003389,PRJ_0004,2022-04-27,agency,2,77
LEAD_0001140,CUS_001378,PRJ_0022,2025-08-27,agency,0,74
LEAD_0001141,CUS_003214,PRJ_0025,2024-03-23,referral,4,88
LEAD_0001142,CUS_001873,PRJ_0023,2023-03-23,campaign,1,63
LEAD_0001143,CUS_001922,PRJ_0017,2021-04-02,referral,2,69
LEAD_0001144,CUS_000818,PRJ_0011,2021-05-20,agency,3,63
LEAD_0001145,CUS_003524,PRJ_0002,2024-07-08,campaign,1,46
LEAD_0001146,CUS_004524,PRJ_0020,2022-05-13,campaign,1,47
LEAD_0001147,CUS_004170,PRJ_0003,2025-04-18,referral,2,70
LEAD_0001148,CUS_000028,PRJ_0006,2023-03-22,campaign,5,84
LEAD_0001149,CUS_000777,PRJ_0004,2023-01-15,agency,3,74
LEAD_0001150,CUS_004415,PRJ_0009,2023-05-25,referral,0,63
LEAD_0001151,CUS_003514,PRJ_0024,2023-07-17,walk_in,2,71
LEAD_0001152,CUS_001722,PRJ_0018,2025-11-11,agency,2,51
LEAD_0001153,CUS_003746,PRJ_0017,2021-03-10,web,0,64
LEAD_0001154,CUS_004683,PRJ_0008,2025-03-11,web,3,60
LEAD_0001155,CUS_001629,PRJ_0003,2024-11-20,walk_in,3,56
LEAD_0001156,CUS_001201,PRJ_0019,2023-04-13,web,1,44
LEAD_0001157,CUS_000588,PRJ_0016,2024-12-18,agency,4,86
LEAD_0001158,CUS_006066,PRJ_0005,2022-11-21,web,3,69
LEAD_0001159,CUS_001396,PRJ_0013,2021-12-03,agency,3,81
LEAD_0001160,CUS_000723,PRJ_0019,2021-01-17,agency,1,96
LEAD_0001161,CUS_002444,PRJ_0005,2023-10-05,referral,3,90
LEAD_0001162,CUS_000236,PRJ_0008,2024-02-22,campaign,1,68
LEAD_0001163,CUS_000922,PRJ_0008,2021-10-23,web,1,57
LEAD_0001164,CUS_000759,PRJ_0013,2021-06-14,campaign,1,45
LEAD_0001165,CUS_004331,PRJ_0008,2025-12-04,web,2,62
LEAD_0001166,CUS_001581,PRJ_0016,2021-08-18,web,2,52
LEAD_0001167,CUS_001202,PRJ_0028,2021-09-05,agency,1,53
LEAD_0001168,CUS_004423,PRJ_0003,2022-05-09,referral,2,81
LEAD_0001169,CUS_003515,PRJ_0006,2023-07-07,referral,1,61
LEAD_0001170,CUS_002857,PRJ_0017,2021-01-14,walk_in,5,69
LEAD_0001171,CUS_000178,PRJ_0018,2021-05-31,web,3,62
LEAD_0001172,CUS_002991,PRJ_0024,2025-01-17,agency,2,62
LEAD_0001173,CUS_001153,PRJ_0025,2025-08-16,agency,0,63
LEAD_0001174,CUS_003843,PRJ_0027,2025-11-16,web,3,59
LEAD_0001175,CUS_000617,PRJ_0006,2023-01-08,agency,0,99
LEAD_0001176,CUS_004396,PRJ_0020,2024-02-23,walk_in,2,54
LEAD_0001177,CUS_002824,PRJ_0023,2021-03-29,web,3,63
LEAD_0001178,CUS_004671,PRJ_0021,2024-04-08,web,3,54
LEAD_0001179,CUS_002931,PRJ_0015,2024-06-27,web,2,57
LEAD_0001180,CUS_002749,PRJ_0027,2023-10-26,agency,3,73
LEAD_0001181,CUS_006205,PRJ_0021,2022-07-02,referral,0,57
LEAD_0001182,CUS_000820,PRJ_0027,2024-11-12,campaign,1,59
LEAD_0001183,CUS_003775,PRJ_0009,2025-07-05,walk_in,6,73
LEAD_0001184,CUS_000614,PRJ_0018,2022-02-23,agency,0,57
LEAD_0001185,CUS_000795,PRJ_0016,2024-03-09,agency,2,73
LEAD_0001186,CUS_001674,PRJ_0004,2022-04-12,web,4,73
LEAD_0001187,CUS_000772,PRJ_0006,2022-07-29,web,3,79
LEAD_0001188,CUS_001113,PRJ_0017,2022-06-22,campaign,4,56
LEAD_0001189,CUS_005199,PRJ_0010,2023-01-13,agency,2,62
LEAD_0001190,CUS_002509,PRJ_0010,2022-08-08,web,1,95
LEAD_0001191,CUS_004797,PRJ_0009,2022-06-19,agency,1,62
LEAD_0001192,CUS_006447,PRJ_0027,2024-01-14,referral,3,87
LEAD_0001193,CUS_001436,PRJ_0002,2025-04-27,campaign,2,45
LEAD_0001194,CUS_001959,PRJ_0021,2021-05-04,referral,0,70
LEAD_0001195,CUS_001569,PRJ_0004,2022-06-19,referral,5,83
LEAD_0001196,CUS_006134,PRJ_0018,2022-09-19,agency,2,43
LEAD_0001197,CUS_000006,PRJ_0006,2023-12-23,agency,2,74
LEAD_0001198,CUS_004196,PRJ_0008,2021-06-19,walk_in,3,59
LEAD_0001199,CUS_001444,PRJ_0003,2021-04-04,referral,2,66
LEAD_0001200,CUS_000332,PRJ_0010,2021-10-17,campaign,3,50
LEAD_0001201,CUS_003356,PRJ_0026,2022-06-06,campaign,2,47
LEAD_0001202,CUS_004904,PRJ_0008,2022-06-25,campaign,1,59
LEAD_0001203,CUS_005839,PRJ_0013,2022-09-22,web,1,63
LEAD_0001204,CUS_004659,PRJ_0014,2025-10-30,referral,1,61
LEAD_0001205,CUS_000061,PRJ_0027,2022-02-14,campaign,2,54
LEAD_0001206,CUS_004573,PRJ_0013,2023-02-11,referral,2,72
LEAD_0001207,CUS_000554,PRJ_0004,2024-01-28,agency,2,62
LEAD_0001208,CUS_000898,PRJ_0016,2022-12-22,walk_in,2,95
LEAD_0001209,CUS_000654,PRJ_0020,2023-02-10,agency,2,59
LEAD_0001210,CUS_000135,PRJ_0004,2023-02-05,campaign,1,34
LEAD_0001211,CUS_006022,PRJ_0005,2025-10-10,agency,5,66
LEAD_0001212,CUS_005366,PRJ_0013,2021-07-20,web,1,34
LEAD_0001213,CUS_005362,PRJ_0021,2022-10-14,agency,2,53
LEAD_0001214,CUS_004847,PRJ_0025,2024-10-20,referral,2,61
LEAD_0001215,CUS_003251,PRJ_0018,2025-10-23,agency,2,52
LEAD_0001216,CUS_003790,PRJ_0004,2022-04-30,agency,4,82
LEAD_0001217,CUS_004039,PRJ_0002,2023-10-03,agency,1,55
LEAD_0001218,CUS_004951,PRJ_0001,2021-07-01,campaign,2,54
LEAD_0001219,CUS_000459,PRJ_0021,2025-04-24,walk_in,0,42
LEAD_0001220,CUS_003751,PRJ_0018,2022-08-04,agency,0,51
LEAD_0001221,CUS_001916,PRJ_0017,2022-12-17,referral,4,90
LEAD_0001222,CUS_003853,PRJ_0008,2021-03-23,agency,1,47
LEAD_0001223,CUS_001396,PRJ_0008,2024-03-17,agency,6,90
LEAD_0001224,CUS_006252,PRJ_0015,2021-05-05,web,6,72
LEAD_0001225,CUS_000190,PRJ_0025,2023-04-20,agency,2,63
LEAD_0001226,CUS_000945,PRJ_0004,2024-05-02,campaign,1,61
LEAD_0001227,CUS_005765,PRJ_0017,2025-03-26,web,2,72
LEAD_0001228,CUS_001944,PRJ_0027,2024-07-17,web,4,86
LEAD_0001229,CUS_003378,PRJ_0027,2021-12-22,campaign,0,64
LEAD_0001230,CUS_000731,PRJ_0019,2023-05-01,walk_in,0,52
LEAD_0001231,CUS_004276,PRJ_0021,2022-01-22,agency,1,66
LEAD_0001232,CUS_001513,PRJ_0010,2023-04-15,web,2,78
LEAD_0001233,CUS_004871,PRJ_0027,2021-06-13,campaign,1,55
LEAD_0001234,CUS_005490,PRJ_0025,2025-07-22,campaign,2,75
LEAD_0001235,CUS_002638,PRJ_0022,2025-03-02,web,2,70
LEAD_0001236,CUS_004669,PRJ_0022,2023-07-27,referral,4,83
LEAD_0001237,CUS_002577,PRJ_0005,2023-10-02,campaign,3,54
LEAD_0001238,CUS_003707,PRJ_0005,2023-08-27,agency,0,60
LEAD_0001239,CUS_000210,PRJ_0007,2024-04-30,campaign,0,64
LEAD_0001240,CUS_001375,PRJ_0027,2024-09-15,web,1,67
LEAD_0001241,CUS_003242,PRJ_0016,2025-01-03,walk_in,2,64
LEAD_0001242,CUS_003125,PRJ_0002,2022-06-18,agency,0,74
LEAD_0001243,CUS_001826,PRJ_0022,2022-10-25,web,0,63
LEAD_0001244,CUS_003633,PRJ_0028,2025-03-13,agency,1,54
LEAD_0001245,CUS_001607,PRJ_0024,2021-08-08,campaign,1,68
LEAD_0001246,CUS_000836,PRJ_0006,2023-05-08,web,3,60
LEAD_0001247,CUS_005758,PRJ_0008,2022-03-04,referral,2,55
LEAD_0001248,CUS_000483,PRJ_0003,2022-09-22,agency,3,82
LEAD_0001249,CUS_001293,PRJ_0025,2023-01-21,walk_in,3,78
LEAD_0001250,CUS_001185,PRJ_0016,2024-07-26,agency,3,61
LEAD_0001251,CUS_006067,PRJ_0002,2021-08-09,web,2,44
LEAD_0001252,CUS_005151,PRJ_0013,2022-10-28,walk_in,1,77
LEAD_0001253,CUS_005304,PRJ_0013,2023-11-03,campaign,0,58
LEAD_0001254,CUS_003688,PRJ_0012,2025-01-16,web,2,71
LEAD_0001255,CUS_005309,PRJ_0001,2024-03-31,web,5,86
LEAD_0001256,CUS_004229,PRJ_0026,2023-09-28,campaign,1,67
LEAD_0001257,CUS_005009,PRJ_0007,2022-05-25,web,2,47
LEAD_0001258,CUS_000690,PRJ_0001,2025-11-16,web,2,56
LEAD_0001259,CUS_001656,PRJ_0028,2024-08-31,walk_in,0,76
LEAD_0001260,CUS_002040,PRJ_0008,2021-07-15,web,1,39
LEAD_0001261,CUS_004307,PRJ_0021,2022-02-05,agency,4,63
LEAD_0001262,CUS_001544,PRJ_0007,2024-03-09,web,0,54
LEAD_0001263,CUS_000603,PRJ_0022,2023-10-04,agency,2,52
LEAD_0001264,CUS_005111,PRJ_0006,2023-11-19,referral,3,58
LEAD_0001265,CUS_002410,PRJ_0009,2022-12-03,walk_in,1,63
LEAD_0001266,CUS_000922,PRJ_0005,2025-09-22,campaign,2,55
LEAD_0001267,CUS_005940,PRJ_0005,2021-11-14,web,6,92
LEAD_0001268,CUS_001745,PRJ_0008,2022-01-04,walk_in,1,56
LEAD_0001269,CUS_004393,PRJ_0008,2022-08-23,agency,2,63
LEAD_0001270,CUS_004519,PRJ_0005,2025-02-09,referral,1,68
LEAD_0001271,CUS_005373,PRJ_0026,2025-08-22,web,2,63
LEAD_0001272,CUS_004257,PRJ_0006,2022-08-23,agency,1,83
LEAD_0001273,CUS_003569,PRJ_0012,2022-01-22,referral,0,59
LEAD_0001274,CUS_005684,PRJ_0016,2024-07-26,campaign,2,54
LEAD_0001275,CUS_000215,PRJ_0026,2024-12-15,agency,1,80
LEAD_0001276,CUS_005504,PRJ_0005,2024-05-31,referral,1,78
LEAD_0001277,CUS_005905,PRJ_0014,2021-06-22,campaign,1,57
LEAD_0001278,CUS_005459,PRJ_0027,2023-01-14,web,3,58
LEAD_0001279,CUS_004505,PRJ_0013,2024-03-24,web,0,41
LEAD_0001280,CUS_004899,PRJ_0009,2021-01-21,referral,3,95
LEAD_0001281,CUS_005454,PRJ_0022,2021-01-14,web,0,58
LEAD_0001282,CUS_000977,PRJ_0016,2023-04-04,referral,1,39
LEAD_0001283,CUS_004256,PRJ_0012,2021-04-30,referral,5,77
LEAD_0001284,CUS_003539,PRJ_0023,2025-05-31,referral,0,87
LEAD_0001285,CUS_004913,PRJ_0024,2023-02-19,agency,2,51
LEAD_0001286,CUS_000750,PRJ_0021,2024-05-20,agency,0,72
LEAD_0001287,CUS_000645,PRJ_0021,2025-12-15,web,2,56
LEAD_0001288,CUS_003244,PRJ_0001,2021-07-28,campaign,0,61
LEAD_0001289,CUS_000514,PRJ_0012,2025-02-23,campaign,1,67
LEAD_0001290,CUS_005094,PRJ_0012,2021-09-12,web,3,57
LEAD_0001291,CUS_001679,PRJ_0003,2025-09-19,walk_in,2,60
LEAD_0001292,CUS_003320,PRJ_0023,2024-07-25,campaign,3,58
LEAD_0001293,CUS_000388,PRJ_0009,2022-03-25,referral,2,88
LEAD_0001294,CUS_002247,PRJ_0026,2021-11-01,campaign,5,57
LEAD_0001295,CUS_004404,PRJ_0003,2023-11-19,web,2,83
LEAD_0001296,CUS_006495,PRJ_0020,2022-06-18,web,2,45
LEAD_0001297,CUS_004247,PRJ_0006,2025-11-29,web,2,63
LEAD_0001298,CUS_002009,PRJ_0011,2024-10-16,agency,3,63
LEAD_0001299,CUS_003820,PRJ_0014,2025-05-15,agency,3,86
LEAD_0001300,CUS_001193,PRJ_0016,2021-04-28,web,2,60
LEAD_0001301,CUS_003057,PRJ_0012,2024-11-11,web,3,40
LEAD_0001302,CUS_003314,PRJ_0022,2021-05-28,agency,5,86
LEAD_0001303,CUS_000777,PRJ_0001,2023-02-27,web,2,71
LEAD_0001304,CUS_002944,PRJ_0013,2022-11-05,referral,2,94
LEAD_0001305,CUS_004942,PRJ_0011,2025-02-22,web,0,63
LEAD_0001306,CUS_002222,PRJ_0026,2025-10-12,web,2,82
LEAD_0001307,CUS_000565,PRJ_0026,2023-05-06,web,2,58
LEAD_0001308,CUS_001768,PRJ_0009,2022-04-07,walk_in,3,67
LEAD_0001309,CUS_004959,PRJ_0027,2024-04-13,campaign,3,65
LEAD_0001310,CUS_006465,PRJ_0027,2023-10-24,agency,1,76
LEAD_0001311,CUS_005704,PRJ_0020,2024-12-24,web,1,65
LEAD_0001312,CUS_002375,PRJ_0020,2022-03-21,agency,3,64
LEAD_0001313,CUS_003466,PRJ_0022,2023-09-11,agency,2,64
LEAD_0001314,CUS_003600,PRJ_0025,2023-06-01,web,1,57
LEAD_0001315,CUS_004468,PRJ_0015,2022-02-22,agency,1,81
LEAD_0001316,CUS_000561,PRJ_0027,2023-08-30,campaign,3,72
LEAD_0001317,CUS_003185,PRJ_0002,2025-04-15,agency,2,70
LEAD_0001318,CUS_003023,PRJ_0001,2024-05-30,referral,3,73
LEAD_0001319,CUS_001447,PRJ_0010,2025-01-04,web,1,41
LEAD_0001320,CUS_003269,PRJ_0023,2023-10-09,web,0,65
LEAD_0001321,CUS_000354,PRJ_0002,2025-07-17,campaign,4,51
LEAD_0001322,CUS_002281,PRJ_0011,2022-12-15,web,3,58
LEAD_0001323,CUS_004464,PRJ_0016,2023-12-21,campaign,0,56
LEAD_0001324,CUS_000248,PRJ_0006,2023-12-02,web,1,79
LEAD_0001325,CUS_000770,PRJ_0018,2021-10-12,campaign,1,60
LEAD_0001326,CUS_003435,PRJ_0014,2025-02-14,agency,3,92
LEAD_0001327,CUS_003419,PRJ_0028,2025-07-09,walk_in,3,67
LEAD_0001328,CUS_000281,PRJ_0019,2023-07-27,web,0,51
LEAD_0001329,CUS_001378,PRJ_0017,2023-05-20,web,3,73
LEAD_0001330,CUS_001439,PRJ_0005,2023-10-19,web,2,57
LEAD_0001331,CUS_000217,PRJ_0020,2025-04-25,web,3,59
LEAD_0001332,CUS_006105,PRJ_0027,2021-08-28,web,1,42
LEAD_0001333,CUS_005270,PRJ_0019,2021-09-30,agency,1,66
LEAD_0001334,CUS_002241,PRJ_0025,2022-07-23,web,0,39
LEAD_0001335,CUS_002814,PRJ_0013,2025-12-26,referral,2,74
LEAD_0001336,CUS_002733,PRJ_0028,2022-10-29,web,3,74
LEAD_0001337,CUS_000127,PRJ_0012,2024-02-18,walk_in,3,52
LEAD_0001338,CUS_003416,PRJ_0009,2025-03-14,web,3,74
LEAD_0001339,CUS_001780,PRJ_0004,2023-10-16,campaign,2,69
LEAD_0001340,CUS_005695,PRJ_0014,2021-06-07,agency,1,80
LEAD_0001341,CUS_003642,PRJ_0001,2024-05-14,agency,4,60
LEAD_0001342,CUS_001682,PRJ_0025,2023-03-19,web,2,59
LEAD_0001343,CUS_004127,PRJ_0020,2023-12-02,agency,3,66
LEAD_0001344,CUS_006200,PRJ_0017,2024-06-13,referral,2,67
LEAD_0001345,CUS_005761,PRJ_0025,2022-02-15,agency,4,83
LEAD_0001346,CUS_004845,PRJ_0024,2021-04-28,web,1,54
LEAD_0001347,CUS_003451,PRJ_0020,2025-08-13,web,4,64
LEAD_0001348,CUS_000816,PRJ_0001,2024-09-22,web,2,62
LEAD_0001349,CUS_001955,PRJ_0022,2024-07-07,agency,1,99
LEAD_0001350,CUS_004903,PRJ_0015,2023-10-23,web,1,57
LEAD_0001351,CUS_001661,PRJ_0005,2023-08-05,web,0,77
LEAD_0001352,CUS_004715,PRJ_0026,2024-10-27,referral,5,72
LEAD_0001353,CUS_005011,PRJ_0008,2021-03-07,walk_in,0,49
LEAD_0001354,CUS_004054,PRJ_0022,2024-09-10,campaign,2,60
LEAD_0001355,CUS_002425,PRJ_0007,2025-08-31,walk_in,4,70
LEAD_0001356,CUS_002583,PRJ_0003,2024-12-23,agency,2,72
LEAD_0001357,CUS_005012,PRJ_0027,2025-11-01,referral,0,60
LEAD_0001358,CUS_005160,PRJ_0023,2023-05-16,agency,3,73
LEAD_0001359,CUS_000482,PRJ_0025,2025-05-17,referral,0,43
LEAD_0001360,CUS_005589,PRJ_0009,2024-06-16,campaign,4,74
LEAD_0001361,CUS_004157,PRJ_0004,2025-03-26,web,1,58
LEAD_0001362,CUS_000458,PRJ_0018,2021-04-08,walk_in,0,55
LEAD_0001363,CUS_000714,PRJ_0018,2021-01-03,web,0,44
LEAD_0001364,CUS_002418,PRJ_0011,2024-11-18,agency,6,71
LEAD_0001365,CUS_005310,PRJ_0017,2023-09-18,agency,2,78
LEAD_0001366,CUS_003496,PRJ_0025,2021-06-30,walk_in,1,46
LEAD_0001367,CUS_003616,PRJ_0007,2021-12-01,web,1,76
LEAD_0001368,CUS_006375,PRJ_0024,2021-10-08,web,2,62
LEAD_0001369,CUS_000296,PRJ_0027,2022-01-29,web,2,58
LEAD_0001370,CUS_003205,PRJ_0027,2025-12-19,agency,1,58
LEAD_0001371,CUS_000873,PRJ_0009,2023-09-07,web,2,97
LEAD_0001372,CUS_002108,PRJ_0016,2025-11-21,agency,1,51
LEAD_0001373,CUS_000373,PRJ_0013,2021-12-27,agency,4,73
LEAD_0001374,CUS_000631,PRJ_0016,2023-05-10,web,0,55
LEAD_0001375,CUS_005894,PRJ_0014,2023-08-12,web,4,68
LEAD_0001376,CUS_003959,PRJ_0004,2025-02-05,agency,2,52
LEAD_0001377,CUS_006090,PRJ_0011,2021-02-12,walk_in,0,24
LEAD_0001378,CUS_005229,PRJ_0018,2023-03-23,walk_in,3,71
LEAD_0001379,CUS_002490,PRJ_0024,2022-02-15,campaign,1,72
LEAD_0001380,CUS_006438,PRJ_0028,2024-12-21,web,2,53
LEAD_0001381,CUS_000393,PRJ_0018,2023-03-23,web,2,77
LEAD_0001382,CUS_004169,PRJ_0025,2021-01-04,walk_in,1,52
LEAD_0001383,CUS_000140,PRJ_0016,2021-06-08,campaign,1,67
LEAD_0001384,CUS_003981,PRJ_0011,2021-11-06,web,1,55
LEAD_0001385,CUS_004467,PRJ_0016,2021-02-07,referral,1,66
LEAD_0001386,CUS_003679,PRJ_0008,2022-08-14,web,1,54
LEAD_0001387,CUS_001964,PRJ_0008,2025-07-12,agency,2,63
LEAD_0001388,CUS_004943,PRJ_0010,2024-03-16,agency,2,53
LEAD_0001389,CUS_004521,PRJ_0025,2022-03-13,walk_in,2,44
LEAD_0001390,CUS_003292,PRJ_0024,2021-06-25,web,0,42
LEAD_0001391,CUS_002802,PRJ_0012,2022-05-04,web,1,59
LEAD_0001392,CUS_001799,PRJ_0016,2024-12-19,referral,3,71
LEAD_0001393,CUS_002915,PRJ_0008,2021-11-26,agency,5,72
LEAD_0001394,CUS_002320,PRJ_0007,2024-09-16,campaign,3,81
LEAD_0001395,CUS_004464,PRJ_0025,2025-02-05,web,3,60
LEAD_0001396,CUS_004575,PRJ_0017,2024-07-07,agency,1,65
LEAD_0001397,CUS_005776,PRJ_0013,2023-08-20,campaign,3,65
LEAD_0001398,CUS_005362,PRJ_0010,2022-04-02,web,2,53
LEAD_0001399,CUS_003243,PRJ_0020,2024-03-30,referral,2,79
LEAD_0001400,CUS_004019,PRJ_0017,2023-09-12,web,1,51
LEAD_0001401,CUS_006354,PRJ_0010,2021-01-22,web,1,56
LEAD_0001402,CUS_004737,PRJ_0010,2025-11-21,web,0,58
LEAD_0001403,CUS_000993,PRJ_0011,2024-10-13,web,3,65
LEAD_0001404,CUS_000008,PRJ_0022,2021-03-01,web,2,41
LEAD_0001405,CUS_004175,PRJ_0014,2023-01-10,walk_in,0,73
LEAD_0001406,CUS_006259,PRJ_0014,2024-01-12,campaign,4,86
LEAD_0001407,CUS_004941,PRJ_0027,2025-05-06,web,2,65
LEAD_0001408,CUS_001210,PRJ_0016,2024-02-09,agency,1,86
LEAD_0001409,CUS_000004,PRJ_0028,2021-12-26,campaign,6,75
LEAD_0001410,CUS_001713,PRJ_0002,2024-04-05,web,0,68
LEAD_0001411,CUS_004609,PRJ_0004,2023-07-17,web,3,50
LEAD_0001412,CUS_001684,PRJ_0027,2023-03-12,referral,2,68
LEAD_0001413,CUS_002329,PRJ_0008,2024-02-06,campaign,1,50
LEAD_0001414,CUS_001820,PRJ_0002,2025-06-22,web,4,59
LEAD_0001415,CUS_004795,PRJ_0004,2021-05-03,agency,1,54
LEAD_0001416,CUS_001202,PRJ_0004,2022-12-25,web,1,57
LEAD_0001417,CUS_002486,PRJ_0019,2023-10-08,web,3,65
LEAD_0001418,CUS_000143,PRJ_0003,2023-09-14,campaign,3,81
LEAD_0001419,CUS_001447,PRJ_0013,2025-02-03,web,4,59
LEAD_0001420,CUS_006162,PRJ_0006,2024-01-15,web,4,85
LEAD_0001421,CUS_000920,PRJ_0015,2021-05-07,walk_in,3,56
LEAD_0001422,CUS_002686,PRJ_0013,2023-01-18,agency,4,70
LEAD_0001423,CUS_001636,PRJ_0024,2023-09-04,referral,2,66
LEAD_0001424,CUS_000968,PRJ_0002,2023-11-25,referral,4,80
LEAD_0001425,CUS_001518,PRJ_0006,2022-09-15,web,2,55
LEAD_0001426,CUS_002905,PRJ_0010,2024-12-18,referral,3,69
LEAD_0001427,CUS_000320,PRJ_0013,2025-02-10,agency,3,61
LEAD_0001428,CUS_003657,PRJ_0022,2024-11-24,agency,0,54
LEAD_0001429,CUS_002807,PRJ_0007,2024-02-28,agency,3,63
LEAD_0001430,CUS_004884,PRJ_0020,2023-01-02,campaign,2,63
LEAD_0001431,CUS_003948,PRJ_0014,2024-11-26,web,1,58
LEAD_0001432,CUS_003325,PRJ_0002,2022-06-19,agency,2,59
LEAD_0001433,CUS_002922,PRJ_0028,2022-07-22,agency,1,71
LEAD_0001434,CUS_004238,PRJ_0023,2022-01-17,web,0,56
LEAD_0001435,CUS_004392,PRJ_0021,2025-10-01,web,3,56
LEAD_0001436,CUS_001272,PRJ_0011,2024-01-28,walk_in,1,68
LEAD_0001437,CUS_002438,PRJ_0023,2021-07-10,campaign,0,66
LEAD_0001438,CUS_005606,PRJ_0023,2025-12-20,agency,3,64
LEAD_0001439,CUS_003977,PRJ_0017,2025-09-08,agency,0,69
LEAD_0001440,CUS_005571,PRJ_0012,2022-10-13,walk_in,3,43
LEAD_0001441,CUS_000951,PRJ_0004,2022-11-15,web,3,64
LEAD_0001442,CUS_000526,PRJ_0026,2021-06-14,web,0,59
LEAD_0001443,CUS_004590,PRJ_0007,2025-01-13,campaign,0,56
LEAD_0001444,CUS_002414,PRJ_0025,2023-04-14,campaign,3,87
LEAD_0001445,CUS_002765,PRJ_0009,2023-11-06,campaign,2,53
LEAD_0001446,CUS_005414,PRJ_0009,2023-12-29,campaign,5,77
LEAD_0001447,CUS_001300,PRJ_0013,2025-06-05,web,5,77
LEAD_0001448,CUS_001814,PRJ_0017,2025-09-24,web,3,55
LEAD_0001449,CUS_001652,PRJ_0011,2024-02-07,web,3,77
LEAD_0001450,CUS_000634,PRJ_0013,2021-01-14,web,0,62
LEAD_0001451,CUS_005856,PRJ_0006,2023-12-21,web,4,65
LEAD_0001452,CUS_000344,PRJ_0013,2023-07-30,referral,7,100
LEAD_0001453,CUS_005184,PRJ_0020,2021-06-01,agency,1,78
LEAD_0001454,CUS_001277,PRJ_0013,2022-03-02,agency,2,73
LEAD_0001455,CUS_002091,PRJ_0013,2024-07-19,campaign,1,46
LEAD_0001456,CUS_001438,PRJ_0019,2022-01-25,web,4,90
LEAD_0001457,CUS_000435,PRJ_0021,2024-11-19,web,3,54
LEAD_0001458,CUS_004848,PRJ_0012,2022-01-06,walk_in,3,66
LEAD_0001459,CUS_000707,PRJ_0017,2024-03-29,web,3,69
LEAD_0001460,CUS_000095,PRJ_0019,2023-08-04,web,3,65
LEAD_0001461,CUS_002304,PRJ_0010,2025-04-01,web,3,68
LEAD_0001462,CUS_003617,PRJ_0009,2024-12-01,referral,2,95
LEAD_0001463,CUS_001235,PRJ_0023,2021-03-15,agency,1,99
LEAD_0001464,CUS_005991,PRJ_0026,2021-11-26,referral,1,48
LEAD_0001465,CUS_001703,PRJ_0018,2024-03-30,agency,3,89
LEAD_0001466,CUS_006118,PRJ_0026,2025-10-14,web,1,58
LEAD_0001467,CUS_001469,PRJ_0023,2021-09-13,agency,0,64
LEAD_0001468,CUS_003913,PRJ_0020,2022-10-27,web,4,56
LEAD_0001469,CUS_000708,PRJ_0022,2023-10-15,web,1,61
LEAD_0001470,CUS_002592,PRJ_0017,2025-11-13,agency,1,72
LEAD_0001471,CUS_005232,PRJ_0003,2023-06-25,referral,4,57
LEAD_0001472,CUS_002119,PRJ_0018,2024-10-26,campaign,0,69
LEAD_0001473,CUS_001682,PRJ_0017,2023-04-11,referral,1,80
LEAD_0001474,CUS_003444,PRJ_0011,2023-01-24,campaign,2,66
LEAD_0001475,CUS_002072,PRJ_0023,2024-05-11,web,3,65
LEAD_0001476,CUS_005492,PRJ_0012,2024-02-26,walk_in,1,54
LEAD_0001477,CUS_001912,PRJ_0010,2021-10-21,web,3,54
LEAD_0001478,CUS_001547,PRJ_0015,2021-09-04,web,1,85
LEAD_0001479,CUS_002483,PRJ_0026,2025-09-08,walk_in,1,45
LEAD_0001480,CUS_001176,PRJ_0009,2024-01-24,campaign,0,49
LEAD_0001481,CUS_003863,PRJ_0014,2022-01-08,campaign,2,48
LEAD_0001482,CUS_001186,PRJ_0008,2021-03-03,agency,1,60
LEAD_0001483,CUS_001903,PRJ_0022,2025-04-30,web,2,54
LEAD_0001484,CUS_003232,PRJ_0015,2025-01-06,web,2,74
LEAD_0001485,CUS_001767,PRJ_0005,2023-05-24,agency,3,77
LEAD_0001486,CUS_002274,PRJ_0019,2025-07-25,walk_in,1,57
LEAD_0001487,CUS_001363,PRJ_0028,2022-02-17,referral,1,67
LEAD_0001488,CUS_006053,PRJ_0014,2025-11-14,campaign,2,60
LEAD_0001489,CUS_003478,PRJ_0004,2023-10-27,campaign,4,48
LEAD_0001490,CUS_002612,PRJ_0006,2022-11-05,referral,1,71
LEAD_0001491,CUS_001426,PRJ_0016,2021-04-06,referral,1,45
LEAD_0001492,CUS_004339,PRJ_0011,2021-06-14,web,0,49
LEAD_0001493,CUS_003567,PRJ_0027,2022-01-15,web,1,59
LEAD_0001494,CUS_005472,PRJ_0020,2023-05-06,agency,4,88
LEAD_0001495,CUS_000017,PRJ_0005,2021-02-13,campaign,1,60
LEAD_0001496,CUS_005357,PRJ_0022,2023-06-08,web,1,62
LEAD_0001497,CUS_004972,PRJ_0016,2025-08-29,web,2,62
LEAD_0001498,CUS_001195,PRJ_0022,2024-11-20,walk_in,4,61
LEAD_0001499,CUS_003333,PRJ_0021,2025-12-24,referral,2,83
LEAD_0001500,CUS_004717,PRJ_0019,2024-11-05,web,1,83
LEAD_0001501,CUS_004220,PRJ_0016,2023-03-18,referral,1,78
LEAD_0001502,CUS_004084,PRJ_0007,2022-05-21,campaign,1,58
LEAD_0001503,CUS_000962,PRJ_0011,2025-11-29,web,0,65
LEAD_0001504,CUS_002971,PRJ_0012,2023-10-22,agency,5,77
LEAD_0001505,CUS_005561,PRJ_0006,2022-11-03,referral,1,59
LEAD_0001506,CUS_005395,PRJ_0016,2025-02-09,web,2,59
LEAD_0001507,CUS_000777,PRJ_0003,2025-03-26,referral,2,75
LEAD_0001508,CUS_002370,PRJ_0027,2023-06-30,web,1,48
LEAD_0001509,CUS_005628,PRJ_0006,2023-04-01,web,1,63
LEAD_0001510,CUS_000395,PRJ_0006,2025-07-07,agency,2,62
LEAD_0001511,CUS_003830,PRJ_0023,2022-08-18,campaign,0,54
LEAD_0001512,CUS_000135,PRJ_0017,2025-06-05,web,0,60
LEAD_0001513,CUS_006154,PRJ_0002,2025-02-14,referral,6,96
LEAD_0001514,CUS_004136,PRJ_0012,2021-11-15,web,2,55
LEAD_0001515,CUS_005445,PRJ_0023,2021-09-15,web,2,51
LEAD_0001516,CUS_003008,PRJ_0012,2021-07-17,web,1,75
LEAD_0001517,CUS_000178,PRJ_0018,2025-06-25,campaign,3,62
LEAD_0001518,CUS_004984,PRJ_0022,2024-05-16,referral,3,77
LEAD_0001519,CUS_006331,PRJ_0026,2022-05-12,agency,2,89
LEAD_0001520,CUS_005825,PRJ_0019,2023-07-23,web,1,66
LEAD_0001521,CUS_001005,PRJ_0018,2022-09-03,agency,2,46
LEAD_0001522,CUS_004091,PRJ_0015,2025-09-07,web,3,56
LEAD_0001523,CUS_000724,PRJ_0014,2022-06-29,agency,0,58
LEAD_0001524,CUS_003599,PRJ_0002,2022-01-01,agency,2,77
LEAD_0001525,CUS_002555,PRJ_0008,2023-04-28,web,2,57
LEAD_0001526,CUS_001186,PRJ_0003,2021-01-02,web,1,48
LEAD_0001527,CUS_003644,PRJ_0008,2025-04-04,agency,1,61
LEAD_0001528,CUS_003668,PRJ_0015,2024-03-22,agency,2,62
LEAD_0001529,CUS_003411,PRJ_0025,2024-06-06,web,2,66
LEAD_0001530,CUS_003304,PRJ_0024,2022-08-08,web,0,59
LEAD_0001531,CUS_002238,PRJ_0002,2023-08-29,walk_in,2,62
LEAD_0001532,CUS_003949,PRJ_0014,2022-03-19,agency,1,56
LEAD_0001533,CUS_000070,PRJ_0010,2025-07-19,web,3,58
LEAD_0001534,CUS_003183,PRJ_0016,2024-03-13,web,1,53
LEAD_0001535,CUS_003274,PRJ_0003,2025-05-04,agency,3,70
LEAD_0001536,CUS_003718,PRJ_0028,2021-01-31,agency,3,69
LEAD_0001537,CUS_006036,PRJ_0008,2023-05-01,agency,2,68
LEAD_0001538,CUS_004904,PRJ_0007,2023-11-23,web,3,74
LEAD_0001539,CUS_005007,PRJ_0020,2023-01-08,web,1,57
LEAD_0001540,CUS_005795,PRJ_0015,2022-09-21,referral,3,79
LEAD_0001541,CUS_006158,PRJ_0014,2024-05-18,web,3,66
LEAD_0001542,CUS_003376,PRJ_0022,2025-12-14,agency,2,88
LEAD_0001543,CUS_003177,PRJ_0003,2021-12-02,web,2,35
LEAD_0001544,CUS_005585,PRJ_0027,2023-05-19,web,3,69
LEAD_0001545,CUS_005422,PRJ_0002,2021-12-23,agency,0,72
LEAD_0001546,CUS_003893,PRJ_0024,2021-01-09,web,1,47
LEAD_0001547,CUS_005032,PRJ_0016,2021-11-06,campaign,2,67
LEAD_0001548,CUS_002305,PRJ_0015,2021-07-19,campaign,1,31
LEAD_0001549,CUS_001347,PRJ_0015,2022-04-30,campaign,6,68
LEAD_0001550,CUS_002386,PRJ_0019,2023-02-12,web,3,100
LEAD_0001551,CUS_004378,PRJ_0005,2025-06-16,web,2,53
LEAD_0001552,CUS_004965,PRJ_0023,2025-07-16,web,2,60
LEAD_0001553,CUS_003102,PRJ_0016,2022-01-02,web,2,65
LEAD_0001554,CUS_003140,PRJ_0011,2021-05-31,referral,3,53
LEAD_0001555,CUS_005473,PRJ_0009,2025-09-08,walk_in,5,77
LEAD_0001556,CUS_005059,PRJ_0023,2023-03-18,agency,2,54
LEAD_0001557,CUS_003170,PRJ_0024,2023-09-11,agency,3,61
LEAD_0001558,CUS_003717,PRJ_0016,2022-10-02,web,3,50
LEAD_0001559,CUS_004058,PRJ_0007,2025-10-14,web,2,70
LEAD_0001560,CUS_000283,PRJ_0010,2025-10-02,campaign,1,39
LEAD_0001561,CUS_002940,PRJ_0023,2025-09-15,referral,2,67
LEAD_0001562,CUS_003150,PRJ_0013,2024-06-23,referral,3,69
LEAD_0001563,CUS_006181,PRJ_0009,2024-07-31,web,4,58
LEAD_0001564,CUS_003215,PRJ_0026,2022-01-01,web,3,66
LEAD_0001565,CUS_000020,PRJ_0024,2022-08-26,web,3,73
LEAD_0001566,CUS_004612,PRJ_0017,2022-04-20,referral,3,71
LEAD_0001567,CUS_005398,PRJ_0001,2023-06-28,web,0,52
LEAD_0001568,CUS_005160,PRJ_0026,2021-03-15,web,0,62
LEAD_0001569,CUS_004853,PRJ_0027,2025-05-08,campaign,3,55
LEAD_0001570,CUS_000774,PRJ_0027,2025-12-18,walk_in,5,69
LEAD_0001571,CUS_003407,PRJ_0004,2023-09-25,web,2,59
LEAD_0001572,CUS_004020,PRJ_0019,2023-01-16,web,4,96
LEAD_0001573,CUS_005850,PRJ_0018,2024-09-20,web,2,49
LEAD_0001574,CUS_004545,PRJ_0002,2023-05-24,referral,3,65
LEAD_0001575,CUS_003774,PRJ_0004,2023-05-20,referral,1,57
LEAD_0001576,CUS_005450,PRJ_0026,2024-11-03,walk_in,3,50
LEAD_0001577,CUS_002250,PRJ_0004,2021-02-02,web,4,73
LEAD_0001578,CUS_003233,PRJ_0022,2024-08-16,web,1,53
LEAD_0001579,CUS_005759,PRJ_0025,2021-10-14,web,3,56
LEAD_0001580,CUS_000264,PRJ_0012,2023-02-02,walk_in,3,72
LEAD_0001581,CUS_004898,PRJ_0013,2022-11-16,campaign,1,91
LEAD_0001582,CUS_000506,PRJ_0013,2025-12-07,agency,3,71
LEAD_0001583,CUS_001500,PRJ_0015,2025-01-20,web,3,65
LEAD_0001584,CUS_002787,PRJ_0001,2021-11-15,walk_in,3,52
LEAD_0001585,CUS_001899,PRJ_0003,2021-09-26,agency,2,70
LEAD_0001586,CUS_004700,PRJ_0025,2022-03-24,walk_in,2,44
LEAD_0001587,CUS_002688,PRJ_0010,2024-05-29,agency,2,71
LEAD_0001588,CUS_006158,PRJ_0026,2025-03-16,walk_in,5,77
LEAD_0001589,CUS_004550,PRJ_0003,2023-05-26,web,1,72
LEAD_0001590,CUS_002435,PRJ_0004,2024-11-08,walk_in,3,76
LEAD_0001591,CUS_000600,PRJ_0013,2022-02-16,referral,1,54
LEAD_0001592,CUS_004159,PRJ_0022,2025-02-23,web,3,69
LEAD_0001593,CUS_000143,PRJ_0004,2024-08-22,referral,2,92
LEAD_0001594,CUS_004667,PRJ_0015,2024-10-30,agency,1,45
LEAD_0001595,CUS_000451,PRJ_0008,2021-08-29,referral,2,59
LEAD_0001596,CUS_000473,PRJ_0005,2021-06-25,web,2,47
LEAD_0001597,CUS_004430,PRJ_0008,2023-06-19,web,2,62
LEAD_0001598,CUS_003392,PRJ_0019,2024-10-19,agency,2,58
LEAD_0001599,CUS_006100,PRJ_0025,2022-06-17,referral,0,68
LEAD_0001600,CUS_000510,PRJ_0022,2021-10-09,web,2,57
LEAD_0001601,CUS_002011,PRJ_0003,2021-10-12,web,3,56
LEAD_0001602,CUS_003045,PRJ_0016,2022-07-07,web,1,48
LEAD_0001603,CUS_006027,PRJ_0007,2025-05-25,agency,3,71
LEAD_0001604,CUS_005698,PRJ_0005,2022-12-09,referral,0,67
LEAD_0001605,CUS_006317,PRJ_0021,2021-10-08,referral,2,91
LEAD_0001606,CUS_005194,PRJ_0028,2022-10-22,web,3,62
LEAD_0001607,CUS_002761,PRJ_0006,2022-09-24,web,3,72
LEAD_0001608,CUS_004462,PRJ_0014,2021-03-08,agency,4,89
LEAD_0001609,CUS_004468,PRJ_0027,2022-05-18,agency,2,59
LEAD_0001610,CUS_005891,PRJ_0027,2021-03-19,web,5,52
LEAD_0001611,CUS_000227,PRJ_0005,2022-02-15,walk_in,2,48
LEAD_0001612,CUS_001956,PRJ_0011,2021-11-05,web,2,64
LEAD_0001613,CUS_002116,PRJ_0008,2024-12-11,walk_in,2,54
LEAD_0001614,CUS_002954,PRJ_0016,2023-03-07,campaign,4,62
LEAD_0001615,CUS_004794,PRJ_0026,2022-02-17,agency,2,58
LEAD_0001616,CUS_001845,PRJ_0015,2023-06-15,agency,4,73
LEAD_0001617,CUS_002145,PRJ_0024,2025-09-29,agency,1,46
LEAD_0001618,CUS_002168,PRJ_0005,2021-02-06,walk_in,5,72
LEAD_0001619,CUS_003303,PRJ_0023,2023-01-06,web,4,65
LEAD_0001620,CUS_004288,PRJ_0027,2022-12-27,agency,0,68
LEAD_0001621,CUS_002219,PRJ_0017,2022-08-12,web,3,62
LEAD_0001622,CUS_004400,PRJ_0019,2023-08-02,walk_in,1,66
LEAD_0001623,CUS_004411,PRJ_0001,2024-12-19,web,4,68
LEAD_0001624,CUS_000804,PRJ_0024,2025-03-31,web,1,37
LEAD_0001625,CUS_000016,PRJ_0010,2022-11-10,agency,2,81
LEAD_0001626,CUS_005557,PRJ_0002,2024-03-15,walk_in,3,80
LEAD_0001627,CUS_005032,PRJ_0018,2021-11-26,referral,3,61
LEAD_0001628,CUS_001644,PRJ_0002,2024-06-28,web,3,47
LEAD_0001629,CUS_002912,PRJ_0021,2025-02-01,web,2,40
LEAD_0001630,CUS_001564,PRJ_0012,2021-07-19,walk_in,2,46
LEAD_0001631,CUS_000009,PRJ_0018,2024-01-16,referral,2,66
LEAD_0001632,CUS_002302,PRJ_0028,2021-11-22,web,1,65
LEAD_0001633,CUS_001481,PRJ_0015,2025-02-20,walk_in,6,62
LEAD_0001634,CUS_002496,PRJ_0025,2022-07-05,referral,2,62
LEAD_0001635,CUS_006491,PRJ_0016,2021-07-27,referral,1,66
LEAD_0001636,CUS_004263,PRJ_0023,2025-09-13,web,3,55
LEAD_0001637,CUS_003373,PRJ_0012,2022-03-18,referral,2,82
LEAD_0001638,CUS_004485,PRJ_0022,2023-06-24,walk_in,0,55
LEAD_0001639,CUS_003246,PRJ_0010,2021-07-28,campaign,1,57
LEAD_0001640,CUS_004432,PRJ_0018,2025-10-07,referral,2,84
LEAD_0001641,CUS_003357,PRJ_0026,2024-11-27,referral,1,59
LEAD_0001642,CUS_003475,PRJ_0020,2021-09-12,referral,3,53
LEAD_0001643,CUS_006081,PRJ_0006,2024-10-19,agency,3,92
LEAD_0001644,CUS_001530,PRJ_0011,2021-03-29,agency,2,56
LEAD_0001645,CUS_004699,PRJ_0004,2022-08-29,web,2,52
LEAD_0001646,CUS_001591,PRJ_0025,2025-02-08,walk_in,2,51
LEAD_0001647,CUS_000859,PRJ_0021,2022-11-08,campaign,4,59
LEAD_0001648,CUS_006169,PRJ_0010,2022-02-03,web,1,44
LEAD_0001649,CUS_004821,PRJ_0027,2023-01-15,web,2,82
LEAD_0001650,CUS_001121,PRJ_0011,2024-03-19,web,1,82
LEAD_0001651,CUS_005768,PRJ_0020,2025-01-07,web,4,63
LEAD_0001652,CUS_002948,PRJ_0005,2022-10-12,web,0,46
LEAD_0001653,CUS_002306,PRJ_0015,2021-06-26,campaign,3,52
LEAD_0001654,CUS_005303,PRJ_0002,2025-06-16,web,2,74
LEAD_0001655,CUS_003906,PRJ_0023,2024-01-24,web,2,74
LEAD_0001656,CUS_003395,PRJ_0007,2024-05-02,agency,0,49
LEAD_0001657,CUS_003186,PRJ_0004,2023-06-18,campaign,5,66
LEAD_0001658,CUS_006224,PRJ_0003,2023-03-16,web,2,47
LEAD_0001659,CUS_002325,PRJ_0005,2023-09-01,campaign,6,57
LEAD_0001660,CUS_006299,PRJ_0015,2021-10-29,web,1,44
LEAD_0001661,CUS_003159,PRJ_0014,2024-02-29,referral,2,68
LEAD_0001662,CUS_005468,PRJ_0009,2023-12-03,referral,3,72
LEAD_0001663,CUS_000336,PRJ_0023,2024-10-10,web,1,62
LEAD_0001664,CUS_002643,PRJ_0012,2025-11-04,web,0,45
LEAD_0001665,CUS_003041,PRJ_0028,2021-09-22,campaign,0,46
LEAD_0001666,CUS_005554,PRJ_0014,2024-10-24,campaign,2,69
LEAD_0001667,CUS_000947,PRJ_0022,2023-04-03,web,3,83
LEAD_0001668,CUS_004498,PRJ_0009,2023-11-10,agency,2,51
LEAD_0001669,CUS_005928,PRJ_0016,2021-09-19,web,5,57
LEAD_0001670,CUS_005759,PRJ_0005,2024-10-01,web,1,58
LEAD_0001671,CUS_003056,PRJ_0012,2024-04-20,referral,3,76
LEAD_0001672,CUS_001656,PRJ_0004,2024-08-08,agency,2,72
LEAD_0001673,CUS_005467,PRJ_0020,2025-05-30,web,2,61
LEAD_0001674,CUS_000632,PRJ_0025,2021-07-03,campaign,1,50
LEAD_0001675,CUS_005783,PRJ_0018,2023-08-10,referral,1,83
LEAD_0001676,CUS_003585,PRJ_0010,2023-03-14,agency,2,88
LEAD_0001677,CUS_001379,PRJ_0007,2024-12-15,campaign,2,58
LEAD_0001678,CUS_003015,PRJ_0012,2021-07-28,web,0,47
LEAD_0001679,CUS_001551,PRJ_0013,2025-03-09,web,3,69
LEAD_0001680,CUS_003828,PRJ_0024,2025-08-29,agency,3,54
LEAD_0001681,CUS_001664,PRJ_0017,2024-05-16,referral,0,86
LEAD_0001682,CUS_005677,PRJ_0011,2021-07-29,campaign,3,53
LEAD_0001683,CUS_005795,PRJ_0010,2025-12-08,referral,1,61
LEAD_0001684,CUS_005434,PRJ_0022,2023-02-17,web,3,65
LEAD_0001685,CUS_003115,PRJ_0022,2023-10-16,web,0,65
LEAD_0001686,CUS_000498,PRJ_0007,2021-12-04,web,2,40
LEAD_0001687,CUS_000499,PRJ_0014,2024-07-06,referral,1,70
LEAD_0001688,CUS_000991,PRJ_0003,2022-11-10,walk_in,3,79
LEAD_0001689,CUS_001408,PRJ_0022,2022-06-28,referral,1,61
LEAD_0001690,CUS_004463,PRJ_0022,2024-03-29,agency,5,78
LEAD_0001691,CUS_001174,PRJ_0008,2022-06-19,walk_in,1,45
LEAD_0001692,CUS_003514,PRJ_0017,2024-01-28,web,5,81
LEAD_0001693,CUS_005512,PRJ_0003,2023-12-01,referral,3,91
LEAD_0001694,CUS_001132,PRJ_0005,2024-10-01,web,0,56
LEAD_0001695,CUS_002377,PRJ_0017,2023-04-04,web,3,61
LEAD_0001696,CUS_000146,PRJ_0014,2024-12-14,web,2,95
LEAD_0001697,CUS_005611,PRJ_0002,2023-02-15,agency,1,56
LEAD_0001698,CUS_001903,PRJ_0023,2022-12-14,web,1,41
LEAD_0001699,CUS_002899,PRJ_0011,2021-04-03,web,2,54
LEAD_0001700,CUS_001646,PRJ_0028,2023-09-05,agency,0,80
LEAD_0001701,CUS_005221,PRJ_0026,2021-09-30,agency,3,79
LEAD_0001702,CUS_000753,PRJ_0011,2024-08-05,agency,0,60
LEAD_0001703,CUS_006006,PRJ_0002,2023-10-10,web,0,60
LEAD_0001704,CUS_006416,PRJ_0012,2021-09-23,agency,1,80
LEAD_0001705,CUS_006463,PRJ_0012,2022-11-24,agency,3,71
LEAD_0001706,CUS_006040,PRJ_0023,2023-11-06,campaign,1,57
LEAD_0001707,CUS_000041,PRJ_0022,2021-04-07,web,2,57
LEAD_0001708,CUS_001148,PRJ_0002,2023-09-27,agency,2,76
LEAD_0001709,CUS_001515,PRJ_0004,2025-10-07,agency,4,61
LEAD_0001710,CUS_004405,PRJ_0017,2023-02-21,web,2,76
LEAD_0001711,CUS_003884,PRJ_0007,2025-12-11,campaign,0,48
LEAD_0001712,CUS_005041,PRJ_0015,2024-05-16,campaign,0,56
LEAD_0001713,CUS_004233,PRJ_0004,2022-04-24,campaign,1,50
LEAD_0001714,CUS_003294,PRJ_0005,2022-08-24,web,1,44
LEAD_0001715,CUS_005834,PRJ_0013,2021-12-29,web,2,68
LEAD_0001716,CUS_003305,PRJ_0014,2021-04-04,web,1,55
LEAD_0001717,CUS_003045,PRJ_0020,2022-06-22,campaign,3,59
LEAD_0001718,CUS_001847,PRJ_0028,2021-06-16,referral,2,75
LEAD_0001719,CUS_005741,PRJ_0024,2022-11-23,web,4,77
LEAD_0001720,CUS_004617,PRJ_0023,2024-12-11,agency,1,63
LEAD_0001721,CUS_004600,PRJ_0002,2021-09-02,web,2,100
LEAD_0001722,CUS_000043,PRJ_0014,2025-07-01,agency,2,71
LEAD_0001723,CUS_000053,PRJ_0009,2023-09-19,campaign,1,58
LEAD_0001724,CUS_003502,PRJ_0022,2025-07-21,web,6,59
LEAD_0001725,CUS_003978,PRJ_0028,2022-09-19,agency,2,44
LEAD_0001726,CUS_002636,PRJ_0010,2022-05-05,web,1,62
LEAD_0001727,CUS_004889,PRJ_0028,2024-11-18,agency,0,57
LEAD_0001728,CUS_005480,PRJ_0004,2025-04-29,agency,0,69
LEAD_0001729,CUS_003109,PRJ_0001,2025-07-10,agency,1,76
LEAD_0001730,CUS_005496,PRJ_0010,2025-10-13,agency,1,50
LEAD_0001731,CUS_001685,PRJ_0025,2022-08-20,campaign,2,48
LEAD_0001732,CUS_003738,PRJ_0005,2022-12-21,web,2,56
LEAD_0001733,CUS_001735,PRJ_0009,2025-06-21,walk_in,4,79
LEAD_0001734,CUS_001916,PRJ_0014,2025-12-05,web,1,73
LEAD_0001735,CUS_004398,PRJ_0017,2023-01-22,agency,1,70
LEAD_0001736,CUS_003874,PRJ_0028,2023-08-07,web,2,98
LEAD_0001737,CUS_003146,PRJ_0020,2023-05-11,agency,5,76
LEAD_0001738,CUS_003807,PRJ_0023,2024-12-21,agency,1,66
LEAD_0001739,CUS_002994,PRJ_0023,2024-06-28,agency,3,98
LEAD_0001740,CUS_003659,PRJ_0020,2021-06-25,agency,3,66
LEAD_0001741,CUS_004235,PRJ_0021,2022-09-10,referral,1,67
LEAD_0001742,CUS_003088,PRJ_0011,2023-08-14,referral,2,56
LEAD_0001743,CUS_004743,PRJ_0007,2024-08-26,agency,2,61
LEAD_0001744,CUS_000986,PRJ_0005,2025-10-09,agency,5,75
LEAD_0001745,CUS_003689,PRJ_0017,2021-09-13,web,6,78
LEAD_0001746,CUS_003733,PRJ_0020,2022-01-30,agency,3,86
LEAD_0001747,CUS_001216,PRJ_0018,2021-01-18,agency,0,72
LEAD_0001748,CUS_002384,PRJ_0004,2021-07-03,agency,0,67
LEAD_0001749,CUS_006183,PRJ_0021,2022-06-29,agency,0,49
LEAD_0001750,CUS_003246,PRJ_0015,2021-12-18,referral,3,76
LEAD_0001751,CUS_004823,PRJ_0006,2025-02-13,agency,1,63
LEAD_0001752,CUS_004982,PRJ_0024,2025-02-02,campaign,2,39
LEAD_0001753,CUS_001717,PRJ_0027,2023-08-08,walk_in,1,60
LEAD_0001754,CUS_004101,PRJ_0025,2021-11-05,agency,1,57
LEAD_0001755,CUS_002290,PRJ_0007,2022-11-13,agency,2,75
LEAD_0001756,CUS_005571,PRJ_0014,2021-07-02,web,2,50
LEAD_0001757,CUS_006481,PRJ_0008,2022-04-30,agency,3,72
LEAD_0001758,CUS_002013,PRJ_0001,2025-12-21,agency,1,61
LEAD_0001759,CUS_001978,PRJ_0015,2023-10-27,referral,1,69
LEAD_0001760,CUS_002419,PRJ_0027,2024-06-02,agency,2,63
LEAD_0001761,CUS_004587,PRJ_0002,2024-10-10,web,1,51
LEAD_0001762,CUS_002453,PRJ_0016,2021-10-29,web,4,80
LEAD_0001763,CUS_002710,PRJ_0010,2025-06-16,agency,2,67
LEAD_0001764,CUS_000786,PRJ_0019,2025-11-06,walk_in,0,55
LEAD_0001765,CUS_002914,PRJ_0004,2023-12-21,referral,1,64
LEAD_0001766,CUS_000877,PRJ_0028,2022-11-12,web,2,72
LEAD_0001767,CUS_004428,PRJ_0005,2025-06-29,referral,2,69
LEAD_0001768,CUS_005634,PRJ_0004,2023-12-04,walk_in,1,47
LEAD_0001769,CUS_001193,PRJ_0010,2025-09-18,web,2,60
LEAD_0001770,CUS_006045,PRJ_0023,2023-08-13,campaign,4,68
LEAD_0001771,CUS_005953,PRJ_0022,2022-05-25,agency,0,98
LEAD_0001772,CUS_000893,PRJ_0027,2021-05-02,walk_in,3,74
LEAD_0001773,CUS_002753,PRJ_0021,2021-10-09,agency,1,72
LEAD_0001774,CUS_000491,PRJ_0004,2022-08-21,campaign,4,70
LEAD_0001775,CUS_001587,PRJ_0008,2024-11-07,agency,3,84
LEAD_0001776,CUS_001801,PRJ_0028,2023-02-25,web,0,50
LEAD_0001777,CUS_000623,PRJ_0008,2024-05-16,agency,1,56
LEAD_0001778,CUS_005211,PRJ_0028,2024-08-04,referral,3,58
LEAD_0001779,CUS_005247,PRJ_0014,2021-02-21,campaign,5,78
LEAD_0001780,CUS_004614,PRJ_0007,2021-02-26,walk_in,1,60
LEAD_0001781,CUS_005140,PRJ_0003,2025-01-12,agency,4,62
LEAD_0001782,CUS_006397,PRJ_0017,2024-09-26,referral,2,66
LEAD_0001783,CUS_000338,PRJ_0028,2024-05-16,web,2,81
LEAD_0001784,CUS_006453,PRJ_0013,2022-04-08,web,1,64
LEAD_0001785,CUS_001660,PRJ_0013,2022-03-16,web,1,73
LEAD_0001786,CUS_002038,PRJ_0022,2021-02-01,web,2,58
LEAD_0001787,CUS_002896,PRJ_0008,2022-04-27,web,0,61
LEAD_0001788,CUS_001620,PRJ_0028,2025-11-29,agency,4,50
LEAD_0001789,CUS_006356,PRJ_0021,2023-03-29,walk_in,3,59
LEAD_0001790,CUS_000768,PRJ_0028,2021-08-08,agency,0,70
LEAD_0001791,CUS_003343,PRJ_0004,2023-10-05,walk_in,2,95
LEAD_0001792,CUS_003353,PRJ_0016,2024-01-28,referral,4,69
LEAD_0001793,CUS_000274,PRJ_0005,2022-07-17,agency,0,68
LEAD_0001794,CUS_005350,PRJ_0021,2021-08-28,web,1,63
LEAD_0001795,CUS_003300,PRJ_0006,2023-07-16,web,2,76
LEAD_0001796,CUS_004745,PRJ_0028,2025-01-16,web,5,78
LEAD_0001797,CUS_005260,PRJ_0014,2023-03-25,web,3,60
LEAD_0001798,CUS_001391,PRJ_0001,2024-03-17,walk_in,3,71
LEAD_0001799,CUS_002258,PRJ_0025,2021-11-14,referral,4,54
LEAD_0001800,CUS_002622,PRJ_0004,2022-01-10,web,1,67
LEAD_0001801,CUS_002285,PRJ_0012,2021-05-04,web,1,55
LEAD_0001802,CUS_005171,PRJ_0013,2024-10-24,referral,1,65
LEAD_0001803,CUS_001360,PRJ_0006,2023-03-29,agency,3,82
LEAD_0001804,CUS_002251,PRJ_0022,2024-08-23,walk_in,2,74
LEAD_0001805,CUS_000895,PRJ_0019,2025-07-27,campaign,3,89
LEAD_0001806,CUS_002040,PRJ_0010,2021-04-05,referral,2,47
LEAD_0001807,CUS_000283,PRJ_0003,2023-04-19,agency,1,66
LEAD_0001808,CUS_005047,PRJ_0012,2022-08-04,referral,2,91
LEAD_0001809,CUS_003789,PRJ_0012,2022-07-02,agency,3,86
LEAD_0001810,CUS_002801,PRJ_0026,2022-06-21,agency,3,50
LEAD_0001811,CUS_005988,PRJ_0005,2023-11-23,web,3,53
LEAD_0001812,CUS_000090,PRJ_0001,2024-08-27,web,0,70
LEAD_0001813,CUS_003121,PRJ_0006,2025-05-17,web,2,67
LEAD_0001814,CUS_005577,PRJ_0007,2022-03-15,web,1,34
LEAD_0001815,CUS_006251,PRJ_0008,2025-05-14,campaign,0,43
LEAD_0001816,CUS_005911,PRJ_0028,2023-10-17,walk_in,3,64
LEAD_0001817,CUS_003975,PRJ_0005,2021-08-19,web,2,49
LEAD_0001818,CUS_005276,PRJ_0007,2022-01-02,web,1,47
LEAD_0001819,CUS_005811,PRJ_0018,2025-08-29,campaign,2,50
LEAD_0001820,CUS_003269,PRJ_0021,2023-10-28,referral,2,62
LEAD_0001821,CUS_003068,PRJ_0021,2022-12-14,referral,2,73
LEAD_0001822,CUS_005097,PRJ_0003,2022-10-30,referral,3,67
LEAD_0001823,CUS_002962,PRJ_0027,2025-02-05,web,0,60
LEAD_0001824,CUS_004798,PRJ_0003,2024-11-16,campaign,0,38
LEAD_0001825,CUS_000933,PRJ_0025,2021-02-16,campaign,1,55
LEAD_0001826,CUS_002929,PRJ_0010,2024-10-17,referral,1,61
LEAD_0001827,CUS_002097,PRJ_0021,2022-06-20,referral,3,62
LEAD_0001828,CUS_002268,PRJ_0016,2021-06-05,web,6,58
LEAD_0001829,CUS_005178,PRJ_0002,2024-04-29,campaign,1,67
LEAD_0001830,CUS_006189,PRJ_0019,2024-11-27,agency,4,63
LEAD_0001831,CUS_003950,PRJ_0025,2025-07-19,agency,2,81
LEAD_0001832,CUS_002858,PRJ_0008,2025-02-17,referral,0,62
LEAD_0001833,CUS_004111,PRJ_0024,2022-02-12,walk_in,3,67
LEAD_0001834,CUS_000893,PRJ_0012,2022-09-04,campaign,2,54
LEAD_0001835,CUS_004930,PRJ_0028,2025-03-12,web,3,56
LEAD_0001836,CUS_000844,PRJ_0027,2023-08-05,agency,1,66
LEAD_0001837,CUS_005903,PRJ_0008,2022-12-29,agency,1,76
LEAD_0001838,CUS_002474,PRJ_0004,2021-11-07,campaign,3,61
LEAD_0001839,CUS_002796,PRJ_0004,2021-05-19,web,1,56
LEAD_0001840,CUS_002693,PRJ_0001,2024-12-07,agency,3,60
LEAD_0001841,CUS_001731,PRJ_0006,2022-04-07,referral,1,50
LEAD_0001842,CUS_000855,PRJ_0013,2024-07-03,web,0,58
LEAD_0001843,CUS_004127,PRJ_0023,2023-05-22,campaign,3,70
LEAD_0001844,CUS_002913,PRJ_0027,2021-11-20,web,2,63
LEAD_0001845,CUS_004539,PRJ_0005,2021-09-24,web,2,56
LEAD_0001846,CUS_001410,PRJ_0025,2022-06-12,agency,3,47
LEAD_0001847,CUS_005905,PRJ_0017,2021-01-03,walk_in,1,63
LEAD_0001848,CUS_005922,PRJ_0008,2025-02-16,web,2,57
LEAD_0001849,CUS_003651,PRJ_0001,2022-02-17,agency,1,65
LEAD_0001850,CUS_004070,PRJ_0005,2025-07-14,agency,0,62
LEAD_0001851,CUS_002679,PRJ_0001,2022-12-28,referral,1,63
LEAD_0001852,CUS_002737,PRJ_0013,2023-09-28,referral,3,76
LEAD_0001853,CUS_001241,PRJ_0027,2022-11-27,referral,1,55
LEAD_0001854,CUS_004581,PRJ_0028,2021-12-03,campaign,2,78
LEAD_0001855,CUS_006396,PRJ_0001,2022-05-10,walk_in,2,45
LEAD_0001856,CUS_005931,PRJ_0022,2024-04-25,web,1,56
LEAD_0001857,CUS_004876,PRJ_0025,2024-04-02,web,2,56
LEAD_0001858,CUS_000260,PRJ_0024,2023-10-09,referral,0,72
LEAD_0001859,CUS_001136,PRJ_0008,2021-12-27,agency,3,63
LEAD_0001860,CUS_004471,PRJ_0010,2022-02-09,agency,2,61
LEAD_0001861,CUS_000168,PRJ_0006,2021-01-01,campaign,3,81
LEAD_0001862,CUS_002304,PRJ_0009,2025-09-27,walk_in,1,53
LEAD_0001863,CUS_004069,PRJ_0004,2023-07-05,referral,3,70
LEAD_0001864,CUS_004010,PRJ_0001,2023-01-23,campaign,4,66
LEAD_0001865,CUS_005852,PRJ_0020,2021-12-24,referral,2,62
LEAD_0001866,CUS_003861,PRJ_0015,2024-07-02,walk_in,3,91
LEAD_0001867,CUS_002246,PRJ_0004,2021-05-20,referral,3,68
LEAD_0001868,CUS_000563,PRJ_0014,2022-06-08,web,2,80
LEAD_0001869,CUS_003465,PRJ_0020,2022-05-16,campaign,3,60
LEAD_0001870,CUS_004335,PRJ_0006,2025-11-24,web,2,64
LEAD_0001871,CUS_005625,PRJ_0024,2023-11-28,campaign,0,46
LEAD_0001872,CUS_001171,PRJ_0004,2024-06-25,campaign,1,54
LEAD_0001873,CUS_006237,PRJ_0022,2024-12-14,campaign,1,65
LEAD_0001874,CUS_005274,PRJ_0019,2024-02-27,web,1,37
LEAD_0001875,CUS_003981,PRJ_0012,2022-06-10,agency,1,66
LEAD_0001876,CUS_001306,PRJ_0014,2023-12-08,walk_in,3,71
LEAD_0001877,CUS_001378,PRJ_0024,2021-02-15,web,2,79
LEAD_0001878,CUS_002309,PRJ_0020,2022-12-19,web,4,56
LEAD_0001879,CUS_006307,PRJ_0015,2021-08-15,campaign,2,92
LEAD_0001880,CUS_005326,PRJ_0006,2021-03-10,agency,3,65
LEAD_0001881,CUS_001804,PRJ_0015,2024-02-14,web,2,79
LEAD_0001882,CUS_001603,PRJ_0002,2024-05-23,agency,0,60
LEAD_0001883,CUS_000487,PRJ_0001,2024-07-18,web,1,49
LEAD_0001884,CUS_003952,PRJ_0005,2022-08-05,campaign,1,48
LEAD_0001885,CUS_003132,PRJ_0009,2022-01-17,agency,1,60
LEAD_0001886,CUS_000126,PRJ_0020,2025-06-15,referral,3,76
LEAD_0001887,CUS_004572,PRJ_0008,2025-11-26,referral,2,47
LEAD_0001888,CUS_000508,PRJ_0001,2025-02-26,agency,1,62
LEAD_0001889,CUS_000586,PRJ_0016,2025-10-26,walk_in,0,48
LEAD_0001890,CUS_005913,PRJ_0019,2021-12-08,web,2,59
LEAD_0001891,CUS_006159,PRJ_0023,2024-12-22,referral,3,60
LEAD_0001892,CUS_000336,PRJ_0012,2021-09-02,referral,0,66
LEAD_0001893,CUS_005644,PRJ_0018,2022-02-22,walk_in,2,60
LEAD_0001894,CUS_001620,PRJ_0026,2021-06-04,web,1,44
LEAD_0001895,CUS_003315,PRJ_0028,2025-04-18,web,0,57
LEAD_0001896,CUS_005460,PRJ_0016,2021-02-23,walk_in,1,97
LEAD_0001897,CUS_003906,PRJ_0013,2021-06-26,agency,2,66
LEAD_0001898,CUS_003716,PRJ_0022,2022-09-29,campaign,3,61
LEAD_0001899,CUS_003591,PRJ_0023,2025-09-18,walk_in,2,47
LEAD_0001900,CUS_001741,PRJ_0016,2024-07-30,web,0,62
LEAD_0001901,CUS_001780,PRJ_0027,2022-03-09,walk_in,3,66
LEAD_0001902,CUS_001577,PRJ_0017,2022-08-11,campaign,1,51
LEAD_0001903,CUS_005510,PRJ_0007,2022-04-30,web,3,48
LEAD_0001904,CUS_001731,PRJ_0007,2024-05-27,agency,4,62
LEAD_0001905,CUS_005520,PRJ_0003,2025-11-02,agency,4,66
LEAD_0001906,CUS_002093,PRJ_0011,2022-07-22,web,5,84
LEAD_0001907,CUS_004706,PRJ_0005,2021-08-25,referral,0,51
LEAD_0001908,CUS_002057,PRJ_0023,2024-06-29,web,6,82
LEAD_0001909,CUS_001625,PRJ_0004,2023-05-21,campaign,2,59
LEAD_0001910,CUS_003024,PRJ_0028,2024-06-23,web,1,45
LEAD_0001911,CUS_005107,PRJ_0026,2025-04-06,campaign,4,90
LEAD_0001912,CUS_002576,PRJ_0011,2024-10-12,web,1,49
LEAD_0001913,CUS_006450,PRJ_0011,2023-08-24,campaign,1,41
LEAD_0001914,CUS_005081,PRJ_0015,2025-07-30,campaign,1,54
LEAD_0001915,CUS_001962,PRJ_0001,2022-04-30,campaign,2,64
LEAD_0001916,CUS_005439,PRJ_0008,2024-06-03,referral,1,81
LEAD_0001917,CUS_004481,PRJ_0016,2023-03-16,web,1,66
LEAD_0001918,CUS_003435,PRJ_0006,2023-01-17,campaign,1,71
LEAD_0001919,CUS_002452,PRJ_0015,2023-12-29,web,3,70
LEAD_0001920,CUS_000190,PRJ_0016,2021-09-18,walk_in,1,58
LEAD_0001921,CUS_005996,PRJ_0010,2021-06-24,web,4,59
LEAD_0001922,CUS_003775,PRJ_0002,2022-10-13,web,2,51
LEAD_0001923,CUS_005858,PRJ_0003,2025-01-19,agency,7,63
LEAD_0001924,CUS_002326,PRJ_0021,2023-11-07,agency,2,71
LEAD_0001925,CUS_005794,PRJ_0012,2025-07-30,agency,1,49
LEAD_0001926,CUS_001338,PRJ_0004,2022-11-25,agency,4,62
LEAD_0001927,CUS_004597,PRJ_0017,2022-10-09,referral,0,48
LEAD_0001928,CUS_003289,PRJ_0002,2024-05-13,walk_in,2,66
LEAD_0001929,CUS_003688,PRJ_0028,2024-12-29,agency,1,73
LEAD_0001930,CUS_006489,PRJ_0006,2021-12-25,web,1,56
LEAD_0001931,CUS_002146,PRJ_0012,2022-04-19,walk_in,2,62
LEAD_0001932,CUS_001962,PRJ_0026,2021-12-26,web,1,49
LEAD_0001933,CUS_004085,PRJ_0018,2022-07-15,walk_in,2,60
LEAD_0001934,CUS_000705,PRJ_0004,2021-08-22,web,4,68
LEAD_0001935,CUS_004968,PRJ_0013,2025-09-25,referral,0,58
LEAD_0001936,CUS_000726,PRJ_0017,2025-11-08,referral,0,48
LEAD_0001937,CUS_005928,PRJ_0018,2024-09-22,web,2,47
LEAD_0001938,CUS_002092,PRJ_0013,2024-06-12,web,2,57
LEAD_0001939,CUS_004156,PRJ_0009,2021-12-23,web,3,57
LEAD_0001940,CUS_003710,PRJ_0018,2021-10-11,web,1,73
LEAD_0001941,CUS_003577,PRJ_0007,2021-06-01,web,2,62
LEAD_0001942,CUS_000849,PRJ_0012,2021-06-22,referral,0,51
LEAD_0001943,CUS_002714,PRJ_0019,2023-12-25,agency,0,56
LEAD_0001944,CUS_004902,PRJ_0014,2021-09-13,web,0,70
LEAD_0001945,CUS_003223,PRJ_0001,2025-07-17,walk_in,0,77
LEAD_0001946,CUS_006108,PRJ_0028,2022-12-10,campaign,0,47
LEAD_0001947,CUS_004225,PRJ_0008,2021-02-25,walk_in,3,48
LEAD_0001948,CUS_006448,PRJ_0009,2025-06-28,web,4,77
LEAD_0001949,CUS_004730,PRJ_0001,2025-06-13,walk_in,2,52
LEAD_0001950,CUS_003576,PRJ_0005,2021-10-15,web,3,58
LEAD_0001951,CUS_000834,PRJ_0004,2024-12-20,web,2,55
LEAD_0001952,CUS_000649,PRJ_0001,2022-01-11,referral,4,90
LEAD_0001953,CUS_001377,PRJ_0001,2022-03-18,agency,4,76
LEAD_0001954,CUS_005418,PRJ_0018,2022-06-22,web,3,56
LEAD_0001955,CUS_002716,PRJ_0002,2024-05-22,walk_in,2,72
LEAD_0001956,CUS_005655,PRJ_0004,2022-07-07,web,2,51
LEAD_0001957,CUS_003179,PRJ_0009,2021-08-30,web,2,53
LEAD_0001958,CUS_001873,PRJ_0025,2022-02-19,agency,4,85
LEAD_0001959,CUS_005325,PRJ_0001,2021-02-11,web,2,50
LEAD_0001960,CUS_003824,PRJ_0018,2021-03-18,referral,0,77
LEAD_0001961,CUS_000843,PRJ_0011,2025-12-02,referral,1,68
LEAD_0001962,CUS_002006,PRJ_0023,2022-09-29,referral,1,70
LEAD_0001963,CUS_000927,PRJ_0025,2024-07-24,web,3,54
LEAD_0001964,CUS_004462,PRJ_0020,2024-09-28,web,1,61
LEAD_0001965,CUS_004696,PRJ_0026,2023-06-18,referral,1,60
LEAD_0001966,CUS_004944,PRJ_0022,2025-04-21,agency,2,60
LEAD_0001967,CUS_001729,PRJ_0018,2024-01-31,agency,1,80
LEAD_0001968,CUS_002213,PRJ_0028,2025-07-10,referral,1,62
LEAD_0001969,CUS_002746,PRJ_0002,2023-12-31,referral,3,83
LEAD_0001970,CUS_000133,PRJ_0017,2021-05-02,referral,4,75
LEAD_0001971,CUS_005856,PRJ_0007,2021-11-29,walk_in,1,36
LEAD_0001972,CUS_002590,PRJ_0009,2022-12-07,referral,0,78
LEAD_0001973,CUS_001294,PRJ_0018,2025-07-07,campaign,2,61
LEAD_0001974,CUS_001420,PRJ_0017,2025-06-26,walk_in,0,50
LEAD_0001975,CUS_000350,PRJ_0016,2022-12-18,web,2,57
LEAD_0001976,CUS_002724,PRJ_0015,2022-02-14,web,3,55
LEAD_0001977,CUS_006371,PRJ_0015,2022-08-13,campaign,5,51
LEAD_0001978,CUS_006386,PRJ_0006,2023-07-30,agency,3,74
LEAD_0001979,CUS_002165,PRJ_0015,2022-07-31,web,5,59
LEAD_0001980,CUS_000217,PRJ_0009,2021-05-05,agency,2,70
LEAD_0001981,CUS_000893,PRJ_0009,2025-07-23,referral,3,81
LEAD_0001982,CUS_002159,PRJ_0019,2024-04-21,walk_in,3,79
LEAD_0001983,CUS_004084,PRJ_0009,2025-03-07,walk_in,1,75
LEAD_0001984,CUS_003241,PRJ_0014,2021-09-03,web,2,56
LEAD_0001985,CUS_004582,PRJ_0012,2024-02-16,web,0,61
LEAD_0001986,CUS_003116,PRJ_0009,2023-04-18,web,1,64
LEAD_0001987,CUS_003618,PRJ_0028,2024-10-19,campaign,2,54
LEAD_0001988,CUS_001362,PRJ_0017,2025-04-27,walk_in,3,59
LEAD_0001989,CUS_003191,PRJ_0005,2021-08-15,agency,5,76
LEAD_0001990,CUS_005021,PRJ_0008,2024-03-06,campaign,3,69
LEAD_0001991,CUS_001076,PRJ_0005,2023-04-19,referral,4,64
LEAD_0001992,CUS_001908,PRJ_0028,2023-05-10,web,1,49
LEAD_0001993,CUS_004137,PRJ_0023,2023-01-07,web,4,88
LEAD_0001994,CUS_001099,PRJ_0022,2021-03-09,web,1,50
LEAD_0001995,CUS_003174,PRJ_0009,2022-07-07,referral,1,95
LEAD_0001996,CUS_005567,PRJ_0005,2025-04-19,web,1,48
LEAD_0001997,CUS_001853,PRJ_0027,2024-05-07,web,0,36
LEAD_0001998,CUS_005208,PRJ_0010,2025-01-17,walk_in,3,50
LEAD_0001999,CUS_003043,PRJ_0021,2023-02-13,agency,2,64
LEAD_0002000,CUS_003684,PRJ_0008,2025-05-22,web,2,59
LEAD_0002001,CUS_003098,PRJ_0012,2024-04-15,web,1,63
LEAD_0002002,CUS_001454,PRJ_0008,2025-06-06,web,3,60
LEAD_0002003,CUS_005321,PRJ_0007,2023-05-05,web,1,82
LEAD_0002004,CUS_006151,PRJ_0007,2024-05-29,web,2,63
LEAD_0002005,CUS_003791,PRJ_0012,2021-12-14,campaign,3,62
LEAD_0002006,CUS_001818,PRJ_0003,2022-10-23,walk_in,4,48
LEAD_0002007,CUS_002363,PRJ_0001,2021-10-02,referral,3,94
LEAD_0002008,CUS_003141,PRJ_0010,2022-01-02,campaign,1,62
LEAD_0002009,CUS_002496,PRJ_0024,2023-01-14,referral,0,60
LEAD_0002010,CUS_005853,PRJ_0002,2023-01-06,walk_in,1,72
LEAD_0002011,CUS_001551,PRJ_0020,2025-04-01,campaign,3,44
LEAD_0002012,CUS_004937,PRJ_0022,2023-05-22,campaign,2,54
LEAD_0002013,CUS_003964,PRJ_0027,2021-09-15,web,3,66
LEAD_0002014,CUS_003123,PRJ_0006,2025-10-12,agency,1,58
LEAD_0002015,CUS_005181,PRJ_0020,2022-06-27,walk_in,2,59
LEAD_0002016,CUS_002944,PRJ_0003,2022-02-01,walk_in,2,91
LEAD_0002017,CUS_001209,PRJ_0023,2025-12-21,walk_in,2,57
LEAD_0002018,CUS_001895,PRJ_0022,2023-11-11,walk_in,4,76
LEAD_0002019,CUS_005130,PRJ_0022,2021-12-21,referral,1,91
LEAD_0002020,CUS_005153,PRJ_0022,2023-01-03,web,3,52
LEAD_0002021,CUS_004486,PRJ_0017,2022-04-23,web,0,54
LEAD_0002022,CUS_006153,PRJ_0012,2023-01-21,agency,3,81
LEAD_0002023,CUS_004652,PRJ_0012,2023-07-18,campaign,3,59
LEAD_0002024,CUS_005605,PRJ_0025,2024-01-02,web,3,67
LEAD_0002025,CUS_001856,PRJ_0016,2022-04-29,web,5,66
LEAD_0002026,CUS_002932,PRJ_0012,2021-10-15,web,1,52
LEAD_0002027,CUS_004289,PRJ_0023,2023-08-27,web,0,47
LEAD_0002028,CUS_006269,PRJ_0015,2024-01-31,web,2,51
LEAD_0002029,CUS_004729,PRJ_0004,2021-09-12,walk_in,4,56
LEAD_0002030,CUS_000087,PRJ_0023,2023-07-30,walk_in,3,59
LEAD_0002031,CUS_004666,PRJ_0018,2025-10-10,web,1,54
LEAD_0002032,CUS_002071,PRJ_0004,2022-07-23,web,1,63
LEAD_0002033,CUS_000908,PRJ_0019,2021-09-11,web,3,89
LEAD_0002034,CUS_005158,PRJ_0002,2023-04-25,web,1,55
LEAD_0002035,CUS_004563,PRJ_0028,2023-03-28,referral,1,61
LEAD_0002036,CUS_006233,PRJ_0018,2023-06-30,web,2,76
LEAD_0002037,CUS_003359,PRJ_0010,2022-04-17,web,2,52
LEAD_0002038,CUS_006289,PRJ_0011,2024-06-15,campaign,0,66
LEAD_0002039,CUS_004827,PRJ_0026,2021-12-28,web,2,65
LEAD_0002040,CUS_003313,PRJ_0007,2025-01-17,campaign,2,51
LEAD_0002041,CUS_006238,PRJ_0003,2021-07-02,walk_in,5,61
LEAD_0002042,CUS_006184,PRJ_0023,2025-12-30,agency,2,91
LEAD_0002043,CUS_004649,PRJ_0015,2021-11-28,agency,2,92
LEAD_0002044,CUS_003932,PRJ_0017,2025-09-12,web,2,71
LEAD_0002045,CUS_001264,PRJ_0006,2022-12-17,referral,2,65
LEAD_0002046,CUS_004803,PRJ_0025,2023-01-05,referral,1,51
LEAD_0002047,CUS_002769,PRJ_0016,2025-05-05,campaign,2,62
LEAD_0002048,CUS_003574,PRJ_0013,2021-02-12,web,2,56
LEAD_0002049,CUS_001574,PRJ_0017,2022-04-04,web,2,63
LEAD_0002050,CUS_001893,PRJ_0017,2021-05-31,walk_in,2,63
LEAD_0002051,CUS_000850,PRJ_0016,2025-11-10,agency,2,81
LEAD_0002052,CUS_001184,PRJ_0025,2024-02-11,agency,1,67
LEAD_0002053,CUS_002174,PRJ_0017,2023-05-24,agency,4,80
LEAD_0002054,CUS_004197,PRJ_0013,2022-12-12,agency,2,61
LEAD_0002055,CUS_002326,PRJ_0024,2025-05-05,agency,2,63
LEAD_0002056,CUS_005627,PRJ_0021,2021-02-10,web,5,65
LEAD_0002057,CUS_004424,PRJ_0004,2023-02-10,web,0,53
LEAD_0002058,CUS_003999,PRJ_0007,2023-03-10,campaign,2,53
LEAD_0002059,CUS_003447,PRJ_0025,2021-06-01,agency,1,63
LEAD_0002060,CUS_003758,PRJ_0001,2023-08-16,campaign,3,54
LEAD_0002061,CUS_003868,PRJ_0024,2024-06-26,walk_in,5,87
LEAD_0002062,CUS_002787,PRJ_0018,2024-05-09,web,3,50
LEAD_0002063,CUS_002799,PRJ_0001,2025-01-03,walk_in,3,57
LEAD_0002064,CUS_002422,PRJ_0009,2022-09-12,web,0,55
LEAD_0002065,CUS_003915,PRJ_0016,2025-08-17,web,4,75
LEAD_0002066,CUS_006028,PRJ_0006,2025-12-09,web,3,54
LEAD_0002067,CUS_003128,PRJ_0011,2022-06-01,agency,1,70
LEAD_0002068,CUS_000449,PRJ_0028,2025-06-16,agency,0,97
LEAD_0002069,CUS_005044,PRJ_0026,2023-10-04,walk_in,1,53
LEAD_0002070,CUS_003705,PRJ_0007,2024-03-25,web,3,58
LEAD_0002071,CUS_000532,PRJ_0017,2025-12-11,web,1,44
LEAD_0002072,CUS_000936,PRJ_0026,2022-01-30,web,2,50
LEAD_0002073,CUS_005211,PRJ_0017,2025-05-22,web,2,70
LEAD_0002074,CUS_003750,PRJ_0018,2023-12-11,referral,1,55
LEAD_0002075,CUS_002686,PRJ_0007,2025-03-17,web,3,56
LEAD_0002076,CUS_002295,PRJ_0004,2025-04-11,web,3,76
LEAD_0002077,CUS_005644,PRJ_0017,2021-06-13,campaign,3,83
LEAD_0002078,CUS_000637,PRJ_0025,2023-01-30,web,3,68
LEAD_0002079,CUS_002305,PRJ_0017,2024-01-08,campaign,3,73
LEAD_0002080,CUS_000382,PRJ_0003,2021-03-11,web,2,49
LEAD_0002081,CUS_005838,PRJ_0020,2021-09-17,agency,2,73
LEAD_0002082,CUS_005175,PRJ_0019,2023-06-14,web,2,53
LEAD_0002083,CUS_001743,PRJ_0018,2023-04-29,agency,1,59
LEAD_0002084,CUS_000280,PRJ_0010,2024-05-22,web,1,63
LEAD_0002085,CUS_001250,PRJ_0022,2024-04-20,web,3,67
LEAD_0002086,CUS_006332,PRJ_0006,2025-06-26,referral,1,63
LEAD_0002087,CUS_005949,PRJ_0027,2024-10-13,web,0,54
LEAD_0002088,CUS_002101,PRJ_0013,2022-08-17,web,2,48
LEAD_0002089,CUS_001802,PRJ_0006,2021-06-29,agency,2,79
LEAD_0002090,CUS_006367,PRJ_0005,2023-02-11,agency,1,48
LEAD_0002091,CUS_006429,PRJ_0008,2021-05-08,agency,0,64
LEAD_0002092,CUS_002626,PRJ_0026,2025-05-12,web,3,46
LEAD_0002093,CUS_006343,PRJ_0002,2024-07-09,web,0,55
LEAD_0002094,CUS_005158,PRJ_0018,2025-04-22,agency,1,60
LEAD_0002095,CUS_001109,PRJ_0015,2021-03-19,campaign,1,60
LEAD_0002096,CUS_001135,PRJ_0015,2021-03-19,referral,2,78
LEAD_0002097,CUS_001425,PRJ_0007,2023-02-13,referral,1,73
LEAD_0002098,CUS_001319,PRJ_0020,2024-07-16,web,3,61
LEAD_0002099,CUS_002377,PRJ_0006,2023-10-15,agency,1,58
LEAD_0002100,CUS_003995,PRJ_0026,2021-04-08,web,1,40
LEAD_0002101,CUS_000528,PRJ_0010,2023-02-22,campaign,5,46
LEAD_0002102,CUS_006148,PRJ_0019,2023-05-19,walk_in,1,61
LEAD_0002103,CUS_001315,PRJ_0008,2025-02-08,web,1,50
LEAD_0002104,CUS_005881,PRJ_0027,2024-03-10,campaign,3,47
LEAD_0002105,CUS_000617,PRJ_0014,2023-08-27,referral,1,100
LEAD_0002106,CUS_004963,PRJ_0009,2024-06-11,referral,0,66
LEAD_0002107,CUS_003402,PRJ_0025,2023-11-30,web,3,71
LEAD_0002108,CUS_005234,PRJ_0027,2023-08-11,walk_in,0,53
LEAD_0002109,CUS_002249,PRJ_0002,2025-12-21,campaign,2,50
LEAD_0002110,CUS_006486,PRJ_0020,2021-06-08,campaign,3,54
LEAD_0002111,CUS_004899,PRJ_0025,2025-04-25,agency,4,78
LEAD_0002112,CUS_004939,PRJ_0010,2023-04-21,agency,0,64
LEAD_0002113,CUS_001802,PRJ_0018,2023-09-14,campaign,0,72
LEAD_0002114,CUS_002486,PRJ_0018,2024-07-13,referral,1,95
LEAD_0002115,CUS_000565,PRJ_0012,2023-05-12,walk_in,1,52
LEAD_0002116,CUS_002131,PRJ_0019,2023-03-09,agency,0,70
LEAD_0002117,CUS_001649,PRJ_0020,2025-01-11,agency,1,56
LEAD_0002118,CUS_003260,PRJ_0012,2023-09-19,campaign,2,64
LEAD_0002119,CUS_004883,PRJ_0028,2025-11-26,web,4,97
LEAD_0002120,CUS_006090,PRJ_0016,2025-07-12,web,1,37
LEAD_0002121,CUS_003120,PRJ_0024,2023-10-15,referral,4,71
LEAD_0002122,CUS_000103,PRJ_0004,2025-03-12,web,1,61
LEAD_0002123,CUS_003482,PRJ_0016,2024-02-19,web,1,59
LEAD_0002124,CUS_006000,PRJ_0008,2023-03-11,web,4,42
LEAD_0002125,CUS_002126,PRJ_0017,2022-04-12,campaign,3,60
LEAD_0002126,CUS_006034,PRJ_0001,2025-06-16,referral,3,61
LEAD_0002127,CUS_000479,PRJ_0010,2023-03-18,web,4,65
LEAD_0002128,CUS_000799,PRJ_0006,2023-06-29,walk_in,2,66
LEAD_0002129,CUS_005710,PRJ_0018,2021-09-28,web,3,72
LEAD_0002130,CUS_000176,PRJ_0027,2021-01-22,web,0,66
LEAD_0002131,CUS_003420,PRJ_0002,2022-09-05,agency,1,79
LEAD_0002132,CUS_003986,PRJ_0009,2022-07-30,web,3,49
LEAD_0002133,CUS_005731,PRJ_0026,2023-11-09,campaign,1,47
LEAD_0002134,CUS_000441,PRJ_0016,2024-04-15,campaign,2,97
LEAD_0002135,CUS_001592,PRJ_0009,2021-07-08,web,2,56
LEAD_0002136,CUS_004760,PRJ_0017,2024-04-08,campaign,2,56
LEAD_0002137,CUS_001404,PRJ_0020,2023-05-26,web,1,57
LEAD_0002138,CUS_002344,PRJ_0020,2022-02-11,web,3,52
LEAD_0002139,CUS_000939,PRJ_0024,2024-08-08,web,0,46
LEAD_0002140,CUS_001913,PRJ_0013,2025-09-11,web,0,55
LEAD_0002141,CUS_006280,PRJ_0022,2023-04-22,web,1,42
LEAD_0002142,CUS_001668,PRJ_0004,2024-10-16,web,3,76
LEAD_0002143,CUS_004903,PRJ_0011,2025-12-30,agency,5,78
LEAD_0002144,CUS_005418,PRJ_0018,2025-10-23,referral,1,58
LEAD_0002145,CUS_002782,PRJ_0028,2023-02-27,referral,2,69
LEAD_0002146,CUS_006104,PRJ_0018,2021-01-11,agency,2,53
LEAD_0002147,CUS_003173,PRJ_0025,2022-12-27,agency,1,56
LEAD_0002148,CUS_000600,PRJ_0012,2023-11-01,web,3,63
LEAD_0002149,CUS_005911,PRJ_0024,2025-06-21,campaign,1,54
LEAD_0002150,CUS_000834,PRJ_0028,2025-03-23,web,4,83
LEAD_0002151,CUS_000563,PRJ_0023,2025-03-20,agency,2,75
LEAD_0002152,CUS_004734,PRJ_0011,2021-07-14,referral,2,73
LEAD_0002153,CUS_006415,PRJ_0023,2024-07-19,campaign,3,60
LEAD_0002154,CUS_005954,PRJ_0001,2024-06-07,walk_in,6,65
LEAD_0002155,CUS_006395,PRJ_0022,2024-07-25,agency,3,79
LEAD_0002156,CUS_006023,PRJ_0005,2022-03-27,referral,1,57
LEAD_0002157,CUS_001807,PRJ_0027,2025-02-16,referral,2,64
LEAD_0002158,CUS_005691,PRJ_0027,2022-05-23,referral,2,74
LEAD_0002159,CUS_005679,PRJ_0013,2021-11-25,agency,2,58
LEAD_0002160,CUS_002574,PRJ_0021,2025-11-29,web,0,61
LEAD_0002161,CUS_004665,PRJ_0008,2025-03-22,campaign,3,52
LEAD_0002162,CUS_000092,PRJ_0024,2023-04-11,referral,1,43
LEAD_0002163,CUS_004500,PRJ_0022,2023-04-23,referral,1,73
LEAD_0002164,CUS_000047,PRJ_0027,2021-08-17,campaign,1,51
LEAD_0002165,CUS_002085,PRJ_0027,2025-04-10,web,3,73
LEAD_0002166,CUS_000030,PRJ_0020,2023-10-20,walk_in,2,51
LEAD_0002167,CUS_003866,PRJ_0027,2023-04-16,web,2,49
LEAD_0002168,CUS_003301,PRJ_0005,2023-10-12,referral,3,64
LEAD_0002169,CUS_005317,PRJ_0016,2022-07-01,walk_in,1,62
LEAD_0002170,CUS_001887,PRJ_0024,2023-07-15,walk_in,3,74
LEAD_0002171,CUS_004890,PRJ_0012,2022-02-11,web,2,65
LEAD_0002172,CUS_006353,PRJ_0006,2025-04-07,web,0,62
LEAD_0002173,CUS_003922,PRJ_0016,2021-10-25,agency,4,56
LEAD_0002174,CUS_004189,PRJ_0020,2024-02-19,agency,1,55
LEAD_0002175,CUS_005848,PRJ_0006,2024-02-06,walk_in,1,36
LEAD_0002176,CUS_005354,PRJ_0001,2022-06-11,web,0,49
LEAD_0002177,CUS_004456,PRJ_0028,2025-10-29,web,0,46
LEAD_0002178,CUS_005871,PRJ_0010,2024-05-11,campaign,5,68
LEAD_0002179,CUS_004264,PRJ_0019,2023-12-18,campaign,2,44
LEAD_0002180,CUS_002449,PRJ_0015,2024-09-30,agency,0,75
LEAD_0002181,CUS_000722,PRJ_0025,2024-11-10,web,0,48
LEAD_0002182,CUS_000755,PRJ_0020,2021-01-06,agency,3,61
LEAD_0002183,CUS_006184,PRJ_0007,2023-08-06,campaign,4,93
LEAD_0002184,CUS_000167,PRJ_0024,2025-02-08,web,1,48
LEAD_0002185,CUS_005520,PRJ_0020,2021-05-29,web,1,56
LEAD_0002186,CUS_005253,PRJ_0002,2023-08-26,campaign,3,56
LEAD_0002187,CUS_006130,PRJ_0025,2025-03-24,web,3,80
LEAD_0002188,CUS_000196,PRJ_0023,2024-09-12,web,2,81
LEAD_0002189,CUS_005942,PRJ_0014,2023-03-31,agency,2,70
LEAD_0002190,CUS_003686,PRJ_0021,2022-03-08,campaign,4,68
LEAD_0002191,CUS_005981,PRJ_0012,2021-04-28,referral,1,68
LEAD_0002192,CUS_003409,PRJ_0023,2025-02-04,agency,2,70
LEAD_0002193,CUS_005393,PRJ_0012,2025-11-12,agency,1,62
LEAD_0002194,CUS_003238,PRJ_0015,2023-11-22,web,1,56
LEAD_0002195,CUS_002369,PRJ_0022,2025-07-20,referral,3,59
LEAD_0002196,CUS_006309,PRJ_0017,2023-06-20,agency,3,74
LEAD_0002197,CUS_001589,PRJ_0017,2022-01-29,campaign,2,51
LEAD_0002198,CUS_000644,PRJ_0004,2021-03-14,web,1,56
LEAD_0002199,CUS_002529,PRJ_0006,2024-07-18,web,3,71
LEAD_0002200,CUS_003976,PRJ_0023,2023-06-29,campaign,0,65
LEAD_0002201,CUS_003074,PRJ_0016,2025-06-06,walk_in,2,64
LEAD_0002202,CUS_001173,PRJ_0005,2021-12-23,web,1,94
LEAD_0002203,CUS_002775,PRJ_0006,2025-05-22,walk_in,1,56
LEAD_0002204,CUS_000730,PRJ_0017,2024-12-13,campaign,4,78
LEAD_0002205,CUS_000213,PRJ_0007,2025-09-25,walk_in,2,87
LEAD_0002206,CUS_004024,PRJ_0009,2025-02-15,web,1,60
LEAD_0002207,CUS_003157,PRJ_0023,2023-01-04,walk_in,1,50
LEAD_0002208,CUS_002787,PRJ_0004,2024-12-10,web,1,55
LEAD_0002209,CUS_001402,PRJ_0020,2024-03-20,web,3,60
LEAD_0002210,CUS_000383,PRJ_0007,2025-08-14,campaign,0,38
LEAD_0002211,CUS_000723,PRJ_0002,2024-11-12,campaign,2,85
LEAD_0002212,CUS_003833,PRJ_0001,2023-04-17,referral,2,56
LEAD_0002213,CUS_003978,PRJ_0012,2025-08-28,campaign,3,56
LEAD_0002214,CUS_006333,PRJ_0007,2023-08-20,campaign,2,80
LEAD_0002215,CUS_003444,PRJ_0013,2022-04-22,web,1,73
LEAD_0002216,CUS_000071,PRJ_0013,2021-02-27,web,3,61
LEAD_0002217,CUS_003981,PRJ_0002,2022-11-16,agency,4,64
LEAD_0002218,CUS_001946,PRJ_0017,2025-09-08,web,0,51
LEAD_0002219,CUS_006237,PRJ_0010,2025-03-04,agency,1,61
LEAD_0002220,CUS_004462,PRJ_0005,2023-08-07,web,1,61
LEAD_0002221,CUS_005917,PRJ_0005,2021-04-16,referral,3,78
LEAD_0002222,CUS_005389,PRJ_0008,2024-03-13,walk_in,7,57
LEAD_0002223,CUS_004679,PRJ_0026,2025-05-04,campaign,1,62
LEAD_0002224,CUS_003665,PRJ_0019,2021-12-09,web,1,91
LEAD_0002225,CUS_001971,PRJ_0023,2023-01-17,walk_in,2,56
LEAD_0002226,CUS_002363,PRJ_0006,2025-10-08,referral,3,93
LEAD_0002227,CUS_000594,PRJ_0018,2023-02-28,referral,0,72
LEAD_0002228,CUS_001017,PRJ_0009,2024-12-11,walk_in,4,77
LEAD_0002229,CUS_006148,PRJ_0020,2021-11-29,web,3,66
LEAD_0002230,CUS_001057,PRJ_0016,2023-07-18,agency,1,48
LEAD_0002231,CUS_000968,PRJ_0018,2022-06-04,walk_in,2,65
LEAD_0002232,CUS_006151,PRJ_0014,2022-02-10,walk_in,2,65
LEAD_0002233,CUS_003611,PRJ_0023,2025-02-02,web,1,54
LEAD_0002234,CUS_000040,PRJ_0011,2025-12-30,campaign,1,70
LEAD_0002235,CUS_002893,PRJ_0020,2023-08-05,web,3,63
LEAD_0002236,CUS_004301,PRJ_0019,2022-11-21,campaign,0,52
LEAD_0002237,CUS_003111,PRJ_0023,2025-02-28,web,2,62
LEAD_0002238,CUS_003701,PRJ_0008,2023-09-28,web,3,61
LEAD_0002239,CUS_003111,PRJ_0020,2023-07-09,web,6,68
LEAD_0002240,CUS_004989,PRJ_0011,2021-10-20,agency,1,93
LEAD_0002241,CUS_000821,PRJ_0025,2023-03-25,walk_in,1,78
LEAD_0002242,CUS_000852,PRJ_0016,2025-02-10,campaign,2,69
LEAD_0002243,CUS_002117,PRJ_0001,2023-01-29,web,1,51
LEAD_0002244,CUS_003996,PRJ_0012,2021-11-19,web,0,40
LEAD_0002245,CUS_006189,PRJ_0024,2021-04-22,campaign,2,54
LEAD_0002246,CUS_003987,PRJ_0010,2024-10-14,campaign,1,81
LEAD_0002247,CUS_001345,PRJ_0007,2024-01-12,agency,1,66
LEAD_0002248,CUS_005402,PRJ_0027,2022-07-12,web,0,59
LEAD_0002249,CUS_005764,PRJ_0012,2022-12-12,web,1,43
LEAD_0002250,CUS_006494,PRJ_0008,2022-08-27,agency,3,66
LEAD_0002251,CUS_005470,PRJ_0010,2022-07-02,campaign,0,68
LEAD_0002252,CUS_004410,PRJ_0010,2021-03-05,agency,1,55
LEAD_0002253,CUS_002464,PRJ_0001,2023-03-28,referral,4,60
LEAD_0002254,CUS_004182,PRJ_0003,2025-04-19,walk_in,0,42
LEAD_0002255,CUS_004513,PRJ_0004,2025-11-21,web,2,75
LEAD_0002256,CUS_001206,PRJ_0028,2021-07-13,web,1,94
LEAD_0002257,CUS_001297,PRJ_0022,2021-11-14,web,1,62
LEAD_0002258,CUS_003081,PRJ_0023,2023-02-14,web,3,68
LEAD_0002259,CUS_000125,PRJ_0006,2021-09-05,referral,5,61
LEAD_0002260,CUS_004913,PRJ_0006,2024-02-10,referral,2,68
LEAD_0002261,CUS_006098,PRJ_0014,2024-06-23,web,1,60
LEAD_0002262,CUS_006206,PRJ_0006,2024-06-30,web,0,42
LEAD_0002263,CUS_002548,PRJ_0023,2025-08-29,web,1,54
LEAD_0002264,CUS_001338,PRJ_0011,2021-10-15,referral,4,55
LEAD_0002265,CUS_001608,PRJ_0001,2024-12-01,agency,2,88
LEAD_0002266,CUS_000352,PRJ_0012,2024-02-04,web,5,71
LEAD_0002267,CUS_005367,PRJ_0005,2024-09-28,campaign,2,73
LEAD_0002268,CUS_004991,PRJ_0012,2022-05-17,web,3,75
LEAD_0002269,CUS_000127,PRJ_0007,2021-12-10,agency,0,59
LEAD_0002270,CUS_001015,PRJ_0012,2024-03-05,web,0,61
LEAD_0002271,CUS_001078,PRJ_0024,2022-05-24,web,0,44
LEAD_0002272,CUS_004256,PRJ_0010,2025-04-26,campaign,2,66
LEAD_0002273,CUS_000424,PRJ_0006,2025-12-30,referral,0,47
LEAD_0002274,CUS_001580,PRJ_0006,2025-03-31,referral,1,69
LEAD_0002275,CUS_001880,PRJ_0004,2024-08-28,referral,4,63
LEAD_0002276,CUS_006167,PRJ_0008,2025-07-08,web,1,54
LEAD_0002277,CUS_006095,PRJ_0007,2025-05-23,web,1,73
LEAD_0002278,CUS_005335,PRJ_0009,2024-10-10,agency,2,95
LEAD_0002279,CUS_001153,PRJ_0011,2023-10-16,web,2,52
LEAD_0002280,CUS_003857,PRJ_0016,2025-08-11,walk_in,1,54
LEAD_0002281,CUS_000396,PRJ_0007,2022-05-06,web,3,52
LEAD_0002282,CUS_000710,PRJ_0003,2023-06-25,walk_in,1,52
LEAD_0002283,CUS_003327,PRJ_0012,2022-04-06,walk_in,1,65
LEAD_0002284,CUS_003844,PRJ_0005,2023-01-05,walk_in,5,69
LEAD_0002285,CUS_004881,PRJ_0020,2024-10-20,walk_in,3,58
LEAD_0002286,CUS_000275,PRJ_0016,2023-02-28,agency,1,45
LEAD_0002287,CUS_004482,PRJ_0002,2021-06-14,web,2,51
LEAD_0002288,CUS_000532,PRJ_0009,2021-08-29,web,1,60
LEAD_0002289,CUS_004576,PRJ_0017,2021-11-30,campaign,1,66
LEAD_0002290,CUS_004520,PRJ_0017,2022-08-28,web,1,72
LEAD_0002291,CUS_005880,PRJ_0004,2022-01-28,web,2,60
LEAD_0002292,CUS_000982,PRJ_0024,2023-08-08,web,2,60
LEAD_0002293,CUS_006017,PRJ_0013,2022-05-17,walk_in,2,47
LEAD_0002294,CUS_000546,PRJ_0025,2023-01-30,referral,3,67
LEAD_0002295,CUS_006449,PRJ_0004,2023-10-03,walk_in,2,50
LEAD_0002296,CUS_002913,PRJ_0004,2025-08-29,agency,1,56
LEAD_0002297,CUS_004438,PRJ_0016,2023-09-14,referral,2,82
LEAD_0002298,CUS_006401,PRJ_0007,2023-11-19,web,1,76
LEAD_0002299,CUS_002094,PRJ_0005,2023-08-30,web,3,48
LEAD_0002300,CUS_004876,PRJ_0020,2024-10-31,web,2,51
LEAD_0002301,CUS_005088,PRJ_0025,2021-09-08,web,2,50
LEAD_0002302,CUS_003303,PRJ_0015,2025-07-31,web,0,53
LEAD_0002303,CUS_002885,PRJ_0019,2021-07-05,web,5,71
LEAD_0002304,CUS_001105,PRJ_0003,2023-04-06,agency,1,74
LEAD_0002305,CUS_003661,PRJ_0027,2024-06-19,agency,3,79
LEAD_0002306,CUS_001559,PRJ_0026,2023-05-27,web,0,57
LEAD_0002307,CUS_001586,PRJ_0027,2021-02-19,web,3,76
LEAD_0002308,CUS_005247,PRJ_0019,2023-09-13,web,4,78
LEAD_0002309,CUS_004237,PRJ_0021,2023-08-07,agency,4,75
LEAD_0002310,CUS_000397,PRJ_0001,2023-07-04,agency,2,65
LEAD_0002311,CUS_002046,PRJ_0010,2021-05-14,agency,1,45
LEAD_0002312,CUS_003669,PRJ_0008,2023-01-18,agency,3,79
LEAD_0002313,CUS_004798,PRJ_0012,2021-01-30,web,3,45
LEAD_0002314,CUS_005890,PRJ_0028,2021-12-05,walk_in,2,60
LEAD_0002315,CUS_002740,PRJ_0010,2023-12-23,web,3,60
LEAD_0002316,CUS_002944,PRJ_0013,2022-04-14,referral,3,85
LEAD_0002317,CUS_001276,PRJ_0024,2021-06-20,agency,3,70
LEAD_0002318,CUS_006064,PRJ_0007,2023-08-07,agency,1,60
LEAD_0002319,CUS_001661,PRJ_0008,2022-04-30,agency,0,85
LEAD_0002320,CUS_004790,PRJ_0005,2022-08-31,web,3,62
LEAD_0002321,CUS_005626,PRJ_0014,2021-04-25,walk_in,4,71
LEAD_0002322,CUS_004556,PRJ_0004,2023-06-03,web,0,38
LEAD_0002323,CUS_003493,PRJ_0026,2024-05-13,agency,3,85
LEAD_0002324,CUS_002724,PRJ_0020,2022-08-02,referral,1,55
LEAD_0002325,CUS_003378,PRJ_0005,2023-04-14,web,0,55
LEAD_0002326,CUS_001120,PRJ_0020,2022-03-22,web,2,45
LEAD_0002327,CUS_005354,PRJ_0010,2023-09-08,web,2,63
LEAD_0002328,CUS_001541,PRJ_0020,2022-07-04,web,1,84
LEAD_0002329,CUS_003511,PRJ_0026,2025-01-28,agency,3,77
LEAD_0002330,CUS_001023,PRJ_0026,2022-02-11,campaign,1,56
LEAD_0002331,CUS_006033,PRJ_0023,2023-10-30,agency,2,73
LEAD_0002332,CUS_004705,PRJ_0025,2022-01-31,campaign,2,55
LEAD_0002333,CUS_003647,PRJ_0002,2021-03-09,referral,0,55
LEAD_0002334,CUS_003833,PRJ_0002,2025-04-27,web,2,55
LEAD_0002335,CUS_001689,PRJ_0003,2024-07-20,web,2,81
LEAD_0002336,CUS_003869,PRJ_0005,2021-04-12,agency,0,70
LEAD_0002337,CUS_000272,PRJ_0018,2021-05-01,web,2,51
LEAD_0002338,CUS_002112,PRJ_0004,2025-12-03,web,4,69
LEAD_0002339,CUS_005176,PRJ_0011,2024-08-10,campaign,3,64
LEAD_0002340,CUS_001577,PRJ_0010,2021-05-31,campaign,0,46
LEAD_0002341,CUS_005014,PRJ_0007,2021-11-12,agency,3,54
LEAD_0002342,CUS_004971,PRJ_0011,2023-06-05,web,2,100
LEAD_0002343,CUS_001998,PRJ_0014,2023-01-06,referral,2,62
LEAD_0002344,CUS_001516,PRJ_0024,2025-05-15,web,1,71
LEAD_0002345,CUS_004649,PRJ_0003,2024-04-11,agency,0,88
LEAD_0002346,CUS_000718,PRJ_0015,2025-11-28,agency,3,100
LEAD_0002347,CUS_001464,PRJ_0013,2022-05-24,campaign,1,61
LEAD_0002348,CUS_003101,PRJ_0020,2022-06-06,campaign,5,75
LEAD_0002349,CUS_002178,PRJ_0006,2024-04-22,web,0,52
LEAD_0002350,CUS_004687,PRJ_0004,2025-06-17,web,2,58
LEAD_0002351,CUS_000471,PRJ_0014,2025-05-09,referral,0,57
LEAD_0002352,CUS_000112,PRJ_0005,2023-07-23,agency,3,70
LEAD_0002353,CUS_001113,PRJ_0007,2022-10-19,referral,0,72
LEAD_0002354,CUS_001685,PRJ_0003,2021-09-01,walk_in,5,65
LEAD_0002355,CUS_002530,PRJ_0018,2024-08-01,agency,6,100
LEAD_0002356,CUS_004342,PRJ_0005,2024-04-05,walk_in,1,74
LEAD_0002357,CUS_002452,PRJ_0012,2024-05-07,campaign,3,56
LEAD_0002358,CUS_002657,PRJ_0007,2021-09-28,agency,4,81
LEAD_0002359,CUS_005672,PRJ_0025,2023-09-10,walk_in,4,52
LEAD_0002360,CUS_000018,PRJ_0017,2025-03-24,referral,2,90
LEAD_0002361,CUS_003762,PRJ_0015,2024-08-09,campaign,2,70
LEAD_0002362,CUS_004579,PRJ_0019,2023-05-18,agency,2,62
LEAD_0002363,CUS_003842,PRJ_0007,2024-12-23,campaign,2,59
LEAD_0002364,CUS_001337,PRJ_0021,2023-02-09,agency,1,58
LEAD_0002365,CUS_001258,PRJ_0010,2024-02-18,web,2,60
LEAD_0002366,CUS_001777,PRJ_0022,2024-07-17,web,1,50
LEAD_0002367,CUS_004241,PRJ_0015,2025-06-09,campaign,3,49
LEAD_0002368,CUS_003226,PRJ_0006,2022-06-11,walk_in,3,60
LEAD_0002369,CUS_005738,PRJ_0010,2024-07-14,referral,3,68
LEAD_0002370,CUS_005922,PRJ_0003,2022-02-01,campaign,2,48
LEAD_0002371,CUS_005206,PRJ_0008,2023-07-14,agency,1,93
LEAD_0002372,CUS_002821,PRJ_0012,2023-07-12,campaign,3,55
LEAD_0002373,CUS_001900,PRJ_0015,2025-12-02,walk_in,1,39
LEAD_0002374,CUS_000456,PRJ_0027,2022-05-01,campaign,2,55
LEAD_0002375,CUS_002959,PRJ_0009,2022-07-20,web,0,78
LEAD_0002376,CUS_002874,PRJ_0014,2023-12-25,referral,3,71
LEAD_0002377,CUS_002865,PRJ_0002,2021-04-11,walk_in,0,53
LEAD_0002378,CUS_002380,PRJ_0023,2021-06-13,agency,3,88
LEAD_0002379,CUS_003918,PRJ_0010,2025-11-13,web,0,76
LEAD_0002380,CUS_000758,PRJ_0026,2021-12-23,agency,2,63
LEAD_0002381,CUS_000590,PRJ_0010,2024-01-10,walk_in,4,70
LEAD_0002382,CUS_000998,PRJ_0016,2023-11-06,referral,0,89
LEAD_0002383,CUS_000108,PRJ_0026,2024-03-03,campaign,3,69
LEAD_0002384,CUS_003898,PRJ_0007,2023-04-14,web,2,67
LEAD_0002385,CUS_002971,PRJ_0018,2025-01-23,agency,0,70
LEAD_0002386,CUS_006376,PRJ_0022,2021-06-14,walk_in,4,66
LEAD_0002387,CUS_004648,PRJ_0019,2024-11-26,web,2,56
LEAD_0002388,CUS_005751,PRJ_0017,2022-03-25,agency,0,57
LEAD_0002389,CUS_000359,PRJ_0006,2023-11-14,web,3,58
LEAD_0002390,CUS_005401,PRJ_0028,2021-09-03,referral,2,80
LEAD_0002391,CUS_002511,PRJ_0017,2021-06-28,agency,2,67
LEAD_0002392,CUS_001586,PRJ_0017,2023-12-27,campaign,2,90
LEAD_0002393,CUS_003409,PRJ_0011,2021-07-24,campaign,2,51
LEAD_0002394,CUS_003792,PRJ_0026,2022-01-25,campaign,1,54
LEAD_0002395,CUS_000494,PRJ_0009,2021-11-16,campaign,4,58
LEAD_0002396,CUS_000932,PRJ_0013,2024-07-04,referral,0,56
LEAD_0002397,CUS_005725,PRJ_0016,2024-12-18,campaign,4,51
LEAD_0002398,CUS_002806,PRJ_0028,2022-01-22,campaign,1,64
LEAD_0002399,CUS_006105,PRJ_0018,2024-07-24,agency,1,67
LEAD_0002400,CUS_004776,PRJ_0012,2023-12-22,web,2,84
LEAD_0002401,CUS_000871,PRJ_0025,2022-02-13,web,0,30
LEAD_0002402,CUS_001411,PRJ_0007,2025-04-11,referral,2,52
LEAD_0002403,CUS_001136,PRJ_0001,2023-07-15,agency,0,57
LEAD_0002404,CUS_005579,PRJ_0015,2022-09-25,web,1,63
LEAD_0002405,CUS_002152,PRJ_0004,2023-10-23,web,2,77
LEAD_0002406,CUS_004781,PRJ_0001,2024-11-17,web,1,59
LEAD_0002407,CUS_003780,PRJ_0016,2021-10-25,web,3,72
LEAD_0002408,CUS_004330,PRJ_0021,2021-06-24,referral,1,70
LEAD_0002409,CUS_003259,PRJ_0021,2021-04-17,campaign,2,60
LEAD_0002410,CUS_005753,PRJ_0021,2021-07-06,walk_in,3,58
LEAD_0002411,CUS_005986,PRJ_0016,2025-12-18,campaign,3,71
LEAD_0002412,CUS_001780,PRJ_0025,2024-07-06,campaign,0,50
LEAD_0002413,CUS_000262,PRJ_0012,2024-05-03,web,2,46
LEAD_0002414,CUS_006137,PRJ_0021,2023-10-31,campaign,1,54
LEAD_0002415,CUS_003208,PRJ_0002,2022-10-18,agency,2,82
LEAD_0002416,CUS_002550,PRJ_0002,2021-12-12,web,6,75
LEAD_0002417,CUS_001737,PRJ_0007,2021-03-28,referral,1,68
LEAD_0002418,CUS_002602,PRJ_0025,2024-01-24,campaign,2,58
LEAD_0002419,CUS_006033,PRJ_0015,2022-08-19,web,2,75
LEAD_0002420,CUS_005342,PRJ_0015,2024-07-23,agency,2,63
LEAD_0002421,CUS_005778,PRJ_0003,2024-06-16,agency,1,64
LEAD_0002422,CUS_005581,PRJ_0018,2025-10-07,web,3,34
LEAD_0002423,CUS_003831,PRJ_0027,2021-12-22,referral,4,76
LEAD_0002424,CUS_004657,PRJ_0012,2025-10-06,agency,2,68
LEAD_0002425,CUS_004928,PRJ_0009,2023-06-26,agency,3,78
LEAD_0002426,CUS_002549,PRJ_0012,2024-10-29,web,2,47
LEAD_0002427,CUS_005491,PRJ_0011,2021-01-20,campaign,2,68
LEAD_0002428,CUS_005792,PRJ_0011,2024-07-24,agency,1,70
LEAD_0002429,CUS_001927,PRJ_0028,2022-09-13,web,2,64
LEAD_0002430,CUS_005101,PRJ_0023,2021-10-25,agency,2,92
LEAD_0002431,CUS_001843,PRJ_0018,2023-06-19,agency,0,56
LEAD_0002432,CUS_002848,PRJ_0001,2022-11-07,web,1,70
LEAD_0002433,CUS_000399,PRJ_0014,2024-06-23,agency,0,84
LEAD_0002434,CUS_002503,PRJ_0006,2022-01-30,web,3,79
LEAD_0002435,CUS_002707,PRJ_0003,2024-01-30,agency,4,87
LEAD_0002436,CUS_003350,PRJ_0021,2023-08-24,campaign,0,52
LEAD_0002437,CUS_003598,PRJ_0013,2023-08-05,web,3,100
LEAD_0002438,CUS_005735,PRJ_0012,2024-03-13,walk_in,2,65
LEAD_0002439,CUS_002789,PRJ_0017,2025-03-04,web,1,54
LEAD_0002440,CUS_005386,PRJ_0012,2024-06-10,referral,0,72
LEAD_0002441,CUS_001234,PRJ_0007,2022-06-30,web,4,48
LEAD_0002442,CUS_000280,PRJ_0018,2021-06-17,web,0,51
LEAD_0002443,CUS_001662,PRJ_0003,2024-03-25,web,3,95
LEAD_0002444,CUS_004456,PRJ_0003,2022-11-16,web,2,61
LEAD_0002445,CUS_003458,PRJ_0007,2024-01-10,walk_in,3,68
LEAD_0002446,CUS_003228,PRJ_0020,2021-05-08,agency,3,73
LEAD_0002447,CUS_000538,PRJ_0016,2021-10-21,web,1,55
LEAD_0002448,CUS_000928,PRJ_0022,2021-07-29,web,2,60
LEAD_0002449,CUS_001512,PRJ_0020,2023-11-09,agency,0,71
LEAD_0002450,CUS_000061,PRJ_0012,2025-10-14,walk_in,1,50
LEAD_0002451,CUS_002032,PRJ_0026,2022-08-05,web,4,73
LEAD_0002452,CUS_002752,PRJ_0020,2022-12-07,walk_in,2,46
LEAD_0002453,CUS_006177,PRJ_0002,2024-04-23,web,2,57
LEAD_0002454,CUS_001534,PRJ_0013,2025-08-23,referral,0,59
LEAD_0002455,CUS_003477,PRJ_0001,2021-08-04,campaign,4,74
LEAD_0002456,CUS_001608,PRJ_0012,2022-01-21,walk_in,2,66
LEAD_0002457,CUS_002240,PRJ_0006,2021-12-15,web,3,59
LEAD_0002458,CUS_004024,PRJ_0001,2024-12-25,campaign,0,36
LEAD_0002459,CUS_004478,PRJ_0009,2025-10-12,web,1,60
LEAD_0002460,CUS_003248,PRJ_0028,2021-08-01,campaign,1,71
LEAD_0002461,CUS_001519,PRJ_0016,2024-12-09,walk_in,0,73
LEAD_0002462,CUS_001366,PRJ_0014,2022-05-16,referral,2,62
LEAD_0002463,CUS_002854,PRJ_0015,2025-06-01,walk_in,2,50
LEAD_0002464,CUS_005832,PRJ_0025,2023-11-29,referral,1,98
LEAD_0002465,CUS_002176,PRJ_0025,2025-03-27,web,3,51
LEAD_0002466,CUS_003268,PRJ_0012,2024-11-12,referral,3,84
LEAD_0002467,CUS_004367,PRJ_0019,2022-05-25,web,3,73
LEAD_0002468,CUS_000700,PRJ_0008,2023-12-28,agency,4,85
LEAD_0002469,CUS_001553,PRJ_0003,2024-03-31,referral,0,75
LEAD_0002470,CUS_001269,PRJ_0022,2023-01-20,referral,2,68
LEAD_0002471,CUS_000556,PRJ_0027,2021-03-16,walk_in,0,49
LEAD_0002472,CUS_006309,PRJ_0022,2023-12-25,agency,3,73
LEAD_0002473,CUS_006452,PRJ_0002,2022-10-27,web,1,67
LEAD_0002474,CUS_003098,PRJ_0026,2022-02-05,agency,2,51
LEAD_0002475,CUS_001642,PRJ_0020,2021-04-04,agency,1,76
LEAD_0002476,CUS_004813,PRJ_0022,2021-07-09,agency,1,79
LEAD_0002477,CUS_004652,PRJ_0005,2021-11-19,web,2,57
LEAD_0002478,CUS_006484,PRJ_0020,2021-03-10,web,0,61
LEAD_0002479,CUS_005594,PRJ_0016,2021-10-29,agency,2,51
LEAD_0002480,CUS_002141,PRJ_0001,2022-07-11,campaign,0,65
LEAD_0002481,CUS_001528,PRJ_0012,2021-10-28,web,1,57
LEAD_0002482,CUS_000195,PRJ_0005,2021-12-03,referral,4,86
LEAD_0002483,CUS_005497,PRJ_0022,2022-09-29,web,3,79
LEAD_0002484,CUS_003876,PRJ_0017,2022-07-23,agency,2,80
LEAD_0002485,CUS_005200,PRJ_0002,2024-10-02,campaign,3,74
LEAD_0002486,CUS_000153,PRJ_0017,2021-11-16,agency,2,74
LEAD_0002487,CUS_001476,PRJ_0015,2023-03-12,web,3,90
LEAD_0002488,CUS_002553,PRJ_0019,2022-03-27,agency,0,48
LEAD_0002489,CUS_001561,PRJ_0012,2024-06-17,campaign,3,47
LEAD_0002490,CUS_001266,PRJ_0018,2021-12-29,web,2,60
LEAD_0002491,CUS_006108,PRJ_0007,2023-07-02,agency,2,57
LEAD_0002492,CUS_005627,PRJ_0004,2025-12-08,web,0,62
LEAD_0002493,CUS_003039,PRJ_0021,2024-12-03,web,2,70
LEAD_0002494,CUS_000529,PRJ_0027,2021-08-22,agency,3,91
LEAD_0002495,CUS_003421,PRJ_0016,2022-12-22,agency,0,65
LEAD_0002496,CUS_005689,PRJ_0013,2024-02-19,walk_in,5,79
LEAD_0002497,CUS_002094,PRJ_0025,2025-01-31,referral,1,52
LEAD_0002498,CUS_002753,PRJ_0021,2022-08-07,campaign,2,62
LEAD_0002499,CUS_004223,PRJ_0020,2025-07-19,walk_in,2,70
LEAD_0002500,CUS_003067,PRJ_0021,2021-07-20,referral,2,54
LEAD_0002501,CUS_006332,PRJ_0028,2021-12-25,web,1,64
LEAD_0002502,CUS_000154,PRJ_0006,2023-05-28,walk_in,2,65
LEAD_0002503,CUS_001823,PRJ_0020,2025-12-01,web,0,56
LEAD_0002504,CUS_004676,PRJ_0012,2025-05-04,referral,2,95
LEAD_0002505,CUS_003236,PRJ_0028,2024-11-27,web,6,85
LEAD_0002506,CUS_004570,PRJ_0002,2022-07-30,walk_in,2,65
LEAD_0002507,CUS_006490,PRJ_0007,2024-09-03,web,2,59
LEAD_0002508,CUS_004300,PRJ_0001,2021-06-07,web,3,74
LEAD_0002509,CUS_004000,PRJ_0006,2024-10-07,web,0,51
LEAD_0002510,CUS_001138,PRJ_0005,2024-07-26,campaign,1,68
LEAD_0002511,CUS_003475,PRJ_0017,2023-06-17,web,0,51
LEAD_0002512,CUS_002854,PRJ_0004,2022-06-13,web,1,47
LEAD_0002513,CUS_002834,PRJ_0028,2023-04-14,web,2,54
LEAD_0002514,CUS_005368,PRJ_0021,2024-11-29,agency,2,96
LEAD_0002515,CUS_001333,PRJ_0006,2025-12-06,agency,2,70
LEAD_0002516,CUS_000033,PRJ_0014,2025-03-09,referral,2,77
LEAD_0002517,CUS_000243,PRJ_0027,2024-01-19,agency,1,62
LEAD_0002518,CUS_004929,PRJ_0011,2022-12-23,web,5,75
LEAD_0002519,CUS_004084,PRJ_0004,2024-09-11,web,2,77
LEAD_0002520,CUS_004884,PRJ_0005,2021-04-29,agency,1,82
LEAD_0002521,CUS_002420,PRJ_0028,2024-10-07,referral,2,81
LEAD_0002522,CUS_006089,PRJ_0012,2022-09-04,walk_in,3,83
LEAD_0002523,CUS_000825,PRJ_0010,2024-03-30,agency,1,67
LEAD_0002524,CUS_003705,PRJ_0023,2024-11-27,agency,1,58
LEAD_0002525,CUS_004476,PRJ_0006,2021-01-06,web,0,39
LEAD_0002526,CUS_002095,PRJ_0026,2025-08-26,campaign,2,67
LEAD_0002527,CUS_002538,PRJ_0027,2022-09-27,campaign,2,57
LEAD_0002528,CUS_000427,PRJ_0011,2022-11-28,web,0,40
LEAD_0002529,CUS_003465,PRJ_0012,2021-07-04,agency,1,72
LEAD_0002530,CUS_005590,PRJ_0020,2024-03-27,campaign,0,81
LEAD_0002531,CUS_003719,PRJ_0016,2023-02-08,campaign,3,71
LEAD_0002532,CUS_003549,PRJ_0024,2025-09-21,web,0,47
LEAD_0002533,CUS_005105,PRJ_0010,2022-08-01,referral,2,68
LEAD_0002534,CUS_002016,PRJ_0012,2021-01-02,web,0,68
LEAD_0002535,CUS_003292,PRJ_0020,2023-06-05,campaign,1,52
LEAD_0002536,CUS_005530,PRJ_0009,2024-12-30,web,1,71
LEAD_0002537,CUS_003693,PRJ_0027,2022-01-04,campaign,4,60
LEAD_0002538,CUS_004587,PRJ_0011,2022-08-26,walk_in,0,48
LEAD_0002539,CUS_003347,PRJ_0019,2025-08-17,agency,6,59
LEAD_0002540,CUS_000579,PRJ_0012,2021-11-18,web,2,51
LEAD_0002541,CUS_004089,PRJ_0022,2025-10-04,web,2,50
LEAD_0002542,CUS_004207,PRJ_0021,2024-01-03,campaign,1,55
LEAD_0002543,CUS_000469,PRJ_0024,2024-08-09,walk_in,3,78
LEAD_0002544,CUS_005454,PRJ_0008,2025-09-13,agency,1,78
LEAD_0002545,CUS_005372,PRJ_0006,2025-04-12,referral,0,39
LEAD_0002546,CUS_001657,PRJ_0005,2021-08-12,agency,1,84
LEAD_0002547,CUS_002611,PRJ_0022,2021-08-08,agency,3,77
LEAD_0002548,CUS_001421,PRJ_0016,2024-11-09,referral,1,59
LEAD_0002549,CUS_005660,PRJ_0012,2023-02-07,web,4,50
LEAD_0002550,CUS_006171,PRJ_0001,2023-07-15,agency,1,70
LEAD_0002551,CUS_003234,PRJ_0003,2024-06-23,agency,2,76
LEAD_0002552,CUS_004632,PRJ_0014,2024-11-02,web,4,61
LEAD_0002553,CUS_001299,PRJ_0002,2025-10-26,web,2,59
LEAD_0002554,CUS_005765,PRJ_0020,2024-08-30,referral,1,61
LEAD_0002555,CUS_002478,PRJ_0024,2025-11-19,agency,2,58
LEAD_0002556,CUS_002338,PRJ_0008,2021-02-09,campaign,0,48
LEAD_0002557,CUS_001255,PRJ_0020,2023-12-26,web,0,67
LEAD_0002558,CUS_005977,PRJ_0001,2021-05-09,referral,0,62
LEAD_0002559,CUS_000254,PRJ_0022,2025-11-08,web,1,49
LEAD_0002560,CUS_003844,PRJ_0025,2023-02-11,walk_in,2,62
LEAD_0002561,CUS_002734,PRJ_0018,2022-12-22,agency,2,68
LEAD_0002562,CUS_003630,PRJ_0011,2024-06-06,agency,2,82
LEAD_0002563,CUS_005593,PRJ_0001,2025-01-14,web,0,58
LEAD_0002564,CUS_001702,PRJ_0010,2021-06-10,agency,1,59
LEAD_0002565,CUS_003304,PRJ_0007,2023-11-20,web,3,58
LEAD_0002566,CUS_000161,PRJ_0020,2025-07-16,agency,2,66
LEAD_0002567,CUS_004206,PRJ_0023,2024-04-28,web,1,69
LEAD_0002568,CUS_003425,PRJ_0005,2021-11-04,agency,5,68
LEAD_0002569,CUS_003632,PRJ_0013,2022-08-07,web,2,61
LEAD_0002570,CUS_006372,PRJ_0020,2021-06-30,walk_in,4,48
LEAD_0002571,CUS_002434,PRJ_0018,2022-09-25,web,1,57
LEAD_0002572,CUS_002551,PRJ_0018,2023-12-07,web,1,51
LEAD_0002573,CUS_004329,PRJ_0009,2023-09-13,referral,2,68
LEAD_0002574,CUS_006106,PRJ_0006,2023-09-08,referral,5,88
LEAD_0002575,CUS_001858,PRJ_0021,2025-06-08,campaign,3,56
LEAD_0002576,CUS_000431,PRJ_0011,2021-07-04,campaign,0,64
LEAD_0002577,CUS_002609,PRJ_0016,2023-08-23,web,2,56
LEAD_0002578,CUS_001462,PRJ_0026,2021-08-24,agency,2,74
LEAD_0002579,CUS_003023,PRJ_0001,2021-08-16,campaign,3,71
LEAD_0002580,CUS_001844,PRJ_0020,2024-03-06,agency,2,54
LEAD_0002581,CUS_002449,PRJ_0019,2021-04-24,web,1,62
LEAD_0002582,CUS_002405,PRJ_0024,2022-04-09,referral,5,77
LEAD_0002583,CUS_001512,PRJ_0021,2025-09-08,web,1,54
LEAD_0002584,CUS_003615,PRJ_0012,2024-08-28,referral,2,66
LEAD_0002585,CUS_000664,PRJ_0015,2025-06-01,agency,3,74
LEAD_0002586,CUS_005449,PRJ_0018,2022-08-17,web,1,56
LEAD_0002587,CUS_004036,PRJ_0001,2025-07-30,web,3,63
LEAD_0002588,CUS_003712,PRJ_0009,2024-07-15,web,2,71
LEAD_0002589,CUS_001548,PRJ_0019,2021-04-14,walk_in,2,69
LEAD_0002590,CUS_000813,PRJ_0013,2024-02-10,web,3,59
LEAD_0002591,CUS_002101,PRJ_0027,2021-03-01,campaign,1,58
LEAD_0002592,CUS_000227,PRJ_0028,2023-06-27,web,0,50
LEAD_0002593,CUS_001852,PRJ_0003,2021-06-01,web,2,64
LEAD_0002594,CUS_004514,PRJ_0019,2021-01-28,agency,4,50
LEAD_0002595,CUS_004657,PRJ_0007,2025-06-11,campaign,2,51
LEAD_0002596,CUS_004651,PRJ_0007,2024-09-18,web,3,60
LEAD_0002597,CUS_002505,PRJ_0013,2022-03-13,web,0,83
LEAD_0002598,CUS_000032,PRJ_0020,2024-09-21,web,3,47
LEAD_0002599,CUS_005201,PRJ_0020,2021-01-16,referral,5,62
LEAD_0002600,CUS_000564,PRJ_0028,2025-10-29,walk_in,4,64
LEAD_0002601,CUS_002660,PRJ_0015,2022-10-16,agency,0,79
LEAD_0002602,CUS_005739,PRJ_0020,2024-06-22,agency,5,96
LEAD_0002603,CUS_005383,PRJ_0002,2022-11-16,campaign,1,39
LEAD_0002604,CUS_003827,PRJ_0018,2023-09-17,agency,1,54
LEAD_0002605,CUS_004042,PRJ_0023,2022-02-06,web,4,51
LEAD_0002606,CUS_003018,PRJ_0018,2025-08-02,web,1,62
LEAD_0002607,CUS_002758,PRJ_0012,2024-06-10,referral,3,74
LEAD_0002608,CUS_000595,PRJ_0021,2021-05-09,web,0,58
LEAD_0002609,CUS_005624,PRJ_0027,2022-02-07,web,3,52
LEAD_0002610,CUS_001826,PRJ_0028,2021-05-31,referral,2,83
LEAD_0002611,CUS_003647,PRJ_0026,2021-09-19,web,3,60
LEAD_0002612,CUS_004678,PRJ_0001,2021-04-12,referral,0,69
LEAD_0002613,CUS_005547,PRJ_0005,2025-11-15,walk_in,4,79
LEAD_0002614,CUS_003706,PRJ_0005,2024-04-19,referral,2,61
LEAD_0002615,CUS_000361,PRJ_0027,2023-10-26,web,2,74
LEAD_0002616,CUS_003531,PRJ_0020,2024-04-22,referral,0,72
LEAD_0002617,CUS_002874,PRJ_0007,2024-06-30,agency,0,72
LEAD_0002618,CUS_005172,PRJ_0002,2023-10-31,campaign,1,70
LEAD_0002619,CUS_002910,PRJ_0019,2024-12-17,agency,1,65
LEAD_0002620,CUS_004742,PRJ_0023,2023-11-26,agency,1,66
LEAD_0002621,CUS_002707,PRJ_0026,2021-09-19,referral,4,77
LEAD_0002622,CUS_001851,PRJ_0008,2021-09-17,agency,3,53
LEAD_0002623,CUS_004249,PRJ_0025,2021-06-06,campaign,3,63
LEAD_0002624,CUS_006004,PRJ_0022,2021-12-26,web,0,47
LEAD_0002625,CUS_002138,PRJ_0013,2021-03-18,agency,1,61
LEAD_0002626,CUS_003913,PRJ_0025,2023-02-27,agency,2,73
LEAD_0002627,CUS_005166,PRJ_0011,2021-12-30,agency,1,50
LEAD_0002628,CUS_000839,PRJ_0006,2024-02-05,agency,2,60
LEAD_0002629,CUS_000021,PRJ_0003,2025-11-05,web,2,49
LEAD_0002630,CUS_003326,PRJ_0026,2022-06-01,walk_in,1,58
LEAD_0002631,CUS_005992,PRJ_0005,2021-05-24,walk_in,0,43
LEAD_0002632,CUS_002754,PRJ_0004,2024-01-03,campaign,2,63
LEAD_0002633,CUS_001104,PRJ_0017,2022-07-13,walk_in,1,45
LEAD_0002634,CUS_005236,PRJ_0008,2022-10-05,campaign,2,53
LEAD_0002635,CUS_005406,PRJ_0021,2025-12-14,web,4,58
LEAD_0002636,CUS_006044,PRJ_0009,2022-10-02,web,1,64
LEAD_0002637,CUS_005364,PRJ_0028,2022-08-26,web,2,64
LEAD_0002638,CUS_001400,PRJ_0011,2022-01-10,web,3,67
LEAD_0002639,CUS_002534,PRJ_0010,2024-10-19,campaign,3,63
LEAD_0002640,CUS_004703,PRJ_0020,2023-12-26,web,1,80
LEAD_0002641,CUS_004339,PRJ_0006,2021-07-24,web,3,56
LEAD_0002642,CUS_003502,PRJ_0006,2024-12-20,campaign,0,47
LEAD_0002643,CUS_003091,PRJ_0008,2025-03-18,web,1,55
LEAD_0002644,CUS_005864,PRJ_0013,2023-06-23,agency,0,60
LEAD_0002645,CUS_005206,PRJ_0008,2021-09-24,agency,6,100
LEAD_0002646,CUS_000487,PRJ_0025,2024-04-16,web,2,64
LEAD_0002647,CUS_004271,PRJ_0024,2024-09-25,referral,0,72
LEAD_0002648,CUS_004607,PRJ_0002,2025-08-15,referral,2,69
LEAD_0002649,CUS_003197,PRJ_0014,2023-01-12,agency,2,77
LEAD_0002650,CUS_006298,PRJ_0016,2022-11-24,agency,5,66
LEAD_0002651,CUS_002132,PRJ_0017,2023-06-02,web,3,64
LEAD_0002652,CUS_003746,PRJ_0018,2024-01-18,campaign,6,73
LEAD_0002653,CUS_000056,PRJ_0003,2023-06-08,campaign,4,68
LEAD_0002654,CUS_001992,PRJ_0008,2024-07-24,agency,1,67
LEAD_0002655,CUS_006295,PRJ_0015,2023-11-25,referral,3,66
LEAD_0002656,CUS_004294,PRJ_0023,2025-09-14,referral,2,61
LEAD_0002657,CUS_004400,PRJ_0011,2021-09-17,referral,1,53
LEAD_0002658,CUS_000151,PRJ_0027,2022-12-27,agency,2,68
LEAD_0002659,CUS_000475,PRJ_0022,2021-01-12,campaign,5,56
LEAD_0002660,CUS_003598,PRJ_0010,2025-02-04,web,3,70
LEAD_0002661,CUS_000704,PRJ_0022,2024-08-22,agency,3,52
LEAD_0002662,CUS_002535,PRJ_0024,2025-06-16,agency,2,60
LEAD_0002663,CUS_002440,PRJ_0002,2024-08-06,referral,0,67
LEAD_0002664,CUS_000746,PRJ_0007,2023-10-10,web,1,65
LEAD_0002665,CUS_006218,PRJ_0025,2024-10-08,agency,3,69
LEAD_0002666,CUS_005921,PRJ_0007,2022-12-07,web,3,75
LEAD_0002667,CUS_005796,PRJ_0002,2022-08-15,walk_in,0,34
LEAD_0002668,CUS_003096,PRJ_0016,2025-09-22,agency,2,62
LEAD_0002669,CUS_000746,PRJ_0027,2022-02-14,web,2,72
LEAD_0002670,CUS_005718,PRJ_0015,2021-10-20,agency,1,64
LEAD_0002671,CUS_005940,PRJ_0002,2023-03-06,agency,4,61
LEAD_0002672,CUS_001678,PRJ_0026,2021-05-05,agency,2,72
LEAD_0002673,CUS_004634,PRJ_0011,2023-02-28,agency,3,79
LEAD_0002674,CUS_002035,PRJ_0013,2024-10-23,campaign,1,53
LEAD_0002675,CUS_005515,PRJ_0012,2022-09-19,agency,3,100
LEAD_0002676,CUS_006404,PRJ_0016,2022-07-26,referral,1,43
LEAD_0002677,CUS_002316,PRJ_0020,2022-11-21,agency,1,76
LEAD_0002678,CUS_003594,PRJ_0010,2023-10-06,web,2,75
LEAD_0002679,CUS_003941,PRJ_0005,2025-11-03,referral,3,73
LEAD_0002680,CUS_002444,PRJ_0007,2022-02-14,web,3,93
LEAD_0002681,CUS_006331,PRJ_0028,2024-02-19,web,4,77
LEAD_0002682,CUS_004877,PRJ_0020,2024-02-24,web,1,56
LEAD_0002683,CUS_002646,PRJ_0003,2024-03-19,agency,4,78
LEAD_0002684,CUS_000370,PRJ_0002,2025-02-05,campaign,2,35
LEAD_0002685,CUS_001525,PRJ_0005,2022-07-14,agency,1,63
LEAD_0002686,CUS_004996,PRJ_0025,2021-09-18,referral,3,77
LEAD_0002687,CUS_000108,PRJ_0007,2023-05-05,agency,2,65
LEAD_0002688,CUS_000982,PRJ_0026,2025-07-23,campaign,2,59
LEAD_0002689,CUS_003003,PRJ_0014,2023-04-04,agency,0,81
LEAD_0002690,CUS_000128,PRJ_0015,2023-06-25,campaign,2,55
LEAD_0002691,CUS_001405,PRJ_0003,2022-08-23,web,1,53
LEAD_0002692,CUS_006461,PRJ_0003,2025-10-06,web,1,63
LEAD_0002693,CUS_006204,PRJ_0005,2023-06-24,web,0,67
LEAD_0002694,CUS_001311,PRJ_0010,2025-11-24,agency,0,68
LEAD_0002695,CUS_002806,PRJ_0028,2023-08-24,web,2,56
LEAD_0002696,CUS_005840,PRJ_0002,2025-10-03,web,1,53
LEAD_0002697,CUS_000436,PRJ_0025,2023-04-25,campaign,1,61
LEAD_0002698,CUS_003273,PRJ_0007,2021-01-31,campaign,5,53
LEAD_0002699,CUS_005490,PRJ_0001,2022-10-12,web,3,77
LEAD_0002700,CUS_001069,PRJ_0019,2022-10-02,agency,2,62
LEAD_0002701,CUS_006257,PRJ_0028,2025-02-24,campaign,4,79
LEAD_0002702,CUS_003388,PRJ_0001,2025-03-25,campaign,0,57
LEAD_0002703,CUS_000145,PRJ_0020,2025-06-27,campaign,3,56
LEAD_0002704,CUS_001261,PRJ_0008,2022-02-08,web,2,67
LEAD_0002705,CUS_005855,PRJ_0020,2024-08-15,web,8,58
LEAD_0002706,CUS_000489,PRJ_0017,2023-05-17,web,2,61
LEAD_0002707,CUS_004795,PRJ_0021,2021-07-21,referral,1,50
LEAD_0002708,CUS_001991,PRJ_0024,2023-09-19,agency,2,73
LEAD_0002709,CUS_001085,PRJ_0003,2021-02-05,campaign,2,55
LEAD_0002710,CUS_003149,PRJ_0020,2024-06-05,web,2,48
LEAD_0002711,CUS_004858,PRJ_0018,2024-12-08,web,1,68
LEAD_0002712,CUS_004326,PRJ_0018,2024-07-30,web,0,51
LEAD_0002713,CUS_002031,PRJ_0023,2022-10-30,web,1,63
LEAD_0002714,CUS_002214,PRJ_0005,2023-02-11,campaign,2,61
LEAD_0002715,CUS_003198,PRJ_0022,2024-06-24,campaign,1,80
LEAD_0002716,CUS_001907,PRJ_0022,2021-09-23,referral,1,62
LEAD_0002717,CUS_004085,PRJ_0023,2021-12-22,web,3,71
LEAD_0002718,CUS_002886,PRJ_0008,2024-08-06,web,3,60
LEAD_0002719,CUS_000602,PRJ_0019,2021-10-12,walk_in,0,78
LEAD_0002720,CUS_002907,PRJ_0022,2023-11-21,referral,2,97
LEAD_0002721,CUS_000922,PRJ_0008,2021-08-31,web,1,63
LEAD_0002722,CUS_005379,PRJ_0011,2022-12-13,web,1,64
LEAD_0002723,CUS_002834,PRJ_0004,2023-04-18,referral,1,51
LEAD_0002724,CUS_000680,PRJ_0013,2025-04-06,walk_in,1,52
LEAD_0002725,CUS_001529,PRJ_0011,2023-01-19,agency,5,78
LEAD_0002726,CUS_000581,PRJ_0026,2023-11-27,walk_in,2,51
LEAD_0002727,CUS_001035,PRJ_0003,2021-12-27,web,5,66
LEAD_0002728,CUS_003367,PRJ_0005,2023-09-26,referral,1,75
LEAD_0002729,CUS_000630,PRJ_0024,2023-05-30,walk_in,1,64
LEAD_0002730,CUS_003809,PRJ_0017,2023-06-08,agency,2,80
LEAD_0002731,CUS_005954,PRJ_0001,2025-05-15,web,1,44
LEAD_0002732,CUS_001917,PRJ_0023,2025-02-03,referral,3,70
LEAD_0002733,CUS_000254,PRJ_0012,2024-04-20,web,4,66
LEAD_0002734,CUS_001394,PRJ_0007,2025-10-21,referral,3,82
LEAD_0002735,CUS_005215,PRJ_0002,2024-07-07,referral,2,67
LEAD_0002736,CUS_005590,PRJ_0012,2025-12-02,campaign,2,64
LEAD_0002737,CUS_003096,PRJ_0007,2024-12-18,agency,0,69
LEAD_0002738,CUS_001364,PRJ_0009,2025-08-19,referral,5,72
LEAD_0002739,CUS_002541,PRJ_0023,2022-08-11,web,1,63
LEAD_0002740,CUS_004211,PRJ_0022,2022-03-30,web,1,51
LEAD_0002741,CUS_002149,PRJ_0015,2025-01-26,walk_in,1,52
LEAD_0002742,CUS_004590,PRJ_0018,2022-11-10,referral,1,57
LEAD_0002743,CUS_004787,PRJ_0007,2022-08-06,campaign,0,59
LEAD_0002744,CUS_003789,PRJ_0014,2024-01-21,referral,2,90
LEAD_0002745,CUS_003418,PRJ_0022,2021-04-26,agency,2,81
LEAD_0002746,CUS_002599,PRJ_0024,2024-09-28,walk_in,3,88
LEAD_0002747,CUS_003127,PRJ_0010,2021-06-04,campaign,5,63
LEAD_0002748,CUS_005348,PRJ_0009,2021-07-30,agency,2,100
LEAD_0002749,CUS_000973,PRJ_0001,2021-09-20,agency,2,72
LEAD_0002750,CUS_002835,PRJ_0006,2025-11-03,web,1,54
LEAD_0002751,CUS_002291,PRJ_0017,2021-02-05,campaign,1,86
LEAD_0002752,CUS_000576,PRJ_0022,2021-07-13,web,1,69
LEAD_0002753,CUS_000348,PRJ_0014,2022-04-17,web,1,63
LEAD_0002754,CUS_000052,PRJ_0010,2025-07-08,agency,2,70
LEAD_0002755,CUS_004417,PRJ_0005,2022-10-17,referral,3,67
LEAD_0002756,CUS_005987,PRJ_0012,2025-09-11,web,2,75
LEAD_0002757,CUS_000602,PRJ_0017,2021-11-08,web,1,73
LEAD_0002758,CUS_005376,PRJ_0016,2021-12-11,campaign,3,58
LEAD_0002759,CUS_001754,PRJ_0010,2021-04-05,referral,1,66
LEAD_0002760,CUS_005726,PRJ_0028,2021-11-04,agency,1,61
LEAD_0002761,CUS_000239,PRJ_0004,2025-06-04,web,2,49
LEAD_0002762,CUS_001656,PRJ_0010,2023-03-01,web,3,64
LEAD_0002763,CUS_002794,PRJ_0005,2024-02-03,web,0,77
LEAD_0002764,CUS_001734,PRJ_0018,2022-05-25,web,4,74
LEAD_0002765,CUS_006333,PRJ_0001,2021-12-05,agency,2,91
LEAD_0002766,CUS_003857,PRJ_0026,2023-07-02,web,2,75
LEAD_0002767,CUS_002385,PRJ_0018,2021-04-22,agency,0,74
LEAD_0002768,CUS_005828,PRJ_0008,2025-08-12,web,6,71
LEAD_0002769,CUS_006295,PRJ_0023,2023-07-22,agency,4,68
LEAD_0002770,CUS_005791,PRJ_0023,2022-06-09,web,2,50
LEAD_0002771,CUS_004796,PRJ_0013,2021-01-18,web,2,67
LEAD_0002772,CUS_002113,PRJ_0021,2021-05-03,campaign,0,55
LEAD_0002773,CUS_004869,PRJ_0017,2022-05-21,referral,2,69
LEAD_0002774,CUS_005633,PRJ_0022,2021-11-12,agency,5,60
LEAD_0002775,CUS_002847,PRJ_0021,2023-06-14,referral,1,80
LEAD_0002776,CUS_002521,PRJ_0023,2023-07-08,web,0,52
LEAD_0002777,CUS_005321,PRJ_0018,2021-08-28,walk_in,2,73
LEAD_0002778,CUS_001170,PRJ_0013,2024-03-31,agency,1,59
LEAD_0002779,CUS_006172,PRJ_0008,2025-08-17,web,1,58
LEAD_0002780,CUS_001001,PRJ_0004,2024-03-19,walk_in,3,71
LEAD_0002781,CUS_004726,PRJ_0005,2023-05-28,campaign,4,68
LEAD_0002782,CUS_003792,PRJ_0015,2021-12-01,agency,1,72
LEAD_0002783,CUS_000778,PRJ_0024,2023-08-22,agency,2,55
LEAD_0002784,CUS_000486,PRJ_0006,2025-06-07,referral,2,69
LEAD_0002785,CUS_001726,PRJ_0005,2024-11-19,walk_in,1,54
LEAD_0002786,CUS_003647,PRJ_0005,2023-05-17,referral,2,53
LEAD_0002787,CUS_003704,PRJ_0021,2023-06-21,agency,2,71
LEAD_0002788,CUS_000136,PRJ_0014,2025-05-21,campaign,1,57
LEAD_0002789,CUS_003602,PRJ_0003,2021-08-12,agency,2,67
LEAD_0002790,CUS_001479,PRJ_0008,2022-04-06,referral,3,65
LEAD_0002791,CUS_002548,PRJ_0007,2021-08-12,web,3,46
LEAD_0002792,CUS_005762,PRJ_0011,2024-09-28,agency,3,63
LEAD_0002793,CUS_004652,PRJ_0028,2024-05-16,web,5,49
LEAD_0002794,CUS_005882,PRJ_0006,2024-09-24,walk_in,4,92
LEAD_0002795,CUS_004400,PRJ_0016,2024-01-07,walk_in,6,54
LEAD_0002796,CUS_004483,PRJ_0024,2024-12-07,web,2,55
LEAD_0002797,CUS_005743,PRJ_0014,2024-12-10,agency,1,70
LEAD_0002798,CUS_000619,PRJ_0021,2025-04-22,web,1,62
LEAD_0002799,CUS_002873,PRJ_0009,2021-05-24,agency,0,68
LEAD_0002800,CUS_005915,PRJ_0018,2021-04-23,walk_in,1,66
LEAD_0002801,CUS_003848,PRJ_0003,2023-06-13,web,1,53
LEAD_0002802,CUS_001701,PRJ_0003,2021-06-05,web,1,46
LEAD_0002803,CUS_004337,PRJ_0002,2021-12-05,agency,3,67
LEAD_0002804,CUS_000509,PRJ_0009,2023-04-16,web,2,97
LEAD_0002805,CUS_005204,PRJ_0010,2025-07-16,agency,1,77
LEAD_0002806,CUS_002267,PRJ_0018,2022-07-04,campaign,1,45
LEAD_0002807,CUS_002652,PRJ_0024,2025-11-06,referral,1,75
LEAD_0002808,CUS_001051,PRJ_0006,2025-05-29,web,4,41
LEAD_0002809,CUS_001596,PRJ_0016,2023-09-09,web,2,64
LEAD_0002810,CUS_004588,PRJ_0024,2023-07-09,web,0,43
LEAD_0002811,CUS_000451,PRJ_0020,2024-12-31,campaign,1,64
LEAD_0002812,CUS_002113,PRJ_0025,2021-03-19,agency,3,57
LEAD_0002813,CUS_006082,PRJ_0013,2022-05-27,agency,3,68
LEAD_0002814,CUS_003885,PRJ_0016,2022-05-18,agency,1,55
LEAD_0002815,CUS_006318,PRJ_0003,2021-07-12,walk_in,3,80
LEAD_0002816,CUS_006277,PRJ_0004,2021-03-25,walk_in,1,71
LEAD_0002817,CUS_000813,PRJ_0006,2024-12-01,referral,2,79
LEAD_0002818,CUS_002875,PRJ_0007,2021-06-05,web,1,41
LEAD_0002819,CUS_006227,PRJ_0013,2023-05-30,agency,1,91
LEAD_0002820,CUS_002041,PRJ_0001,2024-02-05,agency,2,80
LEAD_0002821,CUS_000017,PRJ_0021,2023-07-09,referral,3,58
LEAD_0002822,CUS_003858,PRJ_0008,2024-10-09,web,3,66
LEAD_0002823,CUS_002705,PRJ_0011,2022-01-13,campaign,1,54
LEAD_0002824,CUS_003975,PRJ_0023,2025-10-21,web,1,44
LEAD_0002825,CUS_002719,PRJ_0022,2021-08-21,web,4,65
LEAD_0002826,CUS_003669,PRJ_0009,2025-04-23,agency,2,85
LEAD_0002827,CUS_000666,PRJ_0004,2023-04-17,referral,1,67
LEAD_0002828,CUS_000672,PRJ_0023,2021-11-06,campaign,3,59
LEAD_0002829,CUS_000632,PRJ_0024,2024-09-08,campaign,2,53
LEAD_0002830,CUS_000122,PRJ_0025,2022-12-04,web,0,58
LEAD_0002831,CUS_004358,PRJ_0008,2021-12-09,agency,1,74
LEAD_0002832,CUS_005623,PRJ_0024,2025-04-21,web,3,54
LEAD_0002833,CUS_002486,PRJ_0022,2021-09-07,campaign,3,75
LEAD_0002834,CUS_001251,PRJ_0024,2025-11-23,web,2,70
LEAD_0002835,CUS_004876,PRJ_0002,2025-07-18,campaign,0,52
LEAD_0002836,CUS_000256,PRJ_0006,2021-04-22,agency,3,76
LEAD_0002837,CUS_000305,PRJ_0007,2023-06-25,agency,0,92
LEAD_0002838,CUS_003739,PRJ_0018,2024-05-03,campaign,2,60
LEAD_0002839,CUS_000096,PRJ_0003,2025-01-02,web,1,78
LEAD_0002840,CUS_001001,PRJ_0012,2025-02-03,agency,1,68
LEAD_0002841,CUS_001827,PRJ_0001,2021-03-02,web,3,62
LEAD_0002842,CUS_006231,PRJ_0007,2024-08-26,campaign,1,49
LEAD_0002843,CUS_003236,PRJ_0025,2021-01-19,web,1,63
LEAD_0002844,CUS_004461,PRJ_0026,2025-06-23,web,2,62
LEAD_0002845,CUS_002132,PRJ_0018,2025-03-15,web,1,61
LEAD_0002846,CUS_006479,PRJ_0027,2023-03-23,campaign,2,60
LEAD_0002847,CUS_005823,PRJ_0020,2025-05-24,web,1,59
LEAD_0002848,CUS_005312,PRJ_0011,2023-10-13,web,0,62
LEAD_0002849,CUS_001805,PRJ_0014,2025-05-05,agency,0,64
LEAD_0002850,CUS_002073,PRJ_0024,2023-09-15,agency,3,66
LEAD_0002851,CUS_000943,PRJ_0022,2021-01-27,referral,1,76
LEAD_0002852,CUS_004462,PRJ_0028,2023-06-28,web,3,72
LEAD_0002853,CUS_004987,PRJ_0015,2022-08-07,referral,0,49
LEAD_0002854,CUS_002785,PRJ_0027,2021-05-22,agency,4,74
LEAD_0002855,CUS_000070,PRJ_0024,2025-10-01,web,1,55
LEAD_0002856,CUS_001538,PRJ_0008,2025-11-13,campaign,2,67
LEAD_0002857,CUS_003526,PRJ_0027,2023-04-29,web,1,40
LEAD_0002858,CUS_003541,PRJ_0001,2022-09-22,walk_in,6,56
LEAD_0002859,CUS_002609,PRJ_0023,2025-08-19,referral,3,57
LEAD_0002860,CUS_006079,PRJ_0006,2022-03-18,web,1,56
LEAD_0002861,CUS_000726,PRJ_0012,2025-12-12,referral,3,68
LEAD_0002862,CUS_000057,PRJ_0005,2023-06-01,referral,2,54
LEAD_0002863,CUS_002163,PRJ_0001,2022-10-27,web,2,57
LEAD_0002864,CUS_005998,PRJ_0008,2024-10-27,agency,2,53
LEAD_0002865,CUS_006240,PRJ_0014,2025-08-28,agency,0,52
LEAD_0002866,CUS_001650,PRJ_0011,2025-01-18,campaign,1,81
LEAD_0002867,CUS_003496,PRJ_0005,2024-08-01,campaign,2,60
LEAD_0002868,CUS_000554,PRJ_0023,2021-07-14,campaign,2,46
LEAD_0002869,CUS_002368,PRJ_0021,2021-08-24,agency,1,63
LEAD_0002870,CUS_006463,PRJ_0010,2025-04-21,web,2,44
LEAD_0002871,CUS_003051,PRJ_0015,2024-03-04,referral,1,69
LEAD_0002872,CUS_000710,PRJ_0026,2024-06-07,web,1,65
LEAD_0002873,CUS_004696,PRJ_0014,2024-08-16,walk_in,3,65
LEAD_0002874,CUS_006296,PRJ_0020,2021-07-18,agency,1,73
LEAD_0002875,CUS_002066,PRJ_0004,2022-06-09,campaign,6,58
LEAD_0002876,CUS_003913,PRJ_0003,2024-09-29,web,2,56
LEAD_0002877,CUS_004333,PRJ_0014,2025-11-05,web,2,72
LEAD_0002878,CUS_005559,PRJ_0028,2025-10-02,web,1,76
LEAD_0002879,CUS_006168,PRJ_0006,2021-08-29,referral,2,61
LEAD_0002880,CUS_004123,PRJ_0008,2023-09-27,campaign,0,63
LEAD_0002881,CUS_004629,PRJ_0021,2021-07-20,walk_in,2,50
LEAD_0002882,CUS_000222,PRJ_0020,2023-12-11,referral,3,65
LEAD_0002883,CUS_002024,PRJ_0005,2023-12-28,agency,3,69
LEAD_0002884,CUS_004939,PRJ_0023,2021-12-22,web,2,68
LEAD_0002885,CUS_006045,PRJ_0013,2025-11-30,web,1,57
LEAD_0002886,CUS_004770,PRJ_0011,2022-04-12,referral,3,65
LEAD_0002887,CUS_002057,PRJ_0009,2025-05-14,walk_in,2,66
LEAD_0002888,CUS_001115,PRJ_0025,2025-11-16,web,1,45
LEAD_0002889,CUS_003876,PRJ_0018,2025-11-13,web,2,56
LEAD_0002890,CUS_000580,PRJ_0023,2024-08-17,referral,2,86
LEAD_0002891,CUS_004994,PRJ_0027,2024-11-03,agency,4,78
LEAD_0002892,CUS_002476,PRJ_0022,2022-09-06,web,0,62
LEAD_0002893,CUS_004336,PRJ_0006,2022-12-11,web,2,63
LEAD_0002894,CUS_000157,PRJ_0025,2025-10-30,web,0,39
LEAD_0002895,CUS_001772,PRJ_0011,2021-05-20,agency,0,47
LEAD_0002896,CUS_000018,PRJ_0010,2023-07-02,campaign,2,75
LEAD_0002897,CUS_001995,PRJ_0023,2022-03-23,agency,3,68
LEAD_0002898,CUS_005417,PRJ_0021,2021-11-12,campaign,6,64
LEAD_0002899,CUS_002257,PRJ_0020,2022-06-19,campaign,3,59
LEAD_0002900,CUS_005314,PRJ_0014,2024-12-09,web,3,64
LEAD_0002901,CUS_003344,PRJ_0011,2024-05-26,referral,2,90
LEAD_0002902,CUS_003025,PRJ_0020,2023-05-07,web,1,63
LEAD_0002903,CUS_004354,PRJ_0022,2023-03-08,agency,2,49
LEAD_0002904,CUS_002941,PRJ_0021,2022-08-19,campaign,2,61
LEAD_0002905,CUS_003714,PRJ_0027,2024-10-18,web,3,58
LEAD_0002906,CUS_002431,PRJ_0018,2021-09-21,walk_in,2,43
LEAD_0002907,CUS_006416,PRJ_0020,2022-02-20,campaign,4,56
LEAD_0002908,CUS_000964,PRJ_0024,2023-03-13,campaign,1,73
LEAD_0002909,CUS_005527,PRJ_0003,2021-11-10,walk_in,3,61
LEAD_0002910,CUS_004190,PRJ_0007,2023-10-21,web,1,60
LEAD_0002911,CUS_003702,PRJ_0026,2022-07-11,web,2,53
LEAD_0002912,CUS_002159,PRJ_0001,2024-06-11,web,2,74
LEAD_0002913,CUS_001619,PRJ_0018,2021-01-20,walk_in,2,43
LEAD_0002914,CUS_001899,PRJ_0019,2023-08-01,referral,2,80
LEAD_0002915,CUS_002461,PRJ_0018,2025-12-03,walk_in,2,87
LEAD_0002916,CUS_000516,PRJ_0002,2025-01-14,agency,2,80
LEAD_0002917,CUS_000737,PRJ_0023,2021-08-11,campaign,1,68
LEAD_0002918,CUS_003527,PRJ_0008,2022-08-20,web,1,70
LEAD_0002919,CUS_005052,PRJ_0017,2025-05-03,web,2,80
LEAD_0002920,CUS_006371,PRJ_0005,2021-05-08,web,1,32
LEAD_0002921,CUS_002467,PRJ_0001,2024-07-13,campaign,3,67
LEAD_0002922,CUS_005981,PRJ_0010,2021-05-18,referral,1,48
LEAD_0002923,CUS_004965,PRJ_0004,2022-04-03,web,0,57
LEAD_0002924,CUS_001226,PRJ_0028,2025-11-30,agency,2,100
LEAD_0002925,CUS_001571,PRJ_0026,2025-06-04,web,2,50
LEAD_0002926,CUS_003018,PRJ_0020,2022-12-21,campaign,5,84
LEAD_0002927,CUS_001142,PRJ_0011,2024-05-17,web,1,71
LEAD_0002928,CUS_003058,PRJ_0002,2023-04-24,web,3,70
LEAD_0002929,CUS_001153,PRJ_0014,2021-03-18,web,5,97
LEAD_0002930,CUS_002389,PRJ_0028,2025-03-10,walk_in,4,55
LEAD_0002931,CUS_002281,PRJ_0017,2024-12-10,referral,2,60
LEAD_0002932,CUS_001597,PRJ_0027,2025-10-18,agency,1,49
LEAD_0002933,CUS_000709,PRJ_0019,2021-06-01,campaign,4,68
LEAD_0002934,CUS_004834,PRJ_0020,2022-01-06,agency,2,92
LEAD_0002935,CUS_000093,PRJ_0002,2022-06-13,referral,2,74
LEAD_0002936,CUS_002449,PRJ_0022,2024-01-31,referral,3,65
LEAD_0002937,CUS_004768,PRJ_0011,2025-10-19,campaign,3,55
LEAD_0002938,CUS_005096,PRJ_0005,2025-02-20,agency,4,60
LEAD_0002939,CUS_002530,PRJ_0016,2025-05-25,web,4,76
LEAD_0002940,CUS_000486,PRJ_0016,2025-11-29,campaign,1,44
LEAD_0002941,CUS_004934,PRJ_0011,2024-09-13,web,2,78
LEAD_0002942,CUS_005830,PRJ_0013,2023-07-11,campaign,1,76
LEAD_0002943,CUS_001170,PRJ_0010,2022-01-24,agency,1,72
LEAD_0002944,CUS_004925,PRJ_0019,2022-07-28,agency,1,44
LEAD_0002945,CUS_003668,PRJ_0003,2024-02-03,agency,1,62
LEAD_0002946,CUS_002149,PRJ_0021,2025-09-11,web,3,61
LEAD_0002947,CUS_006262,PRJ_0016,2023-05-10,campaign,1,52
LEAD_0002948,CUS_004705,PRJ_0008,2023-07-01,walk_in,1,42
LEAD_0002949,CUS_001475,PRJ_0011,2023-08-21,agency,0,60
LEAD_0002950,CUS_003774,PRJ_0008,2025-02-14,web,1,45
LEAD_0002951,CUS_001512,PRJ_0024,2024-04-03,web,0,50
LEAD_0002952,CUS_001771,PRJ_0025,2023-07-03,web,2,60
LEAD_0002953,CUS_004726,PRJ_0019,2024-01-17,referral,2,78
LEAD_0002954,CUS_002296,PRJ_0008,2021-10-08,campaign,5,85
LEAD_0002955,CUS_001979,PRJ_0026,2021-02-17,agency,4,71
LEAD_0002956,CUS_003698,PRJ_0010,2022-09-04,web,2,58
LEAD_0002957,CUS_001552,PRJ_0012,2025-11-21,web,1,56
LEAD_0002958,CUS_003268,PRJ_0020,2024-04-14,web,1,77
LEAD_0002959,CUS_000966,PRJ_0018,2021-06-02,web,0,49
LEAD_0002960,CUS_001440,PRJ_0021,2023-08-12,campaign,2,56
LEAD_0002961,CUS_002040,PRJ_0001,2021-09-11,walk_in,2,53
LEAD_0002962,CUS_005533,PRJ_0011,2024-07-09,web,0,46
LEAD_0002963,CUS_001919,PRJ_0005,2023-11-21,web,1,55
LEAD_0002964,CUS_006123,PRJ_0028,2024-05-22,agency,2,90
LEAD_0002965,CUS_001763,PRJ_0002,2024-10-13,web,0,35
LEAD_0002966,CUS_004396,PRJ_0010,2023-01-20,agency,3,58
LEAD_0002967,CUS_005048,PRJ_0027,2022-04-04,agency,4,62
LEAD_0002968,CUS_003942,PRJ_0008,2021-05-30,walk_in,3,60
LEAD_0002969,CUS_002889,PRJ_0024,2025-09-02,web,1,71
LEAD_0002970,CUS_004681,PRJ_0003,2021-01-26,web,0,49
LEAD_0002971,CUS_004873,PRJ_0023,2024-09-10,web,2,60
LEAD_0002972,CUS_001446,PRJ_0011,2025-07-08,referral,0,67
LEAD_0002973,CUS_002495,PRJ_0020,2023-06-06,agency,0,55
LEAD_0002974,CUS_001788,PRJ_0018,2021-01-19,referral,4,80
LEAD_0002975,CUS_000874,PRJ_0019,2024-05-22,agency,1,65
LEAD_0002976,CUS_000132,PRJ_0003,2022-02-26,campaign,0,48
LEAD_0002977,CUS_001985,PRJ_0010,2022-06-25,campaign,4,63
LEAD_0002978,CUS_000384,PRJ_0001,2023-10-07,web,2,55
LEAD_0002979,CUS_003057,PRJ_0026,2021-10-19,referral,3,52
LEAD_0002980,CUS_001818,PRJ_0011,2022-09-10,web,3,54
LEAD_0002981,CUS_000796,PRJ_0026,2024-04-26,web,0,60
LEAD_0002982,CUS_000823,PRJ_0014,2024-06-18,agency,3,100
LEAD_0002983,CUS_001813,PRJ_0023,2025-07-05,referral,1,43
LEAD_0002984,CUS_002523,PRJ_0008,2024-04-25,web,2,70
LEAD_0002985,CUS_002664,PRJ_0012,2021-05-16,web,3,50
LEAD_0002986,CUS_001931,PRJ_0003,2021-07-21,agency,4,87
LEAD_0002987,CUS_005495,PRJ_0025,2024-12-14,web,4,58
LEAD_0002988,CUS_005516,PRJ_0021,2023-09-29,agency,5,65
LEAD_0002989,CUS_001759,PRJ_0011,2021-09-25,campaign,0,75
LEAD_0002990,CUS_006440,PRJ_0010,2024-01-06,web,2,70
LEAD_0002991,CUS_001654,PRJ_0019,2022-02-26,campaign,2,66
LEAD_0002992,CUS_001703,PRJ_0007,2021-04-18,web,0,63
LEAD_0002993,CUS_001566,PRJ_0019,2022-05-10,campaign,0,67
LEAD_0002994,CUS_001200,PRJ_0011,2022-07-13,agency,4,77
LEAD_0002995,CUS_002085,PRJ_0015,2023-04-05,web,4,67
LEAD_0002996,CUS_001602,PRJ_0012,2025-10-14,campaign,1,47
LEAD_0002997,CUS_000253,PRJ_0011,2023-08-31,referral,1,70
LEAD_0002998,CUS_000486,PRJ_0010,2025-11-18,web,1,57
LEAD_0002999,CUS_000434,PRJ_0009,2023-05-29,web,1,68
LEAD_0003000,CUS_003470,PRJ_0021,2024-02-01,referral,1,78
LEAD_0003001,CUS_004311,PRJ_0007,2024-08-12,agency,2,69
LEAD_0003002,CUS_005473,PRJ_0020,2022-03-03,web,2,55
LEAD_0003003,CUS_002885,PRJ_0021,2025-04-15,campaign,2,51
LEAD_0003004,CUS_002072,PRJ_0002,2021-01-06,walk_in,0,63
LEAD_0003005,CUS_005276,PRJ_0020,2024-07-28,web,1,80
LEAD_0003006,CUS_004933,PRJ_0010,2023-11-18,web,2,70
LEAD_0003007,CUS_005086,PRJ_0019,2024-12-09,campaign,1,56
LEAD_0003008,CUS_005971,PRJ_0016,2025-10-10,referral,1,41
LEAD_0003009,CUS_004950,PRJ_0006,2024-08-23,agency,0,53
LEAD_0003010,CUS_000113,PRJ_0024,2022-08-10,agency,3,54
LEAD_0003011,CUS_001639,PRJ_0027,2025-09-14,web,1,48
LEAD_0003012,CUS_003803,PRJ_0009,2021-10-26,campaign,0,61
LEAD_0003013,CUS_002490,PRJ_0012,2023-05-03,campaign,1,51
LEAD_0003014,CUS_001768,PRJ_0001,2021-03-14,campaign,1,51
LEAD_0003015,CUS_000914,PRJ_0001,2023-07-13,referral,1,74
LEAD_0003016,CUS_003961,PRJ_0024,2024-02-12,campaign,2,56
LEAD_0003017,CUS_005930,PRJ_0026,2024-10-24,agency,2,73
LEAD_0003018,CUS_000279,PRJ_0021,2021-12-20,web,2,58
LEAD_0003019,CUS_001560,PRJ_0024,2025-12-24,web,1,49
LEAD_0003020,CUS_000072,PRJ_0016,2022-08-08,referral,4,85
LEAD_0003021,CUS_006049,PRJ_0009,2023-09-14,campaign,3,61
LEAD_0003022,CUS_000550,PRJ_0017,2025-08-23,referral,1,65
LEAD_0003023,CUS_002111,PRJ_0011,2023-10-20,agency,1,56
LEAD_0003024,CUS_005027,PRJ_0022,2022-06-25,campaign,2,77
LEAD_0003025,CUS_001848,PRJ_0006,2023-02-01,campaign,4,75
LEAD_0003026,CUS_002405,PRJ_0015,2022-04-08,web,8,73
LEAD_0003027,CUS_002093,PRJ_0025,2021-01-28,web,2,80
LEAD_0003028,CUS_005595,PRJ_0018,2022-03-22,campaign,3,85
LEAD_0003029,CUS_006107,PRJ_0003,2024-08-24,web,4,73
LEAD_0003030,CUS_001557,PRJ_0028,2021-04-17,agency,2,69
LEAD_0003031,CUS_002586,PRJ_0015,2024-10-19,web,2,64
LEAD_0003032,CUS_001622,PRJ_0007,2024-04-20,referral,4,82
LEAD_0003033,CUS_000710,PRJ_0022,2024-10-29,web,4,87
LEAD_0003034,CUS_000975,PRJ_0018,2022-11-01,web,1,47
LEAD_0003035,CUS_005870,PRJ_0004,2023-12-04,agency,3,81
LEAD_0003036,CUS_005780,PRJ_0023,2025-05-07,agency,3,78
LEAD_0003037,CUS_004031,PRJ_0013,2023-03-22,web,2,55
LEAD_0003038,CUS_004929,PRJ_0005,2024-11-28,agency,3,83
LEAD_0003039,CUS_006103,PRJ_0005,2025-03-16,agency,4,65
LEAD_0003040,CUS_000314,PRJ_0026,2024-06-10,campaign,1,66
LEAD_0003041,CUS_004616,PRJ_0009,2023-12-17,web,4,58
LEAD_0003042,CUS_005071,PRJ_0009,2021-06-18,referral,3,66
LEAD_0003043,CUS_003300,PRJ_0020,2024-06-01,referral,0,71
LEAD_0003044,CUS_005149,PRJ_0022,2023-10-28,web,1,64
LEAD_0003045,CUS_001447,PRJ_0003,2022-04-13,agency,2,55
LEAD_0003046,CUS_000527,PRJ_0018,2023-08-11,web,1,67
LEAD_0003047,CUS_001727,PRJ_0016,2023-12-07,agency,6,80
LEAD_0003048,CUS_000737,PRJ_0016,2022-10-07,walk_in,0,61
LEAD_0003049,CUS_005981,PRJ_0003,2022-03-26,web,1,70
LEAD_0003050,CUS_004352,PRJ_0026,2025-04-27,web,1,57
LEAD_0003051,CUS_000961,PRJ_0028,2022-07-27,walk_in,1,59
LEAD_0003052,CUS_001329,PRJ_0012,2024-08-24,web,1,64
LEAD_0003053,CUS_000349,PRJ_0019,2024-03-10,web,1,51
LEAD_0003054,CUS_000152,PRJ_0013,2021-06-04,referral,2,74
LEAD_0003055,CUS_000063,PRJ_0012,2025-12-28,referral,3,87
LEAD_0003056,CUS_004669,PRJ_0015,2022-10-18,campaign,0,70
LEAD_0003057,CUS_006018,PRJ_0015,2023-08-11,web,2,52
LEAD_0003058,CUS_004561,PRJ_0026,2022-08-01,web,0,54
LEAD_0003059,CUS_000544,PRJ_0015,2023-06-16,web,2,60
LEAD_0003060,CUS_000543,PRJ_0028,2024-12-29,web,2,71
LEAD_0003061,CUS_004161,PRJ_0009,2025-06-10,agency,4,78
LEAD_0003062,CUS_001089,PRJ_0027,2023-05-07,agency,3,69
LEAD_0003063,CUS_000469,PRJ_0019,2025-03-03,referral,0,56
LEAD_0003064,CUS_001274,PRJ_0024,2023-07-31,walk_in,4,78
LEAD_0003065,CUS_004775,PRJ_0015,2023-07-15,web,0,54
LEAD_0003066,CUS_004377,PRJ_0014,2022-09-28,referral,0,59
LEAD_0003067,CUS_004071,PRJ_0005,2023-11-19,web,1,59
LEAD_0003068,CUS_001900,PRJ_0008,2025-05-23,web,0,41
LEAD_0003069,CUS_002067,PRJ_0003,2021-02-06,web,0,59
LEAD_0003070,CUS_001888,PRJ_0027,2021-05-07,campaign,4,62
LEAD_0003071,CUS_006078,PRJ_0009,2021-05-26,agency,2,78
LEAD_0003072,CUS_003076,PRJ_0005,2025-12-23,campaign,1,39
LEAD_0003073,CUS_001237,PRJ_0022,2022-01-30,web,3,60
LEAD_0003074,CUS_001846,PRJ_0002,2025-11-11,agency,0,58
LEAD_0003075,CUS_003610,PRJ_0022,2025-10-01,referral,2,92
LEAD_0003076,CUS_004136,PRJ_0015,2025-04-01,walk_in,3,62
LEAD_0003077,CUS_000827,PRJ_0022,2023-04-19,web,2,44
LEAD_0003078,CUS_000226,PRJ_0017,2024-02-10,agency,4,90
LEAD_0003079,CUS_002132,PRJ_0023,2021-12-16,campaign,2,57
LEAD_0003080,CUS_003860,PRJ_0020,2022-11-03,web,2,54
LEAD_0003081,CUS_005440,PRJ_0022,2022-11-23,web,3,96
LEAD_0003082,CUS_000961,PRJ_0012,2022-03-24,walk_in,3,62
LEAD_0003083,CUS_005194,PRJ_0010,2023-06-05,agency,0,70
LEAD_0003084,CUS_000178,PRJ_0024,2023-01-12,agency,2,72
LEAD_0003085,CUS_004938,PRJ_0009,2024-07-31,agency,1,57
LEAD_0003086,CUS_002287,PRJ_0020,2025-10-04,web,1,61
LEAD_0003087,CUS_000640,PRJ_0005,2023-08-14,campaign,1,48
LEAD_0003088,CUS_005463,PRJ_0024,2021-10-21,web,0,54
LEAD_0003089,CUS_004745,PRJ_0009,2021-12-22,walk_in,2,80
LEAD_0003090,CUS_001424,PRJ_0025,2025-02-23,referral,1,53
LEAD_0003091,CUS_004313,PRJ_0027,2021-01-23,web,1,71
LEAD_0003092,CUS_001201,PRJ_0025,2021-07-14,walk_in,2,49
LEAD_0003093,CUS_006045,PRJ_0019,2024-01-18,campaign,0,72
LEAD_0003094,CUS_003451,PRJ_0017,2025-03-29,web,1,67
LEAD_0003095,CUS_006180,PRJ_0014,2024-07-25,walk_in,3,67
LEAD_0003096,CUS_003698,PRJ_0003,2021-10-25,web,4,57
LEAD_0003097,CUS_002957,PRJ_0020,2025-08-24,web,2,55
LEAD_0003098,CUS_003849,PRJ_0006,2023-10-11,agency,0,56
LEAD_0003099,CUS_001258,PRJ_0016,2023-12-17,web,0,45
LEAD_0003100,CUS_004056,PRJ_0006,2024-09-18,agency,1,60
LEAD_0003101,CUS_001205,PRJ_0012,2023-10-22,agency,0,63
LEAD_0003102,CUS_003763,PRJ_0014,2025-03-18,web,2,68
LEAD_0003103,CUS_000810,PRJ_0015,2022-05-19,web,2,72
LEAD_0003104,CUS_000965,PRJ_0005,2021-06-29,campaign,2,56
LEAD_0003105,CUS_000931,PRJ_0024,2022-03-04,agency,1,71
LEAD_0003106,CUS_003310,PRJ_0009,2023-08-26,campaign,1,48
LEAD_0003107,CUS_001549,PRJ_0019,2024-08-02,walk_in,4,72
LEAD_0003108,CUS_001388,PRJ_0007,2025-10-02,referral,1,57
LEAD_0003109,CUS_002493,PRJ_0020,2021-11-24,web,3,68
LEAD_0003110,CUS_003239,PRJ_0023,2023-06-04,web,4,51
LEAD_0003111,CUS_005950,PRJ_0003,2025-05-04,referral,1,64
LEAD_0003112,CUS_000850,PRJ_0019,2024-11-29,web,1,54
LEAD_0003113,CUS_003882,PRJ_0001,2024-04-16,web,0,64
LEAD_0003114,CUS_003696,PRJ_0023,2021-09-20,web,3,61
LEAD_0003115,CUS_002997,PRJ_0012,2023-10-20,web,4,90
LEAD_0003116,CUS_005071,PRJ_0001,2022-04-21,campaign,0,50
LEAD_0003117,CUS_004802,PRJ_0021,2023-02-25,campaign,1,52
LEAD_0003118,CUS_005861,PRJ_0020,2021-10-13,agency,4,70
LEAD_0003119,CUS_006342,PRJ_0021,2023-09-05,referral,4,76
LEAD_0003120,CUS_005600,PRJ_0001,2023-07-09,agency,3,73
LEAD_0003121,CUS_002303,PRJ_0026,2021-11-05,referral,0,54
LEAD_0003122,CUS_001167,PRJ_0011,2021-02-07,referral,2,95
LEAD_0003123,CUS_003410,PRJ_0023,2023-02-18,web,1,59
LEAD_0003124,CUS_002930,PRJ_0001,2022-05-08,referral,0,56
LEAD_0003125,CUS_002982,PRJ_0017,2022-08-30,web,4,59
LEAD_0003126,CUS_000041,PRJ_0022,2024-11-18,referral,8,88
LEAD_0003127,CUS_005824,PRJ_0020,2021-11-28,walk_in,1,51
LEAD_0003128,CUS_002464,PRJ_0007,2021-11-12,agency,2,74
LEAD_0003129,CUS_003575,PRJ_0004,2023-06-05,web,1,42
LEAD_0003130,CUS_003476,PRJ_0017,2024-09-27,agency,0,85
LEAD_0003131,CUS_006205,PRJ_0028,2023-11-14,campaign,2,69
LEAD_0003132,CUS_004777,PRJ_0002,2025-07-10,campaign,4,79
LEAD_0003133,CUS_001415,PRJ_0028,2024-09-28,web,2,63
LEAD_0003134,CUS_001796,PRJ_0001,2023-02-26,web,5,75
LEAD_0003135,CUS_001933,PRJ_0010,2022-10-04,agency,4,91
LEAD_0003136,CUS_002648,PRJ_0027,2025-06-02,agency,2,74
LEAD_0003137,CUS_003254,PRJ_0014,2025-12-06,agency,2,63
LEAD_0003138,CUS_005630,PRJ_0026,2024-02-29,web,3,56
LEAD_0003139,CUS_001489,PRJ_0014,2024-07-06,web,0,73
LEAD_0003140,CUS_004267,PRJ_0007,2023-03-09,agency,3,97
LEAD_0003141,CUS_002493,PRJ_0023,2023-12-19,agency,5,94
LEAD_0003142,CUS_003661,PRJ_0027,2024-04-12,agency,2,71
LEAD_0003143,CUS_000633,PRJ_0012,2025-12-21,web,2,70
LEAD_0003144,CUS_003230,PRJ_0003,2022-10-25,walk_in,3,71
LEAD_0003145,CUS_004240,PRJ_0003,2023-12-09,web,3,67
LEAD_0003146,CUS_003330,PRJ_0006,2021-02-05,web,2,55
LEAD_0003147,CUS_000150,PRJ_0001,2025-07-07,web,2,66
LEAD_0003148,CUS_001958,PRJ_0013,2025-11-24,agency,2,68
LEAD_0003149,CUS_002164,PRJ_0021,2023-12-10,campaign,1,51
LEAD_0003150,CUS_000421,PRJ_0018,2023-01-01,web,3,67
LEAD_0003151,CUS_002362,PRJ_0022,2025-01-21,campaign,1,67
LEAD_0003152,CUS_003765,PRJ_0010,2021-04-27,campaign,4,75
LEAD_0003153,CUS_002615,PRJ_0011,2024-01-02,web,2,49
LEAD_0003154,CUS_005680,PRJ_0013,2022-10-12,referral,3,71
LEAD_0003155,CUS_003361,PRJ_0023,2021-12-21,agency,1,92
LEAD_0003156,CUS_006483,PRJ_0004,2021-09-05,walk_in,3,60
LEAD_0003157,CUS_004884,PRJ_0001,2024-09-29,referral,2,72
LEAD_0003158,CUS_000621,PRJ_0027,2023-09-02,campaign,3,69
LEAD_0003159,CUS_003970,PRJ_0014,2025-08-10,walk_in,1,56
LEAD_0003160,CUS_001319,PRJ_0004,2023-10-21,agency,0,60
LEAD_0003161,CUS_002422,PRJ_0021,2021-08-06,agency,1,80
LEAD_0003162,CUS_004581,PRJ_0002,2022-10-24,web,1,71
LEAD_0003163,CUS_005693,PRJ_0009,2022-09-12,referral,1,59
LEAD_0003164,CUS_003618,PRJ_0005,2023-04-18,web,2,63
LEAD_0003165,CUS_003179,PRJ_0018,2023-02-16,web,5,80
LEAD_0003166,CUS_005655,PRJ_0007,2021-06-18,web,4,69
LEAD_0003167,CUS_004393,PRJ_0019,2023-06-02,agency,3,67
LEAD_0003168,CUS_002340,PRJ_0003,2024-04-24,web,1,32
LEAD_0003169,CUS_001364,PRJ_0006,2021-02-03,web,1,43
LEAD_0003170,CUS_003746,PRJ_0009,2021-02-20,agency,2,76
LEAD_0003171,CUS_000026,PRJ_0023,2024-02-01,referral,3,97
LEAD_0003172,CUS_005902,PRJ_0002,2023-11-16,referral,1,63
LEAD_0003173,CUS_005969,PRJ_0003,2024-04-27,web,1,83
LEAD_0003174,CUS_004337,PRJ_0006,2024-06-12,web,2,59
LEAD_0003175,CUS_001817,PRJ_0025,2025-03-19,referral,2,60
LEAD_0003176,CUS_001440,PRJ_0006,2023-03-11,referral,0,53
LEAD_0003177,CUS_004290,PRJ_0019,2024-09-20,walk_in,3,87
LEAD_0003178,CUS_005036,PRJ_0001,2021-10-29,web,1,79
LEAD_0003179,CUS_004143,PRJ_0024,2021-01-05,web,4,45
LEAD_0003180,CUS_000952,PRJ_0003,2021-11-17,web,1,52
LEAD_0003181,CUS_006104,PRJ_0009,2024-08-18,web,0,54
LEAD_0003182,CUS_000690,PRJ_0020,2025-06-27,agency,2,63
LEAD_0003183,CUS_000249,PRJ_0023,2021-07-04,web,6,72
LEAD_0003184,CUS_002208,PRJ_0022,2023-03-25,campaign,1,61
LEAD_0003185,CUS_001437,PRJ_0002,2023-11-11,web,3,57
LEAD_0003186,CUS_003193,PRJ_0007,2025-06-12,referral,2,64
LEAD_0003187,CUS_003877,PRJ_0003,2022-02-01,agency,3,95
LEAD_0003188,CUS_004464,PRJ_0020,2024-04-11,campaign,4,68
LEAD_0003189,CUS_001412,PRJ_0008,2025-03-05,web,1,75
LEAD_0003190,CUS_005128,PRJ_0012,2021-05-01,agency,3,63
LEAD_0003191,CUS_001499,PRJ_0015,2022-01-31,web,1,53
LEAD_0003192,CUS_004170,PRJ_0010,2021-09-04,referral,4,71
LEAD_0003193,CUS_004225,PRJ_0014,2024-07-19,agency,1,60
LEAD_0003194,CUS_004872,PRJ_0020,2022-06-13,agency,0,79
LEAD_0003195,CUS_004589,PRJ_0023,2021-05-07,agency,1,100
LEAD_0003196,CUS_006491,PRJ_0024,2021-06-20,web,1,63
LEAD_0003197,CUS_001327,PRJ_0004,2024-06-04,campaign,2,54
LEAD_0003198,CUS_000177,PRJ_0017,2023-11-26,referral,3,58
LEAD_0003199,CUS_000159,PRJ_0028,2022-08-31,agency,1,81
LEAD_0003200,CUS_005598,PRJ_0015,2025-07-27,referral,0,62
LEAD_0003201,CUS_005313,PRJ_0018,2021-02-17,referral,0,68
LEAD_0003202,CUS_003615,PRJ_0013,2022-03-02,referral,0,63
LEAD_0003203,CUS_005673,PRJ_0010,2023-09-30,web,4,71
LEAD_0003204,CUS_002535,PRJ_0009,2025-09-30,referral,0,56
LEAD_0003205,CUS_002032,PRJ_0022,2025-06-02,walk_in,1,40
LEAD_0003206,CUS_001113,PRJ_0023,2024-08-22,campaign,2,58
LEAD_0003207,CUS_002568,PRJ_0008,2023-05-26,agency,0,80
LEAD_0003208,CUS_006442,PRJ_0022,2023-03-07,web,4,65
LEAD_0003209,CUS_005417,PRJ_0007,2024-07-18,referral,2,60
LEAD_0003210,CUS_003967,PRJ_0022,2024-05-22,campaign,2,82
LEAD_0003211,CUS_004550,PRJ_0006,2022-12-23,web,3,87
LEAD_0003212,CUS_004038,PRJ_0025,2025-05-23,web,1,50
LEAD_0003213,CUS_000738,PRJ_0020,2025-01-19,referral,3,56
LEAD_0003214,CUS_001005,PRJ_0026,2025-12-03,agency,0,57
LEAD_0003215,CUS_000114,PRJ_0025,2022-12-23,web,3,60
LEAD_0003216,CUS_005343,PRJ_0026,2022-01-22,web,1,57
LEAD_0003217,CUS_003971,PRJ_0005,2022-01-05,web,1,62
LEAD_0003218,CUS_003183,PRJ_0021,2024-03-17,agency,3,56
LEAD_0003219,CUS_002084,PRJ_0010,2022-01-01,agency,3,92
LEAD_0003220,CUS_000737,PRJ_0011,2024-09-11,agency,1,63
LEAD_0003221,CUS_000686,PRJ_0022,2025-09-26,web,4,52
LEAD_0003222,CUS_000448,PRJ_0020,2021-02-19,campaign,1,65
LEAD_0003223,CUS_005744,PRJ_0028,2025-05-19,campaign,2,65
LEAD_0003224,CUS_006384,PRJ_0026,2022-02-23,web,1,44
LEAD_0003225,CUS_000564,PRJ_0021,2023-10-04,referral,3,56
LEAD_0003226,CUS_000091,PRJ_0005,2022-05-03,web,2,77
LEAD_0003227,CUS_000093,PRJ_0025,2022-07-11,referral,4,86
LEAD_0003228,CUS_005658,PRJ_0003,2025-02-12,campaign,3,47
LEAD_0003229,CUS_006467,PRJ_0024,2022-06-16,referral,4,68
LEAD_0003230,CUS_000817,PRJ_0018,2025-03-05,web,3,46
LEAD_0003231,CUS_005456,PRJ_0005,2022-08-04,web,3,55
LEAD_0003232,CUS_004508,PRJ_0016,2022-02-27,campaign,2,60
LEAD_0003233,CUS_003933,PRJ_0006,2024-10-17,web,3,74
LEAD_0003234,CUS_001403,PRJ_0008,2022-06-29,walk_in,0,54
LEAD_0003235,CUS_004272,PRJ_0008,2021-02-15,web,2,37
LEAD_0003236,CUS_003494,PRJ_0010,2022-03-11,web,6,62
LEAD_0003237,CUS_002781,PRJ_0027,2025-01-22,referral,4,80
LEAD_0003238,CUS_000204,PRJ_0007,2024-02-05,agency,0,71
LEAD_0003239,CUS_001636,PRJ_0028,2023-01-05,campaign,5,62
LEAD_0003240,CUS_005490,PRJ_0020,2023-08-16,web,3,67
LEAD_0003241,CUS_002225,PRJ_0011,2021-12-10,agency,2,65
LEAD_0003242,CUS_001661,PRJ_0022,2022-04-27,web,2,51
LEAD_0003243,CUS_005907,PRJ_0025,2021-06-04,walk_in,1,55
LEAD_0003244,CUS_005067,PRJ_0006,2022-05-25,agency,3,57
LEAD_0003245,CUS_006111,PRJ_0008,2022-04-20,web,6,84
LEAD_0003246,CUS_005690,PRJ_0013,2023-03-09,web,5,68
LEAD_0003247,CUS_000444,PRJ_0011,2024-03-22,walk_in,2,66
LEAD_0003248,CUS_003071,PRJ_0004,2023-10-31,campaign,1,83
LEAD_0003249,CUS_001131,PRJ_0022,2024-10-16,referral,2,67
LEAD_0003250,CUS_006254,PRJ_0002,2022-05-05,web,2,52
LEAD_0003251,CUS_003555,PRJ_0005,2021-11-18,campaign,4,70
LEAD_0003252,CUS_004190,PRJ_0002,2024-06-16,web,1,60
LEAD_0003253,CUS_005657,PRJ_0016,2021-05-17,campaign,0,48
LEAD_0003254,CUS_001305,PRJ_0012,2021-07-02,walk_in,2,73
LEAD_0003255,CUS_001759,PRJ_0028,2024-09-14,agency,3,96
LEAD_0003256,CUS_002835,PRJ_0023,2025-03-30,agency,2,66
LEAD_0003257,CUS_004675,PRJ_0009,2021-03-23,web,0,74
LEAD_0003258,CUS_001875,PRJ_0010,2022-06-20,agency,2,65
LEAD_0003259,CUS_001698,PRJ_0001,2022-12-20,referral,2,82
LEAD_0003260,CUS_004809,PRJ_0020,2022-12-05,agency,3,60
LEAD_0003261,CUS_000390,PRJ_0004,2025-07-05,agency,1,51
LEAD_0003262,CUS_005305,PRJ_0016,2022-04-15,referral,1,84
LEAD_0003263,CUS_005569,PRJ_0017,2025-12-09,web,0,48
LEAD_0003264,CUS_000729,PRJ_0012,2022-07-18,web,2,76
LEAD_0003265,CUS_004037,PRJ_0026,2021-04-03,web,2,52
LEAD_0003266,CUS_001370,PRJ_0005,2022-09-10,campaign,3,52
LEAD_0003267,CUS_001319,PRJ_0008,2023-06-05,web,3,51
LEAD_0003268,CUS_000265,PRJ_0006,2024-03-20,web,3,49
LEAD_0003269,CUS_004586,PRJ_0014,2024-03-18,agency,4,50
LEAD_0003270,CUS_004514,PRJ_0019,2022-06-06,agency,2,51
LEAD_0003271,CUS_001704,PRJ_0002,2025-10-19,campaign,1,36
LEAD_0003272,CUS_004115,PRJ_0010,2021-04-12,web,0,39
LEAD_0003273,CUS_000078,PRJ_0002,2023-12-18,web,0,48
LEAD_0003274,CUS_001527,PRJ_0020,2024-01-24,web,3,60
LEAD_0003275,CUS_002314,PRJ_0022,2022-08-30,web,1,56
LEAD_0003276,CUS_004164,PRJ_0017,2024-10-25,web,3,66
LEAD_0003277,CUS_004328,PRJ_0010,2022-05-10,walk_in,0,88
LEAD_0003278,CUS_002843,PRJ_0019,2022-03-04,web,2,68
LEAD_0003279,CUS_002165,PRJ_0004,2024-04-20,agency,0,57
LEAD_0003280,CUS_004531,PRJ_0020,2023-11-19,web,4,65
LEAD_0003281,CUS_002940,PRJ_0024,2024-09-12,walk_in,1,68
LEAD_0003282,CUS_005314,PRJ_0013,2023-07-11,web,2,67
LEAD_0003283,CUS_003366,PRJ_0021,2021-03-15,web,3,66
LEAD_0003284,CUS_001189,PRJ_0012,2022-11-18,web,3,62
LEAD_0003285,CUS_005399,PRJ_0014,2023-08-05,campaign,3,80
LEAD_0003286,CUS_004234,PRJ_0019,2025-08-04,agency,1,57
LEAD_0003287,CUS_005279,PRJ_0009,2023-01-16,walk_in,1,78
LEAD_0003288,CUS_003865,PRJ_0027,2021-02-22,web,3,65
LEAD_0003289,CUS_005446,PRJ_0013,2025-08-08,web,2,51
LEAD_0003290,CUS_002606,PRJ_0017,2025-05-08,referral,1,61
LEAD_0003291,CUS_002021,PRJ_0004,2023-12-13,campaign,2,45
LEAD_0003292,CUS_002336,PRJ_0025,2023-12-05,agency,6,83
LEAD_0003293,CUS_005244,PRJ_0014,2025-10-25,web,1,69
LEAD_0003294,CUS_006289,PRJ_0007,2021-10-02,campaign,3,72
LEAD_0003295,CUS_001901,PRJ_0010,2024-07-26,campaign,3,77
LEAD_0003296,CUS_000319,PRJ_0003,2021-11-27,walk_in,4,62
LEAD_0003297,CUS_000330,PRJ_0006,2021-02-26,web,6,68
LEAD_0003298,CUS_004303,PRJ_0018,2021-08-28,referral,2,58
LEAD_0003299,CUS_003871,PRJ_0025,2021-08-18,web,8,77
LEAD_0003300,CUS_005656,PRJ_0011,2021-01-22,web,3,57
LEAD_0003301,CUS_006206,PRJ_0002,2023-12-14,agency,0,66
LEAD_0003302,CUS_005975,PRJ_0018,2024-07-06,web,4,77
LEAD_0003303,CUS_004976,PRJ_0027,2024-12-22,web,0,60
LEAD_0003304,CUS_004635,PRJ_0004,2022-02-07,referral,5,64
LEAD_0003305,CUS_003809,PRJ_0027,2023-01-06,referral,2,72
LEAD_0003306,CUS_002610,PRJ_0012,2022-08-22,agency,7,73
LEAD_0003307,CUS_000398,PRJ_0015,2023-01-07,web,1,58
LEAD_0003308,CUS_000357,PRJ_0025,2025-10-29,campaign,2,53
LEAD_0003309,CUS_000468,PRJ_0026,2023-01-20,agency,2,75
LEAD_0003310,CUS_004287,PRJ_0008,2023-03-23,web,1,46
LEAD_0003311,CUS_004287,PRJ_0017,2025-04-07,web,0,49
LEAD_0003312,CUS_004984,PRJ_0028,2023-08-05,walk_in,3,80
LEAD_0003313,CUS_002862,PRJ_0013,2023-02-24,campaign,5,82
LEAD_0003314,CUS_002024,PRJ_0017,2021-10-16,web,0,55
LEAD_0003315,CUS_004435,PRJ_0018,2024-07-30,campaign,4,79
LEAD_0003316,CUS_002958,PRJ_0022,2024-06-08,web,4,66
LEAD_0003317,CUS_006028,PRJ_0014,2025-06-24,referral,0,55
LEAD_0003318,CUS_001040,PRJ_0010,2023-10-27,campaign,7,71
LEAD_0003319,CUS_000269,PRJ_0006,2021-09-03,campaign,0,52
LEAD_0003320,CUS_001172,PRJ_0013,2025-03-05,web,1,63
LEAD_0003321,CUS_004802,PRJ_0001,2021-06-10,web,1,34
LEAD_0003322,CUS_005054,PRJ_0012,2022-07-31,agency,1,64
LEAD_0003323,CUS_001779,PRJ_0010,2023-12-23,campaign,3,71
LEAD_0003324,CUS_001650,PRJ_0022,2023-08-09,campaign,3,85
LEAD_0003325,CUS_002171,PRJ_0006,2024-06-01,walk_in,1,48
LEAD_0003326,CUS_004031,PRJ_0005,2023-11-23,web,0,47
LEAD_0003327,CUS_001657,PRJ_0015,2023-11-05,web,2,91
LEAD_0003328,CUS_002194,PRJ_0014,2023-11-26,walk_in,2,67
LEAD_0003329,CUS_002038,PRJ_0012,2022-08-21,referral,0,52
LEAD_0003330,CUS_003149,PRJ_0002,2025-07-20,agency,0,41
LEAD_0003331,CUS_000751,PRJ_0020,2022-06-27,web,1,57
LEAD_0003332,CUS_003895,PRJ_0022,2023-04-12,web,7,77
LEAD_0003333,CUS_006386,PRJ_0011,2025-07-14,walk_in,0,58
LEAD_0003334,CUS_005112,PRJ_0002,2021-06-28,campaign,3,65
LEAD_0003335,CUS_004065,PRJ_0004,2023-08-01,campaign,2,66
LEAD_0003336,CUS_002016,PRJ_0013,2022-01-15,referral,3,59
LEAD_0003337,CUS_005216,PRJ_0017,2024-11-04,web,2,51
LEAD_0003338,CUS_001026,PRJ_0010,2023-03-04,walk_in,4,69
LEAD_0003339,CUS_000517,PRJ_0020,2025-07-24,web,4,84
LEAD_0003340,CUS_002586,PRJ_0010,2022-11-17,campaign,2,50
LEAD_0003341,CUS_003639,PRJ_0008,2025-09-06,web,4,43
LEAD_0003342,CUS_004849,PRJ_0004,2023-02-11,walk_in,0,100
LEAD_0003343,CUS_004379,PRJ_0008,2025-12-28,web,2,100
LEAD_0003344,CUS_000992,PRJ_0021,2022-05-06,web,0,56
LEAD_0003345,CUS_004200,PRJ_0011,2023-07-24,web,1,63
LEAD_0003346,CUS_000251,PRJ_0007,2023-12-13,web,1,52
LEAD_0003347,CUS_001921,PRJ_0005,2024-12-05,campaign,0,49
LEAD_0003348,CUS_001259,PRJ_0015,2021-07-02,agency,0,40
LEAD_0003349,CUS_004612,PRJ_0013,2024-07-22,web,5,68
LEAD_0003350,CUS_006428,PRJ_0026,2022-11-09,web,5,76
LEAD_0003351,CUS_000196,PRJ_0020,2022-12-05,web,3,65
LEAD_0003352,CUS_001686,PRJ_0016,2021-08-27,walk_in,2,53
LEAD_0003353,CUS_004547,PRJ_0016,2021-12-13,agency,2,60
LEAD_0003354,CUS_004709,PRJ_0016,2024-02-27,campaign,3,73
LEAD_0003355,CUS_001870,PRJ_0013,2021-02-28,web,0,51
LEAD_0003356,CUS_006483,PRJ_0004,2021-01-10,walk_in,1,51
LEAD_0003357,CUS_000501,PRJ_0001,2025-07-24,web,2,54
LEAD_0003358,CUS_002751,PRJ_0020,2021-01-02,web,1,58
LEAD_0003359,CUS_000232,PRJ_0019,2021-09-05,agency,1,76
LEAD_0003360,CUS_001954,PRJ_0009,2023-06-29,web,3,56
LEAD_0003361,CUS_002204,PRJ_0017,2022-02-07,agency,3,71
LEAD_0003362,CUS_003508,PRJ_0013,2023-01-09,walk_in,1,75
LEAD_0003363,CUS_004110,PRJ_0017,2024-02-29,agency,1,64
LEAD_0003364,CUS_005899,PRJ_0013,2022-05-16,agency,1,49
LEAD_0003365,CUS_005040,PRJ_0018,2021-07-20,referral,2,67
LEAD_0003366,CUS_001818,PRJ_0007,2021-10-30,referral,0,39
LEAD_0003367,CUS_004195,PRJ_0024,2021-08-05,web,0,67
LEAD_0003368,CUS_004861,PRJ_0002,2023-07-16,referral,4,87
LEAD_0003369,CUS_000604,PRJ_0028,2021-07-02,agency,0,52
LEAD_0003370,CUS_002576,PRJ_0019,2022-12-17,web,2,59
LEAD_0003371,CUS_005098,PRJ_0012,2021-10-14,agency,0,63
LEAD_0003372,CUS_002547,PRJ_0024,2025-12-15,referral,1,51
LEAD_0003373,CUS_005730,PRJ_0022,2025-04-05,agency,1,56
LEAD_0003374,CUS_000928,PRJ_0003,2024-12-13,web,2,84
LEAD_0003375,CUS_000283,PRJ_0024,2024-07-30,campaign,0,48
LEAD_0003376,CUS_003643,PRJ_0011,2025-09-22,web,0,72
LEAD_0003377,CUS_005289,PRJ_0011,2022-04-02,campaign,2,60
LEAD_0003378,CUS_000419,PRJ_0010,2025-08-06,agency,1,80
LEAD_0003379,CUS_003310,PRJ_0006,2023-04-18,referral,2,60
LEAD_0003380,CUS_004234,PRJ_0003,2021-08-01,web,2,56
LEAD_0003381,CUS_005006,PRJ_0005,2023-10-30,agency,2,55
LEAD_0003382,CUS_005749,PRJ_0009,2024-10-23,web,1,72
LEAD_0003383,CUS_000261,PRJ_0020,2024-09-03,campaign,1,44
LEAD_0003384,CUS_001855,PRJ_0013,2023-01-26,agency,2,72
LEAD_0003385,CUS_006472,PRJ_0020,2023-03-20,referral,1,66
LEAD_0003386,CUS_003010,PRJ_0023,2024-05-08,agency,3,56
LEAD_0003387,CUS_003714,PRJ_0009,2022-10-17,walk_in,2,56
LEAD_0003388,CUS_002639,PRJ_0002,2025-02-06,agency,3,60
LEAD_0003389,CUS_004783,PRJ_0017,2023-01-12,walk_in,3,56
LEAD_0003390,CUS_004727,PRJ_0014,2022-01-19,web,3,66
LEAD_0003391,CUS_002555,PRJ_0018,2021-05-22,agency,1,62
LEAD_0003392,CUS_005322,PRJ_0011,2021-10-20,web,0,44
LEAD_0003393,CUS_003001,PRJ_0022,2023-11-01,campaign,1,42
LEAD_0003394,CUS_002387,PRJ_0028,2021-08-18,web,2,67
LEAD_0003395,CUS_005877,PRJ_0005,2022-12-08,referral,0,59
LEAD_0003396,CUS_004441,PRJ_0028,2023-03-30,campaign,1,51
LEAD_0003397,CUS_004127,PRJ_0022,2021-08-07,walk_in,4,68
LEAD_0003398,CUS_000416,PRJ_0027,2023-07-01,web,0,66
LEAD_0003399,CUS_006372,PRJ_0007,2024-09-27,web,0,45
LEAD_0003400,CUS_003770,PRJ_0010,2024-06-16,agency,2,55
LEAD_0003401,CUS_003945,PRJ_0027,2021-08-01,walk_in,1,37
LEAD_0003402,CUS_003229,PRJ_0008,2022-12-22,web,2,68
LEAD_0003403,CUS_003069,PRJ_0028,2022-01-23,referral,1,72
LEAD_0003404,CUS_000286,PRJ_0004,2021-02-13,web,2,58
LEAD_0003405,CUS_004953,PRJ_0018,2024-10-05,walk_in,2,85
LEAD_0003406,CUS_005604,PRJ_0026,2025-02-18,campaign,2,60
LEAD_0003407,CUS_002625,PRJ_0016,2022-05-09,agency,4,70
LEAD_0003408,CUS_002836,PRJ_0009,2022-03-20,web,1,50
LEAD_0003409,CUS_000822,PRJ_0016,2022-07-22,agency,4,73
LEAD_0003410,CUS_005332,PRJ_0020,2024-04-20,agency,0,62
LEAD_0003411,CUS_004614,PRJ_0010,2025-10-28,referral,6,75
LEAD_0003412,CUS_002825,PRJ_0006,2024-01-17,web,1,55
LEAD_0003413,CUS_006332,PRJ_0019,2025-12-21,walk_in,2,51
LEAD_0003414,CUS_002118,PRJ_0007,2022-11-29,agency,0,80
LEAD_0003415,CUS_000685,PRJ_0008,2021-06-14,referral,1,77
LEAD_0003416,CUS_002988,PRJ_0018,2024-01-27,web,1,91
LEAD_0003417,CUS_005090,PRJ_0004,2022-07-20,campaign,1,68
LEAD_0003418,CUS_002067,PRJ_0018,2024-10-25,walk_in,0,55
LEAD_0003419,CUS_005692,PRJ_0008,2022-08-10,campaign,1,51
LEAD_0003420,CUS_000958,PRJ_0009,2023-06-21,campaign,2,74
LEAD_0003421,CUS_003045,PRJ_0008,2023-02-07,web,2,47
LEAD_0003422,CUS_003633,PRJ_0013,2024-09-26,web,1,49
LEAD_0003423,CUS_005889,PRJ_0013,2025-05-29,campaign,2,48
LEAD_0003424,CUS_000307,PRJ_0014,2021-10-26,web,1,73
LEAD_0003425,CUS_006334,PRJ_0016,2025-12-21,web,0,45
LEAD_0003426,CUS_000099,PRJ_0028,2024-03-29,referral,1,59
LEAD_0003427,CUS_002768,PRJ_0009,2024-12-07,walk_in,4,54
LEAD_0003428,CUS_003149,PRJ_0019,2021-09-28,campaign,1,27
LEAD_0003429,CUS_003752,PRJ_0019,2022-06-20,web,4,62
LEAD_0003430,CUS_004435,PRJ_0009,2025-12-18,agency,0,79
LEAD_0003431,CUS_001512,PRJ_0011,2023-02-24,web,1,62
LEAD_0003432,CUS_005787,PRJ_0004,2021-08-31,agency,3,69
LEAD_0003433,CUS_003105,PRJ_0019,2022-07-03,web,4,73
LEAD_0003434,CUS_001789,PRJ_0026,2025-10-03,referral,2,45
LEAD_0003435,CUS_005730,PRJ_0005,2021-11-25,walk_in,3,53
LEAD_0003436,CUS_003542,PRJ_0006,2024-03-01,campaign,0,57
LEAD_0003437,CUS_001914,PRJ_0013,2024-03-20,referral,2,73
LEAD_0003438,CUS_005981,PRJ_0028,2022-12-20,referral,3,84
LEAD_0003439,CUS_002063,PRJ_0027,2024-01-28,web,1,58
LEAD_0003440,CUS_000599,PRJ_0009,2023-07-12,agency,4,100
LEAD_0003441,CUS_003161,PRJ_0019,2025-10-29,walk_in,2,45
LEAD_0003442,CUS_002066,PRJ_0012,2024-10-26,web,1,54
LEAD_0003443,CUS_001523,PRJ_0019,2025-03-22,web,2,45
LEAD_0003444,CUS_001133,PRJ_0018,2021-05-04,walk_in,1,59
LEAD_0003445,CUS_004700,PRJ_0028,2023-01-23,web,1,67
LEAD_0003446,CUS_004062,PRJ_0017,2023-09-17,agency,5,87
LEAD_0003447,CUS_001953,PRJ_0002,2023-05-20,web,2,96
LEAD_0003448,CUS_006406,PRJ_0003,2023-02-12,web,0,48
LEAD_0003449,CUS_006097,PRJ_0014,2025-09-26,campaign,3,70
LEAD_0003450,CUS_004253,PRJ_0007,2024-05-31,campaign,0,62
LEAD_0003451,CUS_001325,PRJ_0016,2024-10-22,walk_in,4,67
LEAD_0003452,CUS_005752,PRJ_0023,2023-09-17,web,1,57
LEAD_0003453,CUS_005530,PRJ_0005,2024-01-22,referral,2,69
LEAD_0003454,CUS_004562,PRJ_0016,2025-07-11,web,2,58
LEAD_0003455,CUS_005073,PRJ_0027,2025-04-10,web,2,57
LEAD_0003456,CUS_004082,PRJ_0028,2021-10-30,walk_in,2,43
LEAD_0003457,CUS_004216,PRJ_0023,2024-03-18,web,2,35
LEAD_0003458,CUS_002175,PRJ_0023,2024-06-04,walk_in,2,57
LEAD_0003459,CUS_005161,PRJ_0007,2021-03-04,web,2,40
LEAD_0003460,CUS_004658,PRJ_0027,2024-01-08,campaign,1,65
LEAD_0003461,CUS_006411,PRJ_0007,2025-02-18,web,1,71
LEAD_0003462,CUS_000686,PRJ_0017,2022-03-15,web,1,65
LEAD_0003463,CUS_001259,PRJ_0013,2022-07-03,referral,2,59
LEAD_0003464,CUS_000162,PRJ_0012,2025-04-25,web,4,71
LEAD_0003465,CUS_000332,PRJ_0013,2024-02-12,web,2,68
LEAD_0003466,CUS_004430,PRJ_0019,2025-10-26,agency,4,83
LEAD_0003467,CUS_001571,PRJ_0021,2025-08-05,web,3,49
LEAD_0003468,CUS_005902,PRJ_0014,2021-03-01,walk_in,2,74
LEAD_0003469,CUS_003795,PRJ_0017,2022-05-23,web,3,69
LEAD_0003470,CUS_004627,PRJ_0024,2021-12-11,agency,1,56
LEAD_0003471,CUS_001332,PRJ_0022,2022-01-02,campaign,3,85
LEAD_0003472,CUS_001455,PRJ_0008,2024-08-18,web,3,42
LEAD_0003473,CUS_005587,PRJ_0006,2024-02-18,walk_in,2,63
LEAD_0003474,CUS_005457,PRJ_0001,2024-04-24,referral,0,73
LEAD_0003475,CUS_000968,PRJ_0018,2025-01-17,web,1,64
LEAD_0003476,CUS_003418,PRJ_0013,2021-08-28,agency,2,76
LEAD_0003477,CUS_003220,PRJ_0005,2022-09-20,web,1,78
LEAD_0003478,CUS_001094,PRJ_0009,2022-10-23,agency,2,74
LEAD_0003479,CUS_004915,PRJ_0008,2021-08-09,web,3,56
LEAD_0003480,CUS_004053,PRJ_0014,2025-03-05,web,1,61
LEAD_0003481,CUS_002916,PRJ_0006,2025-03-13,web,2,67
LEAD_0003482,CUS_000786,PRJ_0012,2024-12-04,agency,3,69
LEAD_0003483,CUS_005376,PRJ_0003,2021-09-11,walk_in,1,63
LEAD_0003484,CUS_001526,PRJ_0007,2022-07-21,campaign,0,50
LEAD_0003485,CUS_005597,PRJ_0006,2022-02-21,web,0,53
LEAD_0003486,CUS_004779,PRJ_0025,2025-07-02,referral,2,69
LEAD_0003487,CUS_000621,PRJ_0018,2023-08-25,referral,3,87
LEAD_0003488,CUS_006274,PRJ_0021,2021-11-12,web,2,72
LEAD_0003489,CUS_003560,PRJ_0003,2021-12-29,referral,2,59
LEAD_0003490,CUS_002282,PRJ_0028,2022-05-03,referral,1,70
LEAD_0003491,CUS_005855,PRJ_0003,2024-07-15,agency,2,58
LEAD_0003492,CUS_001272,PRJ_0014,2023-08-29,campaign,1,82
LEAD_0003493,CUS_003932,PRJ_0027,2025-01-09,walk_in,1,74
LEAD_0003494,CUS_000982,PRJ_0010,2023-12-11,campaign,1,58
LEAD_0003495,CUS_004260,PRJ_0001,2023-05-11,agency,2,60
LEAD_0003496,CUS_003674,PRJ_0017,2023-11-14,walk_in,1,67
LEAD_0003497,CUS_006239,PRJ_0012,2025-02-28,walk_in,2,46
LEAD_0003498,CUS_000076,PRJ_0004,2024-07-15,web,2,62
LEAD_0003499,CUS_003032,PRJ_0021,2023-06-16,web,0,58
LEAD_0003500,CUS_004707,PRJ_0015,2024-12-06,agency,3,70
LEAD_0003501,CUS_002978,PRJ_0003,2021-08-20,campaign,0,55
LEAD_0003502,CUS_003908,PRJ_0027,2021-01-04,agency,1,60
LEAD_0003503,CUS_002448,PRJ_0011,2024-04-04,referral,4,78
LEAD_0003504,CUS_004482,PRJ_0022,2025-07-24,agency,1,69
LEAD_0003505,CUS_000254,PRJ_0025,2022-02-17,web,3,74
LEAD_0003506,CUS_002333,PRJ_0026,2022-03-27,agency,2,56
LEAD_0003507,CUS_003872,PRJ_0013,2025-06-16,walk_in,0,51
LEAD_0003508,CUS_000690,PRJ_0007,2024-01-20,walk_in,1,70
LEAD_0003509,CUS_006113,PRJ_0024,2024-08-11,campaign,3,66
LEAD_0003510,CUS_006278,PRJ_0001,2023-06-07,agency,3,63
LEAD_0003511,CUS_001835,PRJ_0002,2025-10-11,referral,7,73
LEAD_0003512,CUS_005423,PRJ_0021,2024-02-06,referral,1,61
LEAD_0003513,CUS_005523,PRJ_0006,2021-05-12,web,5,56
LEAD_0003514,CUS_003531,PRJ_0023,2021-04-30,agency,1,59
LEAD_0003515,CUS_005188,PRJ_0012,2024-02-24,walk_in,2,63
LEAD_0003516,CUS_001189,PRJ_0010,2022-10-28,agency,3,73
LEAD_0003517,CUS_004660,PRJ_0016,2021-11-15,referral,2,81
LEAD_0003518,CUS_006255,PRJ_0015,2022-08-15,referral,2,57
LEAD_0003519,CUS_004002,PRJ_0007,2025-11-03,web,1,45
LEAD_0003520,CUS_002048,PRJ_0012,2022-05-06,agency,1,75
LEAD_0003521,CUS_002950,PRJ_0014,2025-02-11,referral,3,73
LEAD_0003522,CUS_005770,PRJ_0019,2022-09-15,agency,1,66
LEAD_0003523,CUS_002832,PRJ_0015,2021-07-18,web,0,50
LEAD_0003524,CUS_001418,PRJ_0025,2022-04-30,referral,1,74
LEAD_0003525,CUS_004687,PRJ_0028,2022-04-23,campaign,4,62
LEAD_0003526,CUS_001865,PRJ_0020,2025-09-07,referral,2,79
LEAD_0003527,CUS_001404,PRJ_0018,2021-09-09,walk_in,0,43
LEAD_0003528,CUS_002182,PRJ_0016,2022-05-25,agency,1,76
LEAD_0003529,CUS_001255,PRJ_0015,2023-08-15,agency,3,71
LEAD_0003530,CUS_002660,PRJ_0021,2022-01-07,web,1,44
LEAD_0003531,CUS_006116,PRJ_0012,2022-12-14,referral,4,82
LEAD_0003532,CUS_005891,PRJ_0021,2021-10-07,web,1,51
LEAD_0003533,CUS_002374,PRJ_0011,2023-12-14,web,0,54
LEAD_0003534,CUS_006074,PRJ_0002,2022-09-01,campaign,3,59
LEAD_0003535,CUS_000995,PRJ_0007,2023-11-21,campaign,0,61
LEAD_0003536,CUS_000503,PRJ_0022,2021-10-27,campaign,3,66
LEAD_0003537,CUS_005049,PRJ_0009,2025-02-17,web,2,40
LEAD_0003538,CUS_005464,PRJ_0026,2023-12-26,web,1,51
LEAD_0003539,CUS_001248,PRJ_0023,2021-07-19,agency,1,69
LEAD_0003540,CUS_002552,PRJ_0003,2023-04-05,walk_in,3,62
LEAD_0003541,CUS_002697,PRJ_0024,2025-09-08,referral,3,80
LEAD_0003542,CUS_003911,PRJ_0018,2022-12-20,agency,5,74
LEAD_0003543,CUS_001418,PRJ_0018,2025-01-28,agency,0,43
LEAD_0003544,CUS_001021,PRJ_0001,2022-07-27,referral,0,46
LEAD_0003545,CUS_000728,PRJ_0011,2021-07-31,agency,4,72
LEAD_0003546,CUS_000757,PRJ_0015,2025-03-13,campaign,0,52
LEAD_0003547,CUS_005344,PRJ_0014,2021-03-06,web,3,60
LEAD_0003548,CUS_003075,PRJ_0017,2025-09-10,web,0,46
LEAD_0003549,CUS_006185,PRJ_0015,2025-06-21,agency,3,58
LEAD_0003550,CUS_004522,PRJ_0007,2025-01-10,agency,0,65
LEAD_0003551,CUS_003404,PRJ_0015,2021-09-06,referral,3,79
LEAD_0003552,CUS_005955,PRJ_0004,2025-01-24,web,2,57
LEAD_0003553,CUS_002764,PRJ_0017,2025-08-11,campaign,1,67
LEAD_0003554,CUS_006412,PRJ_0008,2021-04-07,agency,0,52
LEAD_0003555,CUS_003113,PRJ_0023,2025-04-28,web,3,51
LEAD_0003556,CUS_005374,PRJ_0024,2025-05-30,campaign,4,58
LEAD_0003557,CUS_003569,PRJ_0017,2021-06-24,walk_in,2,49
LEAD_0003558,CUS_005339,PRJ_0015,2024-02-03,referral,3,80
LEAD_0003559,CUS_000489,PRJ_0011,2025-01-30,campaign,1,48
LEAD_0003560,CUS_000794,PRJ_0009,2021-01-25,agency,3,63
LEAD_0003561,CUS_003524,PRJ_0020,2022-07-11,web,2,53
LEAD_0003562,CUS_002765,PRJ_0024,2025-12-06,campaign,5,54
LEAD_0003563,CUS_005412,PRJ_0005,2022-01-31,web,0,81
LEAD_0003564,CUS_004613,PRJ_0026,2021-10-26,web,2,39
LEAD_0003565,CUS_005747,PRJ_0015,2025-12-04,web,3,56
LEAD_0003566,CUS_003397,PRJ_0018,2022-03-21,web,1,73
LEAD_0003567,CUS_000588,PRJ_0003,2024-04-19,web,1,67
LEAD_0003568,CUS_001452,PRJ_0005,2024-11-04,referral,3,59
LEAD_0003569,CUS_000466,PRJ_0001,2021-01-13,referral,2,78
LEAD_0003570,CUS_001333,PRJ_0015,2023-08-31,referral,1,74
LEAD_0003571,CUS_000424,PRJ_0003,2021-04-14,referral,2,75
LEAD_0003572,CUS_003537,PRJ_0010,2025-06-15,agency,2,49
LEAD_0003573,CUS_000491,PRJ_0015,2021-12-27,campaign,3,65
LEAD_0003574,CUS_005670,PRJ_0002,2025-01-14,web,4,75
LEAD_0003575,CUS_000091,PRJ_0021,2021-01-23,referral,2,76
LEAD_0003576,CUS_001807,PRJ_0028,2022-12-13,web,2,58
LEAD_0003577,CUS_005305,PRJ_0023,2025-05-24,referral,1,85
LEAD_0003578,CUS_001781,PRJ_0003,2025-09-04,web,3,70
LEAD_0003579,CUS_003157,PRJ_0015,2025-03-18,web,1,47
LEAD_0003580,CUS_006168,PRJ_0009,2025-06-15,web,0,80
LEAD_0003581,CUS_000698,PRJ_0009,2022-11-05,referral,2,75
LEAD_0003582,CUS_001800,PRJ_0008,2024-07-14,walk_in,2,52
LEAD_0003583,CUS_004478,PRJ_0021,2022-04-13,campaign,1,49
LEAD_0003584,CUS_000579,PRJ_0008,2025-07-07,campaign,4,68
LEAD_0003585,CUS_005397,PRJ_0015,2021-04-10,walk_in,4,51
LEAD_0003586,CUS_002627,PRJ_0007,2024-03-13,web,3,93
LEAD_0003587,CUS_000140,PRJ_0010,2022-09-01,web,0,60
LEAD_0003588,CUS_004651,PRJ_0016,2022-09-14,web,1,65
LEAD_0003589,CUS_003306,PRJ_0010,2024-07-14,walk_in,1,47
LEAD_0003590,CUS_006449,PRJ_0022,2021-11-20,agency,3,77
LEAD_0003591,CUS_004185,PRJ_0009,2022-11-29,agency,2,87
LEAD_0003592,CUS_002327,PRJ_0006,2021-04-06,walk_in,4,77
LEAD_0003593,CUS_004282,PRJ_0021,2025-11-10,referral,2,66
LEAD_0003594,CUS_000085,PRJ_0023,2023-12-28,campaign,1,67
LEAD_0003595,CUS_004771,PRJ_0006,2021-10-01,agency,3,70
LEAD_0003596,CUS_002419,PRJ_0016,2025-08-11,campaign,2,67
LEAD_0003597,CUS_002942,PRJ_0022,2023-02-06,campaign,3,71
LEAD_0003598,CUS_003597,PRJ_0028,2024-09-30,web,3,57
LEAD_0003599,CUS_004507,PRJ_0023,2022-02-28,referral,1,69
LEAD_0003600,CUS_001473,PRJ_0015,2024-03-23,web,4,69
LEAD_0003601,CUS_001131,PRJ_0022,2025-09-09,agency,0,52
LEAD_0003602,CUS_004095,PRJ_0025,2022-02-21,referral,4,100
LEAD_0003603,CUS_005193,PRJ_0023,2021-02-12,campaign,3,49
LEAD_0003604,CUS_001200,PRJ_0011,2024-10-20,referral,1,85
LEAD_0003605,CUS_001394,PRJ_0014,2023-12-01,web,5,98
LEAD_0003606,CUS_006310,PRJ_0020,2024-05-14,web,4,65
LEAD_0003607,CUS_001873,PRJ_0017,2023-08-11,referral,3,76
LEAD_0003608,CUS_001016,PRJ_0007,2023-07-05,agency,1,69
LEAD_0003609,CUS_004009,PRJ_0011,2024-12-02,agency,3,95
LEAD_0003610,CUS_004724,PRJ_0003,2023-02-25,referral,5,68
LEAD_0003611,CUS_002773,PRJ_0007,2023-09-21,campaign,2,97
LEAD_0003612,CUS_004873,PRJ_0021,2022-08-19,web,4,64
LEAD_0003613,CUS_001395,PRJ_0005,2024-10-03,web,4,47
LEAD_0003614,CUS_003571,PRJ_0020,2023-10-02,referral,1,68
LEAD_0003615,CUS_003392,PRJ_0002,2024-11-06,referral,1,51
LEAD_0003616,CUS_001720,PRJ_0016,2021-04-13,agency,1,78
LEAD_0003617,CUS_000249,PRJ_0003,2022-06-29,web,4,63
LEAD_0003618,CUS_002659,PRJ_0024,2024-11-04,web,2,49
LEAD_0003619,CUS_002781,PRJ_0020,2022-02-21,agency,2,54
LEAD_0003620,CUS_004886,PRJ_0020,2021-11-17,walk_in,2,69
LEAD_0003621,CUS_001317,PRJ_0008,2025-08-06,agency,2,61
LEAD_0003622,CUS_002593,PRJ_0015,2024-08-12,agency,1,74
LEAD_0003623,CUS_002687,PRJ_0019,2023-04-25,referral,1,72
LEAD_0003624,CUS_002688,PRJ_0016,2024-01-27,web,3,47
LEAD_0003625,CUS_001264,PRJ_0024,2025-04-19,agency,1,44
LEAD_0003626,CUS_003458,PRJ_0022,2022-05-14,campaign,1,53
LEAD_0003627,CUS_006191,PRJ_0017,2022-01-18,web,1,41
LEAD_0003628,CUS_004119,PRJ_0007,2023-12-03,web,2,68
LEAD_0003629,CUS_006228,PRJ_0010,2022-03-28,walk_in,2,60
LEAD_0003630,CUS_005278,PRJ_0007,2022-05-06,walk_in,2,41
LEAD_0003631,CUS_005839,PRJ_0007,2025-05-17,campaign,1,61
LEAD_0003632,CUS_005851,PRJ_0009,2021-06-09,web,2,62
LEAD_0003633,CUS_004984,PRJ_0015,2023-08-20,referral,5,88
LEAD_0003634,CUS_000181,PRJ_0019,2022-11-17,web,2,71
LEAD_0003635,CUS_001910,PRJ_0014,2024-01-24,agency,2,64
LEAD_0003636,CUS_005128,PRJ_0026,2021-10-28,walk_in,1,48
LEAD_0003637,CUS_001625,PRJ_0018,2023-12-04,web,1,52
LEAD_0003638,CUS_004381,PRJ_0002,2024-09-10,agency,2,58
LEAD_0003639,CUS_005404,PRJ_0013,2022-12-26,referral,2,70
LEAD_0003640,CUS_006145,PRJ_0006,2022-02-13,web,3,75
LEAD_0003641,CUS_003608,PRJ_0019,2024-02-01,web,1,62
LEAD_0003642,CUS_002328,PRJ_0006,2025-10-11,campaign,2,64
LEAD_0003643,CUS_005993,PRJ_0022,2025-12-30,web,4,74
LEAD_0003644,CUS_005945,PRJ_0003,2021-08-10,walk_in,2,56
LEAD_0003645,CUS_002639,PRJ_0013,2021-01-26,campaign,2,55
LEAD_0003646,CUS_000723,PRJ_0022,2023-12-04,web,3,80
LEAD_0003647,CUS_006249,PRJ_0016,2022-06-24,web,2,55
LEAD_0003648,CUS_002608,PRJ_0028,2024-12-05,web,4,46
LEAD_0003649,CUS_003198,PRJ_0006,2025-03-30,campaign,0,83
LEAD_0003650,CUS_002748,PRJ_0018,2022-09-16,web,0,61
LEAD_0003651,CUS_000369,PRJ_0017,2025-10-31,web,4,64
LEAD_0003652,CUS_000386,PRJ_0015,2022-07-31,web,0,66
LEAD_0003653,CUS_000945,PRJ_0002,2021-09-12,agency,2,63
LEAD_0003654,CUS_002431,PRJ_0026,2022-10-23,referral,5,50
LEAD_0003655,CUS_003739,PRJ_0022,2024-12-13,agency,2,60
LEAD_0003656,CUS_001993,PRJ_0025,2025-07-17,web,1,61
LEAD_0003657,CUS_001446,PRJ_0027,2025-01-04,campaign,0,68
LEAD_0003658,CUS_005470,PRJ_0010,2025-05-25,referral,2,80
LEAD_0003659,CUS_004226,PRJ_0013,2022-08-25,agency,1,65
LEAD_0003660,CUS_003513,PRJ_0005,2025-04-17,referral,2,93
LEAD_0003661,CUS_002540,PRJ_0021,2025-03-02,web,0,79
LEAD_0003662,CUS_000439,PRJ_0007,2024-07-04,web,2,48
LEAD_0003663,CUS_000852,PRJ_0010,2025-06-19,referral,0,47
LEAD_0003664,CUS_002804,PRJ_0022,2022-08-12,web,4,76
LEAD_0003665,CUS_004637,PRJ_0009,2023-03-24,walk_in,3,67
LEAD_0003666,CUS_001816,PRJ_0022,2022-03-22,agency,1,48
LEAD_0003667,CUS_005150,PRJ_0025,2023-10-16,agency,1,51
LEAD_0003668,CUS_001288,PRJ_0014,2021-04-10,web,3,57
LEAD_0003669,CUS_005064,PRJ_0016,2021-02-22,campaign,3,88
LEAD_0003670,CUS_003048,PRJ_0003,2021-06-06,web,2,59
LEAD_0003671,CUS_001652,PRJ_0014,2022-02-25,agency,5,95
LEAD_0003672,CUS_002088,PRJ_0023,2021-10-24,agency,2,75
LEAD_0003673,CUS_001691,PRJ_0003,2025-04-23,referral,2,67
LEAD_0003674,CUS_003082,PRJ_0016,2025-05-31,walk_in,5,68
LEAD_0003675,CUS_003754,PRJ_0019,2023-10-21,campaign,2,71
LEAD_0003676,CUS_002945,PRJ_0011,2022-08-08,referral,1,58
LEAD_0003677,CUS_000391,PRJ_0017,2022-04-15,campaign,0,71
LEAD_0003678,CUS_001667,PRJ_0027,2023-04-23,web,4,49
LEAD_0003679,CUS_000619,PRJ_0026,2025-08-13,web,0,54
LEAD_0003680,CUS_001232,PRJ_0006,2024-04-16,web,1,72
LEAD_0003681,CUS_006404,PRJ_0020,2025-06-19,referral,6,66
LEAD_0003682,CUS_004078,PRJ_0009,2024-03-07,web,0,81
LEAD_0003683,CUS_003673,PRJ_0016,2022-02-12,web,3,52
LEAD_0003684,CUS_004129,PRJ_0009,2021-12-23,referral,6,86
LEAD_0003685,CUS_000804,PRJ_0009,2024-05-17,web,0,50
LEAD_0003686,CUS_001453,PRJ_0027,2023-10-28,agency,2,74
LEAD_0003687,CUS_003756,PRJ_0009,2022-09-16,referral,1,73
LEAD_0003688,CUS_000745,PRJ_0025,2022-05-08,web,2,39
LEAD_0003689,CUS_000826,PRJ_0006,2025-06-15,web,2,68
LEAD_0003690,CUS_005008,PRJ_0019,2024-01-09,walk_in,0,55
LEAD_0003691,CUS_003191,PRJ_0026,2025-11-24,web,1,65
LEAD_0003692,CUS_005062,PRJ_0013,2023-07-03,campaign,1,68
LEAD_0003693,CUS_005484,PRJ_0001,2023-08-18,campaign,0,49
LEAD_0003694,CUS_003521,PRJ_0004,2024-04-26,campaign,4,80
LEAD_0003695,CUS_005956,PRJ_0028,2024-10-09,web,3,41
LEAD_0003696,CUS_003520,PRJ_0024,2025-09-20,campaign,3,68
LEAD_0003697,CUS_000945,PRJ_0019,2021-01-14,agency,2,47
LEAD_0003698,CUS_000907,PRJ_0002,2022-01-14,web,2,53
LEAD_0003699,CUS_006318,PRJ_0014,2022-11-24,agency,2,86
LEAD_0003700,CUS_005498,PRJ_0001,2024-01-09,referral,2,67
LEAD_0003701,CUS_004270,PRJ_0007,2021-01-30,agency,3,58
LEAD_0003702,CUS_002388,PRJ_0013,2025-04-28,agency,2,74
LEAD_0003703,CUS_005983,PRJ_0024,2024-05-09,agency,2,66
LEAD_0003704,CUS_001479,PRJ_0016,2024-04-11,agency,2,75
LEAD_0003705,CUS_003141,PRJ_0023,2024-09-29,web,5,66
LEAD_0003706,CUS_002777,PRJ_0018,2022-09-18,agency,3,93
LEAD_0003707,CUS_001054,PRJ_0002,2024-08-05,agency,1,64
LEAD_0003708,CUS_000937,PRJ_0016,2022-03-19,campaign,4,74
LEAD_0003709,CUS_004407,PRJ_0010,2022-03-03,walk_in,0,49
LEAD_0003710,CUS_001718,PRJ_0013,2025-04-25,walk_in,1,52
LEAD_0003711,CUS_004898,PRJ_0024,2021-12-31,referral,3,98
LEAD_0003712,CUS_002651,PRJ_0013,2025-04-01,campaign,1,60
LEAD_0003713,CUS_005915,PRJ_0021,2023-06-15,walk_in,1,69
LEAD_0003714,CUS_001454,PRJ_0008,2021-05-19,walk_in,0,49
LEAD_0003715,CUS_002504,PRJ_0018,2021-09-25,agency,2,64
LEAD_0003716,CUS_001672,PRJ_0006,2022-06-27,referral,1,70
LEAD_0003717,CUS_002492,PRJ_0022,2024-02-27,web,2,35
LEAD_0003718,CUS_003216,PRJ_0008,2023-08-28,agency,3,56
LEAD_0003719,CUS_004969,PRJ_0011,2025-12-14,web,2,63
LEAD_0003720,CUS_004632,PRJ_0001,2025-12-10,agency,1,63
LEAD_0003721,CUS_000748,PRJ_0022,2022-07-09,campaign,3,83
LEAD_0003722,CUS_003058,PRJ_0007,2022-11-25,campaign,4,74
LEAD_0003723,CUS_001031,PRJ_0010,2021-01-29,agency,3,71
LEAD_0003724,CUS_006445,PRJ_0004,2023-09-22,web,3,55
LEAD_0003725,CUS_000589,PRJ_0024,2021-10-05,web,1,69
LEAD_0003726,CUS_000580,PRJ_0025,2023-01-04,web,0,57
LEAD_0003727,CUS_001673,PRJ_0015,2022-06-07,web,1,63
LEAD_0003728,CUS_003326,PRJ_0019,2023-12-30,web,2,52
LEAD_0003729,CUS_003718,PRJ_0024,2022-03-16,web,2,62
LEAD_0003730,CUS_002618,PRJ_0008,2023-03-08,web,1,53
LEAD_0003731,CUS_004762,PRJ_0026,2023-06-05,web,1,70
LEAD_0003732,CUS_001266,PRJ_0018,2023-04-20,walk_in,1,57
LEAD_0003733,CUS_001749,PRJ_0012,2023-04-07,web,1,37
LEAD_0003734,CUS_000158,PRJ_0023,2022-10-08,referral,3,71
LEAD_0003735,CUS_003796,PRJ_0011,2022-08-25,web,4,59
LEAD_0003736,CUS_000108,PRJ_0025,2022-07-08,referral,0,78
LEAD_0003737,CUS_005025,PRJ_0023,2024-01-03,web,0,40
LEAD_0003738,CUS_004559,PRJ_0021,2023-04-02,campaign,5,80
LEAD_0003739,CUS_004557,PRJ_0019,2023-11-04,web,2,65
LEAD_0003740,CUS_003864,PRJ_0011,2025-02-18,agency,4,56
LEAD_0003741,CUS_005938,PRJ_0002,2022-10-17,referral,2,77
LEAD_0003742,CUS_004061,PRJ_0006,2021-04-22,referral,2,76
LEAD_0003743,CUS_005234,PRJ_0014,2024-08-27,referral,4,77
LEAD_0003744,CUS_001686,PRJ_0027,2022-10-14,web,2,53
LEAD_0003745,CUS_001815,PRJ_0008,2023-02-11,agency,1,66
LEAD_0003746,CUS_003866,PRJ_0004,2021-03-22,referral,0,57
LEAD_0003747,CUS_004731,PRJ_0024,2021-03-05,referral,2,87
LEAD_0003748,CUS_002136,PRJ_0028,2022-01-28,campaign,1,72
LEAD_0003749,CUS_003102,PRJ_0003,2022-08-13,web,0,64
LEAD_0003750,CUS_006097,PRJ_0026,2024-07-19,web,1,47
LEAD_0003751,CUS_004053,PRJ_0020,2021-06-12,walk_in,1,67
LEAD_0003752,CUS_000185,PRJ_0014,2022-11-11,web,1,78
LEAD_0003753,CUS_000454,PRJ_0027,2024-01-20,walk_in,0,55
LEAD_0003754,CUS_006310,PRJ_0014,2025-04-03,agency,1,70
LEAD_0003755,CUS_005000,PRJ_0023,2022-10-13,campaign,3,82
LEAD_0003756,CUS_006369,PRJ_0003,2022-02-03,web,6,54
LEAD_0003757,CUS_005627,PRJ_0004,2025-12-27,walk_in,0,52
LEAD_0003758,CUS_006274,PRJ_0026,2024-09-11,referral,2,62
LEAD_0003759,CUS_003690,PRJ_0010,2022-10-23,web,1,49
LEAD_0003760,CUS_005585,PRJ_0014,2023-10-05,agency,2,73
LEAD_0003761,CUS_001629,PRJ_0001,2025-01-30,web,2,62
LEAD_0003762,CUS_002315,PRJ_0001,2022-09-08,agency,1,67
LEAD_0003763,CUS_003894,PRJ_0017,2022-05-18,web,1,76
LEAD_0003764,CUS_005765,PRJ_0010,2021-02-12,web,1,60
LEAD_0003765,CUS_001017,PRJ_0015,2022-05-30,web,3,81
LEAD_0003766,CUS_001611,PRJ_0017,2025-03-30,referral,4,78
LEAD_0003767,CUS_002272,PRJ_0011,2025-06-26,web,3,59
LEAD_0003768,CUS_002224,PRJ_0014,2022-06-26,campaign,2,78
LEAD_0003769,CUS_004406,PRJ_0003,2025-11-18,web,1,77
LEAD_0003770,CUS_006463,PRJ_0010,2025-12-19,web,0,58
LEAD_0003771,CUS_003463,PRJ_0004,2022-07-22,web,3,55
LEAD_0003772,CUS_001549,PRJ_0013,2021-02-12,campaign,4,97
LEAD_0003773,CUS_000797,PRJ_0013,2024-09-01,agency,3,65
LEAD_0003774,CUS_001990,PRJ_0010,2021-05-09,web,1,63
LEAD_0003775,CUS_000188,PRJ_0023,2021-04-04,referral,0,46
LEAD_0003776,CUS_005013,PRJ_0026,2024-02-29,web,1,73
LEAD_0003777,CUS_000685,PRJ_0019,2025-06-19,web,1,51
LEAD_0003778,CUS_005196,PRJ_0006,2021-03-21,web,0,68
LEAD_0003779,CUS_003328,PRJ_0008,2024-08-11,referral,3,64
LEAD_0003780,CUS_002239,PRJ_0012,2024-09-23,web,4,81
LEAD_0003781,CUS_004288,PRJ_0027,2022-02-23,web,0,55
LEAD_0003782,CUS_005343,PRJ_0025,2021-11-27,agency,1,68
LEAD_0003783,CUS_003491,PRJ_0002,2025-11-22,agency,1,66
LEAD_0003784,CUS_003536,PRJ_0012,2021-12-06,web,3,52
LEAD_0003785,CUS_000181,PRJ_0014,2022-07-19,campaign,3,71
LEAD_0003786,CUS_004192,PRJ_0015,2022-02-20,web,1,67
LEAD_0003787,CUS_006240,PRJ_0001,2022-05-27,campaign,2,45
LEAD_0003788,CUS_005703,PRJ_0015,2023-05-17,campaign,5,68
LEAD_0003789,CUS_002246,PRJ_0026,2022-06-05,web,3,56
LEAD_0003790,CUS_002750,PRJ_0021,2022-01-31,agency,0,61
LEAD_0003791,CUS_005733,PRJ_0013,2025-05-17,campaign,2,68
LEAD_0003792,CUS_000879,PRJ_0013,2022-12-25,web,3,55
LEAD_0003793,CUS_000920,PRJ_0004,2023-01-12,web,2,74
LEAD_0003794,CUS_005608,PRJ_0005,2022-08-01,web,2,48
LEAD_0003795,CUS_001341,PRJ_0025,2021-02-18,campaign,0,46
LEAD_0003796,CUS_003728,PRJ_0024,2023-01-21,web,2,63
LEAD_0003797,CUS_004238,PRJ_0009,2024-01-05,campaign,3,61
LEAD_0003798,CUS_006131,PRJ_0020,2021-11-07,web,5,52
LEAD_0003799,CUS_005956,PRJ_0012,2025-12-09,campaign,1,58
LEAD_0003800,CUS_003918,PRJ_0025,2025-11-27,referral,4,75
LEAD_0003801,CUS_005977,PRJ_0025,2024-11-12,agency,2,77
LEAD_0003802,CUS_000647,PRJ_0009,2024-02-21,agency,1,65
LEAD_0003803,CUS_002809,PRJ_0004,2021-11-11,web,3,97
LEAD_0003804,CUS_002023,PRJ_0009,2023-08-25,web,0,53
LEAD_0003805,CUS_006117,PRJ_0022,2023-06-09,web,2,70
LEAD_0003806,CUS_005112,PRJ_0001,2021-12-30,campaign,5,59
LEAD_0003807,CUS_002273,PRJ_0003,2024-10-30,walk_in,1,66
LEAD_0003808,CUS_001888,PRJ_0001,2022-02-14,web,2,52
LEAD_0003809,CUS_005290,PRJ_0006,2021-07-21,web,2,74
LEAD_0003810,CUS_005410,PRJ_0013,2025-06-23,web,2,81
LEAD_0003811,CUS_003531,PRJ_0019,2025-04-20,web,3,68
LEAD_0003812,CUS_005969,PRJ_0021,2024-05-27,web,2,84
LEAD_0003813,CUS_002611,PRJ_0023,2021-09-21,referral,1,71
LEAD_0003814,CUS_002869,PRJ_0003,2021-02-22,web,3,49
LEAD_0003815,CUS_003911,PRJ_0022,2021-09-10,web,6,72
LEAD_0003816,CUS_005323,PRJ_0004,2024-05-31,web,2,58
LEAD_0003817,CUS_003067,PRJ_0023,2021-08-10,referral,4,96
LEAD_0003818,CUS_001573,PRJ_0011,2023-05-06,campaign,1,90
LEAD_0003819,CUS_006091,PRJ_0009,2022-06-04,campaign,1,48
LEAD_0003820,CUS_002732,PRJ_0022,2021-04-15,campaign,2,51
LEAD_0003821,CUS_006344,PRJ_0027,2024-09-01,agency,3,62
LEAD_0003822,CUS_004933,PRJ_0003,2025-07-29,walk_in,9,80
LEAD_0003823,CUS_000094,PRJ_0004,2022-10-15,referral,3,65
LEAD_0003824,CUS_001165,PRJ_0018,2024-03-29,agency,1,67
LEAD_0003825,CUS_000228,PRJ_0014,2021-04-22,agency,2,64
LEAD_0003826,CUS_002183,PRJ_0010,2021-11-10,web,2,48
LEAD_0003827,CUS_002542,PRJ_0007,2021-02-01,campaign,3,76
LEAD_0003828,CUS_002052,PRJ_0007,2025-06-05,referral,2,71
LEAD_0003829,CUS_002918,PRJ_0024,2021-06-26,agency,2,52
LEAD_0003830,CUS_006207,PRJ_0028,2024-07-08,agency,2,73
LEAD_0003831,CUS_001741,PRJ_0004,2021-05-21,agency,0,52
LEAD_0003832,CUS_003218,PRJ_0024,2024-12-10,walk_in,2,65
LEAD_0003833,CUS_004781,PRJ_0001,2025-12-14,agency,3,67
LEAD_0003834,CUS_002064,PRJ_0006,2024-07-19,web,2,60
LEAD_0003835,CUS_005204,PRJ_0016,2021-07-09,web,1,61
LEAD_0003836,CUS_002049,PRJ_0013,2023-04-03,web,4,68
LEAD_0003837,CUS_005075,PRJ_0011,2022-09-19,web,1,64
LEAD_0003838,CUS_002460,PRJ_0008,2023-07-05,campaign,3,52
LEAD_0003839,CUS_001087,PRJ_0009,2021-05-11,web,3,89
LEAD_0003840,CUS_001843,PRJ_0014,2025-08-04,web,1,57
LEAD_0003841,CUS_003044,PRJ_0004,2022-03-19,web,5,75
LEAD_0003842,CUS_001958,PRJ_0007,2024-07-04,referral,2,64
LEAD_0003843,CUS_000223,PRJ_0007,2023-05-20,web,3,70
LEAD_0003844,CUS_002775,PRJ_0002,2025-04-30,campaign,3,80
LEAD_0003845,CUS_002112,PRJ_0001,2024-08-03,walk_in,2,73
LEAD_0003846,CUS_004478,PRJ_0014,2025-12-16,web,5,78
LEAD_0003847,CUS_005421,PRJ_0027,2025-03-25,web,0,58
LEAD_0003848,CUS_001565,PRJ_0019,2022-05-03,agency,3,54
LEAD_0003849,CUS_005581,PRJ_0016,2021-01-07,agency,1,40
LEAD_0003850,CUS_003774,PRJ_0012,2023-03-14,web,2,49
LEAD_0003851,CUS_002724,PRJ_0001,2022-09-02,walk_in,3,59
LEAD_0003852,CUS_004835,PRJ_0006,2021-04-30,web,3,82
LEAD_0003853,CUS_001175,PRJ_0021,2024-02-02,agency,2,100
LEAD_0003854,CUS_001282,PRJ_0018,2025-12-12,web,2,53
LEAD_0003855,CUS_002468,PRJ_0026,2022-10-26,campaign,2,61
LEAD_0003856,CUS_004615,PRJ_0023,2021-10-08,referral,4,78
LEAD_0003857,CUS_003957,PRJ_0025,2023-05-22,campaign,1,82
LEAD_0003858,CUS_004076,PRJ_0010,2024-01-23,web,0,98
LEAD_0003859,CUS_002056,PRJ_0021,2025-09-14,walk_in,1,62
LEAD_0003860,CUS_002017,PRJ_0025,2021-06-21,campaign,2,88
LEAD_0003861,CUS_000128,PRJ_0003,2021-05-27,campaign,4,60
LEAD_0003862,CUS_003853,PRJ_0005,2025-02-03,web,1,55
LEAD_0003863,CUS_002495,PRJ_0007,2025-05-02,web,2,58
LEAD_0003864,CUS_006479,PRJ_0011,2024-04-23,web,0,59
LEAD_0003865,CUS_004079,PRJ_0007,2025-01-15,web,0,56
LEAD_0003866,CUS_003344,PRJ_0002,2021-02-25,web,0,85
LEAD_0003867,CUS_005099,PRJ_0018,2025-08-10,walk_in,1,56
LEAD_0003868,CUS_005376,PRJ_0021,2024-04-21,agency,2,75
LEAD_0003869,CUS_001211,PRJ_0010,2025-08-04,referral,0,58
LEAD_0003870,CUS_004543,PRJ_0026,2023-05-19,walk_in,3,72
LEAD_0003871,CUS_000175,PRJ_0021,2025-03-01,referral,2,66
LEAD_0003872,CUS_004995,PRJ_0017,2025-07-17,campaign,6,67
LEAD_0003873,CUS_000814,PRJ_0002,2021-09-23,agency,2,57
LEAD_0003874,CUS_000575,PRJ_0013,2021-01-05,web,2,67
LEAD_0003875,CUS_002575,PRJ_0022,2022-09-13,campaign,2,63
LEAD_0003876,CUS_005884,PRJ_0016,2022-05-14,web,0,65
LEAD_0003877,CUS_001720,PRJ_0024,2021-02-25,web,0,58
LEAD_0003878,CUS_001091,PRJ_0022,2025-11-06,referral,0,57
LEAD_0003879,CUS_001880,PRJ_0028,2024-08-08,referral,1,66
LEAD_0003880,CUS_002030,PRJ_0013,2021-12-09,web,2,50
LEAD_0003881,CUS_001065,PRJ_0005,2025-11-26,web,2,54
LEAD_0003882,CUS_004436,PRJ_0024,2022-02-04,agency,6,76
LEAD_0003883,CUS_001463,PRJ_0023,2025-02-15,referral,2,71
LEAD_0003884,CUS_002173,PRJ_0010,2022-06-27,web,1,47
LEAD_0003885,CUS_003706,PRJ_0003,2023-04-07,agency,0,62
LEAD_0003886,CUS_002930,PRJ_0010,2023-02-16,campaign,3,75
LEAD_0003887,CUS_001575,PRJ_0014,2023-04-26,web,3,74
LEAD_0003888,CUS_002530,PRJ_0024,2023-09-03,web,0,73
LEAD_0003889,CUS_006073,PRJ_0011,2021-02-16,web,1,59
LEAD_0003890,CUS_005871,PRJ_0022,2025-10-16,campaign,1,55
LEAD_0003891,CUS_002240,PRJ_0019,2023-10-21,web,3,61
LEAD_0003892,CUS_002083,PRJ_0001,2023-06-10,web,2,57
LEAD_0003893,CUS_001011,PRJ_0004,2022-01-03,agency,0,58
LEAD_0003894,CUS_001142,PRJ_0014,2022-05-14,referral,2,67
LEAD_0003895,CUS_003884,PRJ_0011,2025-10-27,agency,3,65
LEAD_0003896,CUS_000888,PRJ_0025,2021-05-07,web,1,87
LEAD_0003897,CUS_005347,PRJ_0021,2024-11-12,web,1,57
LEAD_0003898,CUS_000527,PRJ_0014,2025-11-17,web,1,64
LEAD_0003899,CUS_001428,PRJ_0009,2023-11-19,web,2,61
LEAD_0003900,CUS_005933,PRJ_0001,2024-02-03,campaign,2,73
LEAD_0003901,CUS_005394,PRJ_0001,2023-10-16,walk_in,3,74
LEAD_0003902,CUS_004824,PRJ_0016,2023-04-12,web,2,61
LEAD_0003903,CUS_005686,PRJ_0001,2022-12-20,web,3,63
LEAD_0003904,CUS_003946,PRJ_0002,2022-09-15,campaign,2,43
LEAD_0003905,CUS_004248,PRJ_0003,2021-01-12,referral,1,71
LEAD_0003906,CUS_005024,PRJ_0006,2021-07-25,web,1,53
LEAD_0003907,CUS_003673,PRJ_0025,2024-12-05,web,0,47
LEAD_0003908,CUS_003830,PRJ_0002,2024-12-02,web,2,49
LEAD_0003909,CUS_003297,PRJ_0017,2022-02-03,web,2,49
LEAD_0003910,CUS_005752,PRJ_0025,2024-05-05,web,5,81
LEAD_0003911,CUS_004082,PRJ_0003,2025-01-04,referral,4,78
LEAD_0003912,CUS_001686,PRJ_0017,2022-06-23,campaign,1,62
LEAD_0003913,CUS_003396,PRJ_0001,2025-03-31,web,0,69
LEAD_0003914,CUS_004128,PRJ_0011,2022-01-06,web,1,57
LEAD_0003915,CUS_001827,PRJ_0026,2023-07-27,web,0,44
LEAD_0003916,CUS_005303,PRJ_0013,2021-11-28,walk_in,1,74
LEAD_0003917,CUS_000544,PRJ_0018,2021-05-22,campaign,3,49
LEAD_0003918,CUS_000315,PRJ_0014,2021-02-06,web,1,83
LEAD_0003919,CUS_003574,PRJ_0012,2022-03-13,referral,1,61
LEAD_0003920,CUS_000986,PRJ_0003,2023-06-28,agency,3,66
LEAD_0003921,CUS_002704,PRJ_0012,2024-12-02,walk_in,0,52
LEAD_0003922,CUS_005235,PRJ_0012,2021-09-07,web,3,45
LEAD_0003923,CUS_004950,PRJ_0018,2024-09-16,campaign,2,35
LEAD_0003924,CUS_000188,PRJ_0013,2021-07-24,campaign,2,63
LEAD_0003925,CUS_005059,PRJ_0002,2022-07-13,agency,1,55
LEAD_0003926,CUS_005284,PRJ_0018,2023-12-03,referral,4,82
LEAD_0003927,CUS_002380,PRJ_0013,2022-08-30,walk_in,2,48
LEAD_0003928,CUS_003777,PRJ_0008,2022-10-15,walk_in,1,45
LEAD_0003929,CUS_000185,PRJ_0010,2025-09-04,referral,2,78
LEAD_0003930,CUS_003808,PRJ_0024,2023-03-07,agency,3,77
LEAD_0003931,CUS_000454,PRJ_0026,2023-08-02,web,0,46
LEAD_0003932,CUS_003659,PRJ_0012,2024-08-07,web,3,62
LEAD_0003933,CUS_001211,PRJ_0026,2022-04-15,campaign,0,63
LEAD_0003934,CUS_005054,PRJ_0007,2025-12-26,web,3,57
LEAD_0003935,CUS_001539,PRJ_0002,2021-03-08,agency,5,81
LEAD_0003936,CUS_004510,PRJ_0016,2021-01-22,agency,3,52
LEAD_0003937,CUS_002753,PRJ_0018,2022-03-15,campaign,2,83
LEAD_0003938,CUS_001576,PRJ_0013,2024-09-13,agency,6,79
LEAD_0003939,CUS_000082,PRJ_0006,2024-05-16,referral,3,75
LEAD_0003940,CUS_005068,PRJ_0006,2021-12-27,agency,2,56
LEAD_0003941,CUS_004613,PRJ_0002,2023-06-25,web,3,62
LEAD_0003942,CUS_004510,PRJ_0024,2022-08-05,web,2,57
LEAD_0003943,CUS_000062,PRJ_0010,2022-12-11,agency,1,57
LEAD_0003944,CUS_005527,PRJ_0017,2023-09-12,agency,4,87
LEAD_0003945,CUS_004212,PRJ_0005,2024-04-05,referral,5,91
LEAD_0003946,CUS_005449,PRJ_0022,2022-12-12,web,1,47
LEAD_0003947,CUS_004572,PRJ_0016,2024-12-24,web,1,47
LEAD_0003948,CUS_002146,PRJ_0023,2021-05-07,web,2,57
LEAD_0003949,CUS_003160,PRJ_0017,2024-08-01,web,8,84
LEAD_0003950,CUS_003636,PRJ_0012,2023-11-29,campaign,0,67
LEAD_0003951,CUS_000286,PRJ_0007,2024-07-10,campaign,3,64
LEAD_0003952,CUS_004901,PRJ_0027,2025-05-18,web,2,54
LEAD_0003953,CUS_003089,PRJ_0028,2024-04-01,web,0,66
LEAD_0003954,CUS_002348,PRJ_0002,2022-07-05,referral,1,52
LEAD_0003955,CUS_003124,PRJ_0005,2022-04-13,walk_in,3,50
LEAD_0003956,CUS_006389,PRJ_0007,2022-08-15,web,2,54
LEAD_0003957,CUS_002638,PRJ_0027,2021-08-09,walk_in,1,47
LEAD_0003958,CUS_003961,PRJ_0006,2025-03-09,referral,3,57
LEAD_0003959,CUS_002164,PRJ_0008,2021-10-04,referral,0,42
LEAD_0003960,CUS_005685,PRJ_0006,2021-09-06,web,2,80
LEAD_0003961,CUS_005070,PRJ_0018,2021-07-17,web,1,40
LEAD_0003962,CUS_004198,PRJ_0022,2023-04-10,web,0,68
LEAD_0003963,CUS_006139,PRJ_0017,2025-07-16,campaign,2,54
LEAD_0003964,CUS_000393,PRJ_0003,2021-05-03,agency,2,68
LEAD_0003965,CUS_001350,PRJ_0028,2025-12-18,campaign,2,55
LEAD_0003966,CUS_004916,PRJ_0007,2025-05-29,campaign,3,66
LEAD_0003967,CUS_000103,PRJ_0015,2023-06-27,agency,2,80
LEAD_0003968,CUS_001539,PRJ_0006,2024-06-18,agency,0,54
LEAD_0003969,CUS_000426,PRJ_0005,2021-08-26,agency,5,83
LEAD_0003970,CUS_005076,PRJ_0022,2024-08-05,agency,5,54
LEAD_0003971,CUS_000576,PRJ_0008,2025-03-17,referral,5,75
LEAD_0003972,CUS_001599,PRJ_0025,2021-02-07,referral,2,88
LEAD_0003973,CUS_001177,PRJ_0001,2024-03-29,walk_in,2,66
LEAD_0003974,CUS_000741,PRJ_0004,2021-06-20,walk_in,0,76
LEAD_0003975,CUS_000647,PRJ_0026,2021-08-12,agency,1,70
LEAD_0003976,CUS_004546,PRJ_0003,2021-12-15,web,1,68
LEAD_0003977,CUS_005054,PRJ_0028,2021-08-31,web,0,69
LEAD_0003978,CUS_002627,PRJ_0001,2025-01-31,web,0,85
LEAD_0003979,CUS_003750,PRJ_0013,2021-02-14,campaign,0,44
LEAD_0003980,CUS_000114,PRJ_0018,2021-03-23,web,4,68
LEAD_0003981,CUS_001721,PRJ_0023,2024-08-20,web,1,55
LEAD_0003982,CUS_005896,PRJ_0014,2021-12-28,agency,3,81
LEAD_0003983,CUS_004705,PRJ_0011,2025-09-08,referral,1,56
LEAD_0003984,CUS_003627,PRJ_0023,2022-08-24,agency,1,59
LEAD_0003985,CUS_005977,PRJ_0011,2025-06-29,campaign,1,66
LEAD_0003986,CUS_003874,PRJ_0024,2022-12-13,campaign,5,100
LEAD_0003987,CUS_005932,PRJ_0002,2021-02-27,agency,0,54
LEAD_0003988,CUS_002464,PRJ_0008,2025-12-07,walk_in,0,52
LEAD_0003989,CUS_004457,PRJ_0002,2025-08-11,campaign,2,36
LEAD_0003990,CUS_002327,PRJ_0010,2022-11-13,web,2,72
LEAD_0003991,CUS_001078,PRJ_0005,2021-11-21,agency,2,50
LEAD_0003992,CUS_000995,PRJ_0006,2023-09-23,agency,2,47
LEAD_0003993,CUS_000765,PRJ_0026,2025-01-04,web,1,62
LEAD_0003994,CUS_000545,PRJ_0009,2022-09-25,web,2,51
LEAD_0003995,CUS_003217,PRJ_0012,2023-06-22,agency,1,79
LEAD_0003996,CUS_003367,PRJ_0021,2022-10-22,walk_in,2,70
LEAD_0003997,CUS_004993,PRJ_0016,2023-05-04,web,1,58
LEAD_0003998,CUS_004297,PRJ_0012,2025-04-27,campaign,1,42
LEAD_0003999,CUS_000776,PRJ_0004,2021-04-03,web,2,54
LEAD_0004000,CUS_003684,PRJ_0019,2021-02-27,agency,1,64
LEAD_0004001,CUS_004009,PRJ_0013,2024-05-14,web,0,70
LEAD_0004002,CUS_006395,PRJ_0016,2024-07-09,campaign,0,60
LEAD_0004003,CUS_000540,PRJ_0015,2022-07-31,campaign,3,82
LEAD_0004004,CUS_004724,PRJ_0025,2023-07-31,campaign,1,43
LEAD_0004005,CUS_002977,PRJ_0014,2022-08-25,walk_in,2,59
LEAD_0004006,CUS_005588,PRJ_0017,2021-03-07,web,2,50
LEAD_0004007,CUS_002210,PRJ_0023,2025-08-20,web,2,83
LEAD_0004008,CUS_000179,PRJ_0007,2022-02-16,web,2,50
LEAD_0004009,CUS_004196,PRJ_0018,2024-01-23,campaign,4,45
LEAD_0004010,CUS_000436,PRJ_0026,2022-01-10,web,1,63
LEAD_0004011,CUS_003107,PRJ_0005,2021-02-17,campaign,2,67
LEAD_0004012,CUS_000758,PRJ_0020,2025-03-31,walk_in,0,70
LEAD_0004013,CUS_000551,PRJ_0011,2022-04-04,agency,1,62
LEAD_0004014,CUS_004261,PRJ_0011,2025-07-15,referral,2,42
LEAD_0004015,CUS_001435,PRJ_0001,2022-08-22,web,3,57
LEAD_0004016,CUS_005924,PRJ_0006,2021-03-22,agency,3,67
LEAD_0004017,CUS_006255,PRJ_0010,2025-06-03,web,2,64
LEAD_0004018,CUS_001314,PRJ_0019,2023-07-30,walk_in,1,53
LEAD_0004019,CUS_001487,PRJ_0011,2024-03-23,campaign,2,68
LEAD_0004020,CUS_005650,PRJ_0017,2025-01-11,walk_in,3,51
LEAD_0004021,CUS_001589,PRJ_0009,2023-06-10,walk_in,3,53
LEAD_0004022,CUS_001379,PRJ_0012,2022-05-09,agency,2,62
LEAD_0004023,CUS_001917,PRJ_0009,2025-02-12,web,0,57
LEAD_0004024,CUS_004399,PRJ_0009,2023-12-19,web,0,55
LEAD_0004025,CUS_006289,PRJ_0001,2024-06-16,web,1,77
LEAD_0004026,CUS_000339,PRJ_0018,2022-05-20,walk_in,3,48
LEAD_0004027,CUS_001183,PRJ_0027,2025-05-13,agency,4,69
LEAD_0004028,CUS_002135,PRJ_0004,2023-06-27,referral,2,62
LEAD_0004029,CUS_004087,PRJ_0007,2024-05-30,web,3,52
LEAD_0004030,CUS_003356,PRJ_0015,2023-09-04,campaign,2,64
LEAD_0004031,CUS_006283,PRJ_0017,2021-05-09,campaign,0,52
LEAD_0004032,CUS_003777,PRJ_0028,2023-03-25,agency,0,38
LEAD_0004033,CUS_003135,PRJ_0003,2024-12-07,web,2,61
LEAD_0004034,CUS_002103,PRJ_0026,2025-05-17,web,1,84
LEAD_0004035,CUS_002000,PRJ_0010,2025-07-07,walk_in,2,49
LEAD_0004036,CUS_002940,PRJ_0008,2022-10-24,campaign,2,64
LEAD_0004037,CUS_000783,PRJ_0011,2022-02-26,web,0,57
LEAD_0004038,CUS_000555,PRJ_0012,2021-07-07,web,0,36
LEAD_0004039,CUS_004424,PRJ_0014,2025-11-30,walk_in,4,67
LEAD_0004040,CUS_002514,PRJ_0025,2024-02-28,web,2,50
LEAD_0004041,CUS_000263,PRJ_0024,2023-04-28,referral,1,71
LEAD_0004042,CUS_002358,PRJ_0018,2024-07-31,walk_in,1,64
LEAD_0004043,CUS_005998,PRJ_0022,2021-11-08,agency,2,83
LEAD_0004044,CUS_000208,PRJ_0008,2023-12-29,agency,2,83
LEAD_0004045,CUS_005969,PRJ_0021,2024-05-04,web,5,77
LEAD_0004046,CUS_003556,PRJ_0009,2022-02-24,campaign,2,43
LEAD_0004047,CUS_000301,PRJ_0010,2022-09-29,campaign,3,57
LEAD_0004048,CUS_006266,PRJ_0001,2021-01-27,referral,2,57
LEAD_0004049,CUS_004620,PRJ_0022,2025-05-18,referral,3,58
LEAD_0004050,CUS_003480,PRJ_0025,2022-11-24,agency,1,65
LEAD_0004051,CUS_003218,PRJ_0023,2022-11-01,walk_in,0,50
LEAD_0004052,CUS_000294,PRJ_0004,2022-12-06,referral,2,90
LEAD_0004053,CUS_005086,PRJ_0016,2025-12-29,walk_in,3,58
LEAD_0004054,CUS_000449,PRJ_0010,2023-08-22,agency,2,90
LEAD_0004055,CUS_003224,PRJ_0016,2023-08-17,web,3,59
LEAD_0004056,CUS_005062,PRJ_0010,2023-07-30,agency,2,65
LEAD_0004057,CUS_000916,PRJ_0016,2021-08-17,web,2,78
LEAD_0004058,CUS_004019,PRJ_0024,2023-07-30,agency,1,66
LEAD_0004059,CUS_001203,PRJ_0013,2021-11-18,web,2,56
LEAD_0004060,CUS_004105,PRJ_0001,2023-07-03,web,3,62
LEAD_0004061,CUS_005592,PRJ_0021,2024-04-12,agency,4,73
LEAD_0004062,CUS_005435,PRJ_0004,2024-07-08,campaign,2,70
LEAD_0004063,CUS_004589,PRJ_0008,2022-05-07,referral,0,80
LEAD_0004064,CUS_000951,PRJ_0026,2021-03-14,campaign,2,59
LEAD_0004065,CUS_003742,PRJ_0017,2023-03-23,walk_in,3,67
LEAD_0004066,CUS_006445,PRJ_0007,2021-08-22,walk_in,2,40
LEAD_0004067,CUS_005609,PRJ_0024,2021-10-27,referral,4,85
LEAD_0004068,CUS_004115,PRJ_0006,2025-09-18,agency,2,49
LEAD_0004069,CUS_004776,PRJ_0011,2024-08-15,agency,2,74
LEAD_0004070,CUS_006377,PRJ_0016,2021-04-12,campaign,0,57
LEAD_0004071,CUS_006174,PRJ_0011,2022-10-27,referral,1,50
LEAD_0004072,CUS_003699,PRJ_0007,2021-04-24,agency,5,65
LEAD_0004073,CUS_002187,PRJ_0002,2024-09-03,agency,2,56
LEAD_0004074,CUS_005358,PRJ_0019,2025-07-26,referral,6,87
LEAD_0004075,CUS_002838,PRJ_0018,2025-11-23,walk_in,3,59
LEAD_0004076,CUS_003558,PRJ_0026,2021-09-22,referral,3,74
LEAD_0004077,CUS_000062,PRJ_0019,2024-08-24,agency,3,73
LEAD_0004078,CUS_001551,PRJ_0026,2021-06-26,agency,5,59
LEAD_0004079,CUS_000265,PRJ_0007,2025-07-10,agency,6,69
LEAD_0004080,CUS_005928,PRJ_0024,2021-08-19,referral,1,66
LEAD_0004081,CUS_004677,PRJ_0028,2021-01-26,web,2,90
LEAD_0004082,CUS_003159,PRJ_0027,2021-12-23,web,2,46
LEAD_0004083,CUS_003295,PRJ_0022,2021-08-29,agency,4,78
LEAD_0004084,CUS_002012,PRJ_0026,2021-08-30,web,4,72
LEAD_0004085,CUS_004426,PRJ_0027,2024-10-23,web,3,48
LEAD_0004086,CUS_005642,PRJ_0006,2024-03-24,web,1,66
LEAD_0004087,CUS_005161,PRJ_0008,2021-02-17,web,2,68
LEAD_0004088,CUS_002852,PRJ_0018,2022-12-11,web,4,76
LEAD_0004089,CUS_004855,PRJ_0008,2023-06-23,referral,2,56
LEAD_0004090,CUS_002038,PRJ_0011,2022-12-29,web,2,53
LEAD_0004091,CUS_001522,PRJ_0012,2021-10-27,web,0,58
LEAD_0004092,CUS_004993,PRJ_0011,2024-10-11,agency,1,64
LEAD_0004093,CUS_004020,PRJ_0003,2022-11-19,web,4,62
LEAD_0004094,CUS_002346,PRJ_0009,2021-03-31,campaign,2,70
LEAD_0004095,CUS_000703,PRJ_0003,2025-07-07,web,0,43
LEAD_0004096,CUS_002369,PRJ_0018,2023-03-20,agency,0,49
LEAD_0004097,CUS_001528,PRJ_0007,2022-12-13,campaign,2,64
LEAD_0004098,CUS_005646,PRJ_0010,2024-02-07,web,1,46
LEAD_0004099,CUS_004469,PRJ_0008,2022-03-13,campaign,1,63
LEAD_0004100,CUS_004811,PRJ_0009,2023-02-27,web,2,55
LEAD_0004101,CUS_005215,PRJ_0021,2023-08-19,referral,4,66
LEAD_0004102,CUS_001450,PRJ_0012,2022-09-01,web,2,53
LEAD_0004103,CUS_000989,PRJ_0011,2024-10-23,campaign,1,44
LEAD_0004104,CUS_000619,PRJ_0023,2021-03-22,referral,3,76
LEAD_0004105,CUS_002269,PRJ_0027,2023-04-14,agency,2,79
LEAD_0004106,CUS_002789,PRJ_0020,2022-10-09,agency,2,69
LEAD_0004107,CUS_002296,PRJ_0011,2025-12-28,agency,1,66
LEAD_0004108,CUS_003212,PRJ_0007,2025-03-15,campaign,1,66
LEAD_0004109,CUS_001949,PRJ_0016,2025-04-13,web,1,49
LEAD_0004110,CUS_001416,PRJ_0025,2023-01-17,agency,0,69
LEAD_0004111,CUS_002265,PRJ_0007,2021-10-05,walk_in,2,73
LEAD_0004112,CUS_006484,PRJ_0002,2025-03-03,campaign,0,62
LEAD_0004113,CUS_001543,PRJ_0016,2023-12-13,agency,1,56
LEAD_0004114,CUS_001863,PRJ_0010,2023-10-17,web,3,51
LEAD_0004115,CUS_001358,PRJ_0027,2025-11-22,web,2,45
LEAD_0004116,CUS_000947,PRJ_0003,2022-02-24,web,2,72
LEAD_0004117,CUS_002507,PRJ_0009,2024-12-11,web,0,61
LEAD_0004118,CUS_000762,PRJ_0016,2021-01-16,agency,1,61
LEAD_0004119,CUS_004142,PRJ_0009,2021-05-03,agency,1,100
LEAD_0004120,CUS_000746,PRJ_0026,2025-06-27,agency,3,89
LEAD_0004121,CUS_005516,PRJ_0024,2023-09-12,agency,2,60
LEAD_0004122,CUS_002026,PRJ_0003,2023-06-04,web,2,68
LEAD_0004123,CUS_002209,PRJ_0023,2024-06-21,referral,0,68
LEAD_0004124,CUS_001093,PRJ_0017,2025-12-20,walk_in,5,84
LEAD_0004125,CUS_003273,PRJ_0028,2023-09-21,agency,4,76
LEAD_0004126,CUS_004301,PRJ_0022,2022-04-25,agency,1,64
LEAD_0004127,CUS_001466,PRJ_0021,2023-05-14,agency,3,83
LEAD_0004128,CUS_004199,PRJ_0017,2021-11-02,campaign,2,69
LEAD_0004129,CUS_005668,PRJ_0020,2022-10-02,campaign,2,51
LEAD_0004130,CUS_000716,PRJ_0025,2022-06-08,campaign,0,31
LEAD_0004131,CUS_004574,PRJ_0003,2024-01-31,web,1,39
LEAD_0004132,CUS_005386,PRJ_0015,2024-01-21,web,1,81
LEAD_0004133,CUS_006459,PRJ_0021,2024-12-02,campaign,1,49
LEAD_0004134,CUS_004937,PRJ_0011,2024-06-21,referral,3,54
LEAD_0004135,CUS_003725,PRJ_0014,2025-04-23,agency,1,62
LEAD_0004136,CUS_002645,PRJ_0004,2021-02-12,agency,2,53
LEAD_0004137,CUS_006411,PRJ_0002,2023-04-08,walk_in,1,64
LEAD_0004138,CUS_002307,PRJ_0016,2021-06-27,campaign,1,66
LEAD_0004139,CUS_005553,PRJ_0011,2021-12-16,agency,0,82
LEAD_0004140,CUS_001250,PRJ_0006,2024-01-25,web,0,57
LEAD_0004141,CUS_001407,PRJ_0010,2025-03-06,agency,1,57
LEAD_0004142,CUS_002881,PRJ_0019,2022-07-03,walk_in,0,59
LEAD_0004143,CUS_003097,PRJ_0002,2021-03-07,web,2,57
LEAD_0004144,CUS_002989,PRJ_0021,2022-06-09,agency,0,82
LEAD_0004145,CUS_002451,PRJ_0005,2022-01-02,walk_in,1,53
LEAD_0004146,CUS_002601,PRJ_0011,2023-04-03,web,2,58
LEAD_0004147,CUS_006358,PRJ_0012,2021-02-22,referral,0,61
LEAD_0004148,CUS_000995,PRJ_0015,2022-01-18,web,2,59
LEAD_0004149,CUS_005579,PRJ_0019,2022-10-14,web,0,40
LEAD_0004150,CUS_000793,PRJ_0021,2024-05-18,web,1,63
LEAD_0004151,CUS_003847,PRJ_0006,2021-04-14,agency,5,74
LEAD_0004152,CUS_005516,PRJ_0016,2021-05-15,web,4,48
LEAD_0004153,CUS_002387,PRJ_0025,2021-05-20,web,1,50
LEAD_0004154,CUS_000972,PRJ_0008,2022-06-14,walk_in,4,60
LEAD_0004155,CUS_004081,PRJ_0022,2021-01-31,campaign,2,53
LEAD_0004156,CUS_005611,PRJ_0023,2025-12-29,web,1,43
LEAD_0004157,CUS_000561,PRJ_0019,2022-07-04,web,3,47
LEAD_0004158,CUS_004130,PRJ_0025,2022-06-22,walk_in,1,44
LEAD_0004159,CUS_006476,PRJ_0002,2023-10-20,campaign,4,77
LEAD_0004160,CUS_004397,PRJ_0016,2023-06-24,referral,3,48
LEAD_0004161,CUS_003823,PRJ_0005,2024-07-21,campaign,0,49
LEAD_0004162,CUS_002452,PRJ_0003,2023-04-10,agency,4,76
LEAD_0004163,CUS_004079,PRJ_0006,2021-09-04,web,3,61
LEAD_0004164,CUS_000961,PRJ_0014,2023-09-27,agency,3,91
LEAD_0004165,CUS_003639,PRJ_0027,2025-07-02,campaign,2,50
LEAD_0004166,CUS_002792,PRJ_0028,2021-01-08,agency,2,90
LEAD_0004167,CUS_005151,PRJ_0026,2021-05-12,agency,2,70
LEAD_0004168,CUS_004009,PRJ_0023,2025-10-25,agency,4,83
LEAD_0004169,CUS_002560,PRJ_0005,2024-05-18,web,4,86
LEAD_0004170,CUS_003231,PRJ_0022,2024-05-05,agency,2,99
LEAD_0004171,CUS_001483,PRJ_0023,2021-01-14,web,1,74
LEAD_0004172,CUS_005752,PRJ_0016,2022-09-11,web,3,56
LEAD_0004173,CUS_004371,PRJ_0016,2023-09-25,web,0,52
LEAD_0004174,CUS_000777,PRJ_0008,2021-11-10,referral,2,77
LEAD_0004175,CUS_002899,PRJ_0022,2021-07-10,referral,1,82
LEAD_0004176,CUS_004741,PRJ_0006,2024-08-23,agency,2,56
LEAD_0004177,CUS_003386,PRJ_0007,2021-11-30,referral,1,62
LEAD_0004178,CUS_003482,PRJ_0013,2025-06-12,referral,2,73
LEAD_0004179,CUS_001893,PRJ_0020,2023-07-25,web,3,59
LEAD_0004180,CUS_003895,PRJ_0001,2021-07-31,campaign,0,44
LEAD_0004181,CUS_003152,PRJ_0028,2023-10-24,web,4,71
LEAD_0004182,CUS_001157,PRJ_0026,2022-10-28,web,2,61
LEAD_0004183,CUS_003516,PRJ_0019,2025-02-15,referral,2,68
LEAD_0004184,CUS_004228,PRJ_0006,2025-05-03,web,0,49
LEAD_0004185,CUS_004690,PRJ_0026,2021-11-08,referral,2,55
LEAD_0004186,CUS_003401,PRJ_0016,2022-11-19,web,3,64
LEAD_0004187,CUS_002757,PRJ_0026,2021-07-31,referral,1,68
LEAD_0004188,CUS_006325,PRJ_0019,2023-09-22,campaign,2,68
LEAD_0004189,CUS_001214,PRJ_0002,2024-09-28,referral,1,53
LEAD_0004190,CUS_004018,PRJ_0010,2025-09-22,web,3,73
LEAD_0004191,CUS_003477,PRJ_0028,2025-03-28,web,3,76
LEAD_0004192,CUS_003415,PRJ_0025,2023-01-04,agency,3,78
LEAD_0004193,CUS_002554,PRJ_0004,2024-10-08,web,4,48
LEAD_0004194,CUS_001287,PRJ_0002,2025-02-11,web,1,69
LEAD_0004195,CUS_001331,PRJ_0014,2023-11-15,web,0,66
LEAD_0004196,CUS_001030,PRJ_0022,2023-03-28,web,3,65
LEAD_0004197,CUS_000181,PRJ_0015,2024-05-22,referral,2,75
LEAD_0004198,CUS_003015,PRJ_0013,2021-12-03,web,1,58
LEAD_0004199,CUS_002158,PRJ_0021,2022-06-26,campaign,4,61
LEAD_0004200,CUS_004550,PRJ_0007,2021-03-01,web,1,60
LEAD_0004201,CUS_004743,PRJ_0018,2025-10-30,walk_in,3,54
LEAD_0004202,CUS_000785,PRJ_0009,2022-09-16,web,5,76
LEAD_0004203,CUS_004065,PRJ_0022,2022-04-26,campaign,1,58
LEAD_0004204,CUS_005821,PRJ_0004,2024-10-31,web,3,62
LEAD_0004205,CUS_005909,PRJ_0004,2021-01-24,campaign,2,53
LEAD_0004206,CUS_005532,PRJ_0001,2021-09-27,agency,4,63
LEAD_0004207,CUS_003777,PRJ_0026,2021-07-23,agency,4,70
LEAD_0004208,CUS_000092,PRJ_0019,2024-02-27,web,0,39
LEAD_0004209,CUS_004190,PRJ_0025,2023-09-10,web,3,56
LEAD_0004210,CUS_005119,PRJ_0001,2025-12-06,agency,3,58
LEAD_0004211,CUS_004482,PRJ_0021,2021-04-11,referral,2,63
LEAD_0004212,CUS_006056,PRJ_0028,2025-07-09,web,2,62
LEAD_0004213,CUS_002733,PRJ_0010,2022-09-27,web,1,66
LEAD_0004214,CUS_004010,PRJ_0007,2023-03-13,campaign,4,58
LEAD_0004215,CUS_003002,PRJ_0023,2022-07-18,web,2,49
LEAD_0004216,CUS_004429,PRJ_0027,2025-05-20,campaign,3,60
LEAD_0004217,CUS_003172,PRJ_0026,2023-11-18,web,2,66
LEAD_0004218,CUS_001191,PRJ_0026,2022-01-19,agency,2,75
LEAD_0004219,CUS_001423,PRJ_0013,2021-10-24,web,1,61
LEAD_0004220,CUS_003440,PRJ_0012,2025-04-28,web,0,54
LEAD_0004221,CUS_000190,PRJ_0025,2024-04-19,web,3,66
LEAD_0004222,CUS_002905,PRJ_0018,2023-06-10,agency,2,73
LEAD_0004223,CUS_000664,PRJ_0028,2023-10-16,campaign,1,60
LEAD_0004224,CUS_001996,PRJ_0012,2025-04-18,agency,4,78
LEAD_0004225,CUS_000324,PRJ_0022,2022-04-21,referral,1,57
LEAD_0004226,CUS_003142,PRJ_0009,2022-07-03,campaign,2,51
LEAD_0004227,CUS_005644,PRJ_0010,2022-05-03,web,2,76
LEAD_0004228,CUS_000140,PRJ_0028,2023-03-10,campaign,2,70
LEAD_0004229,CUS_005248,PRJ_0027,2025-10-27,agency,3,77
LEAD_0004230,CUS_001572,PRJ_0025,2025-12-23,walk_in,2,69
LEAD_0004231,CUS_004742,PRJ_0024,2023-08-11,campaign,2,55
LEAD_0004232,CUS_002210,PRJ_0008,2025-02-21,agency,2,96
LEAD_0004233,CUS_001748,PRJ_0025,2023-07-26,web,1,87
LEAD_0004234,CUS_001195,PRJ_0009,2021-08-04,web,4,80
LEAD_0004235,CUS_003738,PRJ_0011,2021-08-30,web,0,32
LEAD_0004236,CUS_001006,PRJ_0020,2023-01-31,web,5,78
LEAD_0004237,CUS_002677,PRJ_0001,2022-12-13,web,1,61
LEAD_0004238,CUS_003539,PRJ_0006,2021-06-09,campaign,1,68
LEAD_0004239,CUS_000148,PRJ_0022,2022-03-07,web,1,42
LEAD_0004240,CUS_006160,PRJ_0018,2023-07-06,web,2,49
LEAD_0004241,CUS_006481,PRJ_0019,2022-05-17,referral,7,65
LEAD_0004242,CUS_003495,PRJ_0006,2021-04-16,agency,1,52
LEAD_0004243,CUS_000801,PRJ_0016,2022-06-30,web,5,72
LEAD_0004244,CUS_004858,PRJ_0011,2021-03-30,web,1,50
LEAD_0004245,CUS_004953,PRJ_0017,2023-07-15,referral,1,81
LEAD_0004246,CUS_002246,PRJ_0007,2024-03-19,agency,3,78
LEAD_0004247,CUS_006100,PRJ_0010,2021-06-30,agency,2,66
LEAD_0004248,CUS_006354,PRJ_0012,2024-08-14,web,0,52
LEAD_0004249,CUS_000209,PRJ_0023,2025-01-08,web,1,57
LEAD_0004250,CUS_002309,PRJ_0014,2022-05-20,walk_in,3,56
LEAD_0004251,CUS_002732,PRJ_0005,2022-08-20,walk_in,3,49
LEAD_0004252,CUS_006113,PRJ_0019,2025-08-26,web,1,52
LEAD_0004253,CUS_000879,PRJ_0012,2025-03-12,agency,1,60
LEAD_0004254,CUS_005633,PRJ_0013,2024-01-28,agency,1,59
LEAD_0004255,CUS_001840,PRJ_0011,2021-09-28,agency,2,52
LEAD_0004256,CUS_005454,PRJ_0024,2022-10-30,web,1,66
LEAD_0004257,CUS_001506,PRJ_0016,2021-04-08,web,3,67
LEAD_0004258,CUS_006222,PRJ_0003,2022-12-03,campaign,1,56
LEAD_0004259,CUS_005382,PRJ_0022,2021-04-01,referral,3,71
LEAD_0004260,CUS_005654,PRJ_0011,2025-03-21,web,2,52
LEAD_0004261,CUS_001178,PRJ_0018,2023-03-16,referral,3,52
LEAD_0004262,CUS_006052,PRJ_0025,2024-12-17,web,1,57
LEAD_0004263,CUS_002054,PRJ_0002,2021-10-19,walk_in,2,72
LEAD_0004264,CUS_003214,PRJ_0002,2023-06-07,agency,2,58
LEAD_0004265,CUS_001183,PRJ_0020,2024-02-08,referral,3,64
LEAD_0004266,CUS_001502,PRJ_0023,2025-04-15,agency,1,58
LEAD_0004267,CUS_002352,PRJ_0025,2021-06-13,web,3,67
LEAD_0004268,CUS_004283,PRJ_0001,2021-12-23,web,1,64
LEAD_0004269,CUS_002253,PRJ_0013,2024-04-18,walk_in,0,46
LEAD_0004270,CUS_002986,PRJ_0011,2023-09-21,referral,2,75
LEAD_0004271,CUS_000691,PRJ_0022,2024-06-16,walk_in,1,70
LEAD_0004272,CUS_000559,PRJ_0024,2022-07-17,referral,0,72
LEAD_0004273,CUS_005780,PRJ_0010,2023-12-25,referral,1,57
LEAD_0004274,CUS_005683,PRJ_0006,2021-06-13,web,5,76
LEAD_0004275,CUS_000146,PRJ_0015,2022-11-27,referral,0,88
LEAD_0004276,CUS_000001,PRJ_0005,2024-03-06,web,4,71
LEAD_0004277,CUS_004744,PRJ_0010,2021-08-08,web,3,60
LEAD_0004278,CUS_002035,PRJ_0009,2022-09-16,web,2,84
LEAD_0004279,CUS_004556,PRJ_0023,2021-02-18,campaign,0,66
LEAD_0004280,CUS_000192,PRJ_0011,2023-09-06,web,1,59
LEAD_0004281,CUS_005898,PRJ_0009,2024-10-14,web,1,85
LEAD_0004282,CUS_002482,PRJ_0018,2023-07-24,agency,2,72
LEAD_0004283,CUS_006487,PRJ_0003,2024-02-01,referral,2,86
LEAD_0004284,CUS_000660,PRJ_0013,2023-01-31,campaign,0,80
LEAD_0004285,CUS_003557,PRJ_0025,2021-12-31,agency,2,77
LEAD_0004286,CUS_004856,PRJ_0024,2024-11-13,web,1,93
LEAD_0004287,CUS_004589,PRJ_0005,2022-10-20,agency,2,91
LEAD_0004288,CUS_004470,PRJ_0026,2022-05-13,campaign,3,63
LEAD_0004289,CUS_005722,PRJ_0022,2023-06-03,agency,0,63
LEAD_0004290,CUS_000147,PRJ_0024,2023-01-24,agency,2,79
LEAD_0004291,CUS_002259,PRJ_0005,2021-10-17,walk_in,2,54
LEAD_0004292,CUS_001017,PRJ_0023,2024-01-27,agency,2,88
LEAD_0004293,CUS_003161,PRJ_0013,2022-06-10,web,1,61
LEAD_0004294,CUS_000917,PRJ_0023,2021-04-28,web,1,69
LEAD_0004295,CUS_005147,PRJ_0007,2025-12-06,referral,2,83
LEAD_0004296,CUS_005142,PRJ_0011,2025-06-12,referral,1,42
LEAD_0004297,CUS_002805,PRJ_0001,2025-06-17,web,0,56
LEAD_0004298,CUS_003857,PRJ_0024,2023-02-21,agency,1,68
LEAD_0004299,CUS_000930,PRJ_0025,2023-06-17,referral,2,57
LEAD_0004300,CUS_003207,PRJ_0006,2022-06-05,referral,1,63
LEAD_0004301,CUS_002586,PRJ_0022,2024-08-31,web,1,54
LEAD_0004302,CUS_005793,PRJ_0026,2022-06-12,web,1,74
LEAD_0004303,CUS_001313,PRJ_0021,2022-10-25,referral,3,50
LEAD_0004304,CUS_001687,PRJ_0025,2025-04-09,web,2,44
LEAD_0004305,CUS_002541,PRJ_0007,2021-09-06,walk_in,0,53
LEAD_0004306,CUS_001838,PRJ_0021,2021-06-23,web,1,59
LEAD_0004307,CUS_002085,PRJ_0026,2022-11-30,campaign,2,53
LEAD_0004308,CUS_005175,PRJ_0022,2023-09-02,agency,1,44
LEAD_0004309,CUS_004155,PRJ_0023,2023-05-22,web,3,78
LEAD_0004310,CUS_000264,PRJ_0027,2022-04-10,agency,3,80
LEAD_0004311,CUS_002341,PRJ_0025,2021-12-12,agency,1,58
LEAD_0004312,CUS_004543,PRJ_0024,2022-11-02,campaign,0,66
LEAD_0004313,CUS_004762,PRJ_0008,2021-08-17,referral,1,93
LEAD_0004314,CUS_003543,PRJ_0018,2023-09-11,web,1,56
LEAD_0004315,CUS_001199,PRJ_0014,2024-09-09,agency,2,70
LEAD_0004316,CUS_003027,PRJ_0028,2021-04-21,campaign,1,45
LEAD_0004317,CUS_000396,PRJ_0005,2025-03-18,web,3,58
LEAD_0004318,CUS_000260,PRJ_0012,2022-05-01,web,4,87
LEAD_0004319,CUS_006072,PRJ_0022,2024-11-19,agency,1,68
LEAD_0004320,CUS_001125,PRJ_0025,2021-11-12,agency,1,67
LEAD_0004321,CUS_002041,PRJ_0013,2021-04-24,walk_in,0,61
LEAD_0004322,CUS_002205,PRJ_0021,2022-03-01,walk_in,1,55
LEAD_0004323,CUS_003588,PRJ_0007,2025-05-05,referral,2,80
LEAD_0004324,CUS_004154,PRJ_0026,2023-09-01,campaign,2,57
LEAD_0004325,CUS_006429,PRJ_0015,2025-01-13,web,2,62
LEAD_0004326,CUS_001353,PRJ_0007,2023-11-01,agency,1,69
LEAD_0004327,CUS_000654,PRJ_0005,2025-09-09,web,2,48
LEAD_0004328,CUS_006499,PRJ_0011,2022-04-06,web,3,57
LEAD_0004329,CUS_000217,PRJ_0008,2021-05-09,walk_in,1,66
LEAD_0004330,CUS_006045,PRJ_0011,2022-07-16,walk_in,1,63
LEAD_0004331,CUS_005455,PRJ_0025,2023-03-23,walk_in,3,80
LEAD_0004332,CUS_004996,PRJ_0020,2022-08-29,campaign,1,67
LEAD_0004333,CUS_002125,PRJ_0016,2023-09-30,web,1,84
LEAD_0004334,CUS_004492,PRJ_0016,2023-10-29,web,3,61
LEAD_0004335,CUS_002582,PRJ_0020,2022-08-05,web,4,55
LEAD_0004336,CUS_004992,PRJ_0006,2025-07-20,referral,1,41
LEAD_0004337,CUS_005100,PRJ_0002,2022-11-11,walk_in,2,36
LEAD_0004338,CUS_004683,PRJ_0011,2023-08-02,campaign,4,65
LEAD_0004339,CUS_002966,PRJ_0018,2023-07-21,agency,6,72
LEAD_0004340,CUS_003081,PRJ_0024,2025-05-15,campaign,5,78
LEAD_0004341,CUS_000412,PRJ_0027,2024-08-15,walk_in,3,58
LEAD_0004342,CUS_000679,PRJ_0018,2022-05-06,campaign,5,87
LEAD_0004343,CUS_005652,PRJ_0012,2024-06-21,walk_in,3,56
LEAD_0004344,CUS_001127,PRJ_0019,2022-01-06,walk_in,0,69
LEAD_0004345,CUS_005806,PRJ_0008,2025-12-02,referral,1,67
LEAD_0004346,CUS_005550,PRJ_0004,2024-12-10,web,1,76
LEAD_0004347,CUS_000184,PRJ_0018,2021-06-12,web,1,58
LEAD_0004348,CUS_005931,PRJ_0014,2025-04-07,walk_in,1,61
LEAD_0004349,CUS_004267,PRJ_0009,2023-11-22,web,2,99
LEAD_0004350,CUS_002895,PRJ_0025,2021-12-24,web,1,74
LEAD_0004351,CUS_000356,PRJ_0025,2021-04-16,agency,3,68
LEAD_0004352,CUS_004645,PRJ_0026,2022-11-12,web,1,63
LEAD_0004353,CUS_003184,PRJ_0018,2023-12-18,campaign,0,56
LEAD_0004354,CUS_005031,PRJ_0027,2025-06-11,web,2,51
LEAD_0004355,CUS_003010,PRJ_0002,2025-10-16,campaign,2,55
LEAD_0004356,CUS_003821,PRJ_0025,2022-09-02,referral,3,64
LEAD_0004357,CUS_001922,PRJ_0002,2021-04-01,referral,0,69
LEAD_0004358,CUS_000556,PRJ_0009,2025-09-22,agency,2,64
LEAD_0004359,CUS_006078,PRJ_0016,2024-06-14,referral,3,76
LEAD_0004360,CUS_000225,PRJ_0012,2022-07-20,web,4,78
LEAD_0004361,CUS_001093,PRJ_0002,2025-07-22,campaign,3,82
LEAD_0004362,CUS_001359,PRJ_0020,2025-08-15,agency,2,72
LEAD_0004363,CUS_002762,PRJ_0013,2022-12-12,web,1,65
LEAD_0004364,CUS_001787,PRJ_0007,2021-01-23,referral,2,62
LEAD_0004365,CUS_000052,PRJ_0001,2021-11-05,campaign,5,64
LEAD_0004366,CUS_001181,PRJ_0022,2025-07-18,walk_in,3,54
LEAD_0004367,CUS_006463,PRJ_0018,2021-02-19,web,3,48
LEAD_0004368,CUS_002908,PRJ_0019,2025-03-24,agency,3,63
LEAD_0004369,CUS_001427,PRJ_0023,2022-07-18,agency,4,90
LEAD_0004370,CUS_003750,PRJ_0016,2021-12-13,web,4,58
LEAD_0004371,CUS_000894,PRJ_0002,2025-07-23,web,5,79
LEAD_0004372,CUS_001031,PRJ_0028,2024-07-17,walk_in,0,74
LEAD_0004373,CUS_002224,PRJ_0013,2021-03-15,referral,3,60
LEAD_0004374,CUS_004301,PRJ_0020,2025-03-14,web,4,64
LEAD_0004375,CUS_001801,PRJ_0006,2025-05-10,agency,1,56
LEAD_0004376,CUS_005123,PRJ_0002,2021-05-10,web,1,66
LEAD_0004377,CUS_002385,PRJ_0014,2022-05-16,campaign,0,62
LEAD_0004378,CUS_006322,PRJ_0001,2025-12-18,walk_in,2,49
LEAD_0004379,CUS_005225,PRJ_0008,2023-05-19,agency,7,86
LEAD_0004380,CUS_005104,PRJ_0024,2022-03-28,agency,3,73
LEAD_0004381,CUS_002870,PRJ_0014,2021-05-14,web,1,61
LEAD_0004382,CUS_004655,PRJ_0010,2021-01-27,referral,3,52
LEAD_0004383,CUS_000865,PRJ_0002,2022-05-23,campaign,1,77
LEAD_0004384,CUS_000715,PRJ_0007,2023-11-24,agency,1,75
LEAD_0004385,CUS_000472,PRJ_0025,2023-09-16,web,3,56
LEAD_0004386,CUS_004733,PRJ_0016,2022-04-14,agency,1,71
LEAD_0004387,CUS_002152,PRJ_0013,2021-05-23,web,1,67
LEAD_0004388,CUS_004462,PRJ_0019,2022-01-19,web,1,53
LEAD_0004389,CUS_002218,PRJ_0027,2023-11-01,walk_in,0,39
LEAD_0004390,CUS_002701,PRJ_0016,2021-02-05,referral,3,81
LEAD_0004391,CUS_000905,PRJ_0009,2021-09-08,walk_in,2,71
LEAD_0004392,CUS_006339,PRJ_0021,2024-11-11,referral,3,61
LEAD_0004393,CUS_000992,PRJ_0004,2021-02-14,referral,0,77
LEAD_0004394,CUS_001569,PRJ_0014,2023-10-13,agency,1,61
LEAD_0004395,CUS_006014,PRJ_0007,2025-02-23,agency,2,75
LEAD_0004396,CUS_005241,PRJ_0025,2024-03-06,agency,2,56
LEAD_0004397,CUS_005693,PRJ_0022,2024-06-17,web,3,57
LEAD_0004398,CUS_004082,PRJ_0020,2021-08-29,web,5,51
LEAD_0004399,CUS_001706,PRJ_0020,2021-04-01,referral,4,79
LEAD_0004400,CUS_002098,PRJ_0014,2023-09-28,agency,0,80
LEAD_0004401,CUS_004155,PRJ_0004,2024-12-17,web,2,56
LEAD_0004402,CUS_005877,PRJ_0023,2024-12-02,web,1,65
LEAD_0004403,CUS_006472,PRJ_0017,2021-04-24,campaign,5,80
LEAD_0004404,CUS_001833,PRJ_0001,2021-01-19,referral,2,73
LEAD_0004405,CUS_000100,PRJ_0028,2021-07-21,agency,4,82
LEAD_0004406,CUS_000779,PRJ_0028,2025-11-20,web,1,44
LEAD_0004407,CUS_002232,PRJ_0027,2021-10-22,campaign,3,68
LEAD_0004408,CUS_006034,PRJ_0009,2021-06-01,walk_in,5,57
LEAD_0004409,CUS_004282,PRJ_0005,2023-08-30,web,0,56
LEAD_0004410,CUS_002424,PRJ_0003,2025-09-28,web,2,54
LEAD_0004411,CUS_004764,PRJ_0022,2022-09-05,agency,1,83
LEAD_0004412,CUS_001617,PRJ_0010,2022-09-04,web,1,76
LEAD_0004413,CUS_000171,PRJ_0023,2025-09-24,web,0,50
LEAD_0004414,CUS_001788,PRJ_0021,2024-05-13,campaign,2,48
LEAD_0004415,CUS_004920,PRJ_0023,2021-04-15,campaign,3,70
LEAD_0004416,CUS_000884,PRJ_0004,2023-09-24,walk_in,1,39
LEAD_0004417,CUS_005171,PRJ_0021,2021-07-10,campaign,0,56
LEAD_0004418,CUS_004958,PRJ_0010,2025-02-13,web,2,75
LEAD_0004419,CUS_004433,PRJ_0006,2024-06-07,walk_in,2,66
LEAD_0004420,CUS_001807,PRJ_0008,2023-09-12,referral,3,63
LEAD_0004421,CUS_004911,PRJ_0019,2025-01-30,agency,0,49
LEAD_0004422,CUS_000087,PRJ_0001,2022-01-13,web,3,63
LEAD_0004423,CUS_000940,PRJ_0004,2023-12-21,agency,2,81
LEAD_0004424,CUS_006482,PRJ_0005,2022-04-19,referral,1,56
LEAD_0004425,CUS_006165,PRJ_0025,2021-11-03,web,4,62
LEAD_0004426,CUS_004591,PRJ_0014,2021-04-25,agency,4,82
LEAD_0004427,CUS_002629,PRJ_0007,2025-12-11,agency,3,79
LEAD_0004428,CUS_000227,PRJ_0003,2021-08-04,referral,2,53
LEAD_0004429,CUS_003854,PRJ_0001,2024-11-17,campaign,3,62
LEAD_0004430,CUS_006280,PRJ_0025,2024-06-20,campaign,2,35
LEAD_0004431,CUS_006308,PRJ_0008,2024-07-26,referral,5,60
LEAD_0004432,CUS_005820,PRJ_0004,2023-01-03,campaign,1,52
LEAD_0004433,CUS_006295,PRJ_0028,2023-01-27,walk_in,2,67
LEAD_0004434,CUS_003774,PRJ_0004,2022-10-19,campaign,2,58
LEAD_0004435,CUS_000119,PRJ_0007,2021-06-19,referral,0,71
LEAD_0004436,CUS_003445,PRJ_0009,2021-03-05,agency,2,84
LEAD_0004437,CUS_000495,PRJ_0022,2023-02-04,referral,2,83
LEAD_0004438,CUS_002767,PRJ_0018,2023-06-02,web,2,47
LEAD_0004439,CUS_004224,PRJ_0019,2021-09-19,agency,3,63
LEAD_0004440,CUS_004220,PRJ_0021,2023-09-14,web,1,54
LEAD_0004441,CUS_004135,PRJ_0015,2021-08-22,web,2,58
LEAD_0004442,CUS_000484,PRJ_0006,2022-07-23,agency,1,72
LEAD_0004443,CUS_000696,PRJ_0004,2022-04-25,referral,1,80
LEAD_0004444,CUS_005994,PRJ_0006,2023-09-27,web,2,82
LEAD_0004445,CUS_000361,PRJ_0004,2024-07-15,walk_in,1,53
LEAD_0004446,CUS_000102,PRJ_0007,2022-03-29,walk_in,0,44
LEAD_0004447,CUS_001413,PRJ_0012,2021-11-17,referral,2,82
LEAD_0004448,CUS_000340,PRJ_0025,2021-02-04,agency,1,75
LEAD_0004449,CUS_000733,PRJ_0013,2021-11-11,campaign,5,63
LEAD_0004450,CUS_005524,PRJ_0014,2024-12-30,web,0,59
LEAD_0004451,CUS_004699,PRJ_0008,2025-04-07,web,1,48
LEAD_0004452,CUS_004384,PRJ_0023,2025-03-25,agency,2,72
LEAD_0004453,CUS_002886,PRJ_0027,2023-07-31,web,2,55
LEAD_0004454,CUS_002835,PRJ_0025,2024-03-01,web,1,55
LEAD_0004455,CUS_002232,PRJ_0028,2022-11-28,campaign,2,64
LEAD_0004456,CUS_001452,PRJ_0019,2024-07-03,campaign,1,51
LEAD_0004457,CUS_003140,PRJ_0015,2025-11-26,web,1,45
LEAD_0004458,CUS_003563,PRJ_0013,2022-06-29,referral,2,65
LEAD_0004459,CUS_002364,PRJ_0015,2021-09-05,campaign,3,84
LEAD_0004460,CUS_004527,PRJ_0027,2023-09-09,agency,3,65
LEAD_0004461,CUS_005865,PRJ_0019,2021-10-09,walk_in,0,46
LEAD_0004462,CUS_001001,PRJ_0005,2025-11-15,agency,1,69
LEAD_0004463,CUS_002914,PRJ_0013,2024-10-05,campaign,3,59
LEAD_0004464,CUS_005415,PRJ_0006,2023-07-23,web,3,91
LEAD_0004465,CUS_005858,PRJ_0023,2024-05-23,web,5,58
LEAD_0004466,CUS_000478,PRJ_0014,2022-09-03,web,2,54
LEAD_0004467,CUS_003799,PRJ_0009,2024-08-01,campaign,5,68
LEAD_0004468,CUS_005303,PRJ_0008,2022-09-14,agency,2,85
LEAD_0004469,CUS_005511,PRJ_0024,2025-01-14,referral,2,49
LEAD_0004470,CUS_004146,PRJ_0023,2021-06-08,campaign,2,53
LEAD_0004471,CUS_002271,PRJ_0007,2024-02-02,campaign,0,49
LEAD_0004472,CUS_001499,PRJ_0009,2023-12-18,agency,2,74
LEAD_0004473,CUS_000017,PRJ_0027,2021-03-09,web,0,52
LEAD_0004474,CUS_002459,PRJ_0025,2022-04-11,web,1,58
LEAD_0004475,CUS_000270,PRJ_0002,2023-08-25,web,3,58
LEAD_0004476,CUS_003928,PRJ_0022,2021-10-01,agency,3,81
LEAD_0004477,CUS_000286,PRJ_0022,2022-08-03,walk_in,2,55
LEAD_0004478,CUS_001640,PRJ_0021,2022-06-26,referral,1,59
LEAD_0004479,CUS_003279,PRJ_0016,2021-07-29,agency,2,58
LEAD_0004480,CUS_002162,PRJ_0016,2022-07-16,campaign,1,70
LEAD_0004481,CUS_001861,PRJ_0020,2021-12-01,web,1,65
LEAD_0004482,CUS_004898,PRJ_0027,2025-01-06,web,0,86
LEAD_0004483,CUS_002922,PRJ_0013,2022-07-27,web,2,81
LEAD_0004484,CUS_000332,PRJ_0025,2025-04-30,agency,3,69
LEAD_0004485,CUS_000797,PRJ_0002,2024-07-03,web,0,61
LEAD_0004486,CUS_004456,PRJ_0007,2025-12-02,walk_in,3,59
LEAD_0004487,CUS_001979,PRJ_0026,2025-08-29,referral,2,57
LEAD_0004488,CUS_002280,PRJ_0001,2024-12-19,campaign,1,73
LEAD_0004489,CUS_004038,PRJ_0002,2024-10-13,agency,1,54
LEAD_0004490,CUS_001631,PRJ_0025,2024-04-05,campaign,1,62
LEAD_0004491,CUS_000197,PRJ_0018,2021-08-10,web,0,41
LEAD_0004492,CUS_001916,PRJ_0001,2025-11-06,web,3,68
LEAD_0004493,CUS_003945,PRJ_0005,2021-09-03,web,2,44
LEAD_0004494,CUS_005815,PRJ_0018,2024-05-09,walk_in,2,71
LEAD_0004495,CUS_005532,PRJ_0005,2021-09-19,web,2,67
LEAD_0004496,CUS_005599,PRJ_0024,2021-08-09,web,5,71
LEAD_0004497,CUS_000176,PRJ_0001,2024-06-27,referral,1,72
LEAD_0004498,CUS_003288,PRJ_0001,2023-07-29,walk_in,1,64
LEAD_0004499,CUS_003200,PRJ_0001,2024-05-06,agency,1,75
LEAD_0004500,CUS_001488,PRJ_0007,2025-01-18,web,0,58
LEAD_0004501,CUS_004952,PRJ_0026,2021-06-10,referral,2,72
LEAD_0004502,CUS_005770,PRJ_0023,2025-04-16,referral,1,59
LEAD_0004503,CUS_001391,PRJ_0006,2021-05-27,campaign,3,59
LEAD_0004504,CUS_001572,PRJ_0021,2025-07-02,referral,2,80
LEAD_0004505,CUS_002182,PRJ_0024,2024-04-18,web,1,49
LEAD_0004506,CUS_003155,PRJ_0008,2023-06-04,web,0,73
LEAD_0004507,CUS_005687,PRJ_0011,2023-04-26,campaign,2,53
LEAD_0004508,CUS_003156,PRJ_0009,2021-02-07,agency,0,61
LEAD_0004509,CUS_005115,PRJ_0011,2022-11-27,web,1,67
LEAD_0004510,CUS_003949,PRJ_0027,2021-07-22,agency,1,69
LEAD_0004511,CUS_002488,PRJ_0011,2024-02-11,walk_in,3,51
LEAD_0004512,CUS_004172,PRJ_0004,2024-07-18,walk_in,2,78
LEAD_0004513,CUS_000486,PRJ_0003,2025-09-25,web,1,44
LEAD_0004514,CUS_004456,PRJ_0014,2024-10-27,web,4,78
LEAD_0004515,CUS_001303,PRJ_0017,2025-11-07,agency,0,67
LEAD_0004516,CUS_004900,PRJ_0012,2022-02-20,web,2,64
LEAD_0004517,CUS_002684,PRJ_0016,2024-06-11,agency,2,67
LEAD_0004518,CUS_001984,PRJ_0015,2022-04-16,campaign,4,73
LEAD_0004519,CUS_001469,PRJ_0016,2021-11-03,campaign,1,43
LEAD_0004520,CUS_005448,PRJ_0012,2023-07-19,agency,1,76
LEAD_0004521,CUS_002435,PRJ_0015,2023-07-13,campaign,1,85
LEAD_0004522,CUS_003911,PRJ_0006,2025-09-13,campaign,3,80
LEAD_0004523,CUS_004973,PRJ_0006,2024-02-04,web,3,65
LEAD_0004524,CUS_006373,PRJ_0023,2022-12-25,campaign,1,72
LEAD_0004525,CUS_002739,PRJ_0025,2024-03-12,referral,1,61
LEAD_0004526,CUS_003613,PRJ_0017,2021-06-26,web,1,47
LEAD_0004527,CUS_003702,PRJ_0005,2025-07-21,agency,2,58
LEAD_0004528,CUS_005290,PRJ_0016,2022-06-26,agency,0,65
LEAD_0004529,CUS_002242,PRJ_0007,2022-01-21,campaign,2,71
LEAD_0004530,CUS_000661,PRJ_0027,2023-04-06,web,3,58
LEAD_0004531,CUS_003869,PRJ_0009,2023-09-07,walk_in,4,71
LEAD_0004532,CUS_000257,PRJ_0019,2024-03-27,web,1,57
LEAD_0004533,CUS_003419,PRJ_0024,2024-06-01,web,2,62
LEAD_0004534,CUS_001239,PRJ_0013,2022-09-01,referral,1,56
LEAD_0004535,CUS_000906,PRJ_0013,2024-02-26,referral,2,70
LEAD_0004536,CUS_001597,PRJ_0024,2022-02-25,web,3,69
LEAD_0004537,CUS_000711,PRJ_0025,2024-11-03,campaign,0,39
LEAD_0004538,CUS_005518,PRJ_0026,2023-06-14,web,1,52
LEAD_0004539,CUS_002239,PRJ_0026,2021-11-19,campaign,4,80
LEAD_0004540,CUS_001713,PRJ_0006,2022-01-30,web,1,64
LEAD_0004541,CUS_003789,PRJ_0004,2025-04-13,campaign,2,68
LEAD_0004542,CUS_000837,PRJ_0012,2025-11-12,web,3,83
LEAD_0004543,CUS_003708,PRJ_0021,2025-04-04,web,0,74
LEAD_0004544,CUS_000593,PRJ_0021,2023-12-05,web,0,53
LEAD_0004545,CUS_000325,PRJ_0015,2021-02-12,referral,2,83
LEAD_0004546,CUS_000695,PRJ_0020,2021-03-13,web,3,50
LEAD_0004547,CUS_004095,PRJ_0020,2023-06-27,walk_in,0,87
LEAD_0004548,CUS_004283,PRJ_0005,2023-06-11,web,2,82
LEAD_0004549,CUS_000772,PRJ_0023,2025-07-24,web,1,68
LEAD_0004550,CUS_002414,PRJ_0014,2022-08-20,campaign,1,69
LEAD_0004551,CUS_005474,PRJ_0013,2022-09-21,web,1,61
LEAD_0004552,CUS_001224,PRJ_0013,2022-12-09,walk_in,4,76
LEAD_0004553,CUS_000943,PRJ_0020,2023-09-06,campaign,1,72
LEAD_0004554,CUS_000229,PRJ_0009,2023-03-31,web,0,60
LEAD_0004555,CUS_001568,PRJ_0021,2024-12-27,campaign,3,70
LEAD_0004556,CUS_006153,PRJ_0008,2022-12-24,referral,1,63
LEAD_0004557,CUS_005122,PRJ_0024,2025-09-30,web,5,60
LEAD_0004558,CUS_000913,PRJ_0019,2022-04-11,web,2,60
LEAD_0004559,CUS_006023,PRJ_0004,2023-08-31,web,1,45
LEAD_0004560,CUS_003522,PRJ_0024,2023-02-25,campaign,3,72
LEAD_0004561,CUS_006066,PRJ_0005,2021-09-14,agency,6,86
LEAD_0004562,CUS_003473,PRJ_0025,2025-11-25,agency,2,71
LEAD_0004563,CUS_004762,PRJ_0012,2024-07-15,referral,1,78
LEAD_0004564,CUS_002657,PRJ_0001,2023-04-22,campaign,2,61
LEAD_0004565,CUS_000143,PRJ_0004,2021-11-01,web,3,84
LEAD_0004566,CUS_004053,PRJ_0009,2025-05-19,web,0,53
LEAD_0004567,CUS_000774,PRJ_0019,2022-10-19,web,0,62
LEAD_0004568,CUS_002238,PRJ_0021,2022-07-25,campaign,3,42
LEAD_0004569,CUS_000282,PRJ_0020,2021-01-31,web,1,51
LEAD_0004570,CUS_000797,PRJ_0016,2025-06-16,walk_in,1,53
LEAD_0004571,CUS_001347,PRJ_0020,2023-04-03,walk_in,5,71
LEAD_0004572,CUS_001949,PRJ_0025,2024-05-03,web,1,45
LEAD_0004573,CUS_006228,PRJ_0004,2022-12-24,campaign,1,51
LEAD_0004574,CUS_006358,PRJ_0027,2025-11-18,referral,3,72
LEAD_0004575,CUS_002542,PRJ_0028,2021-11-23,walk_in,2,72
LEAD_0004576,CUS_004459,PRJ_0004,2025-05-06,referral,1,69
LEAD_0004577,CUS_006214,PRJ_0009,2024-02-17,referral,3,73
LEAD_0004578,CUS_002036,PRJ_0003,2025-01-23,campaign,2,60
LEAD_0004579,CUS_000674,PRJ_0020,2023-03-13,agency,2,59
LEAD_0004580,CUS_001029,PRJ_0017,2021-09-02,web,2,71
LEAD_0004581,CUS_003609,PRJ_0009,2023-08-07,referral,1,50
LEAD_0004582,CUS_004197,PRJ_0013,2024-09-30,referral,1,66
LEAD_0004583,CUS_000154,PRJ_0004,2023-02-02,agency,3,61
LEAD_0004584,CUS_002356,PRJ_0008,2025-01-12,web,1,39
LEAD_0004585,CUS_001242,PRJ_0004,2025-04-09,walk_in,3,56
LEAD_0004586,CUS_001558,PRJ_0008,2025-01-20,referral,4,73
LEAD_0004587,CUS_003746,PRJ_0003,2023-04-01,referral,2,78
LEAD_0004588,CUS_002857,PRJ_0018,2022-11-12,campaign,2,70
LEAD_0004589,CUS_005756,PRJ_0006,2023-05-20,referral,2,60
LEAD_0004590,CUS_001764,PRJ_0007,2022-09-30,agency,0,60
LEAD_0004591,CUS_003728,PRJ_0001,2022-01-05,agency,2,73
LEAD_0004592,CUS_002002,PRJ_0003,2022-08-04,web,0,61
LEAD_0004593,CUS_001887,PRJ_0021,2023-06-18,walk_in,2,61
LEAD_0004594,CUS_001702,PRJ_0026,2023-12-14,campaign,1,48
LEAD_0004595,CUS_004954,PRJ_0013,2025-12-02,campaign,4,74
LEAD_0004596,CUS_004074,PRJ_0020,2024-05-29,web,0,78
LEAD_0004597,CUS_005787,PRJ_0022,2022-10-25,referral,2,78
LEAD_0004598,CUS_005472,PRJ_0025,2021-09-17,referral,0,55
LEAD_0004599,CUS_003488,PRJ_0003,2025-04-09,web,2,56
LEAD_0004600,CUS_003654,PRJ_0005,2022-08-12,agency,1,72
LEAD_0004601,CUS_005670,PRJ_0009,2025-09-16,web,0,81
LEAD_0004602,CUS_005469,PRJ_0004,2021-12-20,referral,1,63
LEAD_0004603,CUS_002975,PRJ_0023,2023-08-19,agency,3,88
LEAD_0004604,CUS_004225,PRJ_0021,2024-07-14,agency,3,50
LEAD_0004605,CUS_002754,PRJ_0001,2021-11-21,campaign,0,42
LEAD_0004606,CUS_003799,PRJ_0013,2021-08-10,campaign,2,62
LEAD_0004607,CUS_005013,PRJ_0017,2022-08-15,referral,5,66
LEAD_0004608,CUS_006257,PRJ_0026,2025-11-28,campaign,2,47
LEAD_0004609,CUS_001171,PRJ_0019,2023-02-01,agency,0,62
LEAD_0004610,CUS_005072,PRJ_0024,2022-08-30,web,6,73
LEAD_0004611,CUS_000362,PRJ_0019,2022-11-05,web,3,49
LEAD_0004612,CUS_001231,PRJ_0009,2025-12-23,web,3,58
LEAD_0004613,CUS_005921,PRJ_0028,2021-06-16,web,3,83
LEAD_0004614,CUS_003842,PRJ_0025,2021-01-31,referral,2,74
LEAD_0004615,CUS_005442,PRJ_0006,2023-10-01,agency,2,69
LEAD_0004616,CUS_000785,PRJ_0003,2024-06-11,referral,5,82
LEAD_0004617,CUS_003631,PRJ_0022,2021-07-30,walk_in,2,58
LEAD_0004618,CUS_000016,PRJ_0001,2021-06-30,web,2,61
LEAD_0004619,CUS_004129,PRJ_0022,2024-01-13,web,2,55
LEAD_0004620,CUS_002743,PRJ_0010,2025-05-22,walk_in,2,58
LEAD_0004621,CUS_000681,PRJ_0008,2022-08-24,web,2,68
LEAD_0004622,CUS_001740,PRJ_0027,2023-02-02,campaign,3,68
LEAD_0004623,CUS_000656,PRJ_0010,2021-05-11,referral,0,70
LEAD_0004624,CUS_005995,PRJ_0018,2025-05-13,web,2,47
LEAD_0004625,CUS_002829,PRJ_0012,2021-07-12,web,1,53
LEAD_0004626,CUS_005747,PRJ_0018,2022-10-23,campaign,1,68
LEAD_0004627,CUS_000727,PRJ_0020,2021-11-05,agency,1,66
LEAD_0004628,CUS_004290,PRJ_0014,2022-11-16,campaign,2,100
LEAD_0004629,CUS_004244,PRJ_0001,2025-08-31,agency,1,92
LEAD_0004630,CUS_000189,PRJ_0001,2024-05-19,web,1,50
LEAD_0004631,CUS_005044,PRJ_0015,2022-03-22,web,0,63
LEAD_0004632,CUS_000703,PRJ_0014,2025-07-16,agency,1,52
LEAD_0004633,CUS_005819,PRJ_0001,2023-11-01,referral,3,96
LEAD_0004634,CUS_001670,PRJ_0020,2023-11-22,campaign,2,75
LEAD_0004635,CUS_004216,PRJ_0013,2022-10-12,campaign,4,37
LEAD_0004636,CUS_004220,PRJ_0017,2021-12-28,agency,2,82
LEAD_0004637,CUS_006040,PRJ_0026,2025-01-05,walk_in,3,60
LEAD_0004638,CUS_003546,PRJ_0016,2025-06-06,walk_in,2,72
LEAD_0004639,CUS_005074,PRJ_0002,2021-12-27,web,3,55
LEAD_0004640,CUS_000552,PRJ_0013,2021-03-08,walk_in,2,54
LEAD_0004641,CUS_006350,PRJ_0010,2023-10-02,web,2,64
LEAD_0004642,CUS_004700,PRJ_0023,2025-09-02,campaign,3,61
LEAD_0004643,CUS_004582,PRJ_0006,2022-09-04,agency,2,54
LEAD_0004644,CUS_000288,PRJ_0012,2024-02-17,web,3,55
LEAD_0004645,CUS_001508,PRJ_0014,2021-09-29,campaign,6,63
LEAD_0004646,CUS_004678,PRJ_0021,2025-01-08,web,2,53
LEAD_0004647,CUS_005744,PRJ_0005,2023-11-16,web,2,91
LEAD_0004648,CUS_006147,PRJ_0015,2023-10-28,campaign,1,62
LEAD_0004649,CUS_006244,PRJ_0008,2023-06-10,referral,1,55
LEAD_0004650,CUS_002435,PRJ_0025,2024-06-14,web,0,71
LEAD_0004651,CUS_000626,PRJ_0028,2022-04-21,agency,0,71
LEAD_0004652,CUS_005383,PRJ_0004,2025-05-12,referral,4,64
LEAD_0004653,CUS_003392,PRJ_0023,2024-05-06,web,3,69
LEAD_0004654,CUS_006390,PRJ_0021,2023-09-06,web,4,51
LEAD_0004655,CUS_000348,PRJ_0028,2025-10-16,web,3,64
LEAD_0004656,CUS_000644,PRJ_0004,2024-01-11,web,0,52
LEAD_0004657,CUS_006444,PRJ_0008,2025-09-12,agency,3,67
LEAD_0004658,CUS_000604,PRJ_0027,2021-11-10,agency,2,74
LEAD_0004659,CUS_005163,PRJ_0016,2021-08-30,agency,1,60
LEAD_0004660,CUS_003250,PRJ_0024,2021-12-04,web,0,58
LEAD_0004661,CUS_000872,PRJ_0015,2025-03-11,campaign,3,65
LEAD_0004662,CUS_006309,PRJ_0011,2024-01-08,campaign,1,60
LEAD_0004663,CUS_003465,PRJ_0011,2025-12-20,web,3,70
LEAD_0004664,CUS_004305,PRJ_0022,2021-11-02,campaign,0,62
LEAD_0004665,CUS_000674,PRJ_0028,2023-10-24,web,3,59
LEAD_0004666,CUS_001458,PRJ_0003,2021-08-06,web,3,51
LEAD_0004667,CUS_005973,PRJ_0009,2025-05-16,referral,1,63
LEAD_0004668,CUS_002079,PRJ_0019,2025-03-25,web,1,41
LEAD_0004669,CUS_002470,PRJ_0012,2024-12-20,agency,1,50
LEAD_0004670,CUS_000289,PRJ_0026,2022-03-08,agency,2,59
LEAD_0004671,CUS_004944,PRJ_0001,2023-03-27,web,2,70
LEAD_0004672,CUS_001219,PRJ_0001,2025-04-27,agency,2,63
LEAD_0004673,CUS_003829,PRJ_0010,2024-03-05,referral,1,63
LEAD_0004674,CUS_005096,PRJ_0011,2021-06-20,web,6,59
LEAD_0004675,CUS_004073,PRJ_0020,2025-01-13,agency,2,69
LEAD_0004676,CUS_006407,PRJ_0007,2022-11-29,referral,1,75
LEAD_0004677,CUS_004491,PRJ_0018,2021-07-20,agency,4,53
LEAD_0004678,CUS_005997,PRJ_0014,2023-04-02,agency,1,71
LEAD_0004679,CUS_002959,PRJ_0007,2021-04-11,referral,3,77
LEAD_0004680,CUS_001829,PRJ_0022,2021-05-10,web,3,46
LEAD_0004681,CUS_006499,PRJ_0006,2022-12-08,agency,4,67
LEAD_0004682,CUS_006029,PRJ_0011,2025-02-05,walk_in,1,58
LEAD_0004683,CUS_001671,PRJ_0028,2021-04-30,referral,1,84
LEAD_0004684,CUS_001363,PRJ_0010,2023-02-11,campaign,0,37
LEAD_0004685,CUS_005616,PRJ_0008,2023-11-14,walk_in,2,76
LEAD_0004686,CUS_001451,PRJ_0014,2025-05-20,agency,1,71
LEAD_0004687,CUS_001460,PRJ_0008,2023-11-23,web,1,67
LEAD_0004688,CUS_000837,PRJ_0008,2023-08-20,agency,0,73
LEAD_0004689,CUS_004121,PRJ_0009,2023-04-05,web,0,52
LEAD_0004690,CUS_004615,PRJ_0023,2023-09-25,web,1,64
LEAD_0004691,CUS_000197,PRJ_0007,2023-12-07,agency,3,57
LEAD_0004692,CUS_001650,PRJ_0004,2025-11-01,agency,1,100
LEAD_0004693,CUS_004579,PRJ_0018,2023-05-06,walk_in,1,59
LEAD_0004694,CUS_003089,PRJ_0021,2021-11-11,agency,1,60
LEAD_0004695,CUS_000647,PRJ_0001,2023-01-22,referral,0,73
LEAD_0004696,CUS_002108,PRJ_0005,2024-03-31,agency,0,68
LEAD_0004697,CUS_005594,PRJ_0023,2022-07-02,walk_in,2,34
LEAD_0004698,CUS_000798,PRJ_0015,2024-12-03,agency,3,75
LEAD_0004699,CUS_002143,PRJ_0006,2025-06-18,referral,0,57
LEAD_0004700,CUS_001211,PRJ_0024,2024-01-01,agency,1,68
LEAD_0004701,CUS_005089,PRJ_0001,2025-09-11,agency,1,44
LEAD_0004702,CUS_001032,PRJ_0014,2021-07-12,campaign,4,57
LEAD_0004703,CUS_001692,PRJ_0021,2022-12-02,web,3,67
LEAD_0004704,CUS_001461,PRJ_0006,2021-06-08,web,2,71
LEAD_0004705,CUS_003611,PRJ_0019,2023-12-06,referral,4,62
LEAD_0004706,CUS_002240,PRJ_0001,2024-08-04,campaign,1,49
LEAD_0004707,CUS_001162,PRJ_0026,2021-09-12,web,3,94
LEAD_0004708,CUS_003302,PRJ_0016,2021-03-11,walk_in,5,53
LEAD_0004709,CUS_003544,PRJ_0024,2025-10-29,walk_in,2,89
LEAD_0004710,CUS_001409,PRJ_0016,2025-04-11,walk_in,2,76
LEAD_0004711,CUS_003756,PRJ_0005,2021-12-12,agency,3,58
LEAD_0004712,CUS_004271,PRJ_0026,2023-02-02,agency,3,80
LEAD_0004713,CUS_001082,PRJ_0007,2021-04-14,web,1,71
LEAD_0004714,CUS_001687,PRJ_0026,2022-07-12,walk_in,0,51
LEAD_0004715,CUS_000349,PRJ_0026,2022-02-01,web,1,46
LEAD_0004716,CUS_001303,PRJ_0019,2023-04-08,web,1,59
LEAD_0004717,CUS_000429,PRJ_0004,2021-10-06,walk_in,1,56
LEAD_0004718,CUS_005803,PRJ_0002,2025-12-17,agency,5,84
LEAD_0004719,CUS_001336,PRJ_0026,2021-07-22,agency,4,68
LEAD_0004720,CUS_001539,PRJ_0015,2024-08-19,agency,1,73
LEAD_0004721,CUS_000233,PRJ_0006,2022-07-19,web,1,71
LEAD_0004722,CUS_001973,PRJ_0005,2025-06-08,web,1,50
LEAD_0004723,CUS_004511,PRJ_0006,2021-04-11,web,4,56
LEAD_0004724,CUS_003103,PRJ_0003,2025-02-09,web,0,60
LEAD_0004725,CUS_005890,PRJ_0028,2022-03-28,referral,0,67
LEAD_0004726,CUS_005831,PRJ_0024,2025-04-30,campaign,3,49
LEAD_0004727,CUS_004949,PRJ_0006,2023-09-06,referral,1,60
LEAD_0004728,CUS_005407,PRJ_0005,2021-04-23,campaign,2,62
LEAD_0004729,CUS_002843,PRJ_0009,2021-09-01,web,3,69
LEAD_0004730,CUS_001477,PRJ_0023,2024-08-31,web,2,78
LEAD_0004731,CUS_002596,PRJ_0014,2023-06-30,campaign,3,54
LEAD_0004732,CUS_000068,PRJ_0007,2025-06-05,agency,1,73
LEAD_0004733,CUS_001845,PRJ_0009,2023-01-21,web,1,63
LEAD_0004734,CUS_002506,PRJ_0005,2025-09-27,referral,3,67
LEAD_0004735,CUS_006317,PRJ_0006,2022-04-30,web,4,95
LEAD_0004736,CUS_002443,PRJ_0014,2022-08-07,campaign,2,77
LEAD_0004737,CUS_000792,PRJ_0001,2023-07-16,referral,4,59
LEAD_0004738,CUS_001348,PRJ_0006,2022-03-08,agency,3,62
LEAD_0004739,CUS_004063,PRJ_0009,2022-08-08,referral,2,88
LEAD_0004740,CUS_003617,PRJ_0022,2022-06-10,web,3,85
LEAD_0004741,CUS_003117,PRJ_0028,2025-11-04,web,2,63
LEAD_0004742,CUS_005954,PRJ_0028,2024-10-20,web,2,59
LEAD_0004743,CUS_005477,PRJ_0023,2021-07-23,web,3,56
LEAD_0004744,CUS_000328,PRJ_0016,2021-08-13,web,2,51
LEAD_0004745,CUS_005157,PRJ_0011,2025-01-12,web,1,52
LEAD_0004746,CUS_004950,PRJ_0007,2023-10-20,campaign,1,59
LEAD_0004747,CUS_004338,PRJ_0013,2022-01-09,web,3,68
LEAD_0004748,CUS_000807,PRJ_0024,2023-04-24,campaign,2,55
LEAD_0004749,CUS_000909,PRJ_0015,2025-10-23,web,3,59
LEAD_0004750,CUS_005514,PRJ_0009,2024-09-25,referral,2,76
LEAD_0004751,CUS_005193,PRJ_0011,2024-03-27,web,0,43
LEAD_0004752,CUS_004959,PRJ_0012,2024-10-21,agency,1,58
LEAD_0004753,CUS_004707,PRJ_0026,2025-09-27,web,3,45
LEAD_0004754,CUS_003942,PRJ_0010,2023-12-16,web,1,50
LEAD_0004755,CUS_005665,PRJ_0020,2024-08-26,campaign,4,55
LEAD_0004756,CUS_005644,PRJ_0026,2023-05-21,agency,1,87
LEAD_0004757,CUS_002646,PRJ_0009,2024-12-11,referral,4,71
LEAD_0004758,CUS_004637,PRJ_0003,2024-04-07,walk_in,1,75
LEAD_0004759,CUS_001846,PRJ_0027,2023-03-18,web,2,42
LEAD_0004760,CUS_005834,PRJ_0002,2025-10-01,agency,2,51
LEAD_0004761,CUS_000077,PRJ_0007,2022-07-08,agency,2,48
LEAD_0004762,CUS_003865,PRJ_0010,2025-08-09,walk_in,1,63
LEAD_0004763,CUS_000789,PRJ_0001,2021-12-31,web,2,63
LEAD_0004764,CUS_001230,PRJ_0019,2025-01-11,web,1,71
LEAD_0004765,CUS_002235,PRJ_0008,2023-09-07,web,2,69
LEAD_0004766,CUS_003155,PRJ_0002,2023-11-25,web,1,62
LEAD_0004767,CUS_004811,PRJ_0004,2022-03-16,web,4,41
LEAD_0004768,CUS_001675,PRJ_0015,2023-04-29,web,0,55
LEAD_0004769,CUS_002957,PRJ_0022,2023-03-22,web,2,65
LEAD_0004770,CUS_006022,PRJ_0027,2025-03-21,web,1,56
LEAD_0004771,CUS_004294,PRJ_0014,2024-08-24,web,1,46
LEAD_0004772,CUS_001997,PRJ_0017,2023-08-15,web,1,67
LEAD_0004773,CUS_000840,PRJ_0013,2025-03-10,web,1,57
LEAD_0004774,CUS_003846,PRJ_0013,2024-07-20,agency,0,59
LEAD_0004775,CUS_000268,PRJ_0017,2025-11-26,web,2,77
LEAD_0004776,CUS_002688,PRJ_0020,2022-01-21,referral,2,60
LEAD_0004777,CUS_005100,PRJ_0019,2022-10-14,agency,3,58
LEAD_0004778,CUS_000579,PRJ_0023,2024-02-13,web,2,61
LEAD_0004779,CUS_004176,PRJ_0016,2025-07-15,agency,5,68
LEAD_0004780,CUS_001442,PRJ_0019,2024-06-29,campaign,1,55
LEAD_0004781,CUS_003628,PRJ_0021,2023-11-02,walk_in,0,54
LEAD_0004782,CUS_001037,PRJ_0012,2022-06-17,agency,2,71
LEAD_0004783,CUS_001524,PRJ_0010,2024-07-07,referral,1,54
LEAD_0004784,CUS_002667,PRJ_0004,2024-05-29,web,2,49
LEAD_0004785,CUS_002043,PRJ_0012,2025-04-12,web,2,72
LEAD_0004786,CUS_003081,PRJ_0012,2023-03-23,web,2,76
LEAD_0004787,CUS_000673,PRJ_0005,2021-08-10,agency,1,62
LEAD_0004788,CUS_001763,PRJ_0015,2021-09-02,web,0,66
LEAD_0004789,CUS_006390,PRJ_0025,2025-01-13,web,2,65
LEAD_0004790,CUS_005779,PRJ_0018,2021-07-23,web,2,48
LEAD_0004791,CUS_004177,PRJ_0002,2023-10-17,agency,3,69
LEAD_0004792,CUS_000563,PRJ_0014,2023-02-26,agency,1,74
LEAD_0004793,CUS_000632,PRJ_0002,2022-07-15,agency,2,53
LEAD_0004794,CUS_002807,PRJ_0026,2025-02-10,campaign,1,61
LEAD_0004795,CUS_005222,PRJ_0027,2021-06-23,agency,1,63
LEAD_0004796,CUS_000381,PRJ_0028,2023-11-06,referral,2,74
LEAD_0004797,CUS_000569,PRJ_0028,2022-11-15,web,2,81
LEAD_0004798,CUS_004406,PRJ_0014,2021-06-05,web,1,65
LEAD_0004799,CUS_001511,PRJ_0021,2024-10-17,referral,1,62
LEAD_0004800,CUS_002287,PRJ_0005,2022-12-15,web,4,77
LEAD_0004801,CUS_000612,PRJ_0026,2022-05-05,agency,0,53
LEAD_0004802,CUS_005493,PRJ_0004,2024-11-09,referral,6,64
LEAD_0004803,CUS_003803,PRJ_0010,2021-11-04,web,1,49
LEAD_0004804,CUS_004804,PRJ_0017,2025-09-05,agency,2,81
LEAD_0004805,CUS_000107,PRJ_0024,2022-03-20,agency,3,54
LEAD_0004806,CUS_002318,PRJ_0001,2023-05-10,referral,3,64
LEAD_0004807,CUS_006311,PRJ_0023,2022-07-18,web,2,58
LEAD_0004808,CUS_006189,PRJ_0006,2024-02-15,web,6,69
LEAD_0004809,CUS_002985,PRJ_0009,2025-07-21,web,2,63
LEAD_0004810,CUS_003758,PRJ_0022,2022-07-02,campaign,3,49
LEAD_0004811,CUS_005370,PRJ_0006,2022-04-22,web,1,73
LEAD_0004812,CUS_002270,PRJ_0003,2023-09-25,web,1,65
LEAD_0004813,CUS_004201,PRJ_0006,2022-02-22,web,4,62
LEAD_0004814,CUS_002533,PRJ_0005,2021-02-16,campaign,3,48
LEAD_0004815,CUS_003855,PRJ_0008,2024-12-09,referral,3,61
LEAD_0004816,CUS_004503,PRJ_0028,2024-09-06,web,2,63
LEAD_0004817,CUS_000242,PRJ_0021,2024-08-24,web,2,58
LEAD_0004818,CUS_002890,PRJ_0019,2024-03-12,web,3,50
LEAD_0004819,CUS_003713,PRJ_0009,2025-06-07,web,4,57
LEAD_0004820,CUS_004213,PRJ_0023,2023-12-01,referral,3,86
LEAD_0004821,CUS_003033,PRJ_0017,2024-01-19,campaign,3,76
LEAD_0004822,CUS_001736,PRJ_0016,2025-01-03,web,4,59
LEAD_0004823,CUS_000611,PRJ_0003,2025-04-27,web,3,69
LEAD_0004824,CUS_001395,PRJ_0017,2025-03-09,web,3,56
LEAD_0004825,CUS_005266,PRJ_0022,2024-05-17,referral,1,77
LEAD_0004826,CUS_003888,PRJ_0013,2021-08-26,web,2,53
LEAD_0004827,CUS_005678,PRJ_0002,2023-01-15,referral,2,74
LEAD_0004828,CUS_002107,PRJ_0006,2023-04-02,referral,2,58
LEAD_0004829,CUS_000862,PRJ_0002,2024-04-10,walk_in,2,69
LEAD_0004830,CUS_005482,PRJ_0027,2024-07-17,web,2,87
LEAD_0004831,CUS_004360,PRJ_0020,2023-10-28,walk_in,1,59
LEAD_0004832,CUS_005562,PRJ_0025,2021-05-04,agency,1,62
LEAD_0004833,CUS_000309,PRJ_0020,2021-09-30,web,2,60
LEAD_0004834,CUS_002152,PRJ_0006,2021-03-25,referral,1,85
LEAD_0004835,CUS_002280,PRJ_0013,2025-07-24,campaign,2,73
LEAD_0004836,CUS_000547,PRJ_0021,2021-08-19,web,2,49
LEAD_0004837,CUS_005692,PRJ_0012,2023-02-09,agency,2,64
LEAD_0004838,CUS_002486,PRJ_0008,2021-08-23,campaign,3,74
LEAD_0004839,CUS_006131,PRJ_0010,2023-02-09,web,2,57
LEAD_0004840,CUS_000967,PRJ_0022,2021-02-09,agency,0,48
LEAD_0004841,CUS_000589,PRJ_0025,2023-09-16,web,1,69
LEAD_0004842,CUS_005940,PRJ_0021,2024-02-07,web,0,64
LEAD_0004843,CUS_001583,PRJ_0012,2024-09-09,campaign,3,61
LEAD_0004844,CUS_004953,PRJ_0019,2021-01-09,agency,2,100
LEAD_0004845,CUS_004879,PRJ_0027,2025-09-13,campaign,1,63
LEAD_0004846,CUS_001508,PRJ_0021,2022-08-17,walk_in,3,61
LEAD_0004847,CUS_003316,PRJ_0015,2021-01-17,web,3,55
LEAD_0004848,CUS_003659,PRJ_0023,2024-05-22,web,1,61
LEAD_0004849,CUS_001693,PRJ_0011,2025-01-13,web,5,73
LEAD_0004850,CUS_001975,PRJ_0016,2023-04-26,agency,2,53
LEAD_0004851,CUS_003451,PRJ_0015,2024-12-25,web,1,61
LEAD_0004852,CUS_005360,PRJ_0004,2021-02-17,web,0,41
LEAD_0004853,CUS_005793,PRJ_0027,2021-12-19,web,1,50
LEAD_0004854,CUS_006465,PRJ_0016,2023-04-18,agency,2,61
LEAD_0004855,CUS_002418,PRJ_0004,2023-04-22,web,6,66
LEAD_0004856,CUS_004151,PRJ_0021,2024-06-16,web,0,68
LEAD_0004857,CUS_001219,PRJ_0012,2023-04-30,web,1,56
LEAD_0004858,CUS_001140,PRJ_0010,2025-11-18,web,1,59
LEAD_0004859,CUS_000306,PRJ_0013,2022-09-10,referral,2,60
LEAD_0004860,CUS_001145,PRJ_0027,2021-04-08,referral,3,52
LEAD_0004861,CUS_003255,PRJ_0010,2024-11-11,web,3,55
LEAD_0004862,CUS_003671,PRJ_0014,2023-07-21,campaign,4,81
LEAD_0004863,CUS_001703,PRJ_0008,2022-10-14,walk_in,1,53
LEAD_0004864,CUS_004346,PRJ_0009,2024-09-27,campaign,4,74
LEAD_0004865,CUS_004195,PRJ_0001,2021-03-10,web,2,69
LEAD_0004866,CUS_006206,PRJ_0026,2025-01-03,referral,0,61
LEAD_0004867,CUS_001710,PRJ_0012,2021-05-29,web,3,69
LEAD_0004868,CUS_001932,PRJ_0014,2022-04-20,agency,2,67
LEAD_0004869,CUS_003888,PRJ_0021,2023-09-28,web,2,62
LEAD_0004870,CUS_001507,PRJ_0002,2021-05-03,web,1,59
LEAD_0004871,CUS_002049,PRJ_0026,2023-10-07,web,0,63
LEAD_0004872,CUS_004140,PRJ_0009,2021-04-26,agency,1,93
LEAD_0004873,CUS_005762,PRJ_0024,2021-06-14,web,3,83
LEAD_0004874,CUS_003930,PRJ_0006,2021-01-27,agency,5,74
LEAD_0004875,CUS_005603,PRJ_0011,2022-01-14,web,4,80
LEAD_0004876,CUS_003632,PRJ_0025,2024-06-05,referral,4,61
LEAD_0004877,CUS_003543,PRJ_0001,2021-11-02,campaign,3,62
LEAD_0004878,CUS_004575,PRJ_0009,2021-05-26,web,1,62
LEAD_0004879,CUS_003322,PRJ_0026,2025-11-30,agency,2,59
LEAD_0004880,CUS_003515,PRJ_0014,2025-10-28,agency,1,55
LEAD_0004881,CUS_001010,PRJ_0016,2022-03-08,agency,3,99
LEAD_0004882,CUS_000230,PRJ_0012,2021-07-22,web,1,61
LEAD_0004883,CUS_005093,PRJ_0014,2025-03-20,web,2,62
LEAD_0004884,CUS_001793,PRJ_0014,2024-02-29,campaign,2,65
LEAD_0004885,CUS_006330,PRJ_0002,2021-02-06,walk_in,0,62
LEAD_0004886,CUS_005772,PRJ_0015,2024-11-15,walk_in,4,58
LEAD_0004887,CUS_000618,PRJ_0006,2024-12-23,web,5,68
LEAD_0004888,CUS_004420,PRJ_0011,2021-01-07,web,4,91
LEAD_0004889,CUS_005399,PRJ_0014,2022-09-27,agency,2,91
LEAD_0004890,CUS_004586,PRJ_0005,2022-10-28,web,2,55
LEAD_0004891,CUS_004736,PRJ_0002,2021-05-16,campaign,2,38
LEAD_0004892,CUS_003195,PRJ_0022,2023-06-16,campaign,2,51
LEAD_0004893,CUS_004266,PRJ_0015,2021-10-02,web,1,69
LEAD_0004894,CUS_002822,PRJ_0012,2021-01-27,campaign,1,67
LEAD_0004895,CUS_004018,PRJ_0005,2021-03-02,web,2,75
LEAD_0004896,CUS_005244,PRJ_0023,2024-03-30,agency,1,70
LEAD_0004897,CUS_000487,PRJ_0006,2025-02-17,agency,3,77
LEAD_0004898,CUS_006067,PRJ_0013,2021-08-15,web,2,48
LEAD_0004899,CUS_006159,PRJ_0020,2021-11-18,agency,1,54
LEAD_0004900,CUS_000898,PRJ_0028,2023-10-30,web,0,76
LEAD_0004901,CUS_001591,PRJ_0010,2022-11-30,referral,0,63
LEAD_0004902,CUS_000870,PRJ_0028,2022-09-27,web,3,61
LEAD_0004903,CUS_004952,PRJ_0011,2023-04-12,web,3,70
LEAD_0004904,CUS_000317,PRJ_0026,2023-08-26,referral,2,67
LEAD_0004905,CUS_001548,PRJ_0012,2024-12-28,web,1,66
LEAD_0004906,CUS_001324,PRJ_0015,2025-01-05,web,2,65
LEAD_0004907,CUS_004276,PRJ_0027,2024-02-18,walk_in,0,58
LEAD_0004908,CUS_005299,PRJ_0004,2021-11-08,campaign,1,50
LEAD_0004909,CUS_001268,PRJ_0015,2021-10-21,referral,2,66
LEAD_0004910,CUS_003632,PRJ_0016,2023-12-28,agency,2,76
LEAD_0004911,CUS_005430,PRJ_0012,2023-09-09,agency,4,57
LEAD_0004912,CUS_002751,PRJ_0012,2022-05-01,campaign,0,58
LEAD_0004913,CUS_000814,PRJ_0018,2024-03-11,agency,3,62
LEAD_0004914,CUS_003242,PRJ_0002,2023-05-21,agency,1,100
LEAD_0004915,CUS_004687,PRJ_0007,2022-08-04,agency,2,65
LEAD_0004916,CUS_005683,PRJ_0014,2024-09-15,referral,5,84
LEAD_0004917,CUS_001619,PRJ_0018,2024-05-28,agency,3,53
LEAD_0004918,CUS_005308,PRJ_0021,2023-09-13,walk_in,1,46
LEAD_0004919,CUS_002200,PRJ_0005,2025-10-02,web,2,52
LEAD_0004920,CUS_005006,PRJ_0019,2024-04-15,walk_in,3,65
LEAD_0004921,CUS_004105,PRJ_0009,2025-11-20,agency,1,70
LEAD_0004922,CUS_001279,PRJ_0023,2023-08-09,web,1,66
LEAD_0004923,CUS_004746,PRJ_0018,2023-09-25,web,0,53
LEAD_0004924,CUS_004359,PRJ_0027,2022-11-13,walk_in,1,73
LEAD_0004925,CUS_005570,PRJ_0005,2021-04-21,referral,2,54
LEAD_0004926,CUS_002088,PRJ_0022,2025-10-30,campaign,1,71
LEAD_0004927,CUS_000742,PRJ_0004,2023-11-20,agency,1,78
LEAD_0004928,CUS_003058,PRJ_0017,2022-08-06,web,2,68
LEAD_0004929,CUS_005868,PRJ_0021,2021-05-05,web,3,54
LEAD_0004930,CUS_000935,PRJ_0019,2021-09-13,campaign,2,64
LEAD_0004931,CUS_001780,PRJ_0024,2025-11-08,agency,2,60
LEAD_0004932,CUS_003178,PRJ_0017,2022-11-08,web,2,60
LEAD_0004933,CUS_005438,PRJ_0028,2025-02-13,web,0,47
LEAD_0004934,CUS_006108,PRJ_0007,2022-01-19,walk_in,3,68
LEAD_0004935,CUS_006449,PRJ_0021,2021-06-18,web,2,51
LEAD_0004936,CUS_004360,PRJ_0004,2025-02-13,walk_in,1,60
LEAD_0004937,CUS_000128,PRJ_0010,2024-06-01,agency,2,69
LEAD_0004938,CUS_000191,PRJ_0018,2025-09-07,web,2,59
LEAD_0004939,CUS_006406,PRJ_0019,2024-12-08,agency,2,59
LEAD_0004940,CUS_005515,PRJ_0028,2023-08-06,agency,2,100
LEAD_0004941,CUS_003933,PRJ_0021,2024-05-04,web,2,61
LEAD_0004942,CUS_004317,PRJ_0008,2025-02-08,agency,1,62
LEAD_0004943,CUS_002033,PRJ_0018,2025-10-18,referral,4,67
LEAD_0004944,CUS_002799,PRJ_0023,2022-09-30,web,4,62
LEAD_0004945,CUS_005291,PRJ_0020,2025-02-20,campaign,1,77
LEAD_0004946,CUS_002837,PRJ_0014,2022-06-17,web,4,81
LEAD_0004947,CUS_000990,PRJ_0024,2023-12-03,campaign,3,53
LEAD_0004948,CUS_004985,PRJ_0017,2024-02-07,referral,2,71
LEAD_0004949,CUS_002407,PRJ_0019,2021-01-04,web,3,70
LEAD_0004950,CUS_001733,PRJ_0014,2024-04-19,web,1,82
LEAD_0004951,CUS_002262,PRJ_0025,2023-07-07,agency,1,73
LEAD_0004952,CUS_002543,PRJ_0009,2022-10-14,agency,0,72
LEAD_0004953,CUS_004681,PRJ_0028,2024-08-07,campaign,2,66
LEAD_0004954,CUS_005072,PRJ_0026,2024-05-05,walk_in,1,64
LEAD_0004955,CUS_004969,PRJ_0015,2024-03-16,web,0,68
LEAD_0004956,CUS_005733,PRJ_0010,2023-03-10,agency,2,78
LEAD_0004957,CUS_001772,PRJ_0019,2021-11-01,web,0,51
LEAD_0004958,CUS_005470,PRJ_0004,2024-06-25,campaign,5,78
LEAD_0004959,CUS_004436,PRJ_0003,2025-10-23,agency,3,68
LEAD_0004960,CUS_003853,PRJ_0010,2024-11-14,web,2,50
LEAD_0004961,CUS_000796,PRJ_0007,2022-06-03,web,4,69
LEAD_0004962,CUS_005528,PRJ_0019,2022-11-20,walk_in,0,44
LEAD_0004963,CUS_006100,PRJ_0025,2023-09-06,web,4,63
LEAD_0004964,CUS_004627,PRJ_0014,2025-08-01,web,0,50
LEAD_0004965,CUS_001769,PRJ_0012,2025-03-31,campaign,2,62
LEAD_0004966,CUS_005382,PRJ_0007,2022-04-09,agency,2,60
LEAD_0004967,CUS_006345,PRJ_0019,2022-05-27,web,2,64
LEAD_0004968,CUS_001783,PRJ_0027,2025-04-17,walk_in,3,62
LEAD_0004969,CUS_003360,PRJ_0018,2024-06-24,agency,4,78
LEAD_0004970,CUS_000430,PRJ_0017,2025-01-11,referral,3,98
LEAD_0004971,CUS_005512,PRJ_0004,2021-04-04,campaign,2,94
LEAD_0004972,CUS_006308,PRJ_0027,2024-06-01,campaign,2,63
LEAD_0004973,CUS_003155,PRJ_0021,2025-06-18,referral,1,59
LEAD_0004974,CUS_004755,PRJ_0019,2023-09-19,agency,2,70
LEAD_0004975,CUS_006095,PRJ_0018,2024-10-13,web,2,76
LEAD_0004976,CUS_005616,PRJ_0002,2021-07-23,web,1,73
LEAD_0004977,CUS_000522,PRJ_0006,2025-02-04,web,2,50
LEAD_0004978,CUS_004180,PRJ_0021,2021-04-07,campaign,0,66
LEAD_0004979,CUS_001863,PRJ_0027,2023-08-09,web,1,56
LEAD_0004980,CUS_002346,PRJ_0012,2021-12-31,web,2,57
LEAD_0004981,CUS_004231,PRJ_0002,2025-12-28,agency,6,61
LEAD_0004982,CUS_003142,PRJ_0017,2024-02-29,web,0,54
LEAD_0004983,CUS_000031,PRJ_0011,2025-12-25,referral,1,48
LEAD_0004984,CUS_004565,PRJ_0018,2024-10-01,walk_in,3,50
LEAD_0004985,CUS_005998,PRJ_0028,2023-06-08,campaign,2,70
LEAD_0004986,CUS_004038,PRJ_0025,2025-07-20,web,1,49
LEAD_0004987,CUS_004759,PRJ_0028,2022-04-21,campaign,6,63
LEAD_0004988,CUS_000163,PRJ_0001,2025-11-16,web,2,69
LEAD_0004989,CUS_000538,PRJ_0022,2021-10-01,web,4,61
LEAD_0004990,CUS_004273,PRJ_0017,2023-07-20,agency,1,58
LEAD_0004991,CUS_006125,PRJ_0003,2025-05-14,agency,1,64
LEAD_0004992,CUS_002793,PRJ_0002,2024-02-03,walk_in,0,44
LEAD_0004993,CUS_000650,PRJ_0014,2025-01-16,referral,3,59
LEAD_0004994,CUS_005210,PRJ_0005,2023-12-09,referral,2,61
LEAD_0004995,CUS_002119,PRJ_0012,2023-06-04,agency,2,67
LEAD_0004996,CUS_005475,PRJ_0013,2025-01-01,web,2,54
LEAD_0004997,CUS_005024,PRJ_0009,2022-11-11,agency,2,63
LEAD_0004998,CUS_004360,PRJ_0022,2024-06-24,web,2,48
LEAD_0004999,CUS_000370,PRJ_0011,2021-04-17,web,4,48
LEAD_0005000,CUS_002587,PRJ_0004,2022-05-23,web,2,43
LEAD_0005001,CUS_000165,PRJ_0011,2025-09-23,web,0,45
LEAD_0005002,CUS_005058,PRJ_0001,2023-03-12,web,3,57
LEAD_0005003,CUS_005254,PRJ_0024,2024-03-21,agency,5,66
LEAD_0005004,CUS_006154,PRJ_0014,2021-09-03,campaign,5,72
LEAD_0005005,CUS_002311,PRJ_0021,2021-02-21,web,2,63
LEAD_0005006,CUS_001304,PRJ_0004,2022-12-23,referral,6,71
LEAD_0005007,CUS_005043,PRJ_0009,2021-12-05,agency,0,55
LEAD_0005008,CUS_005346,PRJ_0014,2023-02-07,referral,6,91
LEAD_0005009,CUS_006357,PRJ_0009,2022-11-26,walk_in,1,62
LEAD_0005010,CUS_000279,PRJ_0002,2023-12-16,agency,0,74
LEAD_0005011,CUS_000009,PRJ_0005,2024-09-19,walk_in,2,78
LEAD_0005012,CUS_001578,PRJ_0024,2022-12-02,campaign,1,60
LEAD_0005013,CUS_001022,PRJ_0006,2024-01-26,web,2,63
LEAD_0005014,CUS_005822,PRJ_0007,2021-06-07,web,3,55
LEAD_0005015,CUS_001454,PRJ_0021,2022-03-09,campaign,3,57
LEAD_0005016,CUS_000407,PRJ_0012,2025-02-07,campaign,1,52
LEAD_0005017,CUS_001445,PRJ_0001,2025-01-05,campaign,1,62
LEAD_0005018,CUS_000635,PRJ_0008,2022-05-02,web,2,36
LEAD_0005019,CUS_001536,PRJ_0010,2025-10-09,referral,0,74
LEAD_0005020,CUS_001463,PRJ_0019,2025-08-12,web,1,61
LEAD_0005021,CUS_000683,PRJ_0022,2025-01-14,web,3,64
LEAD_0005022,CUS_003578,PRJ_0004,2022-06-06,campaign,1,50
LEAD_0005023,CUS_005857,PRJ_0018,2022-06-25,walk_in,1,61
LEAD_0005024,CUS_003624,PRJ_0009,2023-09-29,web,2,75
LEAD_0005025,CUS_002371,PRJ_0010,2022-03-28,web,0,46
LEAD_0005026,CUS_002964,PRJ_0009,2024-01-12,web,3,69
LEAD_0005027,CUS_005510,PRJ_0011,2023-03-01,web,3,60
LEAD_0005028,CUS_006134,PRJ_0028,2022-12-04,agency,3,62
LEAD_0005029,CUS_003194,PRJ_0018,2024-08-16,web,2,50
LEAD_0005030,CUS_000456,PRJ_0024,2023-10-02,walk_in,0,65
LEAD_0005031,CUS_004659,PRJ_0017,2021-12-27,web,2,64
LEAD_0005032,CUS_005953,PRJ_0008,2022-05-25,referral,1,94
LEAD_0005033,CUS_002517,PRJ_0025,2024-04-07,agency,3,79
LEAD_0005034,CUS_000149,PRJ_0019,2021-02-07,referral,4,64
LEAD_0005035,CUS_006371,PRJ_0020,2025-11-16,agency,0,47
LEAD_0005036,CUS_000389,PRJ_0024,2023-04-06,referral,2,87
LEAD_0005037,CUS_004883,PRJ_0012,2025-05-04,campaign,1,93
LEAD_0005038,CUS_000544,PRJ_0021,2025-03-17,web,1,58
LEAD_0005039,CUS_002576,PRJ_0001,2024-06-21,campaign,1,60
LEAD_0005040,CUS_005319,PRJ_0021,2025-04-05,web,2,48
LEAD_0005041,CUS_000543,PRJ_0020,2021-12-04,web,1,64
LEAD_0005042,CUS_003520,PRJ_0028,2024-09-08,web,1,59
LEAD_0005043,CUS_000040,PRJ_0014,2023-02-13,web,2,57
LEAD_0005044,CUS_003649,PRJ_0023,2024-10-29,web,1,89
LEAD_0005045,CUS_001168,PRJ_0011,2025-05-21,campaign,1,54
LEAD_0005046,CUS_003106,PRJ_0002,2022-08-24,agency,3,73
LEAD_0005047,CUS_001590,PRJ_0001,2022-11-01,walk_in,1,57
LEAD_0005048,CUS_003460,PRJ_0013,2024-01-31,referral,3,67
LEAD_0005049,CUS_005589,PRJ_0020,2022-06-29,referral,2,88
LEAD_0005050,CUS_000657,PRJ_0018,2024-05-20,web,0,52
LEAD_0005051,CUS_004129,PRJ_0018,2022-06-04,web,3,62
LEAD_0005052,CUS_005787,PRJ_0028,2023-05-25,walk_in,1,64
LEAD_0005053,CUS_005655,PRJ_0025,2025-12-04,walk_in,0,51
LEAD_0005054,CUS_003779,PRJ_0015,2023-11-08,agency,0,68
LEAD_0005055,CUS_003710,PRJ_0012,2023-09-18,web,5,80
LEAD_0005056,CUS_002775,PRJ_0026,2023-10-03,campaign,0,67
LEAD_0005057,CUS_006078,PRJ_0001,2024-01-08,agency,1,75
LEAD_0005058,CUS_003122,PRJ_0006,2023-09-23,web,3,55
LEAD_0005059,CUS_003309,PRJ_0012,2022-06-26,referral,3,100
LEAD_0005060,CUS_006378,PRJ_0012,2022-06-22,referral,0,76
LEAD_0005061,CUS_005564,PRJ_0004,2025-06-19,walk_in,0,62
LEAD_0005062,CUS_004605,PRJ_0007,2022-03-29,web,2,61
LEAD_0005063,CUS_005614,PRJ_0019,2022-03-04,web,2,52
LEAD_0005064,CUS_004844,PRJ_0021,2021-07-22,web,1,44
LEAD_0005065,CUS_002466,PRJ_0007,2024-11-23,campaign,2,69
LEAD_0005066,CUS_005672,PRJ_0022,2023-12-09,web,3,47
LEAD_0005067,CUS_006339,PRJ_0028,2021-08-27,web,1,51
LEAD_0005068,CUS_006086,PRJ_0007,2024-03-05,web,2,75
LEAD_0005069,CUS_002347,PRJ_0023,2023-06-11,web,2,66
LEAD_0005070,CUS_001135,PRJ_0018,2023-05-13,walk_in,1,63
LEAD_0005071,CUS_005139,PRJ_0022,2023-01-09,walk_in,2,81
LEAD_0005072,CUS_005861,PRJ_0021,2025-09-04,web,1,41
LEAD_0005073,CUS_000213,PRJ_0007,2021-07-10,agency,4,100
LEAD_0005074,CUS_005806,PRJ_0028,2022-01-29,web,2,68
LEAD_0005075,CUS_002110,PRJ_0019,2021-03-04,walk_in,0,75
LEAD_0005076,CUS_005734,PRJ_0002,2025-09-17,web,3,62
LEAD_0005077,CUS_006307,PRJ_0006,2022-03-22,walk_in,0,80
LEAD_0005078,CUS_003769,PRJ_0018,2021-04-16,web,1,65
LEAD_0005079,CUS_000396,PRJ_0014,2025-07-03,web,1,56
LEAD_0005080,CUS_000863,PRJ_0021,2025-10-16,web,4,63
LEAD_0005081,CUS_006454,PRJ_0023,2024-11-01,referral,1,67
LEAD_0005082,CUS_004384,PRJ_0012,2024-03-15,web,3,63
LEAD_0005083,CUS_002354,PRJ_0023,2022-04-24,web,4,78
LEAD_0005084,CUS_004874,PRJ_0007,2022-05-29,web,3,44
LEAD_0005085,CUS_003194,PRJ_0004,2022-12-31,walk_in,3,62
LEAD_0005086,CUS_000307,PRJ_0001,2023-10-24,web,0,56
LEAD_0005087,CUS_005776,PRJ_0002,2023-04-20,web,4,92
LEAD_0005088,CUS_005430,PRJ_0023,2025-02-27,campaign,3,66
LEAD_0005089,CUS_001808,PRJ_0021,2023-06-11,agency,6,82
LEAD_0005090,CUS_004795,PRJ_0003,2024-06-24,walk_in,4,70
LEAD_0005091,CUS_005813,PRJ_0010,2022-09-22,campaign,1,60
LEAD_0005092,CUS_000904,PRJ_0007,2022-11-06,walk_in,2,52
LEAD_0005093,CUS_001657,PRJ_0011,2025-01-17,campaign,2,86
LEAD_0005094,CUS_002042,PRJ_0020,2023-12-15,campaign,1,74
LEAD_0005095,CUS_001398,PRJ_0010,2023-05-08,agency,2,71
LEAD_0005096,CUS_004379,PRJ_0021,2021-05-09,agency,3,99
LEAD_0005097,CUS_006498,PRJ_0008,2025-08-08,web,4,74
LEAD_0005098,CUS_000034,PRJ_0003,2023-11-20,referral,4,75
LEAD_0005099,CUS_000982,PRJ_0026,2023-12-08,agency,5,82
LEAD_0005100,CUS_004410,PRJ_0023,2022-11-02,referral,1,57
LEAD_0005101,CUS_005785,PRJ_0018,2024-08-07,walk_in,4,69
LEAD_0005102,CUS_003068,PRJ_0018,2023-02-24,walk_in,3,65
LEAD_0005103,CUS_002043,PRJ_0019,2022-03-23,web,3,78
LEAD_0005104,CUS_004660,PRJ_0002,2024-03-10,agency,4,73
LEAD_0005105,CUS_001087,PRJ_0017,2024-01-30,web,1,79
LEAD_0005106,CUS_006041,PRJ_0024,2021-10-04,agency,2,67
LEAD_0005107,CUS_002680,PRJ_0014,2023-10-12,web,1,63
LEAD_0005108,CUS_006215,PRJ_0019,2025-07-22,agency,2,97
LEAD_0005109,CUS_004181,PRJ_0004,2023-01-06,walk_in,0,50
LEAD_0005110,CUS_004077,PRJ_0020,2023-08-18,web,2,38
LEAD_0005111,CUS_002056,PRJ_0009,2021-12-06,web,4,57
LEAD_0005112,CUS_006401,PRJ_0028,2024-08-01,web,1,63
LEAD_0005113,CUS_001513,PRJ_0022,2022-01-14,agency,0,70
LEAD_0005114,CUS_002134,PRJ_0009,2024-02-13,campaign,0,59
LEAD_0005115,CUS_000916,PRJ_0028,2025-04-12,web,2,65
LEAD_0005116,CUS_006096,PRJ_0023,2023-05-02,referral,2,92
LEAD_0005117,CUS_000483,PRJ_0014,2022-06-16,agency,3,74
LEAD_0005118,CUS_002953,PRJ_0027,2025-04-13,campaign,4,78
LEAD_0005119,CUS_003199,PRJ_0022,2021-10-31,agency,5,91
LEAD_0005120,CUS_005727,PRJ_0007,2022-08-21,campaign,1,74
LEAD_0005121,CUS_002518,PRJ_0005,2021-03-28,campaign,0,61
LEAD_0005122,CUS_004179,PRJ_0019,2023-03-06,web,4,68
LEAD_0005123,CUS_000748,PRJ_0028,2021-05-16,web,2,71
LEAD_0005124,CUS_005020,PRJ_0014,2022-09-24,web,3,73
LEAD_0005125,CUS_003602,PRJ_0021,2024-03-14,walk_in,4,61
LEAD_0005126,CUS_004177,PRJ_0020,2024-04-22,agency,4,73
LEAD_0005127,CUS_002904,PRJ_0005,2025-06-08,walk_in,4,91
LEAD_0005128,CUS_005812,PRJ_0018,2025-05-19,web,0,58
LEAD_0005129,CUS_006417,PRJ_0014,2024-11-18,referral,3,68
LEAD_0005130,CUS_005707,PRJ_0014,2022-09-25,walk_in,2,71
LEAD_0005131,CUS_001760,PRJ_0014,2021-02-28,agency,3,63
LEAD_0005132,CUS_001098,PRJ_0015,2023-02-22,agency,2,78
LEAD_0005133,CUS_006485,PRJ_0007,2023-02-17,walk_in,3,70
LEAD_0005134,CUS_003433,PRJ_0005,2021-06-08,web,2,53
LEAD_0005135,CUS_004481,PRJ_0008,2021-01-23,web,4,71
LEAD_0005136,CUS_003081,PRJ_0026,2023-04-22,campaign,4,77
LEAD_0005137,CUS_001685,PRJ_0028,2025-07-11,agency,0,64
LEAD_0005138,CUS_001408,PRJ_0011,2023-09-21,referral,0,74
LEAD_0005139,CUS_005116,PRJ_0003,2022-07-19,web,2,50
LEAD_0005140,CUS_001559,PRJ_0015,2022-10-14,agency,3,76
LEAD_0005141,CUS_004535,PRJ_0022,2025-10-19,campaign,0,51
LEAD_0005142,CUS_006429,PRJ_0017,2025-12-22,web,4,79
LEAD_0005143,CUS_001219,PRJ_0009,2025-10-16,referral,2,60
LEAD_0005144,CUS_005338,PRJ_0010,2025-09-30,web,3,70
LEAD_0005145,CUS_000706,PRJ_0017,2024-02-02,agency,4,98
LEAD_0005146,CUS_002549,PRJ_0003,2022-11-12,walk_in,3,63
LEAD_0005147,CUS_000018,PRJ_0015,2022-01-07,web,2,62
LEAD_0005148,CUS_001329,PRJ_0004,2025-07-08,web,1,72
LEAD_0005149,CUS_004266,PRJ_0023,2023-08-18,web,5,56
LEAD_0005150,CUS_002209,PRJ_0013,2024-07-28,campaign,0,44
LEAD_0005151,CUS_005800,PRJ_0016,2023-03-26,agency,2,85
LEAD_0005152,CUS_002090,PRJ_0021,2021-03-11,agency,4,84
LEAD_0005153,CUS_003657,PRJ_0023,2024-08-31,agency,0,59
LEAD_0005154,CUS_005529,PRJ_0005,2024-09-16,referral,4,67
LEAD_0005155,CUS_005485,PRJ_0027,2025-04-27,walk_in,2,60
LEAD_0005156,CUS_002083,PRJ_0027,2025-06-05,agency,0,49
LEAD_0005157,CUS_006214,PRJ_0005,2021-11-19,agency,6,70
LEAD_0005158,CUS_003840,PRJ_0018,2025-08-06,web,3,47
LEAD_0005159,CUS_002950,PRJ_0007,2025-07-03,walk_in,2,61
LEAD_0005160,CUS_005799,PRJ_0025,2024-01-14,referral,1,59
LEAD_0005161,CUS_005467,PRJ_0022,2021-04-11,web,3,84
LEAD_0005162,CUS_004036,PRJ_0021,2025-10-17,campaign,6,88
LEAD_0005163,CUS_000728,PRJ_0027,2024-07-25,agency,3,63
LEAD_0005164,CUS_006220,PRJ_0010,2021-08-05,agency,2,77
LEAD_0005165,CUS_002721,PRJ_0007,2024-11-26,referral,1,49
LEAD_0005166,CUS_000219,PRJ_0019,2023-07-20,referral,3,77
LEAD_0005167,CUS_003844,PRJ_0025,2025-06-02,agency,1,60
LEAD_0005168,CUS_006219,PRJ_0028,2021-10-08,web,1,61
LEAD_0005169,CUS_001903,PRJ_0011,2023-07-26,web,2,49
LEAD_0005170,CUS_006179,PRJ_0001,2025-05-24,campaign,0,46
LEAD_0005171,CUS_001535,PRJ_0003,2024-03-15,web,3,60
LEAD_0005172,CUS_003312,PRJ_0028,2022-12-22,web,3,61
LEAD_0005173,CUS_000830,PRJ_0028,2022-04-15,web,0,51
LEAD_0005174,CUS_005682,PRJ_0027,2024-08-24,web,2,52
LEAD_0005175,CUS_002815,PRJ_0013,2022-12-19,referral,1,56
LEAD_0005176,CUS_006041,PRJ_0010,2024-04-22,campaign,0,55
LEAD_0005177,CUS_002629,PRJ_0023,2023-01-02,agency,1,80
LEAD_0005178,CUS_006036,PRJ_0014,2023-06-01,agency,1,73
LEAD_0005179,CUS_000757,PRJ_0020,2021-07-09,campaign,3,64
LEAD_0005180,CUS_004414,PRJ_0012,2025-05-03,agency,1,53
LEAD_0005181,CUS_001500,PRJ_0022,2024-11-14,web,1,69
LEAD_0005182,CUS_005904,PRJ_0013,2025-11-10,agency,2,67
LEAD_0005183,CUS_002458,PRJ_0024,2023-09-28,campaign,3,59
LEAD_0005184,CUS_001231,PRJ_0006,2024-09-07,campaign,1,42
LEAD_0005185,CUS_005405,PRJ_0010,2021-07-05,web,2,57
LEAD_0005186,CUS_003584,PRJ_0020,2022-09-23,agency,1,68
LEAD_0005187,CUS_002574,PRJ_0001,2021-12-29,web,1,46
LEAD_0005188,CUS_005911,PRJ_0007,2022-03-15,web,5,73
LEAD_0005189,CUS_005518,PRJ_0011,2021-11-08,web,3,63
LEAD_0005190,CUS_006497,PRJ_0004,2022-12-16,agency,2,60
LEAD_0005191,CUS_006168,PRJ_0026,2022-06-13,web,2,66
LEAD_0005192,CUS_005625,PRJ_0001,2023-06-08,web,2,62
LEAD_0005193,CUS_005687,PRJ_0024,2025-05-21,referral,3,76
LEAD_0005194,CUS_000240,PRJ_0002,2021-08-22,campaign,1,49
LEAD_0005195,CUS_003674,PRJ_0007,2022-02-25,campaign,2,51
LEAD_0005196,CUS_006496,PRJ_0022,2024-06-16,referral,3,68
LEAD_0005197,CUS_003500,PRJ_0013,2021-10-17,web,2,84
LEAD_0005198,CUS_005125,PRJ_0017,2022-08-06,agency,1,69
LEAD_0005199,CUS_004314,PRJ_0018,2022-07-23,web,0,54
LEAD_0005200,CUS_006264,PRJ_0002,2025-11-08,web,4,64
LEAD_0005201,CUS_000183,PRJ_0005,2022-11-26,web,2,100
LEAD_0005202,CUS_004691,PRJ_0027,2025-08-25,agency,4,77
LEAD_0005203,CUS_002243,PRJ_0011,2022-05-16,web,6,59
LEAD_0005204,CUS_000830,PRJ_0010,2021-09-04,referral,2,71
LEAD_0005205,CUS_004686,PRJ_0006,2023-12-09,referral,5,88
LEAD_0005206,CUS_005335,PRJ_0026,2025-01-08,walk_in,3,93
LEAD_0005207,CUS_002073,PRJ_0022,2024-01-11,web,1,61
LEAD_0005208,CUS_003346,PRJ_0017,2022-06-28,web,3,73
LEAD_0005209,CUS_002906,PRJ_0024,2025-02-01,walk_in,2,59
LEAD_0005210,CUS_002064,PRJ_0021,2025-03-23,referral,1,65
LEAD_0005211,CUS_002828,PRJ_0018,2023-05-09,agency,2,57
LEAD_0005212,CUS_000299,PRJ_0027,2025-08-03,campaign,3,62
LEAD_0005213,CUS_006032,PRJ_0003,2025-08-11,agency,1,71
LEAD_0005214,CUS_001292,PRJ_0026,2024-03-22,agency,3,81
LEAD_0005215,CUS_004609,PRJ_0021,2022-03-26,web,1,62
LEAD_0005216,CUS_001122,PRJ_0014,2024-11-28,agency,1,79
LEAD_0005217,CUS_000719,PRJ_0022,2025-05-25,campaign,1,58
LEAD_0005218,CUS_000081,PRJ_0002,2022-08-15,referral,2,62
LEAD_0005219,CUS_004353,PRJ_0003,2021-09-02,campaign,3,65
LEAD_0005220,CUS_003191,PRJ_0028,2023-03-21,agency,4,78
LEAD_0005221,CUS_000647,PRJ_0025,2023-11-14,campaign,0,61
LEAD_0005222,CUS_001240,PRJ_0011,2023-06-10,web,2,52
LEAD_0005223,CUS_005627,PRJ_0021,2025-12-18,web,0,53
LEAD_0005224,CUS_002271,PRJ_0010,2025-01-29,campaign,0,55
LEAD_0005225,CUS_003793,PRJ_0013,2025-11-02,web,3,47
LEAD_0005226,CUS_004774,PRJ_0019,2021-11-30,web,2,69
LEAD_0005227,CUS_004233,PRJ_0007,2022-03-09,walk_in,0,52
LEAD_0005228,CUS_001133,PRJ_0022,2021-02-02,web,1,68
LEAD_0005229,CUS_005667,PRJ_0012,2024-10-24,agency,2,52
LEAD_0005230,CUS_001961,PRJ_0017,2024-07-08,agency,2,67
LEAD_0005231,CUS_006401,PRJ_0019,2022-11-30,agency,1,60
LEAD_0005232,CUS_002037,PRJ_0022,2023-01-31,agency,0,52
LEAD_0005233,CUS_004798,PRJ_0002,2023-01-10,web,2,52
LEAD_0005234,CUS_004014,PRJ_0002,2021-09-08,campaign,3,60
LEAD_0005235,CUS_003492,PRJ_0018,2023-04-27,agency,1,68
LEAD_0005236,CUS_006191,PRJ_0024,2025-01-05,agency,2,52
LEAD_0005237,CUS_000649,PRJ_0022,2023-02-23,agency,2,87
LEAD_0005238,CUS_005422,PRJ_0015,2022-06-12,referral,2,68
LEAD_0005239,CUS_006470,PRJ_0012,2023-09-21,web,1,64
LEAD_0005240,CUS_001110,PRJ_0009,2022-03-21,referral,2,74
LEAD_0005241,CUS_003636,PRJ_0017,2021-10-12,agency,4,81
LEAD_0005242,CUS_003843,PRJ_0006,2023-09-02,referral,2,79
LEAD_0005243,CUS_003811,PRJ_0009,2024-02-02,web,1,63
LEAD_0005244,CUS_004356,PRJ_0017,2021-06-15,walk_in,6,75
LEAD_0005245,CUS_005077,PRJ_0024,2022-11-21,web,1,58
LEAD_0005246,CUS_001763,PRJ_0021,2024-10-08,web,1,50
LEAD_0005247,CUS_005010,PRJ_0019,2025-01-30,campaign,2,58
LEAD_0005248,CUS_000007,PRJ_0022,2022-06-29,web,1,52
LEAD_0005249,CUS_003356,PRJ_0024,2024-06-21,agency,2,69
LEAD_0005250,CUS_003477,PRJ_0014,2025-02-05,agency,1,76
LEAD_0005251,CUS_004671,PRJ_0021,2023-11-11,web,3,65
LEAD_0005252,CUS_005689,PRJ_0005,2024-10-14,agency,1,71
LEAD_0005253,CUS_000520,PRJ_0016,2021-09-15,referral,1,54
LEAD_0005254,CUS_000577,PRJ_0014,2024-09-06,campaign,5,63
LEAD_0005255,CUS_000900,PRJ_0010,2024-09-28,web,2,58
LEAD_0005256,CUS_002249,PRJ_0014,2024-03-08,web,1,67
LEAD_0005257,CUS_003489,PRJ_0024,2022-08-20,campaign,3,55
LEAD_0005258,CUS_002195,PRJ_0001,2023-09-24,agency,3,82
LEAD_0005259,CUS_001779,PRJ_0025,2021-12-03,agency,0,68
LEAD_0005260,CUS_003759,PRJ_0016,2023-09-03,walk_in,1,52
LEAD_0005261,CUS_003283,PRJ_0011,2025-02-25,walk_in,1,58
LEAD_0005262,CUS_001714,PRJ_0017,2023-12-06,web,3,82
LEAD_0005263,CUS_003032,PRJ_0025,2022-05-11,web,1,63
LEAD_0005264,CUS_005048,PRJ_0020,2023-02-15,web,5,60
LEAD_0005265,CUS_001711,PRJ_0026,2023-10-14,walk_in,1,70
LEAD_0005266,CUS_002886,PRJ_0002,2024-01-09,web,3,67
LEAD_0005267,CUS_001235,PRJ_0012,2023-10-07,agency,1,86
LEAD_0005268,CUS_005292,PRJ_0007,2025-03-08,web,4,75
LEAD_0005269,CUS_005665,PRJ_0028,2021-04-19,web,1,61
LEAD_0005270,CUS_004664,PRJ_0017,2024-01-13,agency,4,78
LEAD_0005271,CUS_001041,PRJ_0004,2023-04-19,agency,0,55
LEAD_0005272,CUS_003172,PRJ_0023,2021-10-02,campaign,1,54
LEAD_0005273,CUS_001247,PRJ_0015,2021-04-11,referral,3,69
LEAD_0005274,CUS_003632,PRJ_0005,2025-03-12,agency,3,49
LEAD_0005275,CUS_005042,PRJ_0018,2025-08-23,campaign,2,59
LEAD_0005276,CUS_003805,PRJ_0011,2023-11-26,web,2,57
LEAD_0005277,CUS_001353,PRJ_0019,2025-12-22,campaign,2,58
LEAD_0005278,CUS_004670,PRJ_0015,2022-04-11,web,1,56
LEAD_0005279,CUS_003604,PRJ_0002,2021-05-15,web,0,52
LEAD_0005280,CUS_005786,PRJ_0015,2025-03-12,web,1,59
LEAD_0005281,CUS_000104,PRJ_0005,2022-05-07,agency,0,64
LEAD_0005282,CUS_005583,PRJ_0018,2023-10-07,campaign,3,80
LEAD_0005283,CUS_000195,PRJ_0004,2022-08-04,web,1,67
LEAD_0005284,CUS_004929,PRJ_0014,2022-09-15,agency,2,67
LEAD_0005285,CUS_003651,PRJ_0024,2025-06-18,campaign,2,74
LEAD_0005286,CUS_002505,PRJ_0015,2023-06-21,referral,1,82
LEAD_0005287,CUS_003899,PRJ_0005,2021-04-17,web,3,60
LEAD_0005288,CUS_005261,PRJ_0007,2024-02-14,referral,2,46
LEAD_0005289,CUS_001813,PRJ_0002,2025-11-13,web,0,49
LEAD_0005290,CUS_006329,PRJ_0001,2022-03-03,referral,3,61
LEAD_0005291,CUS_004695,PRJ_0026,2024-06-14,campaign,2,55
LEAD_0005292,CUS_002102,PRJ_0024,2023-02-24,campaign,3,83
LEAD_0005293,CUS_005452,PRJ_0028,2022-05-29,agency,1,81
LEAD_0005294,CUS_004275,PRJ_0012,2025-08-03,web,2,43
LEAD_0005295,CUS_005849,PRJ_0023,2021-03-15,referral,4,68
LEAD_0005296,CUS_004874,PRJ_0009,2025-09-02,web,1,36
LEAD_0005297,CUS_004725,PRJ_0023,2021-06-03,web,2,59
LEAD_0005298,CUS_005033,PRJ_0026,2024-07-16,campaign,2,43
LEAD_0005299,CUS_006148,PRJ_0013,2021-01-04,web,2,66
LEAD_0005300,CUS_004244,PRJ_0011,2025-05-25,web,1,59
LEAD_0005301,CUS_006400,PRJ_0012,2024-09-03,agency,1,83
LEAD_0005302,CUS_002542,PRJ_0018,2021-03-19,agency,1,65
LEAD_0005303,CUS_002474,PRJ_0011,2024-07-05,web,3,70
LEAD_0005304,CUS_004061,PRJ_0002,2024-06-08,web,3,71
LEAD_0005305,CUS_000473,PRJ_0009,2023-04-17,web,3,89
LEAD_0005306,CUS_002351,PRJ_0012,2025-07-02,campaign,1,70
LEAD_0005307,CUS_006314,PRJ_0010,2025-07-27,web,1,76
LEAD_0005308,CUS_006064,PRJ_0004,2023-06-16,walk_in,1,45
LEAD_0005309,CUS_003159,PRJ_0013,2021-01-01,web,2,58
LEAD_0005310,CUS_005398,PRJ_0028,2024-07-29,web,3,59
LEAD_0005311,CUS_005980,PRJ_0022,2023-12-31,referral,3,69
LEAD_0005312,CUS_000072,PRJ_0022,2023-09-08,agency,2,83
LEAD_0005313,CUS_000341,PRJ_0021,2023-05-14,web,2,78
LEAD_0005314,CUS_002429,PRJ_0009,2023-01-23,campaign,0,42
LEAD_0005315,CUS_002602,PRJ_0014,2023-02-28,agency,4,88
LEAD_0005316,CUS_003286,PRJ_0026,2021-06-11,referral,3,74
LEAD_0005317,CUS_002110,PRJ_0025,2021-06-17,agency,4,82
LEAD_0005318,CUS_004791,PRJ_0027,2021-05-19,web,1,73
LEAD_0005319,CUS_002797,PRJ_0019,2022-03-13,referral,1,82
LEAD_0005320,CUS_003950,PRJ_0010,2021-04-02,web,1,63
LEAD_0005321,CUS_005551,PRJ_0019,2025-12-21,referral,1,80
LEAD_0005322,CUS_006035,PRJ_0017,2024-08-01,walk_in,2,72
LEAD_0005323,CUS_003998,PRJ_0011,2023-07-10,campaign,3,67
LEAD_0005324,CUS_004858,PRJ_0012,2022-07-03,agency,1,71
LEAD_0005325,CUS_005042,PRJ_0015,2025-06-08,web,1,56
LEAD_0005326,CUS_004172,PRJ_0023,2022-07-22,web,2,76
LEAD_0005327,CUS_005034,PRJ_0021,2025-11-17,agency,1,58
LEAD_0005328,CUS_004473,PRJ_0001,2023-12-14,walk_in,2,48
LEAD_0005329,CUS_004150,PRJ_0019,2022-07-09,web,2,65
LEAD_0005330,CUS_005911,PRJ_0002,2021-06-09,walk_in,3,59
LEAD_0005331,CUS_000620,PRJ_0011,2024-07-08,agency,4,56
LEAD_0005332,CUS_003289,PRJ_0028,2021-09-15,web,0,65
LEAD_0005333,CUS_003685,PRJ_0005,2022-09-21,web,0,55
LEAD_0005334,CUS_003520,PRJ_0016,2025-12-05,campaign,2,54
LEAD_0005335,CUS_001463,PRJ_0017,2021-04-16,agency,0,68
LEAD_0005336,CUS_005229,PRJ_0011,2021-09-05,web,1,48
LEAD_0005337,CUS_000168,PRJ_0027,2023-02-28,agency,0,94
LEAD_0005338,CUS_001542,PRJ_0014,2021-05-12,agency,2,60
LEAD_0005339,CUS_002013,PRJ_0022,2024-02-16,walk_in,2,59
LEAD_0005340,CUS_003195,PRJ_0023,2025-03-19,web,2,41
LEAD_0005341,CUS_003841,PRJ_0013,2023-05-11,agency,3,64
LEAD_0005342,CUS_005071,PRJ_0006,2023-10-20,agency,2,57
LEAD_0005343,CUS_004635,PRJ_0004,2023-08-09,campaign,2,48
LEAD_0005344,CUS_004830,PRJ_0013,2022-12-25,walk_in,1,60
LEAD_0005345,CUS_005383,PRJ_0010,2025-08-27,web,4,65
LEAD_0005346,CUS_006026,PRJ_0023,2021-05-13,referral,3,46
LEAD_0005347,CUS_004430,PRJ_0005,2025-01-15,web,3,72
LEAD_0005348,CUS_005324,PRJ_0012,2024-10-24,agency,3,71
LEAD_0005349,CUS_006496,PRJ_0003,2023-05-25,campaign,0,46
LEAD_0005350,CUS_001106,PRJ_0023,2025-01-03,campaign,1,75
LEAD_0005351,CUS_005699,PRJ_0005,2021-02-26,campaign,0,69
LEAD_0005352,CUS_005756,PRJ_0019,2022-08-01,agency,5,80
LEAD_0005353,CUS_003959,PRJ_0002,2025-08-02,web,1,40
LEAD_0005354,CUS_004458,PRJ_0010,2025-02-10,agency,2,68
LEAD_0005355,CUS_005165,PRJ_0022,2025-10-02,web,3,48
LEAD_0005356,CUS_001117,PRJ_0027,2024-05-20,referral,2,51
LEAD_0005357,CUS_001761,PRJ_0024,2021-08-31,campaign,2,43
LEAD_0005358,CUS_002213,PRJ_0017,2025-10-19,agency,1,58
LEAD_0005359,CUS_004802,PRJ_0019,2023-05-06,agency,0,65
LEAD_0005360,CUS_000791,PRJ_0018,2025-12-19,campaign,3,91
LEAD_0005361,CUS_003264,PRJ_0017,2024-03-08,web,4,70
LEAD_0005362,CUS_006195,PRJ_0004,2024-12-13,web,2,63
LEAD_0005363,CUS_003343,PRJ_0014,2022-04-12,agency,2,83
LEAD_0005364,CUS_003282,PRJ_0012,2022-11-03,agency,4,64
LEAD_0005365,CUS_004820,PRJ_0012,2021-01-05,agency,0,75
LEAD_0005366,CUS_003508,PRJ_0010,2024-11-16,walk_in,2,77
LEAD_0005367,CUS_002315,PRJ_0006,2022-11-03,walk_in,2,53
LEAD_0005368,CUS_000794,PRJ_0003,2021-04-28,web,0,39
LEAD_0005369,CUS_001444,PRJ_0011,2021-05-15,referral,1,65
LEAD_0005370,CUS_003002,PRJ_0008,2022-07-09,referral,4,67
LEAD_0005371,CUS_005694,PRJ_0020,2025-11-29,campaign,1,51
LEAD_0005372,CUS_005620,PRJ_0017,2021-01-24,web,0,46
LEAD_0005373,CUS_000416,PRJ_0022,2023-04-26,web,2,77
LEAD_0005374,CUS_005320,PRJ_0024,2024-09-17,campaign,3,62
LEAD_0005375,CUS_000341,PRJ_0020,2022-07-18,walk_in,3,76
LEAD_0005376,CUS_005119,PRJ_0028,2022-12-19,web,0,47
LEAD_0005377,CUS_000351,PRJ_0028,2022-09-14,web,3,71
LEAD_0005378,CUS_004634,PRJ_0026,2021-03-30,campaign,1,65
LEAD_0005379,CUS_001281,PRJ_0025,2021-03-23,campaign,4,96
LEAD_0005380,CUS_005142,PRJ_0011,2024-11-28,referral,2,70
LEAD_0005381,CUS_000131,PRJ_0011,2025-01-29,agency,0,80
LEAD_0005382,CUS_005442,PRJ_0023,2022-06-27,referral,2,63
LEAD_0005383,CUS_003770,PRJ_0003,2025-12-02,agency,2,61
LEAD_0005384,CUS_004264,PRJ_0024,2021-05-21,agency,2,61
LEAD_0005385,CUS_003822,PRJ_0010,2024-04-26,web,0,60
LEAD_0005386,CUS_000958,PRJ_0028,2022-08-23,referral,2,70
LEAD_0005387,CUS_006000,PRJ_0017,2023-04-27,web,1,49
LEAD_0005388,CUS_003514,PRJ_0025,2022-11-13,web,3,50
LEAD_0005389,CUS_004339,PRJ_0024,2021-03-14,referral,3,68
LEAD_0005390,CUS_000336,PRJ_0004,2025-04-05,web,1,48
LEAD_0005391,CUS_002719,PRJ_0004,2024-12-23,web,1,55
LEAD_0005392,CUS_004330,PRJ_0025,2021-04-21,web,0,47
LEAD_0005393,CUS_003669,PRJ_0027,2024-05-19,campaign,1,79
LEAD_0005394,CUS_005975,PRJ_0001,2022-09-25,agency,2,61
LEAD_0005395,CUS_000222,PRJ_0007,2021-12-03,web,2,56
LEAD_0005396,CUS_003310,PRJ_0015,2022-03-10,campaign,1,54
LEAD_0005397,CUS_004932,PRJ_0023,2021-06-18,walk_in,1,47
LEAD_0005398,CUS_002022,PRJ_0020,2021-09-28,web,4,76
LEAD_0005399,CUS_004109,PRJ_0017,2023-05-08,campaign,0,100
LEAD_0005400,CUS_002716,PRJ_0017,2025-02-09,web,3,67
LEAD_0005401,CUS_005139,PRJ_0013,2023-09-19,walk_in,4,74
LEAD_0005402,CUS_005204,PRJ_0012,2023-09-19,web,1,70
LEAD_0005403,CUS_000092,PRJ_0004,2025-01-16,campaign,1,49
LEAD_0005404,CUS_003459,PRJ_0024,2025-04-29,agency,2,66
LEAD_0005405,CUS_003225,PRJ_0015,2024-02-17,web,1,68
LEAD_0005406,CUS_005671,PRJ_0015,2023-04-20,walk_in,4,74
LEAD_0005407,CUS_003248,PRJ_0018,2022-03-01,campaign,1,68
LEAD_0005408,CUS_004914,PRJ_0023,2021-08-18,agency,1,44
LEAD_0005409,CUS_003769,PRJ_0021,2024-02-16,agency,2,68
LEAD_0005410,CUS_002397,PRJ_0002,2025-05-13,agency,1,57
LEAD_0005411,CUS_000204,PRJ_0012,2025-05-23,agency,2,65
LEAD_0005412,CUS_004265,PRJ_0005,2023-02-12,campaign,1,52
LEAD_0005413,CUS_002303,PRJ_0003,2021-10-26,web,3,60
LEAD_0005414,CUS_001586,PRJ_0017,2025-07-16,web,0,87
LEAD_0005415,CUS_004625,PRJ_0018,2023-11-28,agency,1,65
LEAD_0005416,CUS_001315,PRJ_0017,2022-11-03,campaign,1,56
LEAD_0005417,CUS_005515,PRJ_0023,2021-08-09,agency,5,95
LEAD_0005418,CUS_000462,PRJ_0005,2024-02-06,agency,1,62
LEAD_0005419,CUS_006127,PRJ_0019,2022-04-28,campaign,2,69
LEAD_0005420,CUS_001576,PRJ_0025,2024-05-16,agency,4,61
LEAD_0005421,CUS_004736,PRJ_0027,2024-10-11,web,2,45
LEAD_0005422,CUS_005177,PRJ_0004,2022-03-09,web,3,70
LEAD_0005423,CUS_006142,PRJ_0002,2022-08-02,web,1,52
LEAD_0005424,CUS_000576,PRJ_0005,2023-05-14,campaign,4,72
LEAD_0005425,CUS_004652,PRJ_0027,2023-09-04,agency,2,64
LEAD_0005426,CUS_004262,PRJ_0022,2024-07-17,agency,0,63
LEAD_0005427,CUS_004661,PRJ_0026,2021-05-09,web,2,60
LEAD_0005428,CUS_002347,PRJ_0010,2024-09-18,agency,1,40
LEAD_0005429,CUS_006292,PRJ_0020,2025-08-04,agency,2,67
LEAD_0005430,CUS_006402,PRJ_0012,2024-03-23,campaign,4,100
LEAD_0005431,CUS_002006,PRJ_0008,2022-07-11,walk_in,3,65
LEAD_0005432,CUS_003870,PRJ_0028,2024-08-30,campaign,3,69
LEAD_0005433,CUS_002504,PRJ_0009,2022-08-05,agency,3,97
LEAD_0005434,CUS_005127,PRJ_0013,2021-05-18,agency,1,67
LEAD_0005435,CUS_004795,PRJ_0003,2022-03-05,walk_in,0,40
LEAD_0005436,CUS_005157,PRJ_0003,2024-09-11,referral,4,55
LEAD_0005437,CUS_003230,PRJ_0028,2022-11-05,referral,2,77
LEAD_0005438,CUS_002890,PRJ_0026,2025-09-27,web,0,39
LEAD_0005439,CUS_001401,PRJ_0023,2025-01-04,campaign,2,68
LEAD_0005440,CUS_000469,PRJ_0017,2021-11-15,agency,1,71
LEAD_0005441,CUS_002707,PRJ_0021,2025-02-06,referral,1,64
LEAD_0005442,CUS_000785,PRJ_0007,2025-11-12,web,1,52
LEAD_0005443,CUS_001492,PRJ_0002,2025-01-23,referral,1,80
LEAD_0005444,CUS_002813,PRJ_0003,2024-09-22,agency,1,55
LEAD_0005445,CUS_006346,PRJ_0013,2021-11-21,agency,5,93
LEAD_0005446,CUS_004197,PRJ_0013,2021-09-14,walk_in,1,59
LEAD_0005447,CUS_006345,PRJ_0015,2023-05-19,referral,4,74
LEAD_0005448,CUS_003495,PRJ_0027,2022-05-03,web,3,57
LEAD_0005449,CUS_005753,PRJ_0002,2022-06-22,campaign,4,54
LEAD_0005450,CUS_004979,PRJ_0015,2021-06-08,referral,1,76
LEAD_0005451,CUS_002815,PRJ_0004,2022-12-14,agency,2,88
LEAD_0005452,CUS_005793,PRJ_0014,2022-05-27,agency,3,63
LEAD_0005453,CUS_003640,PRJ_0005,2025-07-08,web,3,56
LEAD_0005454,CUS_001440,PRJ_0013,2025-06-06,campaign,2,53
LEAD_0005455,CUS_004994,PRJ_0007,2025-03-30,walk_in,1,43
LEAD_0005456,CUS_002330,PRJ_0008,2023-11-23,web,2,40
LEAD_0005457,CUS_000144,PRJ_0021,2023-08-30,agency,4,74
LEAD_0005458,CUS_001963,PRJ_0013,2021-11-07,agency,2,66
LEAD_0005459,CUS_003205,PRJ_0011,2021-08-07,web,1,45
LEAD_0005460,CUS_001097,PRJ_0005,2022-12-05,web,0,70
LEAD_0005461,CUS_002886,PRJ_0026,2022-06-06,web,4,80
LEAD_0005462,CUS_003601,PRJ_0025,2023-07-22,web,3,69
LEAD_0005463,CUS_000632,PRJ_0028,2021-11-21,referral,2,74
LEAD_0005464,CUS_000926,PRJ_0008,2024-09-22,referral,5,73
LEAD_0005465,CUS_005345,PRJ_0011,2025-09-29,referral,0,60
LEAD_0005466,CUS_000271,PRJ_0010,2021-09-15,walk_in,2,48
LEAD_0005467,CUS_002901,PRJ_0007,2024-02-24,web,1,55
LEAD_0005468,CUS_000424,PRJ_0018,2024-09-17,campaign,3,67
LEAD_0005469,CUS_006126,PRJ_0013,2023-06-04,walk_in,4,60
LEAD_0005470,CUS_004892,PRJ_0013,2024-06-25,campaign,3,66
LEAD_0005471,CUS_001373,PRJ_0010,2022-01-02,web,4,65
LEAD_0005472,CUS_003743,PRJ_0024,2024-03-23,referral,2,72
LEAD_0005473,CUS_003153,PRJ_0003,2024-07-28,agency,1,70
LEAD_0005474,CUS_006165,PRJ_0001,2024-08-20,campaign,3,61
LEAD_0005475,CUS_005984,PRJ_0002,2023-03-25,web,0,51
LEAD_0005476,CUS_006010,PRJ_0009,2022-10-09,web,1,55
LEAD_0005477,CUS_005665,PRJ_0025,2021-07-31,referral,1,47
LEAD_0005478,CUS_004737,PRJ_0013,2021-09-16,agency,1,66
LEAD_0005479,CUS_003362,PRJ_0011,2024-12-16,agency,3,56
LEAD_0005480,CUS_005600,PRJ_0014,2025-02-01,referral,0,69
LEAD_0005481,CUS_002424,PRJ_0011,2025-09-04,agency,6,100
LEAD_0005482,CUS_000960,PRJ_0028,2024-11-24,web,0,66
LEAD_0005483,CUS_002410,PRJ_0020,2025-06-01,referral,3,62
LEAD_0005484,CUS_005247,PRJ_0009,2021-10-01,agency,3,73
LEAD_0005485,CUS_002928,PRJ_0026,2021-08-13,web,4,65
LEAD_0005486,CUS_004355,PRJ_0024,2023-08-22,agency,1,66
LEAD_0005487,CUS_001620,PRJ_0013,2025-09-19,agency,2,75
LEAD_0005488,CUS_005608,PRJ_0005,2025-05-10,agency,3,58
LEAD_0005489,CUS_006065,PRJ_0009,2021-02-12,walk_in,1,68
LEAD_0005490,CUS_001817,PRJ_0020,2025-06-01,walk_in,3,53
LEAD_0005491,CUS_004364,PRJ_0017,2021-10-07,campaign,0,79
LEAD_0005492,CUS_004908,PRJ_0022,2025-08-03,web,0,67
LEAD_0005493,CUS_002823,PRJ_0009,2023-12-29,walk_in,1,76
LEAD_0005494,CUS_000370,PRJ_0006,2023-10-01,campaign,0,42
LEAD_0005495,CUS_005593,PRJ_0003,2022-07-14,agency,2,70
LEAD_0005496,CUS_004785,PRJ_0004,2025-01-19,campaign,1,68
LEAD_0005497,CUS_000931,PRJ_0014,2022-01-11,campaign,3,79
LEAD_0005498,CUS_001237,PRJ_0016,2023-12-31,campaign,3,65
LEAD_0005499,CUS_003835,PRJ_0013,2024-03-30,agency,2,62
LEAD_0005500,CUS_006194,PRJ_0019,2021-12-12,agency,2,53
LEAD_0005501,CUS_004842,PRJ_0012,2024-01-06,agency,2,78
LEAD_0005502,CUS_006400,PRJ_0026,2024-03-03,campaign,5,74
LEAD_0005503,CUS_004681,PRJ_0016,2022-12-11,campaign,2,62
LEAD_0005504,CUS_002685,PRJ_0018,2024-09-15,referral,1,78
LEAD_0005505,CUS_006106,PRJ_0021,2024-02-03,referral,3,82
LEAD_0005506,CUS_006009,PRJ_0011,2024-03-12,campaign,2,79
LEAD_0005507,CUS_004234,PRJ_0024,2022-11-10,web,2,50
LEAD_0005508,CUS_001642,PRJ_0026,2025-09-25,web,0,37
LEAD_0005509,CUS_001971,PRJ_0010,2021-08-05,web,2,41
LEAD_0005510,CUS_004011,PRJ_0014,2025-06-16,referral,0,95
LEAD_0005511,CUS_002585,PRJ_0006,2025-02-26,web,3,81
LEAD_0005512,CUS_005640,PRJ_0005,2022-03-02,walk_in,0,38
LEAD_0005513,CUS_000982,PRJ_0003,2021-01-10,campaign,2,69
LEAD_0005514,CUS_005397,PRJ_0027,2025-04-29,web,1,60
LEAD_0005515,CUS_005220,PRJ_0013,2022-01-28,web,0,71
LEAD_0005516,CUS_002296,PRJ_0013,2021-08-22,referral,2,67
LEAD_0005517,CUS_004523,PRJ_0007,2024-11-14,web,2,54
LEAD_0005518,CUS_001290,PRJ_0010,2024-02-16,web,1,53
LEAD_0005519,CUS_003126,PRJ_0024,2024-02-16,web,5,68
LEAD_0005520,CUS_001914,PRJ_0024,2022-04-01,agency,1,75
LEAD_0005521,CUS_001735,PRJ_0004,2025-10-16,web,1,64
LEAD_0005522,CUS_000033,PRJ_0027,2025-05-29,web,2,68
LEAD_0005523,CUS_002244,PRJ_0022,2021-06-13,campaign,1,64
LEAD_0005524,CUS_002195,PRJ_0009,2025-10-13,referral,3,88
LEAD_0005525,CUS_002065,PRJ_0027,2022-09-02,agency,4,100
LEAD_0005526,CUS_004695,PRJ_0007,2025-10-26,agency,4,59
LEAD_0005527,CUS_006426,PRJ_0027,2023-02-26,walk_in,2,66
LEAD_0005528,CUS_003001,PRJ_0018,2023-03-20,web,1,55
LEAD_0005529,CUS_003842,PRJ_0021,2021-12-20,referral,3,69
LEAD_0005530,CUS_000911,PRJ_0017,2022-02-15,agency,1,71
LEAD_0005531,CUS_002202,PRJ_0027,2022-03-02,agency,3,96
LEAD_0005532,CUS_002173,PRJ_0023,2024-03-22,web,4,69
LEAD_0005533,CUS_001951,PRJ_0009,2024-04-04,web,4,73
LEAD_0005534,CUS_001693,PRJ_0027,2023-04-24,agency,2,71
LEAD_0005535,CUS_001572,PRJ_0020,2022-12-07,web,1,53
LEAD_0005536,CUS_003831,PRJ_0001,2023-08-13,agency,4,87
LEAD_0005537,CUS_003621,PRJ_0020,2023-02-15,agency,2,69
LEAD_0005538,CUS_000511,PRJ_0009,2021-09-19,campaign,2,65
LEAD_0005539,CUS_000947,PRJ_0005,2025-11-11,referral,3,80
LEAD_0005540,CUS_004753,PRJ_0004,2024-03-19,campaign,1,69
LEAD_0005541,CUS_000861,PRJ_0009,2021-12-20,referral,4,81
LEAD_0005542,CUS_000885,PRJ_0010,2022-03-12,walk_in,7,82
LEAD_0005543,CUS_002956,PRJ_0017,2025-06-17,web,0,65
LEAD_0005544,CUS_006307,PRJ_0007,2021-12-14,referral,1,69
LEAD_0005545,CUS_000178,PRJ_0023,2024-03-12,campaign,1,54
LEAD_0005546,CUS_005044,PRJ_0020,2024-01-09,referral,2,77
LEAD_0005547,CUS_006464,PRJ_0007,2023-07-21,campaign,2,44
LEAD_0005548,CUS_002325,PRJ_0023,2021-07-07,referral,2,64
LEAD_0005549,CUS_001387,PRJ_0013,2025-09-28,referral,3,100
LEAD_0005550,CUS_001242,PRJ_0020,2021-05-22,agency,1,55
LEAD_0005551,CUS_006369,PRJ_0003,2024-10-17,walk_in,1,57
LEAD_0005552,CUS_004158,PRJ_0019,2024-05-18,campaign,1,51
LEAD_0005553,CUS_004894,PRJ_0009,2022-10-21,agency,0,66
LEAD_0005554,CUS_006257,PRJ_0023,2025-09-03,agency,2,80
LEAD_0005555,CUS_003181,PRJ_0005,2021-12-24,referral,3,74
LEAD_0005556,CUS_003248,PRJ_0014,2024-11-15,referral,0,60
LEAD_0005557,CUS_006369,PRJ_0018,2025-06-04,walk_in,1,60
LEAD_0005558,CUS_003283,PRJ_0005,2022-03-22,campaign,3,55
LEAD_0005559,CUS_003208,PRJ_0011,2025-01-10,web,2,72
LEAD_0005560,CUS_002284,PRJ_0012,2022-05-30,walk_in,3,69
LEAD_0005561,CUS_006320,PRJ_0023,2022-05-31,web,2,53
LEAD_0005562,CUS_003893,PRJ_0009,2024-12-19,web,2,59
LEAD_0005563,CUS_006398,PRJ_0018,2022-12-09,agency,1,65
LEAD_0005564,CUS_006329,PRJ_0003,2023-08-02,referral,1,56
LEAD_0005565,CUS_004890,PRJ_0012,2023-08-04,web,2,72
LEAD_0005566,CUS_002929,PRJ_0021,2025-09-06,referral,2,69
LEAD_0005567,CUS_000230,PRJ_0008,2025-03-06,referral,2,56
LEAD_0005568,CUS_000594,PRJ_0016,2022-04-13,agency,1,63
LEAD_0005569,CUS_006369,PRJ_0003,2021-10-12,web,3,69
LEAD_0005570,CUS_003302,PRJ_0017,2021-04-02,agency,0,60
LEAD_0005571,CUS_003653,PRJ_0001,2023-02-24,agency,0,61
LEAD_0005572,CUS_004930,PRJ_0012,2025-09-13,web,1,55
LEAD_0005573,CUS_003196,PRJ_0023,2023-11-07,referral,5,77
LEAD_0005574,CUS_005974,PRJ_0018,2023-01-14,web,1,54
LEAD_0005575,CUS_005799,PRJ_0008,2024-03-26,referral,2,67
LEAD_0005576,CUS_004685,PRJ_0018,2023-03-27,web,1,63
LEAD_0005577,CUS_003452,PRJ_0025,2023-07-26,agency,0,79
LEAD_0005578,CUS_005396,PRJ_0008,2024-06-17,referral,5,80
LEAD_0005579,CUS_004968,PRJ_0005,2025-06-08,referral,2,66
LEAD_0005580,CUS_003008,PRJ_0004,2023-05-06,web,1,86
LEAD_0005581,CUS_005284,PRJ_0002,2022-09-28,campaign,4,57
LEAD_0005582,CUS_000618,PRJ_0013,2025-08-22,referral,2,61
LEAD_0005583,CUS_004615,PRJ_0024,2025-05-02,referral,3,72
LEAD_0005584,CUS_000361,PRJ_0020,2025-02-24,campaign,3,42
LEAD_0005585,CUS_001295,PRJ_0027,2021-12-04,agency,0,70
LEAD_0005586,CUS_001166,PRJ_0018,2024-12-31,web,7,60
LEAD_0005587,CUS_005609,PRJ_0019,2023-07-21,campaign,1,51
LEAD_0005588,CUS_002724,PRJ_0019,2021-11-04,agency,1,61
LEAD_0005589,CUS_002772,PRJ_0009,2025-08-05,referral,1,55
LEAD_0005590,CUS_005473,PRJ_0015,2021-04-04,agency,3,78
LEAD_0005591,CUS_002639,PRJ_0014,2022-10-05,agency,3,60
LEAD_0005592,CUS_003218,PRJ_0011,2025-05-23,referral,2,70
LEAD_0005593,CUS_000860,PRJ_0024,2025-09-23,web,4,73
LEAD_0005594,CUS_002275,PRJ_0004,2025-11-10,referral,4,94
LEAD_0005595,CUS_003610,PRJ_0005,2022-08-24,web,1,71
LEAD_0005596,CUS_002610,PRJ_0024,2024-05-01,campaign,1,51
LEAD_0005597,CUS_006037,PRJ_0002,2022-06-26,walk_in,1,59
LEAD_0005598,CUS_006270,PRJ_0004,2024-09-11,campaign,4,69
LEAD_0005599,CUS_000202,PRJ_0016,2024-01-29,campaign,3,71
LEAD_0005600,CUS_002843,PRJ_0008,2024-12-05,web,2,74
LEAD_0005601,CUS_006070,PRJ_0021,2024-02-28,web,1,44
LEAD_0005602,CUS_004450,PRJ_0003,2021-11-11,web,4,61
LEAD_0005603,CUS_004849,PRJ_0024,2021-07-22,agency,0,95
LEAD_0005604,CUS_006248,PRJ_0017,2023-03-09,agency,1,60
LEAD_0005605,CUS_004005,PRJ_0002,2025-01-06,web,0,49
LEAD_0005606,CUS_004328,PRJ_0028,2021-11-03,agency,0,90
LEAD_0005607,CUS_003981,PRJ_0001,2023-12-10,agency,0,63
LEAD_0005608,CUS_003590,PRJ_0007,2023-11-28,web,3,59
LEAD_0005609,CUS_006268,PRJ_0004,2022-02-02,walk_in,1,49
LEAD_0005610,CUS_003355,PRJ_0015,2022-05-25,referral,1,54
LEAD_0005611,CUS_000846,PRJ_0019,2024-07-07,campaign,1,54
LEAD_0005612,CUS_004257,PRJ_0026,2025-10-27,referral,1,77
LEAD_0005613,CUS_005984,PRJ_0004,2025-01-31,referral,2,70
LEAD_0005614,CUS_003639,PRJ_0018,2024-08-04,campaign,4,49
LEAD_0005615,CUS_001358,PRJ_0019,2023-10-25,web,3,72
LEAD_0005616,CUS_004397,PRJ_0003,2021-05-25,web,0,41
LEAD_0005617,CUS_004099,PRJ_0004,2023-09-14,walk_in,4,57
LEAD_0005618,CUS_003857,PRJ_0026,2024-07-31,agency,1,72
LEAD_0005619,CUS_004155,PRJ_0018,2022-03-22,web,2,57
LEAD_0005620,CUS_006337,PRJ_0011,2022-02-09,referral,3,61
LEAD_0005621,CUS_003684,PRJ_0023,2023-11-06,agency,4,71
LEAD_0005622,CUS_005570,PRJ_0027,2025-04-02,agency,1,69
LEAD_0005623,CUS_005571,PRJ_0014,2025-10-26,campaign,2,46
LEAD_0005624,CUS_000615,PRJ_0005,2022-02-08,web,1,67
LEAD_0005625,CUS_001272,PRJ_0013,2021-04-03,referral,0,71
LEAD_0005626,CUS_005381,PRJ_0026,2023-03-21,web,3,76
LEAD_0005627,CUS_003782,PRJ_0003,2024-12-13,campaign,0,79
LEAD_0005628,CUS_001162,PRJ_0027,2024-04-12,referral,0,95
LEAD_0005629,CUS_004719,PRJ_0003,2021-11-25,web,4,56
LEAD_0005630,CUS_001765,PRJ_0021,2021-03-22,agency,2,80
LEAD_0005631,CUS_002620,PRJ_0018,2024-03-24,agency,1,78
LEAD_0005632,CUS_001317,PRJ_0020,2023-04-30,web,0,42
LEAD_0005633,CUS_003230,PRJ_0018,2021-08-19,campaign,2,80
LEAD_0005634,CUS_002549,PRJ_0026,2023-01-04,web,4,64
LEAD_0005635,CUS_003059,PRJ_0023,2022-02-20,campaign,0,61
LEAD_0005636,CUS_002289,PRJ_0012,2024-12-12,referral,2,66
LEAD_0005637,CUS_000883,PRJ_0005,2021-01-11,web,2,64
LEAD_0005638,CUS_005864,PRJ_0025,2021-11-26,walk_in,2,60
LEAD_0005639,CUS_000708,PRJ_0016,2021-06-10,web,2,73
LEAD_0005640,CUS_003548,PRJ_0019,2022-05-30,walk_in,2,67
LEAD_0005641,CUS_004831,PRJ_0011,2025-01-02,campaign,1,42
LEAD_0005642,CUS_002091,PRJ_0010,2025-08-10,referral,3,58
LEAD_0005643,CUS_003746,PRJ_0015,2023-05-08,campaign,2,57
LEAD_0005644,CUS_003757,PRJ_0001,2025-09-01,agency,1,58
LEAD_0005645,CUS_005457,PRJ_0014,2022-02-11,web,4,64
LEAD_0005646,CUS_003464,PRJ_0022,2025-04-28,referral,0,61
LEAD_0005647,CUS_002330,PRJ_0002,2023-11-29,referral,0,48
LEAD_0005648,CUS_006329,PRJ_0014,2021-05-05,web,1,54
LEAD_0005649,CUS_004511,PRJ_0006,2025-05-22,campaign,0,40
LEAD_0005650,CUS_001316,PRJ_0023,2021-02-18,web,3,38
LEAD_0005651,CUS_001371,PRJ_0007,2022-10-01,walk_in,3,48
LEAD_0005652,CUS_004969,PRJ_0013,2024-02-25,referral,2,64
LEAD_0005653,CUS_002647,PRJ_0002,2024-11-14,web,4,85
LEAD_0005654,CUS_000380,PRJ_0003,2021-05-27,agency,3,75
LEAD_0005655,CUS_004702,PRJ_0016,2022-04-27,campaign,1,51
LEAD_0005656,CUS_002463,PRJ_0016,2024-11-03,agency,1,73
LEAD_0005657,CUS_001115,PRJ_0008,2023-11-19,web,1,42
LEAD_0005658,CUS_002760,PRJ_0018,2023-10-18,campaign,3,60
LEAD_0005659,CUS_005732,PRJ_0005,2023-12-31,campaign,1,61
LEAD_0005660,CUS_006097,PRJ_0013,2021-11-01,web,0,55
LEAD_0005661,CUS_003742,PRJ_0028,2023-06-15,campaign,2,59
LEAD_0005662,CUS_000723,PRJ_0005,2021-07-16,web,0,75
LEAD_0005663,CUS_002875,PRJ_0023,2025-08-22,agency,3,71
LEAD_0005664,CUS_003067,PRJ_0003,2025-03-09,web,0,55
LEAD_0005665,CUS_003582,PRJ_0004,2021-03-22,agency,2,48
LEAD_0005666,CUS_001797,PRJ_0008,2024-02-15,web,1,62
LEAD_0005667,CUS_001781,PRJ_0006,2021-07-06,referral,2,71
LEAD_0005668,CUS_000012,PRJ_0020,2025-08-15,agency,1,47
LEAD_0005669,CUS_000540,PRJ_0015,2023-10-14,web,4,77
LEAD_0005670,CUS_000581,PRJ_0014,2022-08-28,campaign,1,43
LEAD_0005671,CUS_001370,PRJ_0021,2023-01-21,referral,2,60
LEAD_0005672,CUS_002559,PRJ_0015,2021-11-04,referral,2,76
LEAD_0005673,CUS_005961,PRJ_0024,2023-05-26,referral,4,83
LEAD_0005674,CUS_005052,PRJ_0012,2025-11-19,walk_in,0,48
LEAD_0005675,CUS_001143,PRJ_0026,2025-07-18,campaign,5,81
LEAD_0005676,CUS_006276,PRJ_0021,2024-05-20,campaign,1,57
LEAD_0005677,CUS_003611,PRJ_0018,2024-11-06,web,2,43
LEAD_0005678,CUS_003212,PRJ_0026,2023-06-23,walk_in,1,58
LEAD_0005679,CUS_004685,PRJ_0006,2021-02-04,agency,0,75
LEAD_0005680,CUS_006499,PRJ_0015,2021-08-22,walk_in,3,73
LEAD_0005681,CUS_003941,PRJ_0025,2024-10-08,web,1,50
LEAD_0005682,CUS_000277,PRJ_0027,2024-09-10,walk_in,4,52
LEAD_0005683,CUS_002414,PRJ_0001,2022-09-11,web,1,67
LEAD_0005684,CUS_000160,PRJ_0008,2024-03-06,referral,1,83
LEAD_0005685,CUS_002178,PRJ_0028,2022-04-17,web,2,70
LEAD_0005686,CUS_002467,PRJ_0020,2021-02-20,campaign,3,70
LEAD_0005687,CUS_005104,PRJ_0017,2024-05-16,web,1,70
LEAD_0005688,CUS_002142,PRJ_0027,2023-10-02,web,2,91
LEAD_0005689,CUS_001129,PRJ_0028,2024-11-09,web,0,56
LEAD_0005690,CUS_001946,PRJ_0027,2021-02-05,campaign,3,49
LEAD_0005691,CUS_004235,PRJ_0023,2024-08-28,campaign,3,65
LEAD_0005692,CUS_005727,PRJ_0003,2025-04-07,agency,3,74
LEAD_0005693,CUS_002598,PRJ_0011,2022-02-03,campaign,3,63
LEAD_0005694,CUS_003625,PRJ_0017,2022-02-26,web,4,82
LEAD_0005695,CUS_006497,PRJ_0010,2023-03-13,agency,6,100
LEAD_0005696,CUS_002443,PRJ_0003,2022-12-13,referral,1,74
LEAD_0005697,CUS_001829,PRJ_0018,2023-11-02,referral,1,68
LEAD_0005698,CUS_000163,PRJ_0009,2021-03-26,referral,1,79
LEAD_0005699,CUS_003522,PRJ_0019,2024-06-24,web,2,67
LEAD_0005700,CUS_000167,PRJ_0018,2023-06-04,web,4,64
LEAD_0005701,CUS_001447,PRJ_0027,2025-10-29,agency,1,59
LEAD_0005702,CUS_000815,PRJ_0028,2022-10-28,web,3,76
LEAD_0005703,CUS_000740,PRJ_0014,2025-10-27,web,3,60
LEAD_0005704,CUS_001637,PRJ_0025,2023-05-08,agency,0,55
LEAD_0005705,CUS_002497,PRJ_0025,2023-04-14,referral,2,76
LEAD_0005706,CUS_000216,PRJ_0012,2024-04-10,web,5,51
LEAD_0005707,CUS_004362,PRJ_0007,2022-07-08,campaign,3,63
LEAD_0005708,CUS_001197,PRJ_0010,2023-07-23,agency,0,66
LEAD_0005709,CUS_003946,PRJ_0019,2023-07-28,walk_in,0,42
LEAD_0005710,CUS_000334,PRJ_0017,2025-05-03,walk_in,2,74
LEAD_0005711,CUS_001570,PRJ_0011,2025-03-22,web,3,71
LEAD_0005712,CUS_005773,PRJ_0001,2022-09-29,campaign,2,53
LEAD_0005713,CUS_003886,PRJ_0013,2022-02-11,agency,3,71
LEAD_0005714,CUS_003634,PRJ_0020,2024-03-04,web,0,62
LEAD_0005715,CUS_003477,PRJ_0021,2023-12-06,walk_in,1,64
LEAD_0005716,CUS_002712,PRJ_0003,2025-09-26,walk_in,2,57
LEAD_0005717,CUS_000145,PRJ_0011,2022-09-08,agency,1,64
LEAD_0005718,CUS_002269,PRJ_0002,2025-09-01,web,7,75
LEAD_0005719,CUS_006189,PRJ_0011,2022-12-11,web,4,62
LEAD_0005720,CUS_005728,PRJ_0008,2021-02-28,agency,4,94
LEAD_0005721,CUS_005099,PRJ_0028,2022-08-02,agency,2,69
LEAD_0005722,CUS_002280,PRJ_0008,2024-02-17,referral,3,75
LEAD_0005723,CUS_002297,PRJ_0008,2022-02-11,agency,0,59
LEAD_0005724,CUS_002649,PRJ_0022,2021-08-23,web,2,54
LEAD_0005725,CUS_002726,PRJ_0003,2025-07-19,campaign,2,57
LEAD_0005726,CUS_000492,PRJ_0020,2023-01-10,agency,1,74
LEAD_0005727,CUS_001621,PRJ_0027,2022-07-21,web,0,66
LEAD_0005728,CUS_005522,PRJ_0002,2022-09-30,campaign,3,51
LEAD_0005729,CUS_002022,PRJ_0025,2023-05-14,campaign,2,61
LEAD_0005730,CUS_001940,PRJ_0012,2024-04-26,agency,2,59
LEAD_0005731,CUS_000055,PRJ_0020,2022-12-02,web,2,50
LEAD_0005732,CUS_004334,PRJ_0019,2021-03-27,web,1,59
LEAD_0005733,CUS_004258,PRJ_0011,2022-08-12,referral,0,56
LEAD_0005734,CUS_000578,PRJ_0005,2023-12-13,web,7,71
LEAD_0005735,CUS_003641,PRJ_0005,2021-11-27,web,5,53
LEAD_0005736,CUS_002068,PRJ_0017,2025-04-27,web,1,61
LEAD_0005737,CUS_002306,PRJ_0024,2022-10-25,referral,1,63
LEAD_0005738,CUS_000924,PRJ_0013,2023-04-30,web,1,62
LEAD_0005739,CUS_005853,PRJ_0014,2024-09-03,campaign,3,76
LEAD_0005740,CUS_004873,PRJ_0016,2022-05-10,campaign,5,58
LEAD_0005741,CUS_000032,PRJ_0008,2025-07-11,campaign,2,48
LEAD_0005742,CUS_004744,PRJ_0027,2024-07-02,web,1,55
LEAD_0005743,CUS_002704,PRJ_0015,2025-01-15,campaign,3,50
LEAD_0005744,CUS_004740,PRJ_0017,2023-07-02,walk_in,2,54
LEAD_0005745,CUS_006038,PRJ_0026,2022-11-23,referral,2,53
LEAD_0005746,CUS_001417,PRJ_0027,2021-08-26,referral,0,53
LEAD_0005747,CUS_002109,PRJ_0025,2021-03-07,referral,2,66
LEAD_0005748,CUS_003928,PRJ_0002,2021-06-21,web,0,51
LEAD_0005749,CUS_002948,PRJ_0003,2023-05-25,web,0,54
LEAD_0005750,CUS_000634,PRJ_0024,2024-07-19,web,2,50
LEAD_0005751,CUS_000148,PRJ_0003,2025-08-08,web,1,59
LEAD_0005752,CUS_001148,PRJ_0009,2025-12-25,web,4,79
LEAD_0005753,CUS_002393,PRJ_0013,2023-06-20,web,2,56
LEAD_0005754,CUS_006265,PRJ_0010,2022-04-09,agency,1,62
LEAD_0005755,CUS_002157,PRJ_0027,2023-05-23,agency,0,52
LEAD_0005756,CUS_003306,PRJ_0005,2025-10-06,web,1,69
LEAD_0005757,CUS_005055,PRJ_0013,2023-11-02,web,1,74
LEAD_0005758,CUS_004197,PRJ_0011,2024-08-11,agency,2,71
LEAD_0005759,CUS_003034,PRJ_0007,2021-02-23,agency,2,71
LEAD_0005760,CUS_000487,PRJ_0016,2021-03-08,walk_in,3,61
LEAD_0005761,CUS_005739,PRJ_0014,2025-04-24,walk_in,4,87
LEAD_0005762,CUS_001317,PRJ_0019,2023-10-15,web,3,49
LEAD_0005763,CUS_005651,PRJ_0025,2021-11-03,web,3,78
LEAD_0005764,CUS_005938,PRJ_0013,2022-08-21,referral,0,64
LEAD_0005765,CUS_004992,PRJ_0009,2024-06-19,campaign,6,62
LEAD_0005766,CUS_000464,PRJ_0027,2021-03-19,web,0,51
LEAD_0005767,CUS_004372,PRJ_0016,2022-11-16,campaign,3,40
LEAD_0005768,CUS_003467,PRJ_0018,2021-11-01,web,0,63
LEAD_0005769,CUS_003982,PRJ_0015,2021-01-28,agency,2,72
LEAD_0005770,CUS_005403,PRJ_0008,2022-10-05,referral,2,43
LEAD_0005771,CUS_004408,PRJ_0021,2021-08-05,agency,2,54
LEAD_0005772,CUS_005719,PRJ_0019,2022-07-20,agency,3,50
LEAD_0005773,CUS_003588,PRJ_0022,2021-08-05,agency,3,83
LEAD_0005774,CUS_001733,PRJ_0021,2023-03-08,agency,5,100
LEAD_0005775,CUS_003672,PRJ_0017,2021-12-08,agency,2,66
LEAD_0005776,CUS_000514,PRJ_0002,2022-09-06,campaign,2,70
LEAD_0005777,CUS_002893,PRJ_0016,2025-03-05,web,1,57
LEAD_0005778,CUS_001661,PRJ_0021,2022-05-05,referral,0,71
LEAD_0005779,CUS_006274,PRJ_0013,2023-05-06,agency,2,76
LEAD_0005780,CUS_003834,PRJ_0002,2023-05-23,walk_in,0,69
LEAD_0005781,CUS_000026,PRJ_0023,2023-04-15,campaign,3,80
LEAD_0005782,CUS_004065,PRJ_0015,2022-06-04,campaign,4,71
LEAD_0005783,CUS_002140,PRJ_0011,2025-08-27,web,4,100
LEAD_0005784,CUS_004227,PRJ_0001,2023-01-02,agency,2,74
LEAD_0005785,CUS_001092,PRJ_0017,2022-07-01,web,0,53
LEAD_0005786,CUS_002138,PRJ_0005,2021-02-03,web,0,50
LEAD_0005787,CUS_003731,PRJ_0012,2024-05-21,referral,2,80
LEAD_0005788,CUS_003293,PRJ_0017,2021-09-16,campaign,3,56
LEAD_0005789,CUS_002682,PRJ_0009,2023-02-15,campaign,1,61
LEAD_0005790,CUS_002026,PRJ_0011,2022-06-24,web,5,72
LEAD_0005791,CUS_004802,PRJ_0020,2021-09-15,web,2,42
LEAD_0005792,CUS_005795,PRJ_0007,2023-01-10,campaign,1,53
LEAD_0005793,CUS_001571,PRJ_0013,2024-09-03,agency,2,65
LEAD_0005794,CUS_000092,PRJ_0006,2022-03-29,agency,1,49
LEAD_0005795,CUS_005510,PRJ_0018,2024-07-15,web,2,55
LEAD_0005796,CUS_002117,PRJ_0025,2022-01-05,walk_in,3,53
LEAD_0005797,CUS_003321,PRJ_0005,2022-01-28,campaign,1,70
LEAD_0005798,CUS_004938,PRJ_0017,2025-12-18,web,1,61
LEAD_0005799,CUS_001481,PRJ_0009,2023-04-30,agency,1,65
LEAD_0005800,CUS_006492,PRJ_0023,2025-01-31,campaign,1,69
LEAD_0005801,CUS_000325,PRJ_0018,2021-10-28,campaign,1,54
LEAD_0005802,CUS_002405,PRJ_0018,2023-09-26,agency,2,67
LEAD_0005803,CUS_000339,PRJ_0007,2023-11-27,web,3,71
LEAD_0005804,CUS_002140,PRJ_0003,2024-07-26,web,1,85
LEAD_0005805,CUS_002659,PRJ_0022,2024-11-26,web,3,66
LEAD_0005806,CUS_004821,PRJ_0018,2022-05-09,web,1,77
LEAD_0005807,CUS_004937,PRJ_0009,2024-02-24,agency,3,69
LEAD_0005808,CUS_005597,PRJ_0009,2024-06-19,web,2,68
LEAD_0005809,CUS_000493,PRJ_0018,2024-06-10,web,1,54
LEAD_0005810,CUS_003463,PRJ_0019,2022-02-08,web,5,45
LEAD_0005811,CUS_001950,PRJ_0003,2024-12-13,web,0,49
LEAD_0005812,CUS_005373,PRJ_0015,2024-04-26,campaign,1,75
LEAD_0005813,CUS_000740,PRJ_0014,2021-03-17,campaign,1,80
LEAD_0005814,CUS_005741,PRJ_0027,2023-11-29,agency,2,94
LEAD_0005815,CUS_005062,PRJ_0006,2021-02-22,web,4,60
LEAD_0005816,CUS_002145,PRJ_0014,2021-03-16,web,2,60
LEAD_0005817,CUS_003787,PRJ_0017,2021-07-23,walk_in,3,56
LEAD_0005818,CUS_001922,PRJ_0024,2024-07-24,agency,1,62
LEAD_0005819,CUS_006495,PRJ_0024,2023-02-28,referral,3,57
LEAD_0005820,CUS_000675,PRJ_0003,2024-04-25,agency,1,87
LEAD_0005821,CUS_005564,PRJ_0019,2025-12-17,web,4,70
LEAD_0005822,CUS_000840,PRJ_0004,2025-09-04,agency,1,66
LEAD_0005823,CUS_006175,PRJ_0026,2025-01-01,walk_in,2,55
LEAD_0005824,CUS_003549,PRJ_0005,2022-06-30,web,1,62
LEAD_0005825,CUS_006183,PRJ_0013,2024-11-11,referral,4,60
LEAD_0005826,CUS_000691,PRJ_0025,2022-11-06,web,4,72
LEAD_0005827,CUS_000157,PRJ_0017,2021-11-24,web,3,62
LEAD_0005828,CUS_004771,PRJ_0005,2024-08-26,referral,3,79
LEAD_0005829,CUS_005110,PRJ_0005,2025-03-02,walk_in,0,40
LEAD_0005830,CUS_003032,PRJ_0027,2024-09-26,referral,2,81
LEAD_0005831,CUS_005559,PRJ_0018,2022-11-13,web,1,79
LEAD_0005832,CUS_005612,PRJ_0022,2024-07-06,campaign,1,62
LEAD_0005833,CUS_003993,PRJ_0016,2021-09-26,agency,3,63
LEAD_0005834,CUS_004332,PRJ_0010,2024-04-18,campaign,1,49
LEAD_0005835,CUS_000543,PRJ_0003,2021-09-22,walk_in,6,94
LEAD_0005836,CUS_002399,PRJ_0022,2021-04-09,campaign,2,64
LEAD_0005837,CUS_003847,PRJ_0028,2021-02-13,referral,4,86
LEAD_0005838,CUS_001503,PRJ_0014,2025-11-06,referral,2,71
LEAD_0005839,CUS_003323,PRJ_0008,2021-02-03,web,1,54
LEAD_0005840,CUS_002437,PRJ_0012,2023-01-20,agency,1,60
LEAD_0005841,CUS_006242,PRJ_0020,2024-10-23,web,2,70
LEAD_0005842,CUS_002929,PRJ_0025,2023-09-28,campaign,2,53
LEAD_0005843,CUS_003722,PRJ_0009,2021-06-19,agency,4,82
LEAD_0005844,CUS_005010,PRJ_0004,2021-07-14,referral,2,59
LEAD_0005845,CUS_006123,PRJ_0001,2021-10-01,agency,2,61
LEAD_0005846,CUS_002051,PRJ_0005,2022-01-08,web,2,56
LEAD_0005847,CUS_000147,PRJ_0026,2025-04-07,referral,7,83
LEAD_0005848,CUS_001084,PRJ_0007,2023-10-23,web,4,58
LEAD_0005849,CUS_004452,PRJ_0017,2022-07-28,campaign,1,54
LEAD_0005850,CUS_003813,PRJ_0019,2022-12-02,web,3,41
LEAD_0005851,CUS_005142,PRJ_0010,2024-02-09,agency,1,55
LEAD_0005852,CUS_002533,PRJ_0010,2025-04-29,web,4,60
LEAD_0005853,CUS_005780,PRJ_0002,2023-04-09,referral,1,69
LEAD_0005854,CUS_002485,PRJ_0022,2024-07-30,web,1,49
LEAD_0005855,CUS_003964,PRJ_0008,2025-04-05,walk_in,3,72
LEAD_0005856,CUS_002277,PRJ_0005,2022-10-09,agency,3,91
LEAD_0005857,CUS_002938,PRJ_0006,2023-05-07,agency,1,54
LEAD_0005858,CUS_003340,PRJ_0020,2024-08-16,agency,0,100
LEAD_0005859,CUS_003365,PRJ_0006,2025-02-04,agency,1,66
LEAD_0005860,CUS_002983,PRJ_0028,2022-10-07,web,2,78
LEAD_0005861,CUS_005258,PRJ_0025,2024-12-28,agency,3,73
LEAD_0005862,CUS_006041,PRJ_0027,2024-11-30,campaign,3,64
LEAD_0005863,CUS_001404,PRJ_0010,2021-11-03,walk_in,4,53
LEAD_0005864,CUS_001793,PRJ_0023,2024-03-16,web,0,51
LEAD_0005865,CUS_001900,PRJ_0025,2025-11-05,web,1,38
LEAD_0005866,CUS_002026,PRJ_0012,2022-07-05,campaign,2,54
LEAD_0005867,CUS_004747,PRJ_0007,2023-05-17,web,2,60
LEAD_0005868,CUS_002043,PRJ_0002,2022-07-02,web,2,57
LEAD_0005869,CUS_005027,PRJ_0016,2024-07-18,agency,3,84
LEAD_0005870,CUS_006037,PRJ_0019,2021-03-14,web,0,55
LEAD_0005871,CUS_000728,PRJ_0019,2025-07-03,walk_in,0,53
LEAD_0005872,CUS_000200,PRJ_0001,2023-10-17,web,7,98
LEAD_0005873,CUS_002913,PRJ_0023,2022-12-11,referral,5,58
LEAD_0005874,CUS_000367,PRJ_0022,2022-04-05,web,2,49
LEAD_0005875,CUS_005914,PRJ_0005,2024-02-03,campaign,5,65
LEAD_0005876,CUS_005774,PRJ_0009,2022-09-26,walk_in,0,72
LEAD_0005877,CUS_004243,PRJ_0010,2025-06-06,campaign,2,40
LEAD_0005878,CUS_001443,PRJ_0025,2024-07-23,web,2,60
LEAD_0005879,CUS_002579,PRJ_0005,2022-08-21,web,3,57
LEAD_0005880,CUS_003908,PRJ_0009,2025-12-07,web,1,53
LEAD_0005881,CUS_004934,PRJ_0010,2025-08-11,agency,0,75
LEAD_0005882,CUS_002640,PRJ_0017,2022-04-27,agency,2,65
LEAD_0005883,CUS_002221,PRJ_0019,2021-10-28,agency,1,61
LEAD_0005884,CUS_001252,PRJ_0001,2023-08-21,walk_in,3,74
LEAD_0005885,CUS_002000,PRJ_0002,2024-01-06,web,2,70
LEAD_0005886,CUS_005630,PRJ_0025,2022-12-21,campaign,3,72
LEAD_0005887,CUS_003637,PRJ_0014,2023-08-22,agency,2,73
LEAD_0005888,CUS_003322,PRJ_0023,2022-08-11,referral,1,72
LEAD_0005889,CUS_003232,PRJ_0024,2023-08-16,web,1,68
LEAD_0005890,CUS_003666,PRJ_0016,2025-01-17,referral,2,58
LEAD_0005891,CUS_006077,PRJ_0023,2021-04-21,web,3,38
LEAD_0005892,CUS_000087,PRJ_0003,2023-06-30,campaign,4,56
LEAD_0005893,CUS_005144,PRJ_0019,2021-07-16,agency,7,87
LEAD_0005894,CUS_003735,PRJ_0020,2023-10-17,referral,2,81
LEAD_0005895,CUS_004223,PRJ_0019,2022-04-13,campaign,0,60
LEAD_0005896,CUS_000827,PRJ_0023,2025-06-26,web,2,54
LEAD_0005897,CUS_005392,PRJ_0028,2025-07-20,referral,2,59
LEAD_0005898,CUS_005936,PRJ_0025,2022-09-13,web,4,88
LEAD_0005899,CUS_005196,PRJ_0001,2023-05-02,agency,5,96
LEAD_0005900,CUS_002933,PRJ_0018,2022-06-27,walk_in,0,72
LEAD_0005901,CUS_002400,PRJ_0013,2021-08-17,walk_in,1,64
LEAD_0005902,CUS_006272,PRJ_0007,2022-03-05,referral,6,91
LEAD_0005903,CUS_004260,PRJ_0010,2025-07-17,referral,3,47
LEAD_0005904,CUS_002293,PRJ_0027,2023-10-23,web,2,55
LEAD_0005905,CUS_005625,PRJ_0028,2025-01-06,campaign,1,60
LEAD_0005906,CUS_003013,PRJ_0016,2021-07-17,web,2,52
LEAD_0005907,CUS_006069,PRJ_0013,2024-09-08,walk_in,2,70
LEAD_0005908,CUS_000117,PRJ_0003,2022-12-18,agency,3,66
LEAD_0005909,CUS_003279,PRJ_0021,2023-06-27,web,0,88
LEAD_0005910,CUS_000096,PRJ_0027,2025-03-19,agency,1,89
LEAD_0005911,CUS_004568,PRJ_0026,2021-04-09,campaign,3,48
LEAD_0005912,CUS_004352,PRJ_0026,2023-06-27,campaign,2,63
LEAD_0005913,CUS_002957,PRJ_0020,2025-01-06,web,2,67
LEAD_0005914,CUS_000019,PRJ_0007,2021-08-28,referral,3,71
LEAD_0005915,CUS_004852,PRJ_0013,2024-04-20,agency,3,68
LEAD_0005916,CUS_006194,PRJ_0001,2025-08-10,referral,3,54
LEAD_0005917,CUS_005066,PRJ_0020,2022-07-06,web,2,48
LEAD_0005918,CUS_006303,PRJ_0006,2021-03-12,web,2,50
LEAD_0005919,CUS_002756,PRJ_0021,2025-10-27,campaign,1,46
LEAD_0005920,CUS_001535,PRJ_0016,2021-11-14,web,2,44
LEAD_0005921,CUS_000053,PRJ_0016,2024-05-17,web,1,53
LEAD_0005922,CUS_005275,PRJ_0001,2024-05-22,referral,3,71
LEAD_0005923,CUS_006347,PRJ_0026,2025-03-19,campaign,2,72
LEAD_0005924,CUS_005521,PRJ_0028,2024-03-26,web,1,57
LEAD_0005925,CUS_000547,PRJ_0028,2022-09-23,web,0,73
LEAD_0005926,CUS_000859,PRJ_0005,2021-09-20,walk_in,1,40
LEAD_0005927,CUS_000642,PRJ_0005,2024-05-30,campaign,2,64
LEAD_0005928,CUS_005289,PRJ_0027,2024-03-04,web,2,59
LEAD_0005929,CUS_004006,PRJ_0006,2022-04-19,referral,1,64
LEAD_0005930,CUS_005612,PRJ_0022,2022-03-25,agency,1,48
LEAD_0005931,CUS_005721,PRJ_0012,2024-11-19,referral,1,57
LEAD_0005932,CUS_002415,PRJ_0028,2025-12-18,web,1,63
LEAD_0005933,CUS_006218,PRJ_0028,2025-09-09,agency,2,73
LEAD_0005934,CUS_004508,PRJ_0002,2025-03-26,web,2,52
LEAD_0005935,CUS_006251,PRJ_0003,2021-09-06,campaign,1,45
LEAD_0005936,CUS_001733,PRJ_0003,2024-10-03,web,1,77
LEAD_0005937,CUS_003477,PRJ_0023,2023-09-14,web,2,76
LEAD_0005938,CUS_003738,PRJ_0027,2023-08-29,web,0,41
LEAD_0005939,CUS_005508,PRJ_0016,2021-08-02,web,1,75
LEAD_0005940,CUS_003641,PRJ_0001,2021-09-27,web,6,67
LEAD_0005941,CUS_002232,PRJ_0017,2022-03-07,agency,2,66
LEAD_0005942,CUS_000787,PRJ_0006,2021-08-11,web,3,54
LEAD_0005943,CUS_005874,PRJ_0021,2022-12-27,campaign,4,68
LEAD_0005944,CUS_006051,PRJ_0006,2025-11-08,walk_in,2,53
LEAD_0005945,CUS_006468,PRJ_0017,2025-12-16,referral,0,69
LEAD_0005946,CUS_006103,PRJ_0015,2025-05-04,web,3,70
LEAD_0005947,CUS_006261,PRJ_0013,2023-12-31,agency,3,57
LEAD_0005948,CUS_006160,PRJ_0024,2024-03-28,web,1,54
LEAD_0005949,CUS_005744,PRJ_0019,2025-12-01,web,1,47
LEAD_0005950,CUS_003485,PRJ_0020,2023-11-06,referral,1,60
LEAD_0005951,CUS_004586,PRJ_0001,2021-01-07,agency,1,59
LEAD_0005952,CUS_001631,PRJ_0008,2023-12-25,web,1,77
LEAD_0005953,CUS_004542,PRJ_0011,2021-01-10,referral,1,73
LEAD_0005954,CUS_004806,PRJ_0015,2025-01-12,agency,2,67
LEAD_0005955,CUS_002795,PRJ_0009,2025-02-18,web,5,77
LEAD_0005956,CUS_004301,PRJ_0023,2023-08-05,campaign,1,44
LEAD_0005957,CUS_002742,PRJ_0026,2021-11-26,web,3,55
LEAD_0005958,CUS_005690,PRJ_0004,2023-06-02,referral,4,72
LEAD_0005959,CUS_001272,PRJ_0026,2025-02-11,walk_in,0,56
LEAD_0005960,CUS_005539,PRJ_0006,2024-08-13,campaign,1,55
LEAD_0005961,CUS_004999,PRJ_0015,2022-03-11,campaign,2,61
LEAD_0005962,CUS_001810,PRJ_0008,2021-06-20,web,4,65
LEAD_0005963,CUS_001053,PRJ_0018,2024-10-22,web,0,76
LEAD_0005964,CUS_003796,PRJ_0015,2023-07-22,agency,3,57
LEAD_0005965,CUS_006090,PRJ_0012,2022-04-11,campaign,1,37
LEAD_0005966,CUS_002853,PRJ_0028,2024-06-04,web,1,47
LEAD_0005967,CUS_001721,PRJ_0027,2023-03-19,web,3,75
LEAD_0005968,CUS_006041,PRJ_0028,2025-02-21,campaign,2,56
LEAD_0005969,CUS_004102,PRJ_0016,2022-11-28,web,2,69
LEAD_0005970,CUS_002658,PRJ_0024,2025-07-16,agency,2,66
LEAD_0005971,CUS_002726,PRJ_0008,2024-09-27,referral,2,58
LEAD_0005972,CUS_000413,PRJ_0007,2025-06-15,walk_in,1,51
LEAD_0005973,CUS_005426,PRJ_0001,2024-03-03,campaign,2,78
LEAD_0005974,CUS_003184,PRJ_0028,2025-09-03,agency,3,55
LEAD_0005975,CUS_005226,PRJ_0008,2025-05-07,web,1,50
LEAD_0005976,CUS_001498,PRJ_0021,2021-01-15,walk_in,4,60
LEAD_0005977,CUS_000526,PRJ_0009,2025-12-03,agency,2,70
LEAD_0005978,CUS_000070,PRJ_0028,2022-09-23,web,0,41
LEAD_0005979,CUS_003990,PRJ_0026,2024-04-06,agency,1,91
LEAD_0005980,CUS_005929,PRJ_0028,2023-09-15,agency,2,71
LEAD_0005981,CUS_004753,PRJ_0027,2023-09-05,walk_in,0,47
LEAD_0005982,CUS_004373,PRJ_0010,2022-10-11,web,3,72
LEAD_0005983,CUS_003344,PRJ_0019,2022-08-18,web,2,72
LEAD_0005984,CUS_000762,PRJ_0001,2022-10-08,campaign,0,48
LEAD_0005985,CUS_003650,PRJ_0004,2024-05-14,walk_in,5,71
LEAD_0005986,CUS_002467,PRJ_0018,2025-06-13,walk_in,1,53
LEAD_0005987,CUS_000709,PRJ_0014,2023-04-03,agency,4,74
LEAD_0005988,CUS_001812,PRJ_0027,2025-04-07,web,4,62
LEAD_0005989,CUS_004492,PRJ_0009,2021-08-31,web,0,47
LEAD_0005990,CUS_005306,PRJ_0002,2025-05-04,web,1,57
LEAD_0005991,CUS_002005,PRJ_0023,2021-11-10,campaign,1,76
LEAD_0005992,CUS_004529,PRJ_0016,2024-11-02,walk_in,2,61
LEAD_0005993,CUS_006475,PRJ_0016,2023-09-03,campaign,2,71
LEAD_0005994,CUS_000715,PRJ_0005,2021-04-27,campaign,4,67
LEAD_0005995,CUS_002447,PRJ_0004,2024-09-22,agency,2,65
LEAD_0005996,CUS_000044,PRJ_0012,2025-09-28,campaign,2,75
LEAD_0005997,CUS_001082,PRJ_0020,2024-12-26,web,3,58
LEAD_0005998,CUS_005330,PRJ_0020,2022-05-19,referral,3,79
LEAD_0005999,CUS_005319,PRJ_0024,2025-02-21,web,5,58
LEAD_0006000,CUS_006066,PRJ_0002,2025-10-27,campaign,1,53
LEAD_0006001,CUS_004062,PRJ_0028,2023-12-27,campaign,4,68
LEAD_0006002,CUS_006253,PRJ_0028,2024-12-19,web,3,61
LEAD_0006003,CUS_004758,PRJ_0010,2024-06-21,web,3,69
LEAD_0006004,CUS_000774,PRJ_0004,2021-05-26,agency,2,69
LEAD_0006005,CUS_003028,PRJ_0001,2021-07-23,web,0,53
LEAD_0006006,CUS_002543,PRJ_0011,2023-04-22,web,3,69
LEAD_0006007,CUS_000620,PRJ_0004,2022-07-07,web,0,42
LEAD_0006008,CUS_000796,PRJ_0013,2025-12-16,web,1,56
LEAD_0006009,CUS_006196,PRJ_0018,2021-07-12,walk_in,1,45
LEAD_0006010,CUS_006074,PRJ_0006,2025-09-02,referral,5,78
LEAD_0006011,CUS_006351,PRJ_0023,2024-03-26,referral,3,73
LEAD_0006012,CUS_002940,PRJ_0005,2025-05-29,walk_in,2,57
LEAD_0006013,CUS_002411,PRJ_0014,2021-03-30,agency,1,66
LEAD_0006014,CUS_005915,PRJ_0004,2022-08-09,web,6,86
LEAD_0006015,CUS_001229,PRJ_0021,2022-04-19,walk_in,2,46
LEAD_0006016,CUS_002952,PRJ_0021,2025-08-27,agency,2,66
LEAD_0006017,CUS_004904,PRJ_0001,2025-12-16,agency,1,68
LEAD_0006018,CUS_000591,PRJ_0004,2024-09-08,agency,0,52
LEAD_0006019,CUS_001733,PRJ_0003,2023-10-15,web,3,71
LEAD_0006020,CUS_002323,PRJ_0021,2021-09-22,walk_in,2,56
LEAD_0006021,CUS_006417,PRJ_0002,2024-06-18,campaign,1,60
LEAD_0006022,CUS_006315,PRJ_0010,2024-04-13,web,3,59
LEAD_0006023,CUS_001516,PRJ_0020,2025-10-09,referral,1,65
LEAD_0006024,CUS_005698,PRJ_0027,2022-01-15,web,4,81
LEAD_0006025,CUS_003979,PRJ_0002,2024-08-22,web,2,45
LEAD_0006026,CUS_003340,PRJ_0019,2022-03-08,agency,3,100
LEAD_0006027,CUS_001344,PRJ_0004,2025-12-02,web,1,77
LEAD_0006028,CUS_002138,PRJ_0009,2025-09-17,web,1,50
LEAD_0006029,CUS_003562,PRJ_0011,2022-10-07,campaign,2,64
LEAD_0006030,CUS_001067,PRJ_0018,2023-02-15,referral,1,65
LEAD_0006031,CUS_003051,PRJ_0004,2023-07-11,agency,1,72
LEAD_0006032,CUS_000897,PRJ_0004,2021-10-13,agency,2,68
LEAD_0006033,CUS_000568,PRJ_0004,2022-06-30,agency,2,48
LEAD_0006034,CUS_001013,PRJ_0007,2024-05-18,referral,0,49
LEAD_0006035,CUS_004914,PRJ_0001,2023-02-09,referral,2,45
LEAD_0006036,CUS_003459,PRJ_0006,2024-04-03,referral,3,72
LEAD_0006037,CUS_005362,PRJ_0007,2024-11-14,web,2,60
LEAD_0006038,CUS_004548,PRJ_0018,2022-06-09,web,1,60
LEAD_0006039,CUS_000301,PRJ_0017,2024-10-05,web,3,54
LEAD_0006040,CUS_001927,PRJ_0002,2024-10-07,web,3,61
LEAD_0006041,CUS_002219,PRJ_0023,2022-01-03,web,2,56
LEAD_0006042,CUS_006398,PRJ_0015,2021-02-12,agency,3,66
LEAD_0006043,CUS_003891,PRJ_0028,2025-04-21,agency,2,79
LEAD_0006044,CUS_003035,PRJ_0017,2025-03-21,web,1,71
LEAD_0006045,CUS_006076,PRJ_0015,2021-03-26,web,1,74
LEAD_0006046,CUS_003872,PRJ_0023,2022-03-01,walk_in,0,42
LEAD_0006047,CUS_004768,PRJ_0002,2022-11-12,referral,3,55
LEAD_0006048,CUS_003484,PRJ_0003,2025-08-26,referral,5,62
LEAD_0006049,CUS_002639,PRJ_0001,2021-03-16,agency,0,60
LEAD_0006050,CUS_005012,PRJ_0028,2025-11-12,campaign,1,51
LEAD_0006051,CUS_002374,PRJ_0021,2022-05-15,web,1,48
LEAD_0006052,CUS_006082,PRJ_0017,2023-03-06,referral,2,75
LEAD_0006053,CUS_002163,PRJ_0002,2021-01-06,web,1,49
LEAD_0006054,CUS_005508,PRJ_0007,2021-08-24,agency,2,64
LEAD_0006055,CUS_000481,PRJ_0022,2022-01-18,walk_in,1,53
LEAD_0006056,CUS_003347,PRJ_0003,2025-11-28,web,3,46
LEAD_0006057,CUS_003127,PRJ_0005,2025-11-30,walk_in,3,58
LEAD_0006058,CUS_006100,PRJ_0018,2022-04-13,agency,3,76
LEAD_0006059,CUS_002424,PRJ_0010,2025-05-23,walk_in,3,60
LEAD_0006060,CUS_002722,PRJ_0019,2021-07-16,agency,3,59
LEAD_0006061,CUS_000403,PRJ_0010,2023-02-05,agency,0,65
LEAD_0006062,CUS_000480,PRJ_0004,2023-08-08,campaign,1,87
LEAD_0006063,CUS_003648,PRJ_0013,2021-10-04,referral,2,76
LEAD_0006064,CUS_000863,PRJ_0009,2024-01-19,campaign,2,48
LEAD_0006065,CUS_002177,PRJ_0015,2023-06-05,agency,3,74
LEAD_0006066,CUS_006189,PRJ_0003,2025-12-21,agency,1,57
LEAD_0006067,CUS_001889,PRJ_0025,2022-03-19,agency,2,56
LEAD_0006068,CUS_006111,PRJ_0025,2025-09-30,web,3,67
LEAD_0006069,CUS_002723,PRJ_0016,2022-12-14,walk_in,3,85
LEAD_0006070,CUS_005940,PRJ_0007,2025-09-17,walk_in,2,66
LEAD_0006071,CUS_002275,PRJ_0016,2023-09-04,web,4,80
LEAD_0006072,CUS_004885,PRJ_0013,2023-04-26,web,3,70
LEAD_0006073,CUS_000973,PRJ_0004,2021-04-12,web,4,78
LEAD_0006074,CUS_004416,PRJ_0018,2024-08-23,web,2,68
LEAD_0006075,CUS_002171,PRJ_0024,2021-10-26,web,2,56
LEAD_0006076,CUS_005445,PRJ_0006,2024-10-06,web,2,66
LEAD_0006077,CUS_002959,PRJ_0018,2024-02-07,campaign,0,56
LEAD_0006078,CUS_002895,PRJ_0020,2025-04-06,web,1,52
LEAD_0006079,CUS_004235,PRJ_0005,2023-05-06,campaign,2,56
LEAD_0006080,CUS_003558,PRJ_0015,2024-01-23,agency,4,76
LEAD_0006081,CUS_003589,PRJ_0004,2023-02-23,agency,2,64
LEAD_0006082,CUS_005840,PRJ_0020,2023-09-21,web,0,63
LEAD_0006083,CUS_004822,PRJ_0018,2022-12-27,referral,1,59
LEAD_0006084,CUS_000370,PRJ_0021,2024-08-15,campaign,2,50
LEAD_0006085,CUS_006199,PRJ_0022,2023-10-23,referral,1,61
LEAD_0006086,CUS_003662,PRJ_0007,2022-01-28,agency,1,95
LEAD_0006087,CUS_000456,PRJ_0012,2025-09-19,web,2,64
LEAD_0006088,CUS_002478,PRJ_0001,2022-09-10,web,2,57
LEAD_0006089,CUS_000130,PRJ_0017,2024-04-28,web,2,57
LEAD_0006090,CUS_003612,PRJ_0005,2023-03-03,web,3,66
LEAD_0006091,CUS_004094,PRJ_0016,2025-11-19,referral,1,72
LEAD_0006092,CUS_006223,PRJ_0017,2024-02-12,campaign,1,93
LEAD_0006093,CUS_004401,PRJ_0022,2022-12-09,campaign,2,64
LEAD_0006094,CUS_005107,PRJ_0016,2023-09-29,agency,1,86
LEAD_0006095,CUS_005251,PRJ_0011,2025-10-18,agency,4,64
LEAD_0006096,CUS_003098,PRJ_0024,2024-05-27,web,1,35
LEAD_0006097,CUS_002543,PRJ_0002,2023-01-16,agency,2,84
LEAD_0006098,CUS_004426,PRJ_0004,2022-11-01,referral,5,56
LEAD_0006099,CUS_000464,PRJ_0020,2022-01-20,agency,0,50
LEAD_0006100,CUS_003659,PRJ_0003,2022-12-24,agency,2,69
LEAD_0006101,CUS_001128,PRJ_0014,2025-11-06,walk_in,1,57
LEAD_0006102,CUS_001282,PRJ_0017,2024-08-21,referral,2,78
LEAD_0006103,CUS_005707,PRJ_0017,2024-06-12,referral,2,74
LEAD_0006104,CUS_002965,PRJ_0018,2023-10-17,referral,0,68
LEAD_0006105,CUS_003576,PRJ_0009,2025-02-09,referral,1,56
LEAD_0006106,CUS_000721,PRJ_0023,2025-12-18,campaign,2,77
LEAD_0006107,CUS_001774,PRJ_0011,2025-07-30,web,0,47
LEAD_0006108,CUS_002967,PRJ_0009,2021-11-29,walk_in,2,51
LEAD_0006109,CUS_005890,PRJ_0014,2024-09-03,web,1,64
LEAD_0006110,CUS_002857,PRJ_0001,2023-09-08,walk_in,2,72
LEAD_0006111,CUS_004096,PRJ_0001,2023-12-16,referral,5,73
LEAD_0006112,CUS_004540,PRJ_0026,2023-09-25,web,3,78
LEAD_0006113,CUS_001289,PRJ_0014,2025-07-27,agency,2,80
LEAD_0006114,CUS_001752,PRJ_0010,2023-09-15,campaign,2,70
LEAD_0006115,CUS_003448,PRJ_0016,2021-06-21,agency,1,69
LEAD_0006116,CUS_002555,PRJ_0015,2025-01-14,web,3,41
LEAD_0006117,CUS_005294,PRJ_0013,2022-09-25,web,3,65
LEAD_0006118,CUS_002676,PRJ_0005,2021-04-07,web,3,67
LEAD_0006119,CUS_002917,PRJ_0011,2023-02-11,walk_in,0,47
LEAD_0006120,CUS_001117,PRJ_0006,2025-01-31,web,4,51
LEAD_0006121,CUS_004569,PRJ_0004,2023-07-19,campaign,2,58
LEAD_0006122,CUS_004762,PRJ_0028,2021-04-05,web,1,76
LEAD_0006123,CUS_003005,PRJ_0013,2025-09-25,web,2,56
LEAD_0006124,CUS_004351,PRJ_0004,2025-01-22,campaign,1,35
LEAD_0006125,CUS_006326,PRJ_0017,2022-05-12,referral,2,88
LEAD_0006126,CUS_002606,PRJ_0024,2024-08-04,agency,1,55
LEAD_0006127,CUS_000115,PRJ_0020,2025-10-31,agency,2,68
LEAD_0006128,CUS_001030,PRJ_0020,2021-12-13,web,0,56
LEAD_0006129,CUS_004181,PRJ_0026,2025-08-13,referral,2,62
LEAD_0006130,CUS_005118,PRJ_0022,2021-12-10,web,3,49
LEAD_0006131,CUS_003499,PRJ_0009,2022-03-12,web,1,41
LEAD_0006132,CUS_004505,PRJ_0005,2023-04-06,agency,2,70
LEAD_0006133,CUS_000088,PRJ_0018,2021-01-24,agency,0,65
LEAD_0006134,CUS_004318,PRJ_0017,2023-06-22,web,3,73
LEAD_0006135,CUS_004140,PRJ_0023,2022-07-23,referral,0,86
LEAD_0006136,CUS_006147,PRJ_0001,2021-05-02,web,1,57
LEAD_0006137,CUS_002559,PRJ_0026,2023-06-03,referral,4,84
LEAD_0006138,CUS_005224,PRJ_0018,2023-08-12,referral,5,72
LEAD_0006139,CUS_001579,PRJ_0024,2025-02-07,web,1,61
LEAD_0006140,CUS_005842,PRJ_0006,2025-12-24,agency,4,71
LEAD_0006141,CUS_003589,PRJ_0013,2025-07-16,web,3,58
LEAD_0006142,CUS_004944,PRJ_0001,2021-11-27,web,1,57
LEAD_0006143,CUS_003417,PRJ_0022,2025-04-20,referral,2,56
LEAD_0006144,CUS_004846,PRJ_0028,2024-09-18,web,0,72
LEAD_0006145,CUS_005260,PRJ_0002,2025-02-09,walk_in,5,65
LEAD_0006146,CUS_004930,PRJ_0002,2022-04-16,web,2,58
LEAD_0006147,CUS_006398,PRJ_0004,2024-08-27,web,2,49
LEAD_0006148,CUS_006146,PRJ_0009,2024-06-01,walk_in,2,70
LEAD_0006149,CUS_005174,PRJ_0011,2023-07-09,web,1,58
LEAD_0006150,CUS_003413,PRJ_0011,2025-03-01,web,1,57
LEAD_0006151,CUS_000601,PRJ_0007,2022-05-22,campaign,0,53
LEAD_0006152,CUS_002669,PRJ_0013,2023-01-03,web,4,87
LEAD_0006153,CUS_003942,PRJ_0016,2023-01-01,web,3,56
LEAD_0006154,CUS_006248,PRJ_0011,2023-11-07,agency,1,75
LEAD_0006155,CUS_002056,PRJ_0011,2021-02-24,campaign,1,58
LEAD_0006156,CUS_006298,PRJ_0022,2023-05-11,web,3,51
LEAD_0006157,CUS_003768,PRJ_0018,2021-06-20,agency,1,66
LEAD_0006158,CUS_005671,PRJ_0008,2021-07-08,campaign,0,69
LEAD_0006159,CUS_004611,PRJ_0019,2024-10-29,referral,2,59
LEAD_0006160,CUS_003736,PRJ_0005,2022-08-22,walk_in,0,50
LEAD_0006161,CUS_005254,PRJ_0022,2021-11-14,web,1,58
LEAD_0006162,CUS_004074,PRJ_0016,2024-12-07,web,3,78
LEAD_0006163,CUS_005286,PRJ_0012,2021-10-31,agency,1,51
LEAD_0006164,CUS_002917,PRJ_0013,2022-12-03,web,2,64
LEAD_0006165,CUS_000236,PRJ_0004,2024-09-19,web,3,76
LEAD_0006166,CUS_001369,PRJ_0009,2025-11-25,web,2,64
LEAD_0006167,CUS_003432,PRJ_0004,2024-07-18,campaign,3,56
LEAD_0006168,CUS_000658,PRJ_0007,2024-06-08,referral,0,74
LEAD_0006169,CUS_002973,PRJ_0008,2022-03-05,walk_in,0,48
LEAD_0006170,CUS_000081,PRJ_0019,2024-05-21,web,1,66
LEAD_0006171,CUS_003318,PRJ_0020,2025-10-15,referral,2,68
LEAD_0006172,CUS_001385,PRJ_0027,2021-04-09,web,3,80
LEAD_0006173,CUS_004848,PRJ_0005,2022-10-12,web,1,54
LEAD_0006174,CUS_003500,PRJ_0003,2022-03-09,campaign,1,81
LEAD_0006175,CUS_005889,PRJ_0013,2021-08-15,agency,2,63
LEAD_0006176,CUS_005860,PRJ_0006,2022-08-04,campaign,1,51
LEAD_0006177,CUS_002570,PRJ_0009,2023-12-14,walk_in,1,61
LEAD_0006178,CUS_002701,PRJ_0025,2022-11-05,agency,2,74
LEAD_0006179,CUS_003327,PRJ_0001,2024-06-29,walk_in,2,73
LEAD_0006180,CUS_004166,PRJ_0007,2024-01-05,web,1,59
LEAD_0006181,CUS_004270,PRJ_0007,2021-08-03,agency,4,77
LEAD_0006182,CUS_003007,PRJ_0010,2021-10-30,agency,1,68
LEAD_0006183,CUS_003396,PRJ_0023,2021-10-23,referral,4,80
LEAD_0006184,CUS_000089,PRJ_0017,2023-11-28,agency,0,73
LEAD_0006185,CUS_000476,PRJ_0013,2025-10-05,referral,0,29
LEAD_0006186,CUS_002780,PRJ_0001,2023-09-19,walk_in,1,65
LEAD_0006187,CUS_006092,PRJ_0025,2024-12-29,campaign,1,56
LEAD_0006188,CUS_002411,PRJ_0001,2023-08-21,agency,1,64
LEAD_0006189,CUS_006449,PRJ_0004,2023-06-27,web,1,39
LEAD_0006190,CUS_002058,PRJ_0006,2025-02-26,web,0,64
LEAD_0006191,CUS_000331,PRJ_0012,2022-04-05,agency,6,63
LEAD_0006192,CUS_001988,PRJ_0024,2021-09-29,referral,2,57
LEAD_0006193,CUS_002516,PRJ_0024,2021-07-13,walk_in,0,46
LEAD_0006194,CUS_000991,PRJ_0002,2024-02-03,referral,0,64
LEAD_0006195,CUS_002596,PRJ_0017,2022-02-06,campaign,0,51
LEAD_0006196,CUS_003794,PRJ_0019,2021-06-27,referral,4,61
LEAD_0006197,CUS_001282,PRJ_0017,2025-07-10,referral,0,57
LEAD_0006198,CUS_005222,PRJ_0012,2021-01-13,web,2,61
LEAD_0006199,CUS_001105,PRJ_0012,2024-05-28,walk_in,0,56
LEAD_0006200,CUS_005414,PRJ_0006,2024-11-05,web,2,75
LEAD_0006201,CUS_000775,PRJ_0015,2023-11-10,referral,2,57
LEAD_0006202,CUS_001745,PRJ_0007,2025-10-12,walk_in,2,61
LEAD_0006203,CUS_002339,PRJ_0028,2025-05-25,web,1,53
LEAD_0006204,CUS_001866,PRJ_0010,2025-04-30,web,2,92
LEAD_0006205,CUS_004273,PRJ_0017,2025-05-29,web,1,76
LEAD_0006206,CUS_001848,PRJ_0017,2024-04-18,agency,2,90
LEAD_0006207,CUS_000843,PRJ_0005,2021-07-11,agency,0,52
LEAD_0006208,CUS_001046,PRJ_0023,2022-06-14,referral,2,67
LEAD_0006209,CUS_005831,PRJ_0007,2025-02-04,walk_in,2,60
LEAD_0006210,CUS_004057,PRJ_0016,2023-12-11,walk_in,0,53
LEAD_0006211,CUS_006098,PRJ_0014,2022-01-14,web,1,63
LEAD_0006212,CUS_000953,PRJ_0010,2025-04-27,agency,3,59
LEAD_0006213,CUS_004449,PRJ_0002,2024-03-09,agency,1,62
LEAD_0006214,CUS_002588,PRJ_0009,2021-12-30,web,4,69
LEAD_0006215,CUS_005650,PRJ_0015,2024-10-29,web,1,65
LEAD_0006216,CUS_003528,PRJ_0022,2021-10-03,web,2,64
LEAD_0006217,CUS_001054,PRJ_0011,2022-11-22,agency,2,69
LEAD_0006218,CUS_004403,PRJ_0001,2023-08-25,agency,2,100
LEAD_0006219,CUS_003766,PRJ_0028,2023-02-06,agency,3,82
LEAD_0006220,CUS_006288,PRJ_0006,2025-07-29,web,2,39
LEAD_0006221,CUS_005215,PRJ_0014,2021-10-05,web,1,57
LEAD_0006222,CUS_005312,PRJ_0017,2023-10-19,agency,1,70
LEAD_0006223,CUS_002427,PRJ_0002,2022-03-12,web,2,56
LEAD_0006224,CUS_002560,PRJ_0018,2022-04-12,campaign,0,75
LEAD_0006225,CUS_003929,PRJ_0026,2025-06-10,agency,5,91
LEAD_0006226,CUS_005387,PRJ_0019,2023-10-03,web,2,74
LEAD_0006227,CUS_001563,PRJ_0022,2022-08-24,referral,3,74
LEAD_0006228,CUS_001825,PRJ_0005,2024-09-26,campaign,1,68
LEAD_0006229,CUS_006357,PRJ_0013,2025-04-23,campaign,3,64
LEAD_0006230,CUS_004412,PRJ_0028,2024-04-20,agency,2,77
LEAD_0006231,CUS_003137,PRJ_0016,2021-02-18,web,4,68
LEAD_0006232,CUS_001340,PRJ_0026,2023-03-19,walk_in,2,55
LEAD_0006233,CUS_002006,PRJ_0020,2024-05-25,web,1,57
LEAD_0006234,CUS_002840,PRJ_0019,2024-09-12,web,2,53
LEAD_0006235,CUS_005349,PRJ_0016,2025-12-24,agency,5,66
LEAD_0006236,CUS_003992,PRJ_0008,2021-06-15,web,0,54
LEAD_0006237,CUS_002180,PRJ_0020,2024-09-02,campaign,0,98
LEAD_0006238,CUS_005278,PRJ_0023,2023-11-12,agency,4,61
LEAD_0006239,CUS_004280,PRJ_0013,2021-03-26,web,3,72
LEAD_0006240,CUS_006053,PRJ_0015,2021-09-09,referral,0,68
LEAD_0006241,CUS_003294,PRJ_0018,2024-12-13,web,2,51
LEAD_0006242,CUS_006369,PRJ_0022,2021-06-15,web,1,65
LEAD_0006243,CUS_004692,PRJ_0015,2024-03-15,campaign,0,66
LEAD_0006244,CUS_005502,PRJ_0011,2022-12-20,referral,2,67
LEAD_0006245,CUS_003119,PRJ_0001,2025-08-23,agency,3,59
LEAD_0006246,CUS_001248,PRJ_0016,2023-09-28,agency,3,78
LEAD_0006247,CUS_003247,PRJ_0020,2025-01-09,campaign,0,55
LEAD_0006248,CUS_005529,PRJ_0003,2022-06-15,web,2,59
LEAD_0006249,CUS_005151,PRJ_0023,2021-07-24,web,3,57
LEAD_0006250,CUS_003807,PRJ_0016,2024-12-04,walk_in,2,55
LEAD_0006251,CUS_000085,PRJ_0019,2025-07-28,referral,1,63
LEAD_0006252,CUS_002429,PRJ_0002,2022-11-27,web,3,52
LEAD_0006253,CUS_000860,PRJ_0018,2025-02-05,campaign,0,54
LEAD_0006254,CUS_001970,PRJ_0007,2021-04-17,web,0,69
LEAD_0006255,CUS_006284,PRJ_0025,2022-09-22,agency,2,62
LEAD_0006256,CUS_004689,PRJ_0024,2021-04-02,referral,1,68
LEAD_0006257,CUS_000589,PRJ_0013,2021-09-17,campaign,0,51
LEAD_0006258,CUS_002798,PRJ_0023,2024-04-23,walk_in,4,87
LEAD_0006259,CUS_003760,PRJ_0014,2023-11-12,web,1,66
LEAD_0006260,CUS_005612,PRJ_0012,2025-10-10,web,1,50
LEAD_0006261,CUS_002252,PRJ_0020,2023-02-21,agency,1,58
LEAD_0006262,CUS_006149,PRJ_0012,2024-02-02,agency,4,69
LEAD_0006263,CUS_005880,PRJ_0009,2025-05-06,web,1,63
LEAD_0006264,CUS_005789,PRJ_0005,2022-05-26,web,1,58
LEAD_0006265,CUS_002203,PRJ_0011,2025-01-21,referral,2,54
LEAD_0006266,CUS_003017,PRJ_0024,2024-05-21,web,2,56
LEAD_0006267,CUS_002591,PRJ_0003,2025-06-30,agency,2,79
LEAD_0006268,CUS_005739,PRJ_0006,2025-02-15,web,1,80
LEAD_0006269,CUS_000521,PRJ_0003,2024-01-18,web,0,64
LEAD_0006270,CUS_003891,PRJ_0002,2025-03-23,walk_in,1,69
LEAD_0006271,CUS_000126,PRJ_0023,2023-03-10,web,2,73
LEAD_0006272,CUS_001198,PRJ_0019,2022-01-10,web,4,52
LEAD_0006273,CUS_000094,PRJ_0025,2022-01-02,campaign,1,50
LEAD_0006274,CUS_000573,PRJ_0026,2023-03-01,campaign,2,48
LEAD_0006275,CUS_006388,PRJ_0020,2023-06-16,walk_in,2,75
LEAD_0006276,CUS_000291,PRJ_0025,2025-06-24,web,2,61
LEAD_0006277,CUS_005921,PRJ_0021,2025-05-06,campaign,2,71
LEAD_0006278,CUS_000270,PRJ_0026,2023-05-11,referral,4,82
LEAD_0006279,CUS_003668,PRJ_0021,2021-05-04,web,1,51
LEAD_0006280,CUS_005311,PRJ_0005,2023-12-01,web,7,77
LEAD_0006281,CUS_005230,PRJ_0002,2024-04-06,web,1,47
LEAD_0006282,CUS_000860,PRJ_0027,2024-03-27,web,2,70
LEAD_0006283,CUS_004171,PRJ_0019,2022-06-22,agency,3,65
LEAD_0006284,CUS_005765,PRJ_0003,2023-11-17,web,1,53
LEAD_0006285,CUS_004601,PRJ_0017,2025-07-20,web,2,72
LEAD_0006286,CUS_001909,PRJ_0022,2023-09-05,web,3,52
LEAD_0006287,CUS_003246,PRJ_0020,2024-04-05,referral,1,60
LEAD_0006288,CUS_006453,PRJ_0019,2021-05-19,walk_in,2,65
LEAD_0006289,CUS_000501,PRJ_0027,2023-05-22,agency,4,71
LEAD_0006290,CUS_002845,PRJ_0011,2023-07-21,web,2,100
LEAD_0006291,CUS_001995,PRJ_0016,2021-11-25,campaign,1,59
LEAD_0006292,CUS_000982,PRJ_0021,2025-08-10,agency,2,74
LEAD_0006293,CUS_002861,PRJ_0011,2021-12-03,referral,0,67
LEAD_0006294,CUS_001480,PRJ_0009,2024-08-09,walk_in,2,51
LEAD_0006295,CUS_003912,PRJ_0015,2024-06-25,web,1,72
LEAD_0006296,CUS_001389,PRJ_0001,2024-02-20,web,3,57
LEAD_0006297,CUS_002259,PRJ_0006,2021-07-03,campaign,3,72
LEAD_0006298,CUS_001058,PRJ_0009,2023-09-15,campaign,2,70
LEAD_0006299,CUS_003075,PRJ_0006,2024-05-19,agency,1,56
LEAD_0006300,CUS_005174,PRJ_0024,2025-10-24,web,3,62
LEAD_0006301,CUS_004384,PRJ_0012,2024-01-30,referral,5,72
LEAD_0006302,CUS_000930,PRJ_0009,2022-03-04,agency,4,71
LEAD_0006303,CUS_003347,PRJ_0027,2025-06-02,campaign,1,49
LEAD_0006304,CUS_003153,PRJ_0010,2024-03-05,walk_in,0,38
LEAD_0006305,CUS_002209,PRJ_0012,2025-12-04,walk_in,2,53
LEAD_0006306,CUS_005335,PRJ_0013,2024-01-21,campaign,2,81
LEAD_0006307,CUS_004043,PRJ_0025,2025-10-19,campaign,4,75
LEAD_0006308,CUS_003921,PRJ_0014,2022-07-25,agency,1,68
LEAD_0006309,CUS_002299,PRJ_0019,2023-10-18,walk_in,2,70
LEAD_0006310,CUS_004880,PRJ_0003,2022-08-05,web,1,50
LEAD_0006311,CUS_005192,PRJ_0001,2021-07-07,web,1,60
LEAD_0006312,CUS_000711,PRJ_0024,2025-06-12,campaign,1,58
LEAD_0006313,CUS_004639,PRJ_0021,2025-06-11,web,4,35
LEAD_0006314,CUS_005384,PRJ_0006,2021-04-17,web,2,58
LEAD_0006315,CUS_002739,PRJ_0003,2024-07-03,agency,3,75
LEAD_0006316,CUS_003886,PRJ_0009,2023-07-07,web,4,66
LEAD_0006317,CUS_006019,PRJ_0010,2022-03-05,referral,2,66
LEAD_0006318,CUS_000030,PRJ_0012,2024-08-12,web,1,55
LEAD_0006319,CUS_004116,PRJ_0005,2023-09-03,agency,2,59
LEAD_0006320,CUS_005350,PRJ_0005,2021-01-29,web,1,56
LEAD_0006321,CUS_001664,PRJ_0008,2023-06-08,web,2,60
LEAD_0006322,CUS_004270,PRJ_0023,2023-01-22,campaign,2,57
LEAD_0006323,CUS_003642,PRJ_0012,2024-07-25,web,3,62
LEAD_0006324,CUS_000103,PRJ_0015,2022-06-20,agency,2,74
LEAD_0006325,CUS_000353,PRJ_0012,2024-08-18,agency,2,70
LEAD_0006326,CUS_005113,PRJ_0018,2021-07-11,referral,0,56
LEAD_0006327,CUS_002892,PRJ_0010,2025-11-12,referral,1,54
LEAD_0006328,CUS_006419,PRJ_0011,2022-01-07,web,1,57
LEAD_0006329,CUS_005408,PRJ_0028,2024-10-06,agency,3,88
LEAD_0006330,CUS_004224,PRJ_0023,2023-01-26,web,2,62
LEAD_0006331,CUS_002665,PRJ_0024,2023-02-26,campaign,2,46
LEAD_0006332,CUS_005504,PRJ_0013,2025-11-08,referral,4,68
LEAD_0006333,CUS_001368,PRJ_0007,2023-11-01,agency,1,62
LEAD_0006334,CUS_005591,PRJ_0028,2024-11-03,campaign,0,66
LEAD_0006335,CUS_002899,PRJ_0018,2024-12-20,web,0,53
LEAD_0006336,CUS_006471,PRJ_0026,2024-11-25,web,3,60
LEAD_0006337,CUS_004120,PRJ_0028,2021-06-20,walk_in,2,90
LEAD_0006338,CUS_001651,PRJ_0016,2023-09-20,web,5,55
LEAD_0006339,CUS_003625,PRJ_0005,2025-05-19,agency,2,77
LEAD_0006340,CUS_003109,PRJ_0023,2024-04-22,campaign,5,77
LEAD_0006341,CUS_002268,PRJ_0001,2022-04-24,walk_in,1,58
LEAD_0006342,CUS_002597,PRJ_0002,2023-02-22,web,4,82
LEAD_0006343,CUS_003884,PRJ_0015,2022-07-09,campaign,1,50
LEAD_0006344,CUS_004550,PRJ_0023,2022-09-04,agency,3,78
LEAD_0006345,CUS_001192,PRJ_0013,2023-03-21,agency,1,68
LEAD_0006346,CUS_004125,PRJ_0003,2022-01-20,referral,1,94
LEAD_0006347,CUS_001998,PRJ_0018,2024-02-25,walk_in,2,56
LEAD_0006348,CUS_002954,PRJ_0010,2022-10-04,walk_in,3,59
LEAD_0006349,CUS_000748,PRJ_0001,2021-02-03,agency,2,73
LEAD_0006350,CUS_006044,PRJ_0011,2021-12-27,agency,2,64
LEAD_0006351,CUS_005762,PRJ_0005,2025-12-06,web,2,80
LEAD_0006352,CUS_005868,PRJ_0002,2025-01-24,web,0,50
LEAD_0006353,CUS_002865,PRJ_0009,2023-06-17,referral,2,71
LEAD_0006354,CUS_000847,PRJ_0012,2025-03-07,web,0,50
LEAD_0006355,CUS_002086,PRJ_0023,2022-07-27,web,1,87
LEAD_0006356,CUS_002954,PRJ_0014,2022-10-12,web,0,58
LEAD_0006357,CUS_000784,PRJ_0025,2023-08-09,web,2,65
LEAD_0006358,CUS_000045,PRJ_0022,2022-01-27,referral,4,80
LEAD_0006359,CUS_005413,PRJ_0023,2025-02-03,web,4,58
LEAD_0006360,CUS_003826,PRJ_0007,2023-05-07,campaign,1,72
LEAD_0006361,CUS_002045,PRJ_0015,2021-06-28,campaign,2,50
LEAD_0006362,CUS_005610,PRJ_0005,2022-02-28,campaign,0,62
LEAD_0006363,CUS_002440,PRJ_0026,2023-11-01,web,1,55
LEAD_0006364,CUS_004064,PRJ_0022,2024-01-08,web,1,71
LEAD_0006365,CUS_006427,PRJ_0028,2024-10-27,web,2,54
LEAD_0006366,CUS_002081,PRJ_0002,2023-01-05,agency,2,61
LEAD_0006367,CUS_003482,PRJ_0006,2024-05-25,campaign,1,62
LEAD_0006368,CUS_005968,PRJ_0018,2022-02-21,campaign,1,69
LEAD_0006369,CUS_000389,PRJ_0012,2024-01-23,campaign,0,70
LEAD_0006370,CUS_005560,PRJ_0013,2022-12-07,web,1,31
LEAD_0006371,CUS_001848,PRJ_0021,2024-11-27,web,2,64
LEAD_0006372,CUS_005732,PRJ_0017,2025-06-25,campaign,0,62
LEAD_0006373,CUS_004061,PRJ_0005,2024-09-14,agency,6,80
LEAD_0006374,CUS_004809,PRJ_0024,2024-02-17,referral,3,59
LEAD_0006375,CUS_001247,PRJ_0019,2021-08-21,walk_in,1,52
LEAD_0006376,CUS_000563,PRJ_0022,2024-04-01,web,3,58
LEAD_0006377,CUS_003389,PRJ_0023,2023-09-15,campaign,1,86
LEAD_0006378,CUS_003792,PRJ_0007,2021-02-23,agency,0,78
LEAD_0006379,CUS_001507,PRJ_0010,2021-08-16,referral,1,61
LEAD_0006380,CUS_003611,PRJ_0022,2022-09-20,web,3,53
LEAD_0006381,CUS_002192,PRJ_0024,2023-05-30,walk_in,2,52
LEAD_0006382,CUS_006054,PRJ_0007,2025-08-09,agency,1,75
LEAD_0006383,CUS_002621,PRJ_0007,2021-12-25,agency,4,99
LEAD_0006384,CUS_005212,PRJ_0001,2021-04-01,campaign,2,74
LEAD_0006385,CUS_001069,PRJ_0020,2024-09-04,web,0,50
LEAD_0006386,CUS_001593,PRJ_0009,2024-08-19,web,4,64
LEAD_0006387,CUS_004810,PRJ_0007,2024-11-25,web,2,61
LEAD_0006388,CUS_004924,PRJ_0002,2024-10-31,agency,3,74
LEAD_0006389,CUS_004360,PRJ_0014,2024-01-09,agency,3,62
LEAD_0006390,CUS_002445,PRJ_0026,2023-07-06,web,2,59
LEAD_0006391,CUS_006445,PRJ_0021,2021-08-16,web,3,66
LEAD_0006392,CUS_002471,PRJ_0003,2025-04-12,web,1,77
LEAD_0006393,CUS_000739,PRJ_0002,2024-08-29,walk_in,1,46
LEAD_0006394,CUS_005933,PRJ_0001,2025-01-30,campaign,1,78
LEAD_0006395,CUS_003556,PRJ_0006,2025-12-30,referral,5,67
LEAD_0006396,CUS_000521,PRJ_0020,2025-11-11,web,3,41
LEAD_0006397,CUS_000480,PRJ_0004,2022-04-13,campaign,3,69
LEAD_0006398,CUS_001106,PRJ_0020,2025-04-11,referral,4,81
LEAD_0006399,CUS_004802,PRJ_0003,2024-07-20,referral,3,70
LEAD_0006400,CUS_002695,PRJ_0024,2025-06-29,agency,1,80
LEAD_0006401,CUS_001481,PRJ_0004,2025-11-02,agency,3,63
LEAD_0006402,CUS_002885,PRJ_0024,2022-11-05,web,0,63
LEAD_0006403,CUS_004084,PRJ_0011,2023-05-27,agency,3,73
LEAD_0006404,CUS_005907,PRJ_0021,2021-09-22,web,1,46
LEAD_0006405,CUS_005415,PRJ_0019,2021-01-14,walk_in,1,69
LEAD_0006406,CUS_004116,PRJ_0009,2025-03-02,agency,1,64
LEAD_0006407,CUS_000674,PRJ_0027,2025-06-14,agency,2,68
LEAD_0006408,CUS_003721,PRJ_0018,2021-08-17,walk_in,4,69
LEAD_0006409,CUS_005437,PRJ_0001,2021-09-20,agency,2,72
LEAD_0006410,CUS_004662,PRJ_0019,2021-09-21,agency,1,69
LEAD_0006411,CUS_002563,PRJ_0006,2022-08-17,agency,4,92
LEAD_0006412,CUS_000431,PRJ_0016,2025-08-18,agency,4,77
LEAD_0006413,CUS_006381,PRJ_0005,2023-02-23,agency,2,66
LEAD_0006414,CUS_003431,PRJ_0010,2024-02-21,web,1,65
LEAD_0006415,CUS_001281,PRJ_0016,2022-06-13,agency,2,86
LEAD_0006416,CUS_004456,PRJ_0003,2021-04-18,referral,3,58
LEAD_0006417,CUS_004217,PRJ_0019,2023-03-26,web,2,71
LEAD_0006418,CUS_005545,PRJ_0003,2023-04-22,web,1,65
LEAD_0006419,CUS_001035,PRJ_0028,2023-02-22,web,2,58
LEAD_0006420,CUS_000108,PRJ_0027,2022-02-26,web,0,61
LEAD_0006421,CUS_004928,PRJ_0006,2022-12-03,web,1,67
LEAD_0006422,CUS_001721,PRJ_0017,2021-02-27,walk_in,1,65
LEAD_0006423,CUS_003655,PRJ_0017,2025-01-27,campaign,2,54
LEAD_0006424,CUS_001388,PRJ_0012,2023-09-09,web,2,38
LEAD_0006425,CUS_002127,PRJ_0011,2025-03-28,campaign,5,77
LEAD_0006426,CUS_005607,PRJ_0010,2025-03-14,agency,3,82
LEAD_0006427,CUS_000203,PRJ_0013,2024-06-08,referral,3,75
LEAD_0006428,CUS_002562,PRJ_0007,2023-02-17,campaign,1,45
LEAD_0006429,CUS_002227,PRJ_0012,2021-12-30,web,4,71
LEAD_0006430,CUS_006164,PRJ_0012,2023-03-26,agency,3,68
LEAD_0006431,CUS_005507,PRJ_0001,2023-11-12,agency,2,72
LEAD_0006432,CUS_004953,PRJ_0024,2023-03-17,campaign,2,83
LEAD_0006433,CUS_002531,PRJ_0002,2024-11-11,agency,1,65
LEAD_0006434,CUS_005606,PRJ_0020,2025-06-28,agency,2,58
LEAD_0006435,CUS_001448,PRJ_0006,2025-05-22,referral,3,66
LEAD_0006436,CUS_005445,PRJ_0002,2023-04-14,referral,1,52
LEAD_0006437,CUS_003945,PRJ_0024,2025-05-25,agency,4,58
LEAD_0006438,CUS_001027,PRJ_0021,2023-06-06,web,0,48
LEAD_0006439,CUS_001146,PRJ_0009,2022-09-27,agency,4,82
LEAD_0006440,CUS_000320,PRJ_0017,2025-03-21,referral,1,56
LEAD_0006441,CUS_006255,PRJ_0027,2024-06-13,agency,2,71
LEAD_0006442,CUS_003808,PRJ_0015,2023-02-25,agency,0,63
LEAD_0006443,CUS_000677,PRJ_0019,2022-08-05,campaign,2,87
LEAD_0006444,CUS_000468,PRJ_0010,2021-08-10,web,1,52
LEAD_0006445,CUS_000944,PRJ_0004,2022-04-21,web,1,54
LEAD_0006446,CUS_003712,PRJ_0028,2021-05-03,agency,2,58
LEAD_0006447,CUS_000089,PRJ_0027,2022-12-30,web,0,56
LEAD_0006448,CUS_001536,PRJ_0009,2022-11-13,agency,3,74
LEAD_0006449,CUS_006191,PRJ_0010,2023-03-24,agency,2,71
LEAD_0006450,CUS_006164,PRJ_0026,2024-01-02,web,3,55
LEAD_0006451,CUS_005382,PRJ_0021,2024-05-23,agency,3,61
LEAD_0006452,CUS_002898,PRJ_0003,2023-04-22,referral,2,56
LEAD_0006453,CUS_002408,PRJ_0014,2025-02-01,web,2,66
LEAD_0006454,CUS_004079,PRJ_0005,2022-04-13,web,4,59
LEAD_0006455,CUS_000725,PRJ_0010,2021-02-07,referral,2,49
LEAD_0006456,CUS_003879,PRJ_0016,2022-04-04,walk_in,1,56
LEAD_0006457,CUS_000675,PRJ_0026,2021-04-16,walk_in,1,64
LEAD_0006458,CUS_006001,PRJ_0005,2024-08-26,web,1,64
LEAD_0006459,CUS_001358,PRJ_0018,2023-03-09,referral,1,69
LEAD_0006460,CUS_005346,PRJ_0025,2023-06-19,web,0,77
LEAD_0006461,CUS_000506,PRJ_0017,2021-02-07,web,0,72
LEAD_0006462,CUS_005149,PRJ_0016,2022-02-28,agency,2,61
LEAD_0006463,CUS_006156,PRJ_0022,2022-06-03,web,1,63
LEAD_0006464,CUS_002084,PRJ_0019,2023-08-05,campaign,6,94
LEAD_0006465,CUS_001149,PRJ_0001,2023-01-23,agency,1,64
LEAD_0006466,CUS_002267,PRJ_0019,2023-03-25,campaign,1,48
LEAD_0006467,CUS_003465,PRJ_0008,2022-01-21,web,5,82
LEAD_0006468,CUS_002444,PRJ_0017,2022-08-29,agency,1,71
LEAD_0006469,CUS_000927,PRJ_0005,2022-09-01,walk_in,3,54
LEAD_0006470,CUS_002413,PRJ_0017,2023-03-10,agency,1,82
LEAD_0006471,CUS_005101,PRJ_0021,2025-06-19,campaign,1,75
LEAD_0006472,CUS_005734,PRJ_0027,2025-05-18,campaign,1,50
LEAD_0006473,CUS_006036,PRJ_0015,2025-11-09,agency,1,55
LEAD_0006474,CUS_003150,PRJ_0016,2025-06-26,agency,4,79
LEAD_0006475,CUS_002862,PRJ_0025,2023-11-14,referral,2,90
LEAD_0006476,CUS_004326,PRJ_0015,2023-03-05,agency,0,55
LEAD_0006477,CUS_003503,PRJ_0015,2022-01-22,web,5,80
LEAD_0006478,CUS_001471,PRJ_0004,2024-08-24,agency,1,72
LEAD_0006479,CUS_006074,PRJ_0022,2024-06-19,agency,3,64
LEAD_0006480,CUS_006415,PRJ_0015,2023-01-10,referral,1,69
LEAD_0006481,CUS_003696,PRJ_0007,2025-12-17,web,2,59
LEAD_0006482,CUS_006250,PRJ_0017,2021-02-22,referral,1,73
LEAD_0006483,CUS_001869,PRJ_0012,2024-05-10,walk_in,2,63
LEAD_0006484,CUS_003926,PRJ_0010,2022-02-04,web,1,47
LEAD_0006485,CUS_005288,PRJ_0014,2025-03-02,walk_in,1,69
LEAD_0006486,CUS_005985,PRJ_0017,2024-02-26,campaign,2,74
LEAD_0006487,CUS_003841,PRJ_0023,2024-09-20,web,1,65
LEAD_0006488,CUS_005423,PRJ_0023,2022-04-22,agency,2,52
LEAD_0006489,CUS_003607,PRJ_0010,2023-11-27,web,0,71
LEAD_0006490,CUS_000607,PRJ_0021,2024-03-14,web,0,54
LEAD_0006491,CUS_004615,PRJ_0007,2024-08-04,campaign,3,42
LEAD_0006492,CUS_006305,PRJ_0025,2024-05-15,campaign,0,52
LEAD_0006493,CUS_003357,PRJ_0007,2022-04-20,referral,2,75
LEAD_0006494,CUS_001959,PRJ_0018,2024-05-10,agency,2,88
LEAD_0006495,CUS_000195,PRJ_0017,2025-06-09,referral,2,82
LEAD_0006496,CUS_001331,PRJ_0003,2025-11-05,agency,3,87
LEAD_0006497,CUS_002787,PRJ_0024,2022-10-27,web,2,44
LEAD_0006498,CUS_006439,PRJ_0017,2023-01-18,agency,4,79
LEAD_0006499,CUS_002597,PRJ_0027,2022-08-20,walk_in,1,83
LEAD_0006500,CUS_000666,PRJ_0006,2024-11-21,web,2,70
LEAD_0006501,CUS_005780,PRJ_0007,2023-03-08,campaign,4,64
LEAD_0006502,CUS_004170,PRJ_0013,2021-03-25,web,0,50
LEAD_0006503,CUS_004858,PRJ_0026,2024-09-10,web,3,65
LEAD_0006504,CUS_006062,PRJ_0026,2025-05-31,agency,1,77
LEAD_0006505,CUS_006282,PRJ_0023,2024-06-15,campaign,2,68
LEAD_0006506,CUS_006443,PRJ_0003,2021-03-18,web,0,53
LEAD_0006507,CUS_004970,PRJ_0027,2021-09-24,referral,1,60
LEAD_0006508,CUS_005679,PRJ_0022,2022-04-15,web,2,58
LEAD_0006509,CUS_003346,PRJ_0009,2023-01-17,web,2,81
LEAD_0006510,CUS_005853,PRJ_0010,2025-04-23,agency,2,81
LEAD_0006511,CUS_006307,PRJ_0027,2024-10-22,walk_in,1,67
LEAD_0006512,CUS_003114,PRJ_0021,2023-03-31,web,4,59
LEAD_0006513,CUS_001832,PRJ_0012,2024-01-31,web,2,58
LEAD_0006514,CUS_006218,PRJ_0006,2025-01-15,campaign,0,64
LEAD_0006515,CUS_005226,PRJ_0011,2024-10-02,web,3,57
LEAD_0006516,CUS_001263,PRJ_0003,2024-08-28,web,2,64
LEAD_0006517,CUS_001309,PRJ_0017,2021-06-29,agency,3,56
LEAD_0006518,CUS_001659,PRJ_0022,2024-09-12,web,2,74
LEAD_0006519,CUS_005117,PRJ_0010,2025-06-22,agency,4,88
LEAD_0006520,CUS_001369,PRJ_0018,2021-03-10,web,2,56
LEAD_0006521,CUS_002361,PRJ_0025,2022-06-11,web,1,53
LEAD_0006522,CUS_004519,PRJ_0027,2025-08-11,web,1,46
LEAD_0006523,CUS_001896,PRJ_0004,2022-12-02,campaign,1,55
LEAD_0006524,CUS_000223,PRJ_0011,2022-11-12,web,1,40
LEAD_0006525,CUS_005624,PRJ_0003,2023-12-21,walk_in,0,42
LEAD_0006526,CUS_001462,PRJ_0013,2023-08-11,web,4,62
LEAD_0006527,CUS_005863,PRJ_0020,2025-02-19,web,1,60
LEAD_0006528,CUS_002939,PRJ_0019,2021-02-21,walk_in,4,70
LEAD_0006529,CUS_002739,PRJ_0014,2024-06-10,referral,3,78
LEAD_0006530,CUS_002370,PRJ_0005,2023-01-01,web,3,64
LEAD_0006531,CUS_000205,PRJ_0027,2023-04-11,web,3,50
LEAD_0006532,CUS_000025,PRJ_0001,2023-06-19,referral,2,61
LEAD_0006533,CUS_003888,PRJ_0025,2024-12-31,walk_in,3,50
LEAD_0006534,CUS_001503,PRJ_0023,2023-10-25,web,1,57
LEAD_0006535,CUS_002164,PRJ_0028,2022-03-27,walk_in,2,71
LEAD_0006536,CUS_000348,PRJ_0014,2022-08-10,referral,3,64
LEAD_0006537,CUS_004409,PRJ_0004,2025-03-13,agency,3,46
LEAD_0006538,CUS_001515,PRJ_0027,2022-12-24,referral,2,76
LEAD_0006539,CUS_000188,PRJ_0001,2024-08-27,referral,0,55
LEAD_0006540,CUS_003341,PRJ_0004,2024-02-17,agency,4,78
LEAD_0006541,CUS_001894,PRJ_0013,2022-06-08,agency,2,63
LEAD_0006542,CUS_002351,PRJ_0006,2021-12-09,agency,1,64
LEAD_0006543,CUS_004599,PRJ_0004,2024-06-11,web,1,66
LEAD_0006544,CUS_005363,PRJ_0002,2023-08-06,campaign,3,58
LEAD_0006545,CUS_004994,PRJ_0020,2024-09-16,campaign,7,50
LEAD_0006546,CUS_002460,PRJ_0027,2024-08-14,web,5,70
LEAD_0006547,CUS_000818,PRJ_0024,2022-10-05,referral,2,67
LEAD_0006548,CUS_002597,PRJ_0024,2025-12-26,web,5,70
LEAD_0006549,CUS_001204,PRJ_0014,2025-08-15,web,0,51
LEAD_0006550,CUS_002048,PRJ_0028,2023-03-30,agency,6,96
LEAD_0006551,CUS_006322,PRJ_0004,2022-10-06,walk_in,1,58
LEAD_0006552,CUS_001018,PRJ_0027,2023-03-09,web,0,36
LEAD_0006553,CUS_000734,PRJ_0028,2021-09-12,web,0,62
LEAD_0006554,CUS_001313,PRJ_0006,2023-12-31,agency,0,74
LEAD_0006555,CUS_002444,PRJ_0004,2025-08-28,campaign,4,59
LEAD_0006556,CUS_006027,PRJ_0025,2021-12-21,walk_in,5,70
LEAD_0006557,CUS_003137,PRJ_0020,2024-07-27,referral,3,85
LEAD_0006558,CUS_003305,PRJ_0022,2024-01-12,web,1,43
LEAD_0006559,CUS_000967,PRJ_0017,2021-11-05,referral,1,66
LEAD_0006560,CUS_005930,PRJ_0009,2023-07-05,campaign,1,49
LEAD_0006561,CUS_005341,PRJ_0010,2025-11-28,web,3,52
LEAD_0006562,CUS_003894,PRJ_0014,2022-07-09,campaign,1,80
LEAD_0006563,CUS_001395,PRJ_0027,2025-10-08,web,1,45
LEAD_0006564,CUS_002240,PRJ_0016,2023-07-02,referral,3,56
LEAD_0006565,CUS_003698,PRJ_0010,2025-07-26,walk_in,0,53
LEAD_0006566,CUS_006430,PRJ_0008,2025-10-09,campaign,1,29
LEAD_0006567,CUS_003893,PRJ_0006,2022-10-19,web,1,44
LEAD_0006568,CUS_000438,PRJ_0009,2024-08-24,campaign,1,82
LEAD_0006569,CUS_000631,PRJ_0026,2024-04-11,web,2,78
LEAD_0006570,CUS_006009,PRJ_0023,2023-11-05,walk_in,0,84
LEAD_0006571,CUS_004611,PRJ_0023,2022-03-03,referral,1,63
LEAD_0006572,CUS_002724,PRJ_0010,2023-11-12,campaign,3,48
LEAD_0006573,CUS_006268,PRJ_0020,2021-07-06,web,2,53
LEAD_0006574,CUS_005146,PRJ_0011,2024-09-08,campaign,4,65
LEAD_0006575,CUS_002963,PRJ_0018,2025-09-04,web,6,68
LEAD_0006576,CUS_005225,PRJ_0027,2022-06-26,agency,2,70
LEAD_0006577,CUS_000106,PRJ_0002,2023-02-13,campaign,3,61
LEAD_0006578,CUS_001995,PRJ_0025,2022-06-06,referral,1,60
LEAD_0006579,CUS_004922,PRJ_0002,2023-01-12,campaign,6,91
LEAD_0006580,CUS_000514,PRJ_0005,2022-11-06,walk_in,3,65
LEAD_0006581,CUS_000589,PRJ_0014,2025-11-23,referral,4,98
LEAD_0006582,CUS_005123,PRJ_0004,2021-02-08,campaign,1,80
LEAD_0006583,CUS_004523,PRJ_0026,2024-05-26,referral,0,79
LEAD_0006584,CUS_004783,PRJ_0008,2024-11-04,agency,1,63
LEAD_0006585,CUS_006243,PRJ_0002,2021-10-22,campaign,3,66
LEAD_0006586,CUS_001727,PRJ_0020,2023-08-25,agency,2,73
LEAD_0006587,CUS_000148,PRJ_0013,2022-08-20,web,0,65
LEAD_0006588,CUS_005503,PRJ_0010,2022-01-22,web,3,59
LEAD_0006589,CUS_003320,PRJ_0020,2022-11-20,web,3,61
LEAD_0006590,CUS_003594,PRJ_0013,2021-09-28,web,5,57
LEAD_0006591,CUS_005266,PRJ_0015,2024-11-10,agency,1,74
LEAD_0006592,CUS_004964,PRJ_0001,2021-01-28,campaign,0,55
LEAD_0006593,CUS_004522,PRJ_0001,2024-10-24,web,1,67
LEAD_0006594,CUS_003089,PRJ_0013,2021-05-24,walk_in,2,57
LEAD_0006595,CUS_002616,PRJ_0001,2023-03-20,web,1,55
LEAD_0006596,CUS_000600,PRJ_0008,2022-04-23,agency,2,50
LEAD_0006597,CUS_006026,PRJ_0017,2024-03-10,agency,3,52
LEAD_0006598,CUS_000558,PRJ_0010,2025-10-27,campaign,1,78
LEAD_0006599,CUS_005549,PRJ_0014,2022-01-06,web,0,62
LEAD_0006600,CUS_004376,PRJ_0002,2024-03-30,referral,4,76
LEAD_0006601,CUS_002266,PRJ_0014,2023-06-20,web,1,55
LEAD_0006602,CUS_006494,PRJ_0014,2024-11-24,referral,2,62
LEAD_0006603,CUS_002904,PRJ_0007,2023-10-03,referral,1,85
LEAD_0006604,CUS_005039,PRJ_0018,2023-05-10,web,1,51
LEAD_0006605,CUS_002648,PRJ_0010,2025-01-26,web,3,58
LEAD_0006606,CUS_002994,PRJ_0012,2025-10-11,referral,2,88
LEAD_0006607,CUS_005960,PRJ_0015,2025-09-30,campaign,4,57
LEAD_0006608,CUS_005693,PRJ_0003,2021-07-17,agency,4,68
LEAD_0006609,CUS_002867,PRJ_0025,2025-07-22,agency,3,53
LEAD_0006610,CUS_003158,PRJ_0011,2024-03-07,campaign,1,54
LEAD_0006611,CUS_000351,PRJ_0008,2025-09-07,walk_in,1,57
LEAD_0006612,CUS_003691,PRJ_0009,2024-07-25,referral,1,68
LEAD_0006613,CUS_006299,PRJ_0008,2021-12-26,referral,1,57
LEAD_0006614,CUS_002172,PRJ_0012,2024-09-20,walk_in,2,42
LEAD_0006615,CUS_002249,PRJ_0017,2021-09-18,web,6,67
LEAD_0006616,CUS_004412,PRJ_0022,2023-05-24,agency,1,63
LEAD_0006617,CUS_003066,PRJ_0016,2021-10-25,campaign,1,72
LEAD_0006618,CUS_003704,PRJ_0027,2024-07-21,web,1,54
LEAD_0006619,CUS_002011,PRJ_0010,2022-12-02,web,1,48
LEAD_0006620,CUS_006113,PRJ_0018,2025-12-19,agency,4,75
LEAD_0006621,CUS_002455,PRJ_0006,2024-07-29,campaign,4,61
LEAD_0006622,CUS_002574,PRJ_0012,2025-09-22,agency,3,63
LEAD_0006623,CUS_006447,PRJ_0019,2025-11-30,web,3,77
LEAD_0006624,CUS_003203,PRJ_0014,2025-03-10,referral,4,78
LEAD_0006625,CUS_004791,PRJ_0004,2024-04-08,web,1,68
LEAD_0006626,CUS_001126,PRJ_0025,2024-01-14,web,2,61
LEAD_0006627,CUS_001828,PRJ_0012,2023-08-12,web,4,58
LEAD_0006628,CUS_005018,PRJ_0024,2022-05-02,walk_in,2,44
LEAD_0006629,CUS_001770,PRJ_0019,2024-10-23,campaign,3,82
LEAD_0006630,CUS_006391,PRJ_0024,2022-06-29,web,4,45
LEAD_0006631,CUS_000571,PRJ_0022,2022-07-30,referral,2,70
LEAD_0006632,CUS_006359,PRJ_0027,2024-06-22,web,0,55
LEAD_0006633,CUS_004428,PRJ_0014,2023-10-01,referral,2,72
LEAD_0006634,CUS_003104,PRJ_0025,2025-01-17,web,1,75
LEAD_0006635,CUS_001046,PRJ_0004,2023-01-07,web,6,67
LEAD_0006636,CUS_003442,PRJ_0011,2024-01-26,campaign,1,59
LEAD_0006637,CUS_002507,PRJ_0028,2022-04-13,web,2,74
LEAD_0006638,CUS_001948,PRJ_0017,2024-08-01,campaign,3,49
LEAD_0006639,CUS_003792,PRJ_0025,2023-07-01,web,3,71
LEAD_0006640,CUS_006310,PRJ_0013,2021-02-06,campaign,1,60
LEAD_0006641,CUS_004541,PRJ_0026,2024-12-07,web,2,49
LEAD_0006642,CUS_000751,PRJ_0016,2021-10-28,referral,2,63
LEAD_0006643,CUS_006316,PRJ_0023,2022-04-04,walk_in,0,65
LEAD_0006644,CUS_005057,PRJ_0016,2024-11-09,web,1,66
LEAD_0006645,CUS_005034,PRJ_0007,2022-02-14,web,5,52
LEAD_0006646,CUS_003641,PRJ_0024,2022-08-28,agency,2,66
LEAD_0006647,CUS_000425,PRJ_0011,2022-06-19,referral,2,59
LEAD_0006648,CUS_004195,PRJ_0024,2021-11-18,web,5,95
LEAD_0006649,CUS_004000,PRJ_0008,2022-05-28,web,4,58
LEAD_0006650,CUS_004111,PRJ_0013,2022-05-06,campaign,1,42
LEAD_0006651,CUS_002447,PRJ_0006,2025-07-11,campaign,3,60
LEAD_0006652,CUS_002837,PRJ_0015,2023-10-25,web,0,48
LEAD_0006653,CUS_003613,PRJ_0012,2021-09-08,walk_in,4,55
LEAD_0006654,CUS_003383,PRJ_0016,2025-02-12,web,3,70
LEAD_0006655,CUS_005309,PRJ_0016,2023-06-17,web,2,73
LEAD_0006656,CUS_004534,PRJ_0020,2024-02-03,campaign,1,63
LEAD_0006657,CUS_003263,PRJ_0018,2022-06-14,referral,3,91
LEAD_0006658,CUS_006182,PRJ_0015,2023-10-22,web,3,61
LEAD_0006659,CUS_001166,PRJ_0024,2024-03-28,web,0,53
LEAD_0006660,CUS_002655,PRJ_0022,2022-09-22,campaign,0,64
LEAD_0006661,CUS_001830,PRJ_0024,2025-04-19,web,2,71
LEAD_0006662,CUS_002898,PRJ_0010,2025-01-13,walk_in,2,59
LEAD_0006663,CUS_001143,PRJ_0012,2024-09-21,web,5,63
LEAD_0006664,CUS_001142,PRJ_0018,2021-10-09,web,0,40
LEAD_0006665,CUS_004099,PRJ_0001,2022-10-21,agency,5,67
LEAD_0006666,CUS_004377,PRJ_0027,2021-02-05,agency,2,64
LEAD_0006667,CUS_003164,PRJ_0006,2022-12-23,agency,1,79
LEAD_0006668,CUS_005969,PRJ_0011,2022-12-18,agency,1,81
LEAD_0006669,CUS_003067,PRJ_0010,2021-11-15,referral,1,67
LEAD_0006670,CUS_003461,PRJ_0004,2023-11-24,web,1,80
LEAD_0006671,CUS_001443,PRJ_0024,2022-06-06,web,3,46
LEAD_0006672,CUS_001558,PRJ_0021,2025-12-04,campaign,1,59
LEAD_0006673,CUS_003380,PRJ_0001,2022-06-19,agency,1,77
LEAD_0006674,CUS_003010,PRJ_0021,2022-08-30,web,2,35
LEAD_0006675,CUS_001880,PRJ_0012,2021-08-22,web,1,53
LEAD_0006676,CUS_003083,PRJ_0015,2024-09-07,agency,4,71
LEAD_0006677,CUS_001696,PRJ_0005,2023-12-24,agency,2,47
LEAD_0006678,CUS_001543,PRJ_0006,2022-04-26,walk_in,2,49
LEAD_0006679,CUS_002273,PRJ_0015,2022-07-30,web,0,76
LEAD_0006680,CUS_003623,PRJ_0010,2022-01-04,web,2,53
LEAD_0006681,CUS_004041,PRJ_0022,2021-12-17,agency,1,98
LEAD_0006682,CUS_004007,PRJ_0024,2022-04-09,walk_in,2,52
LEAD_0006683,CUS_003627,PRJ_0011,2025-05-17,campaign,1,58
LEAD_0006684,CUS_001655,PRJ_0021,2021-02-01,campaign,3,70
LEAD_0006685,CUS_003253,PRJ_0017,2021-08-28,walk_in,1,79
LEAD_0006686,CUS_002949,PRJ_0010,2021-09-06,referral,4,84
LEAD_0006687,CUS_005687,PRJ_0004,2024-03-02,web,2,69
LEAD_0006688,CUS_004232,PRJ_0007,2025-05-30,web,0,42
LEAD_0006689,CUS_002875,PRJ_0028,2022-06-27,agency,1,68
LEAD_0006690,CUS_005902,PRJ_0006,2023-01-14,web,5,72
LEAD_0006691,CUS_004556,PRJ_0023,2021-11-04,agency,2,45
LEAD_0006692,CUS_000582,PRJ_0011,2022-02-13,agency,1,76
LEAD_0006693,CUS_000148,PRJ_0027,2023-05-02,web,0,76
LEAD_0006694,CUS_005835,PRJ_0008,2025-05-17,agency,6,92
LEAD_0006695,CUS_003328,PRJ_0008,2025-01-10,campaign,4,67
LEAD_0006696,CUS_000869,PRJ_0014,2024-01-22,referral,1,66
LEAD_0006697,CUS_000861,PRJ_0010,2023-10-08,referral,2,73
LEAD_0006698,CUS_003208,PRJ_0005,2024-03-29,campaign,3,69
LEAD_0006699,CUS_002552,PRJ_0017,2023-01-18,referral,3,76
LEAD_0006700,CUS_005723,PRJ_0014,2022-12-01,campaign,3,68
LEAD_0006701,CUS_003469,PRJ_0001,2023-10-23,campaign,3,55
LEAD_0006702,CUS_005981,PRJ_0016,2021-04-14,web,2,66
LEAD_0006703,CUS_001252,PRJ_0019,2025-07-11,campaign,1,75
LEAD_0006704,CUS_005140,PRJ_0001,2023-11-18,web,1,72
LEAD_0006705,CUS_000454,PRJ_0015,2023-10-31,campaign,1,65
LEAD_0006706,CUS_000609,PRJ_0012,2023-02-11,web,4,62
LEAD_0006707,CUS_001004,PRJ_0004,2025-05-12,referral,1,61
LEAD_0006708,CUS_002045,PRJ_0024,2021-06-14,web,1,62
LEAD_0006709,CUS_002493,PRJ_0020,2023-08-28,agency,1,76
LEAD_0006710,CUS_001256,PRJ_0009,2022-08-13,walk_in,2,65
LEAD_0006711,CUS_000371,PRJ_0012,2022-02-15,agency,2,50
LEAD_0006712,CUS_003386,PRJ_0025,2025-02-16,agency,2,66
LEAD_0006713,CUS_000579,PRJ_0025,2024-10-05,agency,0,52
LEAD_0006714,CUS_002541,PRJ_0002,2024-05-24,referral,1,68
LEAD_0006715,CUS_002009,PRJ_0008,2021-11-04,agency,4,68
LEAD_0006716,CUS_005971,PRJ_0020,2024-07-25,campaign,0,48
LEAD_0006717,CUS_000743,PRJ_0007,2022-09-10,web,1,41
LEAD_0006718,CUS_001554,PRJ_0014,2024-02-25,walk_in,5,91
LEAD_0006719,CUS_006133,PRJ_0012,2023-08-26,agency,3,63
LEAD_0006720,CUS_005511,PRJ_0021,2022-06-04,agency,0,53
LEAD_0006721,CUS_005431,PRJ_0008,2023-01-21,campaign,0,61
LEAD_0006722,CUS_002327,PRJ_0015,2023-01-09,web,6,81
LEAD_0006723,CUS_002647,PRJ_0003,2023-07-25,walk_in,0,55
LEAD_0006724,CUS_005664,PRJ_0006,2025-01-26,campaign,0,44
LEAD_0006725,CUS_001033,PRJ_0001,2023-06-09,web,1,46
LEAD_0006726,CUS_001676,PRJ_0024,2025-09-16,web,1,65
LEAD_0006727,CUS_001000,PRJ_0028,2023-03-28,web,5,57
LEAD_0006728,CUS_002720,PRJ_0026,2025-01-25,campaign,5,54
LEAD_0006729,CUS_000904,PRJ_0022,2023-02-20,agency,0,54
LEAD_0006730,CUS_002500,PRJ_0021,2023-11-25,web,1,38
LEAD_0006731,CUS_002548,PRJ_0016,2022-07-08,walk_in,0,45
LEAD_0006732,CUS_004953,PRJ_0011,2025-09-28,agency,4,97
LEAD_0006733,CUS_001832,PRJ_0013,2023-03-11,web,4,62
LEAD_0006734,CUS_004035,PRJ_0006,2022-03-24,agency,1,65
LEAD_0006735,CUS_003754,PRJ_0006,2023-11-12,walk_in,3,75
LEAD_0006736,CUS_006127,PRJ_0003,2024-05-12,web,1,52
LEAD_0006737,CUS_002178,PRJ_0009,2024-09-29,campaign,1,70
LEAD_0006738,CUS_001036,PRJ_0022,2021-07-16,agency,1,56
LEAD_0006739,CUS_000641,PRJ_0004,2021-09-23,web,0,53
LEAD_0006740,CUS_006500,PRJ_0007,2022-05-02,agency,3,56
LEAD_0006741,CUS_002038,PRJ_0004,2023-08-25,agency,3,65
LEAD_0006742,CUS_000585,PRJ_0018,2022-12-17,campaign,2,62
LEAD_0006743,CUS_001012,PRJ_0016,2025-12-07,referral,3,64
LEAD_0006744,CUS_003480,PRJ_0023,2025-08-22,campaign,1,62
LEAD_0006745,CUS_003441,PRJ_0018,2021-08-20,agency,2,70
LEAD_0006746,CUS_001348,PRJ_0014,2021-03-06,web,0,52
LEAD_0006747,CUS_003435,PRJ_0026,2024-12-17,agency,0,86
LEAD_0006748,CUS_003127,PRJ_0018,2024-10-12,agency,1,65
LEAD_0006749,CUS_000972,PRJ_0005,2024-09-04,web,4,82
LEAD_0006750,CUS_004963,PRJ_0008,2024-12-23,web,1,71
LEAD_0006751,CUS_000474,PRJ_0010,2025-01-12,web,1,44
LEAD_0006752,CUS_003113,PRJ_0012,2023-02-22,campaign,1,63
LEAD_0006753,CUS_004198,PRJ_0001,2022-09-02,campaign,3,63
LEAD_0006754,CUS_005566,PRJ_0013,2025-08-20,referral,1,41
LEAD_0006755,CUS_001551,PRJ_0007,2025-02-25,campaign,0,41
LEAD_0006756,CUS_004588,PRJ_0016,2021-06-09,campaign,1,45
LEAD_0006757,CUS_003609,PRJ_0023,2022-10-10,agency,0,52
LEAD_0006758,CUS_003324,PRJ_0016,2021-01-07,campaign,0,50
LEAD_0006759,CUS_004799,PRJ_0011,2022-08-09,agency,4,67
LEAD_0006760,CUS_006129,PRJ_0013,2024-07-08,agency,5,94
LEAD_0006761,CUS_003657,PRJ_0002,2022-04-08,referral,1,46
LEAD_0006762,CUS_005259,PRJ_0001,2021-07-31,web,5,72
LEAD_0006763,CUS_004906,PRJ_0009,2021-10-04,web,1,51
LEAD_0006764,CUS_006179,PRJ_0015,2021-08-22,agency,4,60
LEAD_0006765,CUS_004863,PRJ_0023,2022-07-25,referral,2,65
LEAD_0006766,CUS_003513,PRJ_0013,2024-01-17,web,2,63
LEAD_0006767,CUS_003440,PRJ_0020,2021-01-11,web,3,59
LEAD_0006768,CUS_006076,PRJ_0019,2024-12-16,agency,3,73
LEAD_0006769,CUS_000323,PRJ_0019,2021-03-11,walk_in,3,66
LEAD_0006770,CUS_000929,PRJ_0006,2025-06-03,web,4,48
LEAD_0006771,CUS_002538,PRJ_0017,2025-06-15,web,4,72
LEAD_0006772,CUS_006104,PRJ_0028,2023-01-22,referral,4,77
LEAD_0006773,CUS_006208,PRJ_0018,2023-01-12,referral,2,73
LEAD_0006774,CUS_003311,PRJ_0027,2022-11-03,campaign,1,53
LEAD_0006775,CUS_004627,PRJ_0024,2023-02-02,web,1,61
LEAD_0006776,CUS_000031,PRJ_0021,2022-04-08,agency,2,64
LEAD_0006777,CUS_001217,PRJ_0011,2024-02-02,walk_in,3,44
LEAD_0006778,CUS_005269,PRJ_0010,2025-01-10,walk_in,3,75
LEAD_0006779,CUS_004490,PRJ_0027,2022-02-01,web,1,58
LEAD_0006780,CUS_005804,PRJ_0016,2023-05-25,web,0,65
LEAD_0006781,CUS_005526,PRJ_0011,2025-02-15,agency,1,66
LEAD_0006782,CUS_003632,PRJ_0015,2022-12-07,web,1,58
LEAD_0006783,CUS_006247,PRJ_0010,2022-12-30,agency,3,64
LEAD_0006784,CUS_002899,PRJ_0021,2024-03-04,referral,1,82
LEAD_0006785,CUS_004002,PRJ_0015,2022-12-23,agency,4,68
LEAD_0006786,CUS_005712,PRJ_0013,2024-10-19,web,2,59
LEAD_0006787,CUS_005033,PRJ_0003,2024-12-29,web,3,52
LEAD_0006788,CUS_000334,PRJ_0014,2022-03-21,walk_in,2,61
LEAD_0006789,CUS_006303,PRJ_0025,2024-12-23,campaign,0,30
LEAD_0006790,CUS_005514,PRJ_0022,2022-05-04,agency,1,45
LEAD_0006791,CUS_004615,PRJ_0013,2023-08-26,web,4,66
LEAD_0006792,CUS_004600,PRJ_0012,2025-01-21,walk_in,3,89
LEAD_0006793,CUS_001079,PRJ_0001,2025-07-10,web,4,75
LEAD_0006794,CUS_003915,PRJ_0022,2023-11-25,web,2,69
LEAD_0006795,CUS_000251,PRJ_0023,2021-07-10,walk_in,1,66
LEAD_0006796,CUS_003813,PRJ_0020,2024-02-03,web,2,63
LEAD_0006797,CUS_003658,PRJ_0007,2024-06-13,web,3,65
LEAD_0006798,CUS_001791,PRJ_0017,2025-03-06,agency,1,77
LEAD_0006799,CUS_001222,PRJ_0018,2021-01-23,campaign,3,76
LEAD_0006800,CUS_001285,PRJ_0011,2023-08-27,referral,1,70
LEAD_0006801,CUS_004082,PRJ_0026,2023-03-09,campaign,1,55
LEAD_0006802,CUS_003788,PRJ_0022,2024-10-26,agency,3,83
LEAD_0006803,CUS_001762,PRJ_0009,2022-04-21,web,3,78
LEAD_0006804,CUS_002291,PRJ_0019,2025-10-04,web,3,58
LEAD_0006805,CUS_003218,PRJ_0004,2023-08-07,agency,2,74
LEAD_0006806,CUS_001675,PRJ_0023,2022-04-12,web,5,57
LEAD_0006807,CUS_003983,PRJ_0005,2022-02-27,agency,4,79
LEAD_0006808,CUS_003735,PRJ_0011,2023-11-07,walk_in,3,87
LEAD_0006809,CUS_002893,PRJ_0026,2022-06-20,web,1,53
LEAD_0006810,CUS_003526,PRJ_0008,2022-07-18,agency,3,52
LEAD_0006811,CUS_004423,PRJ_0013,2025-05-06,web,2,53
LEAD_0006812,CUS_002114,PRJ_0001,2022-04-03,web,1,47
LEAD_0006813,CUS_002199,PRJ_0004,2021-06-30,walk_in,2,63
LEAD_0006814,CUS_004163,PRJ_0016,2021-10-24,campaign,3,91
LEAD_0006815,CUS_003361,PRJ_0021,2025-01-23,web,2,70
LEAD_0006816,CUS_000312,PRJ_0022,2024-02-03,web,3,64
LEAD_0006817,CUS_006127,PRJ_0022,2025-06-05,web,0,30
LEAD_0006818,CUS_005925,PRJ_0019,2025-12-15,agency,1,87
LEAD_0006819,CUS_003641,PRJ_0028,2024-10-11,walk_in,2,53
LEAD_0006820,CUS_000910,PRJ_0020,2023-01-12,web,3,70
LEAD_0006821,CUS_006411,PRJ_0023,2023-02-07,referral,2,81
LEAD_0006822,CUS_005728,PRJ_0009,2022-01-01,web,1,71
LEAD_0006823,CUS_003823,PRJ_0009,2024-08-20,walk_in,1,56
LEAD_0006824,CUS_002963,PRJ_0028,2021-01-16,walk_in,0,54
LEAD_0006825,CUS_004580,PRJ_0006,2025-12-06,referral,3,67
LEAD_0006826,CUS_005001,PRJ_0001,2025-12-08,web,3,58
LEAD_0006827,CUS_003523,PRJ_0013,2024-02-21,campaign,3,72
LEAD_0006828,CUS_004167,PRJ_0003,2023-11-19,agency,2,63
LEAD_0006829,CUS_004237,PRJ_0007,2022-06-01,web,1,50
LEAD_0006830,CUS_003520,PRJ_0022,2023-09-14,walk_in,4,80
LEAD_0006831,CUS_003867,PRJ_0014,2023-02-24,walk_in,1,41
LEAD_0006832,CUS_005643,PRJ_0008,2021-02-22,web,2,40
LEAD_0006833,CUS_001418,PRJ_0007,2024-09-27,web,0,58
LEAD_0006834,CUS_001097,PRJ_0005,2021-06-14,campaign,4,55
LEAD_0006835,CUS_001550,PRJ_0015,2021-11-04,web,4,72
LEAD_0006836,CUS_006420,PRJ_0010,2022-12-17,referral,2,80
LEAD_0006837,CUS_005387,PRJ_0016,2025-01-16,referral,2,64
LEAD_0006838,CUS_005307,PRJ_0001,2025-11-18,web,1,57
LEAD_0006839,CUS_004971,PRJ_0018,2024-03-30,agency,2,100
LEAD_0006840,CUS_006050,PRJ_0017,2024-06-23,web,1,60
LEAD_0006841,CUS_003610,PRJ_0027,2022-07-10,walk_in,1,97
LEAD_0006842,CUS_006295,PRJ_0013,2021-02-12,web,0,54
LEAD_0006843,CUS_000047,PRJ_0007,2022-11-09,agency,2,71
LEAD_0006844,CUS_001274,PRJ_0006,2025-09-30,walk_in,1,72
LEAD_0006845,CUS_004536,PRJ_0011,2022-06-09,agency,4,76
LEAD_0006846,CUS_006319,PRJ_0022,2025-10-07,walk_in,4,69
LEAD_0006847,CUS_001670,PRJ_0003,2024-07-12,campaign,2,67
LEAD_0006848,CUS_003719,PRJ_0021,2021-03-10,web,2,64
LEAD_0006849,CUS_000699,PRJ_0013,2024-11-13,web,1,60
LEAD_0006850,CUS_003886,PRJ_0020,2023-02-21,referral,2,71
LEAD_0006851,CUS_005299,PRJ_0018,2021-05-25,referral,2,51
LEAD_0006852,CUS_001847,PRJ_0027,2025-09-06,walk_in,2,59
LEAD_0006853,CUS_003859,PRJ_0027,2025-05-09,referral,4,64
LEAD_0006854,CUS_001240,PRJ_0009,2025-05-15,campaign,1,51
LEAD_0006855,CUS_002424,PRJ_0015,2024-11-13,web,3,71
LEAD_0006856,CUS_001127,PRJ_0009,2024-04-14,agency,6,85
LEAD_0006857,CUS_002109,PRJ_0021,2024-05-22,campaign,2,55
LEAD_0006858,CUS_000207,PRJ_0022,2024-09-08,referral,3,83
LEAD_0006859,CUS_000624,PRJ_0008,2023-05-14,referral,2,71
LEAD_0006860,CUS_002368,PRJ_0006,2024-04-30,agency,1,63
LEAD_0006861,CUS_000428,PRJ_0001,2022-03-06,web,1,34
LEAD_0006862,CUS_005326,PRJ_0027,2021-02-06,referral,1,61
LEAD_0006863,CUS_000094,PRJ_0002,2024-05-19,referral,2,61
LEAD_0006864,CUS_004797,PRJ_0007,2024-02-03,web,3,61
LEAD_0006865,CUS_002886,PRJ_0021,2023-04-13,walk_in,2,64
LEAD_0006866,CUS_000209,PRJ_0005,2025-08-27,web,0,51
LEAD_0006867,CUS_000677,PRJ_0015,2024-05-17,referral,1,71
LEAD_0006868,CUS_005273,PRJ_0012,2022-01-07,web,1,62
LEAD_0006869,CUS_005975,PRJ_0022,2021-08-04,walk_in,2,50
LEAD_0006870,CUS_003623,PRJ_0001,2023-06-22,campaign,0,44
LEAD_0006871,CUS_000690,PRJ_0026,2023-05-07,web,4,59
LEAD_0006872,CUS_001917,PRJ_0019,2021-12-03,referral,3,48
LEAD_0006873,CUS_001711,PRJ_0010,2022-03-24,referral,0,66
LEAD_0006874,CUS_003228,PRJ_0022,2025-12-12,campaign,2,62
LEAD_0006875,CUS_001636,PRJ_0009,2021-07-28,web,2,51
LEAD_0006876,CUS_000124,PRJ_0011,2025-11-01,web,1,84
LEAD_0006877,CUS_002061,PRJ_0025,2021-09-19,campaign,1,55
LEAD_0006878,CUS_002877,PRJ_0010,2024-06-09,web,2,57
LEAD_0006879,CUS_004964,PRJ_0023,2023-12-04,campaign,2,44
LEAD_0006880,CUS_001880,PRJ_0020,2021-02-02,campaign,3,60
LEAD_0006881,CUS_000930,PRJ_0024,2023-12-03,web,3,65
LEAD_0006882,CUS_003990,PRJ_0015,2023-07-23,campaign,1,57
LEAD_0006883,CUS_005350,PRJ_0003,2025-05-05,web,2,68
LEAD_0006884,CUS_005189,PRJ_0014,2023-07-21,agency,5,88
LEAD_0006885,CUS_001917,PRJ_0021,2023-02-07,web,3,75
LEAD_0006886,CUS_003470,PRJ_0013,2022-04-04,web,0,62
LEAD_0006887,CUS_001470,PRJ_0018,2021-03-09,web,1,66
LEAD_0006888,CUS_004053,PRJ_0025,2022-11-08,campaign,1,65
LEAD_0006889,CUS_006143,PRJ_0027,2022-09-29,agency,0,59
LEAD_0006890,CUS_006363,PRJ_0001,2024-06-24,web,4,46
LEAD_0006891,CUS_000415,PRJ_0015,2022-09-16,campaign,3,70
LEAD_0006892,CUS_004758,PRJ_0016,2021-01-08,agency,4,83
LEAD_0006893,CUS_004861,PRJ_0006,2023-05-30,web,1,81
LEAD_0006894,CUS_001287,PRJ_0014,2023-09-14,campaign,3,74
LEAD_0006895,CUS_004473,PRJ_0026,2023-09-18,web,5,73
LEAD_0006896,CUS_006262,PRJ_0008,2021-09-19,web,1,62
LEAD_0006897,CUS_002679,PRJ_0018,2023-06-08,web,3,56
LEAD_0006898,CUS_001623,PRJ_0008,2021-03-31,walk_in,1,54
LEAD_0006899,CUS_003845,PRJ_0023,2024-02-14,agency,2,62
LEAD_0006900,CUS_003193,PRJ_0013,2024-01-04,walk_in,2,58
LEAD_0006901,CUS_001840,PRJ_0027,2024-03-29,walk_in,3,54
LEAD_0006902,CUS_005380,PRJ_0001,2022-06-10,web,4,80
LEAD_0006903,CUS_004081,PRJ_0025,2022-07-03,web,5,50
LEAD_0006904,CUS_003370,PRJ_0013,2021-08-07,agency,3,60
LEAD_0006905,CUS_002815,PRJ_0028,2023-08-17,referral,2,81
LEAD_0006906,CUS_005235,PRJ_0025,2021-09-23,web,3,54
LEAD_0006907,CUS_003093,PRJ_0008,2024-05-26,web,1,44
LEAD_0006908,CUS_004039,PRJ_0022,2021-11-24,web,2,57
LEAD_0006909,CUS_002067,PRJ_0004,2025-09-03,web,3,39
LEAD_0006910,CUS_005141,PRJ_0008,2021-01-18,web,0,56
LEAD_0006911,CUS_001458,PRJ_0018,2021-07-06,web,2,63
LEAD_0006912,CUS_002302,PRJ_0002,2021-07-03,agency,0,54
LEAD_0006913,CUS_001488,PRJ_0024,2023-11-20,web,2,54
LEAD_0006914,CUS_006352,PRJ_0012,2021-07-11,campaign,1,63
LEAD_0006915,CUS_002548,PRJ_0009,2025-01-30,walk_in,1,51
LEAD_0006916,CUS_003000,PRJ_0009,2022-12-20,web,1,62
LEAD_0006917,CUS_006050,PRJ_0007,2023-07-04,walk_in,1,69
LEAD_0006918,CUS_003387,PRJ_0003,2022-01-16,web,2,54
LEAD_0006919,CUS_003809,PRJ_0009,2025-10-12,web,1,76
LEAD_0006920,CUS_002988,PRJ_0008,2025-04-05,referral,1,100
LEAD_0006921,CUS_001436,PRJ_0024,2021-05-03,web,1,26
LEAD_0006922,CUS_000714,PRJ_0028,2022-10-04,referral,3,77
LEAD_0006923,CUS_004744,PRJ_0014,2021-03-23,web,4,63
LEAD_0006924,CUS_000755,PRJ_0028,2024-06-13,agency,0,61
LEAD_0006925,CUS_002814,PRJ_0028,2021-05-20,walk_in,1,65
LEAD_0006926,CUS_000314,PRJ_0007,2021-01-20,walk_in,4,64
LEAD_0006927,CUS_002684,PRJ_0024,2023-01-14,campaign,3,65
LEAD_0006928,CUS_004982,PRJ_0008,2021-04-15,agency,2,58
LEAD_0006929,CUS_002479,PRJ_0025,2023-08-06,campaign,1,66
LEAD_0006930,CUS_001125,PRJ_0025,2023-04-10,web,3,64
LEAD_0006931,CUS_004741,PRJ_0016,2022-12-25,agency,4,64
LEAD_0006932,CUS_005134,PRJ_0022,2025-04-12,web,1,55
LEAD_0006933,CUS_006280,PRJ_0026,2022-04-07,agency,0,45
LEAD_0006934,CUS_005969,PRJ_0022,2024-03-17,campaign,0,75
LEAD_0006935,CUS_004683,PRJ_0003,2022-03-04,web,1,54
LEAD_0006936,CUS_001444,PRJ_0016,2022-10-29,web,2,55
LEAD_0006937,CUS_005228,PRJ_0001,2023-10-01,campaign,0,73
LEAD_0006938,CUS_001028,PRJ_0014,2023-10-21,agency,0,97
LEAD_0006939,CUS_001662,PRJ_0021,2023-07-10,campaign,1,95
LEAD_0006940,CUS_005621,PRJ_0003,2025-04-01,web,3,63
LEAD_0006941,CUS_001655,PRJ_0003,2023-08-10,web,3,77
LEAD_0006942,CUS_006367,PRJ_0026,2023-08-28,referral,1,70
LEAD_0006943,CUS_003197,PRJ_0013,2024-06-01,agency,2,83
LEAD_0006944,CUS_005457,PRJ_0025,2023-12-17,agency,2,70
LEAD_0006945,CUS_001891,PRJ_0016,2025-08-11,web,2,47
LEAD_0006946,CUS_002257,PRJ_0011,2025-07-26,agency,1,42
LEAD_0006947,CUS_004506,PRJ_0003,2025-03-09,web,0,67
LEAD_0006948,CUS_003446,PRJ_0006,2025-09-07,campaign,4,45
LEAD_0006949,CUS_001795,PRJ_0027,2021-07-23,web,1,62
LEAD_0006950,CUS_001946,PRJ_0013,2021-10-08,web,0,47
LEAD_0006951,CUS_001566,PRJ_0009,2022-05-21,walk_in,1,57
LEAD_0006952,CUS_003529,PRJ_0028,2024-11-23,campaign,1,87
LEAD_0006953,CUS_001253,PRJ_0021,2024-12-22,referral,4,57
LEAD_0006954,CUS_002808,PRJ_0013,2022-09-15,agency,4,70
LEAD_0006955,CUS_003883,PRJ_0012,2023-02-21,agency,2,52
LEAD_0006956,CUS_005458,PRJ_0025,2022-06-03,agency,6,74
LEAD_0006957,CUS_001083,PRJ_0001,2023-06-21,web,1,92
LEAD_0006958,CUS_006085,PRJ_0017,2021-03-15,web,1,66
LEAD_0006959,CUS_006070,PRJ_0016,2022-10-06,campaign,2,69
LEAD_0006960,CUS_002186,PRJ_0015,2025-05-26,web,3,51
LEAD_0006961,CUS_004171,PRJ_0002,2022-12-02,walk_in,4,44
LEAD_0006962,CUS_006344,PRJ_0021,2023-01-31,campaign,0,59
LEAD_0006963,CUS_005119,PRJ_0001,2024-02-29,web,1,49
LEAD_0006964,CUS_005560,PRJ_0027,2025-06-03,referral,2,64
LEAD_0006965,CUS_006338,PRJ_0005,2025-08-09,web,3,66
LEAD_0006966,CUS_005278,PRJ_0022,2022-04-21,agency,2,72
LEAD_0006967,CUS_005289,PRJ_0020,2021-05-28,web,1,62
LEAD_0006968,CUS_006298,PRJ_0027,2024-10-17,agency,2,56
LEAD_0006969,CUS_004491,PRJ_0014,2022-10-07,agency,4,77
LEAD_0006970,CUS_001534,PRJ_0012,2021-06-23,web,0,41
LEAD_0006971,CUS_001757,PRJ_0022,2025-04-24,web,2,56
LEAD_0006972,CUS_003501,PRJ_0003,2024-10-18,walk_in,0,42
LEAD_0006973,CUS_006363,PRJ_0018,2021-05-11,agency,4,71
LEAD_0006974,CUS_006326,PRJ_0004,2024-11-22,referral,2,78
LEAD_0006975,CUS_004557,PRJ_0002,2024-06-19,referral,0,58
LEAD_0006976,CUS_003695,PRJ_0006,2021-10-25,campaign,1,40
LEAD_0006977,CUS_000134,PRJ_0018,2023-05-12,campaign,1,63
LEAD_0006978,CUS_000067,PRJ_0022,2023-07-04,agency,0,63
LEAD_0006979,CUS_001075,PRJ_0003,2022-06-18,agency,2,62
LEAD_0006980,CUS_005170,PRJ_0009,2023-10-11,web,1,60
LEAD_0006981,CUS_006267,PRJ_0003,2024-11-22,campaign,3,82
LEAD_0006982,CUS_006007,PRJ_0007,2023-05-24,agency,2,67
LEAD_0006983,CUS_005694,PRJ_0001,2023-01-15,referral,5,78
LEAD_0006984,CUS_003408,PRJ_0025,2024-08-28,referral,2,68
LEAD_0006985,CUS_000285,PRJ_0021,2024-12-14,agency,1,59
LEAD_0006986,CUS_005159,PRJ_0025,2021-03-08,web,1,84
LEAD_0006987,CUS_006239,PRJ_0022,2023-02-14,web,2,55
LEAD_0006988,CUS_002286,PRJ_0002,2023-01-01,web,1,73
LEAD_0006989,CUS_005555,PRJ_0024,2024-12-09,web,1,63
LEAD_0006990,CUS_006077,PRJ_0019,2025-10-20,referral,3,59
LEAD_0006991,CUS_006428,PRJ_0013,2023-03-18,referral,1,72
LEAD_0006992,CUS_000038,PRJ_0011,2021-02-11,walk_in,0,86
LEAD_0006993,CUS_005417,PRJ_0012,2022-12-20,referral,1,49
LEAD_0006994,CUS_002554,PRJ_0008,2024-03-27,walk_in,5,74
LEAD_0006995,CUS_003462,PRJ_0022,2024-01-05,referral,2,67
LEAD_0006996,CUS_002978,PRJ_0012,2023-06-28,campaign,1,77
LEAD_0006997,CUS_004133,PRJ_0020,2024-10-29,walk_in,2,60
LEAD_0006998,CUS_004858,PRJ_0017,2023-07-26,agency,1,75
LEAD_0006999,CUS_005064,PRJ_0023,2024-09-10,web,4,80
LEAD_0007000,CUS_001389,PRJ_0025,2021-03-19,agency,4,78
LEAD_0007001,CUS_001352,PRJ_0024,2021-06-25,referral,1,62
LEAD_0007002,CUS_000469,PRJ_0016,2023-04-13,campaign,0,57
LEAD_0007003,CUS_003749,PRJ_0005,2025-05-24,web,5,73
LEAD_0007004,CUS_005680,PRJ_0024,2025-11-24,walk_in,2,54
LEAD_0007005,CUS_005550,PRJ_0004,2024-01-26,campaign,0,76
LEAD_0007006,CUS_001799,PRJ_0005,2024-10-20,campaign,2,53
LEAD_0007007,CUS_003379,PRJ_0013,2022-10-31,agency,1,57
LEAD_0007008,CUS_004242,PRJ_0009,2024-11-29,web,1,63
LEAD_0007009,CUS_005834,PRJ_0017,2025-03-02,web,2,51
LEAD_0007010,CUS_004301,PRJ_0024,2023-02-08,walk_in,3,73
LEAD_0007011,CUS_002522,PRJ_0004,2022-06-30,campaign,2,41
LEAD_0007012,CUS_006288,PRJ_0010,2024-12-23,web,1,37
LEAD_0007013,CUS_002620,PRJ_0009,2021-02-09,agency,1,70
LEAD_0007014,CUS_006186,PRJ_0006,2024-01-11,web,3,68
LEAD_0007015,CUS_000639,PRJ_0021,2025-01-19,referral,4,76
LEAD_0007016,CUS_000182,PRJ_0024,2025-10-19,agency,1,84
LEAD_0007017,CUS_006277,PRJ_0020,2024-04-16,campaign,4,85
LEAD_0007018,CUS_000907,PRJ_0001,2022-02-11,web,3,71
LEAD_0007019,CUS_004910,PRJ_0018,2025-04-22,web,3,60
LEAD_0007020,CUS_001078,PRJ_0020,2023-08-29,agency,1,65
LEAD_0007021,CUS_002199,PRJ_0006,2025-06-17,campaign,3,53
LEAD_0007022,CUS_004925,PRJ_0011,2021-01-24,web,3,74
LEAD_0007023,CUS_001659,PRJ_0001,2024-04-24,referral,1,54
LEAD_0007024,CUS_004263,PRJ_0008,2024-02-03,referral,3,57
LEAD_0007025,CUS_000247,PRJ_0018,2021-09-21,agency,1,81
LEAD_0007026,CUS_001774,PRJ_0028,2025-05-06,referral,3,63
LEAD_0007027,CUS_002415,PRJ_0012,2022-09-22,web,3,69
LEAD_0007028,CUS_003547,PRJ_0016,2021-06-26,walk_in,0,70
LEAD_0007029,CUS_001621,PRJ_0001,2025-07-22,campaign,1,73
LEAD_0007030,CUS_004295,PRJ_0025,2024-11-05,web,1,57
LEAD_0007031,CUS_000938,PRJ_0015,2021-08-30,web,3,47
LEAD_0007032,CUS_002017,PRJ_0014,2024-04-15,agency,6,87
LEAD_0007033,CUS_000446,PRJ_0004,2022-03-20,walk_in,4,38
LEAD_0007034,CUS_004006,PRJ_0023,2022-08-11,web,2,65
LEAD_0007035,CUS_006404,PRJ_0009,2022-10-21,agency,3,81
LEAD_0007036,CUS_001117,PRJ_0008,2024-02-09,campaign,3,50
LEAD_0007037,CUS_003565,PRJ_0018,2024-08-20,web,2,66
LEAD_0007038,CUS_003941,PRJ_0011,2025-08-26,agency,0,60
LEAD_0007039,CUS_000813,PRJ_0021,2025-05-16,web,2,58
LEAD_0007040,CUS_004894,PRJ_0011,2025-06-12,web,2,66
LEAD_0007041,CUS_003794,PRJ_0023,2025-06-12,web,1,59
LEAD_0007042,CUS_004602,PRJ_0010,2022-10-10,web,3,73
LEAD_0007043,CUS_004919,PRJ_0007,2023-03-19,agency,2,59
LEAD_0007044,CUS_000514,PRJ_0015,2021-11-16,web,2,86
LEAD_0007045,CUS_004003,PRJ_0017,2023-10-25,campaign,0,39
LEAD_0007046,CUS_001790,PRJ_0001,2022-12-24,web,1,50
LEAD_0007047,CUS_001674,PRJ_0020,2025-11-08,agency,1,57
LEAD_0007048,CUS_006195,PRJ_0018,2021-03-18,agency,0,44
LEAD_0007049,CUS_004284,PRJ_0016,2023-06-05,web,0,58
LEAD_0007050,CUS_001836,PRJ_0004,2025-02-09,referral,2,54
LEAD_0007051,CUS_001319,PRJ_0022,2024-04-12,agency,1,54
LEAD_0007052,CUS_000619,PRJ_0008,2025-04-27,agency,1,56
LEAD_0007053,CUS_000672,PRJ_0028,2025-10-23,web,3,59
LEAD_0007054,CUS_001758,PRJ_0017,2024-11-07,web,0,56
LEAD_0007055,CUS_003047,PRJ_0015,2023-02-07,web,5,74
LEAD_0007056,CUS_004245,PRJ_0027,2021-12-14,web,0,60
LEAD_0007057,CUS_001930,PRJ_0005,2022-07-04,campaign,1,44
LEAD_0007058,CUS_006407,PRJ_0023,2021-01-11,web,1,71
LEAD_0007059,CUS_001340,PRJ_0026,2021-02-18,campaign,3,66
LEAD_0007060,CUS_005261,PRJ_0008,2024-04-15,agency,3,59
LEAD_0007061,CUS_001091,PRJ_0005,2025-05-25,agency,4,72
LEAD_0007062,CUS_004206,PRJ_0028,2022-10-08,web,2,65
LEAD_0007063,CUS_000686,PRJ_0010,2023-09-05,web,1,53
LEAD_0007064,CUS_003285,PRJ_0002,2025-12-02,campaign,0,59
LEAD_0007065,CUS_003447,PRJ_0025,2025-03-09,campaign,0,52
LEAD_0007066,CUS_000148,PRJ_0001,2025-05-17,agency,3,63
LEAD_0007067,CUS_001147,PRJ_0026,2021-12-14,web,4,55
LEAD_0007068,CUS_002821,PRJ_0006,2024-05-08,web,1,44
LEAD_0007069,CUS_004288,PRJ_0021,2023-04-03,web,4,63
LEAD_0007070,CUS_001814,PRJ_0011,2021-04-02,referral,2,52
LEAD_0007071,CUS_004053,PRJ_0002,2024-08-11,campaign,2,62
LEAD_0007072,CUS_001652,PRJ_0025,2022-04-11,web,3,63
LEAD_0007073,CUS_000674,PRJ_0020,2024-01-27,agency,1,62
LEAD_0007074,CUS_002319,PRJ_0024,2023-02-18,campaign,2,75
LEAD_0007075,CUS_001474,PRJ_0027,2021-09-06,campaign,1,52
LEAD_0007076,CUS_006021,PRJ_0016,2024-01-07,web,2,60
LEAD_0007077,CUS_001800,PRJ_0008,2024-11-25,agency,0,68
LEAD_0007078,CUS_002750,PRJ_0012,2022-06-09,agency,4,72
LEAD_0007079,CUS_004949,PRJ_0026,2023-12-17,agency,1,58
LEAD_0007080,CUS_001644,PRJ_0003,2024-05-21,agency,4,76
LEAD_0007081,CUS_002933,PRJ_0001,2023-06-22,walk_in,0,69
LEAD_0007082,CUS_004072,PRJ_0008,2025-02-26,walk_in,1,61
LEAD_0007083,CUS_005343,PRJ_0018,2024-12-22,web,5,47
LEAD_0007084,CUS_005128,PRJ_0015,2022-01-11,walk_in,5,69
LEAD_0007085,CUS_005255,PRJ_0021,2022-05-09,campaign,3,62
LEAD_0007086,CUS_000754,PRJ_0005,2024-07-19,agency,4,84
LEAD_0007087,CUS_004767,PRJ_0011,2022-05-08,web,1,68
LEAD_0007088,CUS_003343,PRJ_0018,2024-09-13,web,0,84
LEAD_0007089,CUS_003363,PRJ_0001,2023-10-29,web,2,46
LEAD_0007090,CUS_005158,PRJ_0023,2021-04-10,web,3,46
LEAD_0007091,CUS_002770,PRJ_0023,2021-05-09,agency,2,75
LEAD_0007092,CUS_001507,PRJ_0004,2021-03-09,web,0,72
LEAD_0007093,CUS_005903,PRJ_0016,2022-12-19,web,3,56
LEAD_0007094,CUS_003625,PRJ_0016,2023-05-01,agency,2,69
LEAD_0007095,CUS_002867,PRJ_0025,2024-11-12,web,2,53
LEAD_0007096,CUS_000149,PRJ_0013,2025-05-22,referral,0,53
LEAD_0007097,CUS_005099,PRJ_0004,2025-10-04,agency,5,63
LEAD_0007098,CUS_002223,PRJ_0014,2023-07-01,agency,2,74
LEAD_0007099,CUS_005394,PRJ_0006,2024-09-23,web,2,63
LEAD_0007100,CUS_003022,PRJ_0003,2024-07-13,agency,2,51
LEAD_0007101,CUS_005265,PRJ_0022,2022-07-05,agency,2,71
LEAD_0007102,CUS_003393,PRJ_0019,2023-02-26,referral,1,70
LEAD_0007103,CUS_003414,PRJ_0019,2025-01-28,campaign,1,61
LEAD_0007104,CUS_004401,PRJ_0019,2022-09-26,web,3,71
LEAD_0007105,CUS_004957,PRJ_0020,2021-10-27,agency,4,85
LEAD_0007106,CUS_005317,PRJ_0009,2021-10-22,walk_in,2,47
LEAD_0007107,CUS_006218,PRJ_0025,2024-04-27,agency,2,78
LEAD_0007108,CUS_004647,PRJ_0013,2023-12-28,campaign,3,70
LEAD_0007109,CUS_000457,PRJ_0006,2021-10-24,referral,0,52
LEAD_0007110,CUS_000135,PRJ_0024,2023-04-12,campaign,5,59
LEAD_0007111,CUS_001360,PRJ_0019,2024-11-25,campaign,1,56
LEAD_0007112,CUS_001833,PRJ_0012,2024-10-31,web,0,57
LEAD_0007113,CUS_003682,PRJ_0012,2023-01-01,agency,2,99
LEAD_0007114,CUS_005799,PRJ_0028,2024-10-02,referral,3,79
LEAD_0007115,CUS_002283,PRJ_0004,2024-07-11,web,2,51
LEAD_0007116,CUS_005090,PRJ_0027,2025-05-27,web,4,66
LEAD_0007117,CUS_002336,PRJ_0002,2024-02-27,referral,2,52
LEAD_0007118,CUS_006063,PRJ_0027,2023-02-27,referral,1,64
LEAD_0007119,CUS_003810,PRJ_0013,2022-04-07,web,2,62
LEAD_0007120,CUS_002468,PRJ_0001,2025-06-21,agency,3,55
LEAD_0007121,CUS_005763,PRJ_0025,2023-08-15,agency,0,81
LEAD_0007122,CUS_005500,PRJ_0025,2024-09-25,agency,2,71
LEAD_0007123,CUS_001755,PRJ_0008,2021-12-21,agency,2,61
LEAD_0007124,CUS_003738,PRJ_0017,2023-09-17,web,4,62
LEAD_0007125,CUS_003885,PRJ_0007,2022-02-02,referral,4,61
LEAD_0007126,CUS_003392,PRJ_0002,2023-05-31,agency,1,61
LEAD_0007127,CUS_003395,PRJ_0001,2021-07-12,web,2,49
LEAD_0007128,CUS_006310,PRJ_0017,2023-08-08,walk_in,5,73
LEAD_0007129,CUS_004157,PRJ_0007,2023-02-23,referral,3,79
LEAD_0007130,CUS_003113,PRJ_0022,2024-04-22,web,4,68
LEAD_0007131,CUS_005587,PRJ_0011,2022-01-27,walk_in,1,59
LEAD_0007132,CUS_003654,PRJ_0013,2024-07-02,campaign,5,64
LEAD_0007133,CUS_005980,PRJ_0013,2025-08-21,agency,5,72
LEAD_0007134,CUS_004698,PRJ_0022,2024-05-29,referral,2,65
LEAD_0007135,CUS_001920,PRJ_0017,2023-11-23,agency,1,63
LEAD_0007136,CUS_004520,PRJ_0024,2023-06-06,agency,4,79
LEAD_0007137,CUS_004722,PRJ_0013,2024-06-28,referral,1,61
LEAD_0007138,CUS_001559,PRJ_0013,2025-12-10,web,0,49
LEAD_0007139,CUS_003297,PRJ_0009,2024-05-22,web,2,57
LEAD_0007140,CUS_001815,PRJ_0016,2021-08-20,campaign,3,84
LEAD_0007141,CUS_003961,PRJ_0027,2021-03-31,web,3,78
LEAD_0007142,CUS_000275,PRJ_0021,2021-06-13,agency,2,65
LEAD_0007143,CUS_000806,PRJ_0028,2021-01-07,web,0,45
LEAD_0007144,CUS_002826,PRJ_0001,2024-10-04,web,0,60
LEAD_0007145,CUS_004271,PRJ_0012,2022-12-19,campaign,1,74
LEAD_0007146,CUS_003857,PRJ_0023,2022-03-02,web,2,67
LEAD_0007147,CUS_004079,PRJ_0019,2024-02-11,agency,2,60
LEAD_0007148,CUS_002403,PRJ_0003,2025-06-11,referral,5,64
LEAD_0007149,CUS_000955,PRJ_0017,2021-03-17,campaign,1,59
LEAD_0007150,CUS_003651,PRJ_0020,2022-01-28,agency,4,74
LEAD_0007151,CUS_002961,PRJ_0002,2022-01-06,web,4,62
LEAD_0007152,CUS_000524,PRJ_0009,2021-04-08,agency,0,80
LEAD_0007153,CUS_002614,PRJ_0028,2021-08-13,agency,1,59
LEAD_0007154,CUS_003129,PRJ_0027,2022-08-24,referral,1,51
LEAD_0007155,CUS_002870,PRJ_0022,2023-07-16,campaign,3,57
LEAD_0007156,CUS_003983,PRJ_0028,2022-05-14,walk_in,0,54
LEAD_0007157,CUS_000605,PRJ_0008,2025-10-07,web,1,46
LEAD_0007158,CUS_004569,PRJ_0005,2021-08-18,web,6,57
LEAD_0007159,CUS_002116,PRJ_0024,2024-12-12,web,2,52
LEAD_0007160,CUS_003921,PRJ_0017,2024-01-06,web,3,65
LEAD_0007161,CUS_004816,PRJ_0026,2021-03-18,referral,1,60
LEAD_0007162,CUS_002370,PRJ_0001,2021-08-18,web,1,48
LEAD_0007163,CUS_005364,PRJ_0009,2023-01-12,web,1,61
LEAD_0007164,CUS_005771,PRJ_0027,2024-07-22,referral,0,75
LEAD_0007165,CUS_002506,PRJ_0026,2025-06-06,agency,2,49
LEAD_0007166,CUS_005397,PRJ_0028,2021-05-11,campaign,2,70
LEAD_0007167,CUS_002845,PRJ_0001,2024-05-12,web,0,82
LEAD_0007168,CUS_006457,PRJ_0013,2023-01-04,web,0,63
LEAD_0007169,CUS_004699,PRJ_0018,2025-07-03,referral,2,75
LEAD_0007170,CUS_000061,PRJ_0010,2023-11-03,web,1,48
LEAD_0007171,CUS_001304,PRJ_0024,2023-12-19,web,3,54
LEAD_0007172,CUS_000395,PRJ_0018,2025-04-22,web,3,59
LEAD_0007173,CUS_005584,PRJ_0003,2022-04-30,referral,0,58
LEAD_0007174,CUS_004323,PRJ_0022,2024-01-04,agency,0,68
LEAD_0007175,CUS_005679,PRJ_0020,2022-02-11,referral,2,68
LEAD_0007176,CUS_003594,PRJ_0027,2025-03-11,agency,2,63
LEAD_0007177,CUS_001185,PRJ_0026,2025-07-04,campaign,1,62
LEAD_0007178,CUS_001963,PRJ_0012,2022-12-19,agency,1,55
LEAD_0007179,CUS_001592,PRJ_0002,2025-09-02,web,3,63
LEAD_0007180,CUS_000436,PRJ_0012,2025-11-09,web,3,56
LEAD_0007181,CUS_002735,PRJ_0013,2022-01-16,agency,2,61
LEAD_0007182,CUS_000374,PRJ_0015,2024-01-17,agency,2,93
LEAD_0007183,CUS_001906,PRJ_0017,2022-05-05,campaign,2,61
LEAD_0007184,CUS_005001,PRJ_0006,2022-03-22,agency,3,79
LEAD_0007185,CUS_006266,PRJ_0025,2023-01-14,agency,1,61
LEAD_0007186,CUS_002977,PRJ_0001,2022-09-20,web,4,63
LEAD_0007187,CUS_005188,PRJ_0020,2023-05-08,referral,2,76
LEAD_0007188,CUS_003655,PRJ_0025,2021-07-31,web,3,59
LEAD_0007189,CUS_003663,PRJ_0002,2023-01-08,referral,2,49
LEAD_0007190,CUS_001901,PRJ_0013,2021-04-07,web,3,75
LEAD_0007191,CUS_005896,PRJ_0009,2024-09-12,agency,2,81
LEAD_0007192,CUS_001392,PRJ_0020,2022-09-06,web,3,70
LEAD_0007193,CUS_005611,PRJ_0022,2022-12-14,agency,2,45
LEAD_0007194,CUS_004347,PRJ_0022,2022-05-26,walk_in,1,70
LEAD_0007195,CUS_005678,PRJ_0010,2022-01-28,web,2,61
LEAD_0007196,CUS_000714,PRJ_0012,2022-09-28,web,0,38
LEAD_0007197,CUS_003087,PRJ_0028,2021-03-09,agency,1,62
LEAD_0007198,CUS_006195,PRJ_0011,2024-04-21,campaign,4,73
LEAD_0007199,CUS_001832,PRJ_0023,2023-09-28,campaign,1,67
LEAD_0007200,CUS_002086,PRJ_0028,2022-10-10,campaign,3,97
LEAD_0007201,CUS_004861,PRJ_0005,2022-06-13,referral,2,61
LEAD_0007202,CUS_005548,PRJ_0023,2025-01-09,web,3,71
LEAD_0007203,CUS_002350,PRJ_0005,2022-01-04,agency,4,85
LEAD_0007204,CUS_003411,PRJ_0022,2021-01-26,agency,2,79
LEAD_0007205,CUS_005169,PRJ_0011,2021-10-07,web,1,57
LEAD_0007206,CUS_005510,PRJ_0004,2023-08-23,web,0,50
LEAD_0007207,CUS_004767,PRJ_0022,2025-05-19,web,0,72
LEAD_0007208,CUS_005281,PRJ_0007,2024-03-30,referral,3,83
LEAD_0007209,CUS_001666,PRJ_0025,2021-05-11,web,4,47
LEAD_0007210,CUS_005521,PRJ_0027,2024-11-18,walk_in,0,53
LEAD_0007211,CUS_002497,PRJ_0026,2022-04-22,walk_in,3,55
LEAD_0007212,CUS_001853,PRJ_0013,2023-05-24,campaign,0,51
LEAD_0007213,CUS_001457,PRJ_0014,2024-02-26,campaign,3,64
LEAD_0007214,CUS_001069,PRJ_0002,2023-07-07,web,0,57
LEAD_0007215,CUS_002916,PRJ_0017,2022-09-05,campaign,2,73
LEAD_0007216,CUS_004545,PRJ_0024,2021-06-03,web,1,66
LEAD_0007217,CUS_006493,PRJ_0009,2021-05-21,web,2,71
LEAD_0007218,CUS_001982,PRJ_0002,2024-10-12,agency,4,100
LEAD_0007219,CUS_004279,PRJ_0005,2021-11-19,campaign,8,73
LEAD_0007220,CUS_002037,PRJ_0011,2025-07-09,web,2,60
LEAD_0007221,CUS_001387,PRJ_0021,2021-06-11,web,2,90
LEAD_0007222,CUS_001552,PRJ_0011,2022-05-12,web,5,90
LEAD_0007223,CUS_002508,PRJ_0022,2023-08-29,campaign,0,80
LEAD_0007224,CUS_005015,PRJ_0009,2023-05-08,referral,3,57
LEAD_0007225,CUS_001640,PRJ_0004,2024-04-21,campaign,1,51
LEAD_0007226,CUS_005412,PRJ_0022,2024-12-19,web,4,84
LEAD_0007227,CUS_004443,PRJ_0017,2024-03-20,referral,3,86
LEAD_0007228,CUS_000147,PRJ_0005,2022-01-13,web,3,68
LEAD_0007229,CUS_004453,PRJ_0019,2021-07-08,agency,2,66
LEAD_0007230,CUS_006060,PRJ_0005,2025-07-02,agency,0,58
LEAD_0007231,CUS_001896,PRJ_0019,2023-03-04,walk_in,2,60
LEAD_0007232,CUS_004727,PRJ_0013,2024-07-04,walk_in,2,63
LEAD_0007233,CUS_004965,PRJ_0014,2024-04-12,web,3,83
LEAD_0007234,CUS_001412,PRJ_0027,2023-04-30,agency,0,75
LEAD_0007235,CUS_002895,PRJ_0020,2022-12-04,agency,1,88
LEAD_0007236,CUS_004505,PRJ_0002,2024-04-14,web,2,47
LEAD_0007237,CUS_002295,PRJ_0014,2021-09-27,web,3,66
LEAD_0007238,CUS_003707,PRJ_0023,2024-04-30,web,0,54
LEAD_0007239,CUS_005281,PRJ_0011,2024-07-01,agency,3,79
LEAD_0007240,CUS_005965,PRJ_0027,2023-06-26,walk_in,1,49
LEAD_0007241,CUS_005492,PRJ_0005,2024-09-06,web,3,53
LEAD_0007242,CUS_004499,PRJ_0001,2022-05-29,campaign,1,56
LEAD_0007243,CUS_005535,PRJ_0025,2025-01-31,web,5,82
LEAD_0007244,CUS_002789,PRJ_0007,2021-11-29,agency,3,66
LEAD_0007245,CUS_001127,PRJ_0028,2023-10-27,referral,0,71
LEAD_0007246,CUS_001023,PRJ_0002,2024-07-26,web,1,64
LEAD_0007247,CUS_005613,PRJ_0021,2023-12-13,walk_in,5,58
LEAD_0007248,CUS_005170,PRJ_0016,2021-01-11,web,1,51
LEAD_0007249,CUS_003362,PRJ_0028,2022-01-08,web,2,58
LEAD_0007250,CUS_006313,PRJ_0027,2021-09-22,web,2,52
LEAD_0007251,CUS_004635,PRJ_0022,2021-08-12,walk_in,4,50
LEAD_0007252,CUS_005168,PRJ_0024,2024-09-11,agency,3,63
LEAD_0007253,CUS_002324,PRJ_0017,2025-01-04,web,5,65
LEAD_0007254,CUS_004629,PRJ_0018,2023-06-29,agency,2,52
LEAD_0007255,CUS_005047,PRJ_0017,2024-12-14,walk_in,1,100
LEAD_0007256,CUS_005834,PRJ_0027,2023-05-29,referral,4,52
LEAD_0007257,CUS_001434,PRJ_0002,2021-03-10,web,3,80
LEAD_0007258,CUS_004637,PRJ_0013,2025-04-19,agency,2,77
LEAD_0007259,CUS_002645,PRJ_0001,2024-06-24,agency,0,45
LEAD_0007260,CUS_006299,PRJ_0028,2021-05-08,referral,0,56
LEAD_0007261,CUS_006294,PRJ_0008,2025-02-06,campaign,1,59
LEAD_0007262,CUS_003047,PRJ_0006,2025-09-05,agency,1,63
LEAD_0007263,CUS_002683,PRJ_0027,2023-12-07,agency,2,52
LEAD_0007264,CUS_004764,PRJ_0023,2024-02-05,agency,1,88
LEAD_0007265,CUS_002737,PRJ_0005,2024-08-30,referral,0,49
LEAD_0007266,CUS_003783,PRJ_0002,2022-10-20,web,1,66
LEAD_0007267,CUS_003656,PRJ_0026,2022-06-25,agency,4,61
LEAD_0007268,CUS_000890,PRJ_0001,2021-12-21,web,3,64
LEAD_0007269,CUS_003247,PRJ_0017,2021-01-26,agency,1,78
LEAD_0007270,CUS_001637,PRJ_0014,2022-02-27,referral,0,60
LEAD_0007271,CUS_000065,PRJ_0018,2023-04-13,referral,3,87
LEAD_0007272,CUS_002408,PRJ_0023,2023-05-15,campaign,2,73
LEAD_0007273,CUS_001744,PRJ_0026,2025-11-02,web,0,47
LEAD_0007274,CUS_001562,PRJ_0002,2024-07-06,web,2,47
LEAD_0007275,CUS_003669,PRJ_0017,2023-09-06,agency,2,69
LEAD_0007276,CUS_000567,PRJ_0023,2022-01-30,web,4,92
LEAD_0007277,CUS_001875,PRJ_0028,2022-04-26,walk_in,4,60
LEAD_0007278,CUS_000012,PRJ_0027,2021-10-22,referral,5,66
LEAD_0007279,CUS_005604,PRJ_0001,2022-01-11,referral,1,48
LEAD_0007280,CUS_002544,PRJ_0002,2022-08-03,agency,0,62
LEAD_0007281,CUS_000916,PRJ_0007,2024-02-29,agency,1,76
LEAD_0007282,CUS_001042,PRJ_0003,2023-08-28,web,4,63
LEAD_0007283,CUS_003719,PRJ_0001,2022-10-07,web,1,54
LEAD_0007284,CUS_006393,PRJ_0023,2025-01-31,walk_in,1,61
LEAD_0007285,CUS_001401,PRJ_0013,2024-04-06,referral,0,80
LEAD_0007286,CUS_003120,PRJ_0005,2022-01-17,web,3,59
LEAD_0007287,CUS_005598,PRJ_0022,2022-08-23,walk_in,1,80
LEAD_0007288,CUS_005468,PRJ_0005,2023-12-03,agency,0,83
LEAD_0007289,CUS_001683,PRJ_0016,2025-04-13,agency,0,73
LEAD_0007290,CUS_003184,PRJ_0015,2021-05-05,web,5,70
LEAD_0007291,CUS_006333,PRJ_0018,2024-10-28,web,3,69
LEAD_0007292,CUS_002970,PRJ_0018,2022-03-22,referral,3,55
LEAD_0007293,CUS_000412,PRJ_0015,2023-10-31,referral,1,59
LEAD_0007294,CUS_004727,PRJ_0009,2022-05-22,campaign,2,67
LEAD_0007295,CUS_004105,PRJ_0023,2021-05-12,web,1,62
LEAD_0007296,CUS_005811,PRJ_0015,2021-03-04,agency,1,71
LEAD_0007297,CUS_005686,PRJ_0018,2023-08-03,referral,0,53
LEAD_0007298,CUS_002007,PRJ_0005,2025-03-02,agency,1,57
LEAD_0007299,CUS_006492,PRJ_0015,2024-06-30,walk_in,1,69
LEAD_0007300,CUS_002261,PRJ_0001,2025-09-27,web,2,74
LEAD_0007301,CUS_001725,PRJ_0005,2023-08-06,campaign,2,45
LEAD_0007302,CUS_005187,PRJ_0003,2023-06-15,campaign,3,54
LEAD_0007303,CUS_003641,PRJ_0022,2021-06-04,agency,4,73
LEAD_0007304,CUS_001473,PRJ_0012,2024-04-30,web,3,83
LEAD_0007305,CUS_000876,PRJ_0017,2024-06-22,agency,3,90
LEAD_0007306,CUS_006380,PRJ_0006,2022-09-13,web,1,51
LEAD_0007307,CUS_004618,PRJ_0003,2021-07-07,walk_in,2,41
LEAD_0007308,CUS_004985,PRJ_0018,2023-05-09,referral,5,85
LEAD_0007309,CUS_001850,PRJ_0011,2021-03-24,web,1,58
LEAD_0007310,CUS_002513,PRJ_0016,2025-12-01,campaign,1,50
LEAD_0007311,CUS_000094,PRJ_0021,2025-03-13,campaign,4,66
LEAD_0007312,CUS_000891,PRJ_0017,2024-11-27,referral,1,64
LEAD_0007313,CUS_002478,PRJ_0023,2023-10-15,campaign,4,73
LEAD_0007314,CUS_004764,PRJ_0004,2021-05-17,agency,1,63
LEAD_0007315,CUS_000713,PRJ_0013,2024-11-09,agency,1,66
LEAD_0007316,CUS_002779,PRJ_0026,2021-06-14,web,4,76
LEAD_0007317,CUS_005303,PRJ_0006,2024-02-24,web,2,86
LEAD_0007318,CUS_004122,PRJ_0025,2024-04-06,web,0,73
LEAD_0007319,CUS_002671,PRJ_0015,2022-11-25,campaign,1,67
LEAD_0007320,CUS_000765,PRJ_0011,2022-02-10,walk_in,0,60
LEAD_0007321,CUS_001019,PRJ_0012,2023-05-03,agency,3,84
LEAD_0007322,CUS_000369,PRJ_0013,2025-05-04,referral,2,69
LEAD_0007323,CUS_005224,PRJ_0026,2022-02-02,web,1,56
LEAD_0007324,CUS_001562,PRJ_0013,2021-08-10,walk_in,3,62
LEAD_0007325,CUS_005973,PRJ_0004,2025-11-05,campaign,1,50
LEAD_0007326,CUS_002492,PRJ_0013,2021-11-14,referral,2,59
LEAD_0007327,CUS_001932,PRJ_0023,2022-04-11,agency,1,72
LEAD_0007328,CUS_001479,PRJ_0012,2025-04-21,agency,2,64
LEAD_0007329,CUS_004841,PRJ_0006,2023-08-03,web,1,45
LEAD_0007330,CUS_002004,PRJ_0014,2023-12-27,agency,1,71
LEAD_0007331,CUS_005141,PRJ_0028,2024-04-27,web,2,56
LEAD_0007332,CUS_005302,PRJ_0018,2022-06-30,agency,1,67
LEAD_0007333,CUS_000104,PRJ_0017,2021-10-25,web,1,50
LEAD_0007334,CUS_000546,PRJ_0013,2023-02-18,campaign,2,74
LEAD_0007335,CUS_006293,PRJ_0026,2025-12-02,referral,4,97
LEAD_0007336,CUS_003491,PRJ_0007,2022-01-09,campaign,3,63
LEAD_0007337,CUS_004357,PRJ_0027,2025-11-30,campaign,3,76
LEAD_0007338,CUS_002522,PRJ_0017,2023-01-06,agency,2,69
LEAD_0007339,CUS_003065,PRJ_0014,2022-10-03,web,1,48
LEAD_0007340,CUS_002151,PRJ_0009,2021-07-16,campaign,1,67
LEAD_0007341,CUS_003856,PRJ_0003,2021-04-22,agency,3,74
LEAD_0007342,CUS_003199,PRJ_0003,2021-04-30,web,4,67
LEAD_0007343,CUS_005701,PRJ_0005,2024-12-12,web,0,70
LEAD_0007344,CUS_006112,PRJ_0012,2025-07-07,walk_in,4,60
LEAD_0007345,CUS_003140,PRJ_0009,2024-08-28,walk_in,4,62
LEAD_0007346,CUS_004852,PRJ_0017,2024-08-18,web,5,70
LEAD_0007347,CUS_006096,PRJ_0003,2022-12-10,referral,4,68
LEAD_0007348,CUS_004183,PRJ_0008,2022-04-20,web,6,68
LEAD_0007349,CUS_001761,PRJ_0007,2023-02-08,walk_in,2,56
LEAD_0007350,CUS_006224,PRJ_0028,2022-11-16,walk_in,1,63
LEAD_0007351,CUS_004453,PRJ_0021,2021-04-14,web,2,46
LEAD_0007352,CUS_002363,PRJ_0025,2022-02-07,web,2,82
LEAD_0007353,CUS_006411,PRJ_0023,2021-05-14,web,3,59
LEAD_0007354,CUS_004833,PRJ_0008,2023-09-12,campaign,2,64
LEAD_0007355,CUS_006481,PRJ_0013,2024-10-22,referral,7,72
LEAD_0007356,CUS_001135,PRJ_0026,2023-07-14,walk_in,1,69
LEAD_0007357,CUS_001314,PRJ_0026,2023-11-16,web,4,69
LEAD_0007358,CUS_000409,PRJ_0007,2025-04-16,web,2,76
LEAD_0007359,CUS_000720,PRJ_0027,2024-09-25,walk_in,3,60
LEAD_0007360,CUS_003505,PRJ_0024,2024-09-18,walk_in,0,47
LEAD_0007361,CUS_000587,PRJ_0008,2024-01-23,campaign,1,43
LEAD_0007362,CUS_004929,PRJ_0006,2023-02-07,web,2,55
LEAD_0007363,CUS_004326,PRJ_0003,2021-04-05,walk_in,2,57
LEAD_0007364,CUS_004283,PRJ_0010,2025-10-01,web,0,75
LEAD_0007365,CUS_003083,PRJ_0027,2023-09-30,referral,3,62
LEAD_0007366,CUS_002408,PRJ_0023,2021-07-13,web,3,78
LEAD_0007367,CUS_001988,PRJ_0012,2021-07-21,campaign,1,43
LEAD_0007368,CUS_005942,PRJ_0015,2024-07-12,campaign,4,72
LEAD_0007369,CUS_002803,PRJ_0007,2021-05-12,referral,3,54
LEAD_0007370,CUS_002293,PRJ_0005,2021-04-06,agency,3,65
LEAD_0007371,CUS_001872,PRJ_0013,2024-02-29,campaign,3,49
LEAD_0007372,CUS_002564,PRJ_0026,2024-04-01,web,3,63
LEAD_0007373,CUS_001469,PRJ_0013,2023-08-25,walk_in,5,77
LEAD_0007374,CUS_000970,PRJ_0014,2023-12-07,walk_in,0,51
LEAD_0007375,CUS_001884,PRJ_0021,2025-04-09,web,2,49
LEAD_0007376,CUS_005952,PRJ_0016,2022-06-18,campaign,0,64
LEAD_0007377,CUS_000823,PRJ_0001,2021-10-02,web,4,100
LEAD_0007378,CUS_000562,PRJ_0024,2025-01-03,referral,2,68
LEAD_0007379,CUS_001015,PRJ_0019,2022-09-07,referral,2,71
LEAD_0007380,CUS_004564,PRJ_0011,2021-09-18,agency,1,66
LEAD_0007381,CUS_004625,PRJ_0001,2024-11-18,referral,2,58
LEAD_0007382,CUS_001795,PRJ_0009,2024-02-25,web,4,69
LEAD_0007383,CUS_002526,PRJ_0005,2025-02-27,referral,0,76
LEAD_0007384,CUS_002337,PRJ_0027,2023-05-30,campaign,0,55
LEAD_0007385,CUS_000099,PRJ_0003,2023-09-15,web,4,58
LEAD_0007386,CUS_001558,PRJ_0003,2023-09-06,referral,6,100
LEAD_0007387,CUS_005008,PRJ_0017,2025-11-10,agency,4,71
LEAD_0007388,CUS_002389,PRJ_0016,2022-09-26,web,6,64
LEAD_0007389,CUS_000348,PRJ_0027,2021-05-10,agency,2,76
LEAD_0007390,CUS_002336,PRJ_0012,2021-09-03,web,0,48
LEAD_0007391,CUS_005693,PRJ_0005,2021-11-13,web,0,54
LEAD_0007392,CUS_005217,PRJ_0008,2021-02-12,web,1,44
LEAD_0007393,CUS_005413,PRJ_0012,2021-03-14,walk_in,1,66
LEAD_0007394,CUS_006208,PRJ_0003,2021-07-14,web,2,66
LEAD_0007395,CUS_001593,PRJ_0013,2025-03-26,campaign,3,64
LEAD_0007396,CUS_000624,PRJ_0025,2022-03-09,walk_in,2,67
LEAD_0007397,CUS_001325,PRJ_0009,2025-04-19,referral,2,92
LEAD_0007398,CUS_001158,PRJ_0021,2021-10-13,walk_in,2,80
LEAD_0007399,CUS_000217,PRJ_0005,2025-08-28,campaign,3,79
LEAD_0007400,CUS_005389,PRJ_0014,2025-07-10,referral,2,60
LEAD_0007401,CUS_004668,PRJ_0016,2025-07-02,campaign,5,58
LEAD_0007402,CUS_004936,PRJ_0024,2023-12-21,agency,6,77
LEAD_0007403,CUS_001476,PRJ_0019,2022-09-04,web,3,80
LEAD_0007404,CUS_004022,PRJ_0013,2024-03-29,walk_in,0,57
LEAD_0007405,CUS_006483,PRJ_0004,2022-02-23,web,4,50
LEAD_0007406,CUS_001911,PRJ_0028,2021-07-24,campaign,0,70
LEAD_0007407,CUS_002806,PRJ_0007,2025-04-17,web,6,65
LEAD_0007408,CUS_001447,PRJ_0005,2021-09-21,web,1,53
LEAD_0007409,CUS_006223,PRJ_0023,2022-05-17,referral,4,100
LEAD_0007410,CUS_006130,PRJ_0027,2025-05-02,agency,6,81
LEAD_0007411,CUS_003791,PRJ_0011,2025-01-26,referral,1,50
LEAD_0007412,CUS_001616,PRJ_0026,2024-02-09,agency,3,74
LEAD_0007413,CUS_001375,PRJ_0003,2022-10-06,agency,2,79
LEAD_0007414,CUS_001799,PRJ_0027,2021-04-06,referral,1,71
LEAD_0007415,CUS_004377,PRJ_0017,2025-01-03,campaign,3,58
LEAD_0007416,CUS_002154,PRJ_0003,2021-07-04,web,1,71
LEAD_0007417,CUS_003905,PRJ_0011,2023-03-27,campaign,3,70
LEAD_0007418,CUS_004453,PRJ_0010,2025-11-30,campaign,4,54
LEAD_0007419,CUS_003301,PRJ_0010,2024-01-29,web,1,37
LEAD_0007420,CUS_003619,PRJ_0022,2021-03-01,web,1,55
LEAD_0007421,CUS_002398,PRJ_0009,2021-01-14,web,2,57
LEAD_0007422,CUS_004801,PRJ_0015,2024-11-09,agency,1,68
LEAD_0007423,CUS_003615,PRJ_0028,2023-01-17,campaign,1,75
LEAD_0007424,CUS_003988,PRJ_0023,2022-07-14,web,2,55
LEAD_0007425,CUS_006163,PRJ_0013,2023-07-28,web,3,67
LEAD_0007426,CUS_004863,PRJ_0015,2022-09-10,referral,1,68
LEAD_0007427,CUS_003618,PRJ_0014,2024-10-06,campaign,0,52
LEAD_0007428,CUS_005668,PRJ_0006,2024-05-29,web,5,80
LEAD_0007429,CUS_000410,PRJ_0017,2022-06-21,web,2,68
LEAD_0007430,CUS_003549,PRJ_0007,2025-09-12,campaign,2,58
LEAD_0007431,CUS_006424,PRJ_0026,2025-11-17,campaign,2,41
LEAD_0007432,CUS_001630,PRJ_0026,2023-11-08,web,2,53
LEAD_0007433,CUS_004078,PRJ_0001,2022-05-10,walk_in,2,61
LEAD_0007434,CUS_002620,PRJ_0011,2023-09-13,referral,1,75
LEAD_0007435,CUS_000749,PRJ_0007,2024-09-04,referral,2,85
LEAD_0007436,CUS_001029,PRJ_0013,2024-12-27,walk_in,2,65
LEAD_0007437,CUS_000129,PRJ_0027,2025-03-27,referral,4,75
LEAD_0007438,CUS_006002,PRJ_0023,2024-10-30,campaign,2,63
LEAD_0007439,CUS_001601,PRJ_0018,2024-12-11,web,0,40
LEAD_0007440,CUS_002847,PRJ_0024,2022-11-01,web,0,53
LEAD_0007441,CUS_003534,PRJ_0015,2022-10-16,web,2,70
LEAD_0007442,CUS_005432,PRJ_0010,2023-07-28,campaign,1,72
LEAD_0007443,CUS_004700,PRJ_0017,2025-03-27,referral,0,71
LEAD_0007444,CUS_006117,PRJ_0004,2023-05-14,referral,3,79
LEAD_0007445,CUS_005762,PRJ_0017,2023-11-06,agency,2,82
LEAD_0007446,CUS_002337,PRJ_0004,2022-08-20,campaign,1,43
LEAD_0007447,CUS_001372,PRJ_0017,2021-11-10,web,3,97
LEAD_0007448,CUS_000832,PRJ_0025,2025-06-23,walk_in,2,41
LEAD_0007449,CUS_000886,PRJ_0001,2022-04-09,agency,3,89
LEAD_0007450,CUS_005077,PRJ_0016,2023-08-23,agency,1,51
LEAD_0007451,CUS_000255,PRJ_0018,2025-11-20,referral,2,66
LEAD_0007452,CUS_003853,PRJ_0011,2023-07-21,agency,3,69
LEAD_0007453,CUS_004295,PRJ_0020,2023-02-01,agency,1,81
LEAD_0007454,CUS_004847,PRJ_0012,2022-06-11,web,1,53
LEAD_0007455,CUS_000226,PRJ_0026,2022-06-16,web,1,53
LEAD_0007456,CUS_002485,PRJ_0020,2025-02-25,referral,1,52
LEAD_0007457,CUS_005707,PRJ_0014,2023-05-01,agency,3,66
LEAD_0007458,CUS_000043,PRJ_0008,2022-05-06,campaign,1,47
LEAD_0007459,CUS_005567,PRJ_0020,2024-11-29,web,2,61
LEAD_0007460,CUS_005169,PRJ_0019,2024-03-03,web,4,62
LEAD_0007461,CUS_003968,PRJ_0027,2023-10-13,web,1,73
LEAD_0007462,CUS_006098,PRJ_0013,2022-07-04,campaign,5,63
LEAD_0007463,CUS_000361,PRJ_0021,2021-02-28,agency,1,74
LEAD_0007464,CUS_005677,PRJ_0011,2023-06-19,web,2,55
LEAD_0007465,CUS_000494,PRJ_0017,2024-03-27,web,0,63
LEAD_0007466,CUS_004949,PRJ_0016,2022-07-24,referral,2,69
LEAD_0007467,CUS_004331,PRJ_0003,2023-08-23,walk_in,2,60
LEAD_0007468,CUS_002065,PRJ_0020,2024-08-17,walk_in,0,72
LEAD_0007469,CUS_002805,PRJ_0027,2022-02-07,referral,2,75
LEAD_0007470,CUS_001796,PRJ_0015,2022-07-28,walk_in,3,73
LEAD_0007471,CUS_001512,PRJ_0027,2025-02-12,web,1,60
LEAD_0007472,CUS_002104,PRJ_0021,2023-01-11,campaign,2,51
LEAD_0007473,CUS_003825,PRJ_0012,2024-10-09,walk_in,0,46
LEAD_0007474,CUS_004050,PRJ_0010,2025-01-18,agency,1,63
LEAD_0007475,CUS_002993,PRJ_0024,2021-06-02,agency,1,78
LEAD_0007476,CUS_004798,PRJ_0008,2024-05-15,agency,3,52
LEAD_0007477,CUS_005073,PRJ_0015,2022-09-06,walk_in,1,59
LEAD_0007478,CUS_002859,PRJ_0015,2025-03-09,web,2,72
LEAD_0007479,CUS_000552,PRJ_0014,2021-11-25,web,3,50
LEAD_0007480,CUS_003024,PRJ_0010,2025-06-02,web,2,56
LEAD_0007481,CUS_004359,PRJ_0022,2021-08-02,web,0,43
LEAD_0007482,CUS_003830,PRJ_0026,2025-03-05,walk_in,0,51
LEAD_0007483,CUS_002000,PRJ_0022,2022-05-14,web,2,52
LEAD_0007484,CUS_001477,PRJ_0018,2021-04-20,web,2,44
LEAD_0007485,CUS_006027,PRJ_0013,2022-02-14,web,3,59
LEAD_0007486,CUS_006302,PRJ_0013,2022-03-23,walk_in,4,59
LEAD_0007487,CUS_001291,PRJ_0023,2022-12-18,walk_in,1,59
LEAD_0007488,CUS_001803,PRJ_0024,2022-11-11,web,0,49
LEAD_0007489,CUS_000760,PRJ_0005,2022-07-01,walk_in,1,74
LEAD_0007490,CUS_006368,PRJ_0027,2025-07-24,web,2,43
LEAD_0007491,CUS_001553,PRJ_0018,2024-08-25,campaign,0,42
LEAD_0007492,CUS_000683,PRJ_0013,2022-05-09,campaign,2,54
LEAD_0007493,CUS_000789,PRJ_0008,2022-07-11,referral,0,67
LEAD_0007494,CUS_003715,PRJ_0018,2025-01-03,web,3,62
LEAD_0007495,CUS_001614,PRJ_0017,2021-01-09,web,0,73
LEAD_0007496,CUS_005546,PRJ_0010,2024-09-18,referral,0,41
LEAD_0007497,CUS_005518,PRJ_0013,2023-07-17,agency,0,54
LEAD_0007498,CUS_000703,PRJ_0014,2025-05-04,walk_in,2,48
LEAD_0007499,CUS_005546,PRJ_0009,2025-11-04,referral,2,57
LEAD_0007500,CUS_003913,PRJ_0016,2021-05-12,referral,3,54
LEAD_0007501,CUS_000865,PRJ_0025,2022-11-10,web,0,84
LEAD_0007502,CUS_000785,PRJ_0008,2022-09-25,referral,1,75
LEAD_0007503,CUS_000745,PRJ_0004,2025-03-22,web,3,58
LEAD_0007504,CUS_001349,PRJ_0023,2024-05-13,web,3,75
LEAD_0007505,CUS_001845,PRJ_0028,2025-05-15,agency,2,66
LEAD_0007506,CUS_000850,PRJ_0005,2022-07-22,agency,0,53
LEAD_0007507,CUS_004424,PRJ_0025,2021-09-14,agency,2,68
LEAD_0007508,CUS_002388,PRJ_0024,2024-05-24,web,2,52
LEAD_0007509,CUS_002899,PRJ_0026,2022-04-07,web,2,46
LEAD_0007510,CUS_001686,PRJ_0004,2025-03-11,web,4,58
LEAD_0007511,CUS_003986,PRJ_0028,2024-09-11,agency,1,52
LEAD_0007512,CUS_006012,PRJ_0024,2023-01-27,walk_in,1,52
LEAD_0007513,CUS_005524,PRJ_0010,2021-12-05,referral,3,66
LEAD_0007514,CUS_006362,PRJ_0025,2022-09-08,web,2,51
LEAD_0007515,CUS_003100,PRJ_0018,2023-10-17,web,3,68
LEAD_0007516,CUS_001807,PRJ_0010,2023-05-04,web,0,61
LEAD_0007517,CUS_000382,PRJ_0005,2023-12-13,referral,2,52
LEAD_0007518,CUS_005085,PRJ_0024,2025-09-18,agency,4,89
LEAD_0007519,CUS_002134,PRJ_0002,2025-08-31,web,3,60
LEAD_0007520,CUS_005061,PRJ_0007,2023-11-10,agency,4,67
LEAD_0007521,CUS_005003,PRJ_0013,2022-05-24,referral,1,68
LEAD_0007522,CUS_002172,PRJ_0013,2021-08-29,referral,6,74
LEAD_0007523,CUS_005795,PRJ_0008,2021-04-04,walk_in,3,62
LEAD_0007524,CUS_001475,PRJ_0017,2021-11-12,campaign,2,52
LEAD_0007525,CUS_006212,PRJ_0027,2023-07-10,referral,4,81
LEAD_0007526,CUS_005012,PRJ_0028,2021-05-30,web,3,60
LEAD_0007527,CUS_003206,PRJ_0010,2021-05-31,campaign,4,80
LEAD_0007528,CUS_002019,PRJ_0012,2024-02-16,web,1,61
LEAD_0007529,CUS_002448,PRJ_0014,2021-12-07,web,1,50
LEAD_0007530,CUS_000040,PRJ_0005,2023-01-09,referral,1,71
LEAD_0007531,CUS_004868,PRJ_0019,2022-05-08,agency,3,76
LEAD_0007532,CUS_002154,PRJ_0027,2023-04-08,web,1,71
LEAD_0007533,CUS_003574,PRJ_0027,2025-01-30,web,1,63
LEAD_0007534,CUS_004377,PRJ_0010,2025-02-25,campaign,2,62
LEAD_0007535,CUS_005637,PRJ_0010,2021-01-16,walk_in,4,65
LEAD_0007536,CUS_001893,PRJ_0023,2022-04-28,web,3,50
LEAD_0007537,CUS_004876,PRJ_0010,2024-02-12,web,0,41
LEAD_0007538,CUS_001986,PRJ_0028,2023-06-21,agency,2,64
LEAD_0007539,CUS_000390,PRJ_0017,2025-10-26,agency,2,54
LEAD_0007540,CUS_001113,PRJ_0025,2022-11-07,referral,4,60
LEAD_0007541,CUS_000517,PRJ_0002,2024-02-07,agency,3,78
LEAD_0007542,CUS_001510,PRJ_0007,2023-02-20,web,3,89
LEAD_0007543,CUS_006425,PRJ_0017,2023-09-30,web,4,58
LEAD_0007544,CUS_004688,PRJ_0001,2021-08-06,campaign,4,69
LEAD_0007545,CUS_003780,PRJ_0016,2023-06-22,agency,1,85
LEAD_0007546,CUS_004644,PRJ_0026,2022-09-26,web,4,78
LEAD_0007547,CUS_003974,PRJ_0012,2022-01-15,campaign,1,47
LEAD_0007548,CUS_005635,PRJ_0026,2023-02-23,web,1,59
LEAD_0007549,CUS_003947,PRJ_0026,2024-09-17,web,0,61
LEAD_0007550,CUS_003163,PRJ_0008,2025-12-28,referral,3,57
LEAD_0007551,CUS_000347,PRJ_0025,2025-04-11,web,3,70
LEAD_0007552,CUS_003123,PRJ_0019,2025-11-12,campaign,2,49
LEAD_0007553,CUS_002341,PRJ_0008,2022-06-21,agency,3,72
LEAD_0007554,CUS_003088,PRJ_0002,2024-06-23,agency,3,56
LEAD_0007555,CUS_006492,PRJ_0005,2024-12-15,web,4,71
LEAD_0007556,CUS_001990,PRJ_0017,2022-03-19,web,1,67
LEAD_0007557,CUS_005733,PRJ_0016,2024-02-26,referral,4,94
LEAD_0007558,CUS_006258,PRJ_0021,2021-09-22,agency,1,55
LEAD_0007559,CUS_002935,PRJ_0004,2025-09-25,web,5,44
LEAD_0007560,CUS_000526,PRJ_0008,2025-09-26,web,3,68
LEAD_0007561,CUS_001296,PRJ_0028,2021-10-13,agency,1,51
LEAD_0007562,CUS_004744,PRJ_0006,2024-06-19,referral,4,82
LEAD_0007563,CUS_005474,PRJ_0024,2025-11-17,web,0,61
LEAD_0007564,CUS_003106,PRJ_0011,2021-05-14,web,3,63
LEAD_0007565,CUS_000418,PRJ_0021,2024-12-10,web,2,52
LEAD_0007566,CUS_006009,PRJ_0028,2023-07-10,agency,4,98
LEAD_0007567,CUS_005163,PRJ_0023,2022-09-08,referral,1,64
LEAD_0007568,CUS_000296,PRJ_0003,2022-10-05,web,1,64
LEAD_0007569,CUS_004770,PRJ_0002,2022-10-23,agency,2,72
LEAD_0007570,CUS_004459,PRJ_0008,2021-12-11,agency,0,70
LEAD_0007571,CUS_000932,PRJ_0016,2021-02-21,campaign,2,45
LEAD_0007572,CUS_002849,PRJ_0001,2023-09-30,agency,2,84
LEAD_0007573,CUS_006180,PRJ_0014,2023-06-28,agency,1,79
LEAD_0007574,CUS_000062,PRJ_0014,2024-07-18,agency,2,69
LEAD_0007575,CUS_003594,PRJ_0025,2022-12-31,agency,6,73
LEAD_0007576,CUS_002750,PRJ_0027,2025-06-01,web,2,59
LEAD_0007577,CUS_003589,PRJ_0009,2024-08-30,web,2,67
LEAD_0007578,CUS_002973,PRJ_0026,2024-03-20,agency,0,58
LEAD_0007579,CUS_000087,PRJ_0010,2023-05-26,web,3,53
LEAD_0007580,CUS_004758,PRJ_0018,2021-10-08,web,2,69
LEAD_0007581,CUS_006472,PRJ_0011,2021-04-05,web,6,69
LEAD_0007582,CUS_004262,PRJ_0001,2024-07-11,referral,3,60
LEAD_0007583,CUS_006282,PRJ_0026,2021-07-02,agency,1,55
LEAD_0007584,CUS_004657,PRJ_0002,2021-07-17,web,2,65
LEAD_0007585,CUS_005235,PRJ_0002,2022-07-01,web,4,65
LEAD_0007586,CUS_004806,PRJ_0009,2025-08-03,web,3,66
LEAD_0007587,CUS_000601,PRJ_0018,2024-06-08,web,4,61
LEAD_0007588,CUS_003614,PRJ_0023,2024-07-05,web,4,96
LEAD_0007589,CUS_000427,PRJ_0005,2024-10-21,campaign,3,51
LEAD_0007590,CUS_004515,PRJ_0014,2024-12-12,agency,3,77
LEAD_0007591,CUS_001746,PRJ_0027,2025-12-22,web,1,43
LEAD_0007592,CUS_003443,PRJ_0019,2021-06-04,web,4,62
LEAD_0007593,CUS_005896,PRJ_0006,2021-07-15,campaign,0,68
LEAD_0007594,CUS_003432,PRJ_0024,2025-11-07,agency,3,82
LEAD_0007595,CUS_001163,PRJ_0027,2023-05-08,web,1,70
LEAD_0007596,CUS_005828,PRJ_0002,2025-07-01,campaign,4,63
LEAD_0007597,CUS_005328,PRJ_0011,2023-09-15,agency,2,61
LEAD_0007598,CUS_000169,PRJ_0011,2024-06-20,web,2,59
LEAD_0007599,CUS_003203,PRJ_0028,2023-09-02,campaign,2,74
LEAD_0007600,CUS_005985,PRJ_0015,2025-09-08,referral,2,88
LEAD_0007601,CUS_003458,PRJ_0011,2021-07-26,walk_in,2,51
LEAD_0007602,CUS_005842,PRJ_0026,2021-06-06,campaign,2,60
LEAD_0007603,CUS_002153,PRJ_0005,2025-06-01,web,3,58
LEAD_0007604,CUS_004693,PRJ_0019,2021-11-20,campaign,1,56
LEAD_0007605,CUS_004139,PRJ_0019,2025-07-08,web,2,52
LEAD_0007606,CUS_005440,PRJ_0028,2021-01-05,campaign,4,92
LEAD_0007607,CUS_004529,PRJ_0001,2025-10-26,web,3,71
LEAD_0007608,CUS_000256,PRJ_0011,2021-09-15,agency,1,70
LEAD_0007609,CUS_003497,PRJ_0028,2021-10-31,web,1,49
LEAD_0007610,CUS_003610,PRJ_0010,2022-01-18,agency,2,89
LEAD_0007611,CUS_005150,PRJ_0002,2025-01-04,web,3,54
LEAD_0007612,CUS_002527,PRJ_0004,2022-10-31,web,1,78
LEAD_0007613,CUS_004866,PRJ_0011,2023-03-28,web,1,49
LEAD_0007614,CUS_003966,PRJ_0011,2022-09-25,campaign,4,60
LEAD_0007615,CUS_003695,PRJ_0025,2022-11-27,web,1,48
LEAD_0007616,CUS_002046,PRJ_0010,2023-01-09,campaign,2,55
LEAD_0007617,CUS_002327,PRJ_0016,2024-10-30,campaign,4,69
LEAD_0007618,CUS_004622,PRJ_0013,2023-11-01,web,2,47
LEAD_0007619,CUS_000104,PRJ_0005,2024-12-09,campaign,2,65
LEAD_0007620,CUS_003435,PRJ_0020,2023-11-10,web,3,65
LEAD_0007621,CUS_005870,PRJ_0013,2021-04-10,web,3,62
LEAD_0007622,CUS_000552,PRJ_0002,2025-04-29,campaign,1,55
LEAD_0007623,CUS_006121,PRJ_0006,2022-01-22,agency,1,52
LEAD_0007624,CUS_004846,PRJ_0027,2022-04-27,agency,2,73
LEAD_0007625,CUS_004601,PRJ_0025,2023-01-25,web,2,48
LEAD_0007626,CUS_002179,PRJ_0005,2025-01-28,walk_in,2,72
LEAD_0007627,CUS_004184,PRJ_0006,2022-06-14,web,1,54
LEAD_0007628,CUS_004939,PRJ_0028,2021-02-28,referral,1,92
LEAD_0007629,CUS_003958,PRJ_0024,2025-02-12,campaign,2,47
LEAD_0007630,CUS_004337,PRJ_0009,2023-09-11,referral,3,61
LEAD_0007631,CUS_001386,PRJ_0027,2021-11-05,web,1,50
LEAD_0007632,CUS_006111,PRJ_0006,2025-03-23,campaign,2,72
LEAD_0007633,CUS_002104,PRJ_0001,2025-05-31,walk_in,3,54
LEAD_0007634,CUS_004800,PRJ_0021,2023-05-23,walk_in,1,67
LEAD_0007635,CUS_005240,PRJ_0025,2025-03-29,agency,1,59
LEAD_0007636,CUS_001335,PRJ_0006,2022-11-19,referral,1,66
LEAD_0007637,CUS_003507,PRJ_0018,2025-06-09,web,1,63
LEAD_0007638,CUS_001735,PRJ_0017,2022-08-02,web,4,76
LEAD_0007639,CUS_000429,PRJ_0027,2025-10-09,campaign,0,40
LEAD_0007640,CUS_005906,PRJ_0023,2024-09-21,web,0,73
LEAD_0007641,CUS_004360,PRJ_0015,2024-12-14,agency,1,64
LEAD_0007642,CUS_001600,PRJ_0021,2025-10-31,web,1,28
LEAD_0007643,CUS_002893,PRJ_0003,2024-08-06,agency,2,67
LEAD_0007644,CUS_003625,PRJ_0025,2021-12-02,web,0,59
LEAD_0007645,CUS_001034,PRJ_0003,2025-06-01,web,1,87
LEAD_0007646,CUS_004445,PRJ_0008,2023-11-16,campaign,1,74
LEAD_0007647,CUS_003037,PRJ_0002,2025-05-31,referral,0,64
LEAD_0007648,CUS_000668,PRJ_0018,2022-04-21,agency,5,66
LEAD_0007649,CUS_003345,PRJ_0004,2021-11-21,agency,2,59
LEAD_0007650,CUS_001096,PRJ_0012,2021-01-31,campaign,2,60
LEAD_0007651,CUS_004003,PRJ_0021,2023-10-18,walk_in,4,65
LEAD_0007652,CUS_004005,PRJ_0011,2021-05-30,web,1,65
LEAD_0007653,CUS_005901,PRJ_0015,2024-01-26,referral,2,75
LEAD_0007654,CUS_003568,PRJ_0024,2023-02-23,referral,1,100
LEAD_0007655,CUS_002629,PRJ_0008,2025-10-16,web,3,82
LEAD_0007656,CUS_000197,PRJ_0012,2021-11-20,agency,2,73
LEAD_0007657,CUS_003507,PRJ_0026,2023-04-01,web,1,59
LEAD_0007658,CUS_004640,PRJ_0006,2025-10-30,walk_in,2,69
LEAD_0007659,CUS_005885,PRJ_0008,2025-03-09,web,7,75
LEAD_0007660,CUS_000398,PRJ_0028,2022-05-17,agency,1,57
LEAD_0007661,CUS_002128,PRJ_0005,2025-09-17,web,4,65
LEAD_0007662,CUS_004853,PRJ_0011,2025-02-03,web,4,63
LEAD_0007663,CUS_000626,PRJ_0026,2021-04-02,campaign,4,59
LEAD_0007664,CUS_001203,PRJ_0026,2021-07-23,campaign,3,65
LEAD_0007665,CUS_003612,PRJ_0018,2024-12-14,web,1,55
LEAD_0007666,CUS_003421,PRJ_0013,2025-05-18,web,8,79
LEAD_0007667,CUS_001015,PRJ_0022,2025-07-02,referral,4,76
LEAD_0007668,CUS_004129,PRJ_0014,2024-05-31,campaign,3,68
LEAD_0007669,CUS_003691,PRJ_0009,2023-12-15,web,0,64
LEAD_0007670,CUS_001720,PRJ_0025,2024-01-24,referral,2,84
LEAD_0007671,CUS_002130,PRJ_0015,2022-11-07,campaign,2,65
LEAD_0007672,CUS_002456,PRJ_0024,2025-11-22,campaign,2,71
LEAD_0007673,CUS_002748,PRJ_0012,2024-08-16,web,3,55
LEAD_0007674,CUS_003588,PRJ_0006,2022-04-02,agency,5,82
LEAD_0007675,CUS_001287,PRJ_0023,2025-03-02,agency,2,66
LEAD_0007676,CUS_005283,PRJ_0010,2022-05-19,agency,1,77
LEAD_0007677,CUS_001477,PRJ_0026,2025-09-14,agency,2,64
LEAD_0007678,CUS_004062,PRJ_0012,2024-04-09,web,6,82
LEAD_0007679,CUS_004651,PRJ_0010,2022-08-27,campaign,1,64
LEAD_0007680,CUS_002041,PRJ_0020,2023-05-28,referral,2,76
LEAD_0007681,CUS_000574,PRJ_0027,2023-02-22,web,0,63
LEAD_0007682,CUS_002455,PRJ_0017,2024-12-08,referral,4,61
LEAD_0007683,CUS_004178,PRJ_0008,2023-01-10,campaign,3,64
LEAD_0007684,CUS_003846,PRJ_0016,2024-11-25,referral,2,61
LEAD_0007685,CUS_000330,PRJ_0006,2023-08-12,agency,1,64
LEAD_0007686,CUS_003437,PRJ_0020,2025-08-30,agency,1,73
LEAD_0007687,CUS_002676,PRJ_0019,2024-04-15,agency,3,75
LEAD_0007688,CUS_006305,PRJ_0004,2023-01-01,agency,1,75
LEAD_0007689,CUS_004556,PRJ_0020,2023-04-25,web,2,55
LEAD_0007690,CUS_003573,PRJ_0018,2024-06-01,web,2,51
LEAD_0007691,CUS_001298,PRJ_0022,2025-01-19,campaign,1,64
LEAD_0007692,CUS_001960,PRJ_0013,2022-07-03,agency,0,79
LEAD_0007693,CUS_002658,PRJ_0015,2021-12-10,walk_in,1,61
LEAD_0007694,CUS_006259,PRJ_0028,2022-04-29,agency,3,84
LEAD_0007695,CUS_000607,PRJ_0006,2023-01-21,web,1,44
LEAD_0007696,CUS_006458,PRJ_0019,2021-07-06,agency,4,75
LEAD_0007697,CUS_004741,PRJ_0028,2025-12-13,web,1,40
LEAD_0007698,CUS_001752,PRJ_0008,2022-09-12,walk_in,5,83
LEAD_0007699,CUS_003866,PRJ_0002,2025-12-08,referral,2,68
LEAD_0007700,CUS_004257,PRJ_0027,2024-10-09,referral,4,86
LEAD_0007701,CUS_000023,PRJ_0007,2021-09-05,referral,3,84
LEAD_0007702,CUS_000016,PRJ_0002,2022-01-22,web,0,60
LEAD_0007703,CUS_003370,PRJ_0022,2023-05-05,referral,2,77
LEAD_0007704,CUS_006231,PRJ_0016,2024-07-14,referral,2,67
LEAD_0007705,CUS_002145,PRJ_0015,2024-01-23,walk_in,3,52
LEAD_0007706,CUS_005810,PRJ_0021,2024-01-08,web,0,73
LEAD_0007707,CUS_000385,PRJ_0024,2024-07-15,agency,3,59
LEAD_0007708,CUS_001806,PRJ_0017,2022-11-03,web,2,79
LEAD_0007709,CUS_004328,PRJ_0008,2024-02-08,referral,2,100
LEAD_0007710,CUS_000206,PRJ_0025,2025-09-02,walk_in,1,55
LEAD_0007711,CUS_005148,PRJ_0004,2021-01-16,referral,2,78
LEAD_0007712,CUS_001139,PRJ_0012,2024-07-13,walk_in,1,57
LEAD_0007713,CUS_001567,PRJ_0001,2022-07-17,campaign,2,63
LEAD_0007714,CUS_005827,PRJ_0024,2025-06-16,referral,3,57
LEAD_0007715,CUS_000242,PRJ_0010,2025-06-30,walk_in,3,70
LEAD_0007716,CUS_003583,PRJ_0011,2021-01-23,referral,1,43
LEAD_0007717,CUS_001575,PRJ_0006,2025-11-12,campaign,2,66
LEAD_0007718,CUS_003130,PRJ_0022,2021-01-16,referral,3,74
LEAD_0007719,CUS_005551,PRJ_0024,2023-05-02,walk_in,1,62
LEAD_0007720,CUS_004899,PRJ_0016,2021-10-21,walk_in,3,79
LEAD_0007721,CUS_004531,PRJ_0025,2023-11-13,web,2,75
LEAD_0007722,CUS_003485,PRJ_0002,2023-05-03,agency,5,86
LEAD_0007723,CUS_001992,PRJ_0013,2022-11-28,walk_in,1,48
LEAD_0007724,CUS_005114,PRJ_0019,2025-07-05,referral,5,88
LEAD_0007725,CUS_003082,PRJ_0007,2023-05-28,agency,0,54
LEAD_0007726,CUS_005334,PRJ_0016,2021-11-11,web,3,42
LEAD_0007727,CUS_001983,PRJ_0027,2024-04-21,referral,2,72
LEAD_0007728,CUS_001676,PRJ_0008,2023-06-01,web,3,60
LEAD_0007729,CUS_003325,PRJ_0016,2022-01-26,campaign,1,60
LEAD_0007730,CUS_003450,PRJ_0019,2022-02-08,walk_in,1,46
LEAD_0007731,CUS_005284,PRJ_0011,2024-12-09,web,1,55
LEAD_0007732,CUS_002998,PRJ_0021,2025-08-28,referral,1,77
LEAD_0007733,CUS_003995,PRJ_0017,2023-08-10,web,0,60
LEAD_0007734,CUS_004405,PRJ_0006,2024-05-28,campaign,1,51
LEAD_0007735,CUS_004491,PRJ_0017,2021-08-17,agency,5,58
LEAD_0007736,CUS_002674,PRJ_0021,2023-04-04,web,2,48
LEAD_0007737,CUS_000659,PRJ_0017,2023-04-16,referral,1,70
LEAD_0007738,CUS_002539,PRJ_0026,2021-10-07,campaign,2,59
LEAD_0007739,CUS_000541,PRJ_0016,2021-02-19,campaign,2,63
LEAD_0007740,CUS_005788,PRJ_0026,2024-05-13,campaign,2,49
LEAD_0007741,CUS_005915,PRJ_0009,2022-11-05,agency,0,69
LEAD_0007742,CUS_005233,PRJ_0003,2022-11-27,web,3,69
LEAD_0007743,CUS_005218,PRJ_0012,2025-10-06,web,2,56
LEAD_0007744,CUS_006257,PRJ_0027,2021-11-09,campaign,1,49
LEAD_0007745,CUS_004250,PRJ_0023,2024-12-31,web,0,66
LEAD_0007746,CUS_000752,PRJ_0008,2025-06-28,web,0,60
LEAD_0007747,CUS_000884,PRJ_0023,2024-09-11,campaign,2,60
LEAD_0007748,CUS_002872,PRJ_0021,2022-09-16,web,4,60
LEAD_0007749,CUS_005403,PRJ_0003,2022-11-02,agency,0,64
LEAD_0007750,CUS_005312,PRJ_0012,2021-09-08,web,2,76
LEAD_0007751,CUS_006082,PRJ_0003,2021-03-25,web,1,67
LEAD_0007752,CUS_004898,PRJ_0025,2022-05-28,agency,2,90
LEAD_0007753,CUS_003785,PRJ_0023,2022-08-22,campaign,1,62
LEAD_0007754,CUS_002880,PRJ_0010,2021-11-26,web,2,68
LEAD_0007755,CUS_004247,PRJ_0018,2024-12-10,web,2,63
LEAD_0007756,CUS_002651,PRJ_0027,2023-10-08,walk_in,3,66
LEAD_0007757,CUS_004214,PRJ_0001,2021-10-16,referral,2,66
LEAD_0007758,CUS_004243,PRJ_0015,2021-04-12,agency,2,71
LEAD_0007759,CUS_004782,PRJ_0025,2025-11-19,campaign,1,31
LEAD_0007760,CUS_004739,PRJ_0015,2024-02-11,web,2,80
LEAD_0007761,CUS_001974,PRJ_0001,2021-01-14,web,1,62
LEAD_0007762,CUS_005146,PRJ_0017,2022-05-05,agency,3,83
LEAD_0007763,CUS_004108,PRJ_0013,2024-04-19,web,1,62
LEAD_0007764,CUS_001054,PRJ_0010,2025-04-30,referral,1,70
LEAD_0007765,CUS_003569,PRJ_0002,2025-07-15,web,1,63
LEAD_0007766,CUS_002899,PRJ_0025,2024-03-08,campaign,3,56
LEAD_0007767,CUS_000637,PRJ_0021,2021-03-19,walk_in,1,38
LEAD_0007768,CUS_004093,PRJ_0005,2021-06-16,web,0,53
LEAD_0007769,CUS_002419,PRJ_0023,2021-11-03,agency,3,59
LEAD_0007770,CUS_005039,PRJ_0017,2022-08-19,web,3,59
LEAD_0007771,CUS_002132,PRJ_0004,2025-04-20,campaign,1,84
LEAD_0007772,CUS_000421,PRJ_0015,2025-06-10,campaign,1,40
LEAD_0007773,CUS_005607,PRJ_0020,2022-10-16,walk_in,2,52
LEAD_0007774,CUS_004277,PRJ_0014,2022-07-18,web,0,62
LEAD_0007775,CUS_006043,PRJ_0002,2023-05-22,web,2,72
LEAD_0007776,CUS_000715,PRJ_0017,2022-06-06,referral,3,79
LEAD_0007777,CUS_004216,PRJ_0022,2025-09-04,agency,0,32
LEAD_0007778,CUS_002501,PRJ_0012,2023-01-28,walk_in,1,46
LEAD_0007779,CUS_000456,PRJ_0006,2025-05-28,referral,1,59
LEAD_0007780,CUS_001489,PRJ_0012,2021-02-09,walk_in,6,77
LEAD_0007781,CUS_005136,PRJ_0027,2022-04-10,web,3,52
LEAD_0007782,CUS_000597,PRJ_0026,2024-02-06,agency,4,98
LEAD_0007783,CUS_000841,PRJ_0014,2025-01-02,web,1,75
LEAD_0007784,CUS_001066,PRJ_0017,2022-10-11,web,1,55
LEAD_0007785,CUS_001717,PRJ_0017,2022-11-27,agency,3,72
LEAD_0007786,CUS_003884,PRJ_0021,2024-08-25,agency,3,52
LEAD_0007787,CUS_003033,PRJ_0010,2021-12-18,web,1,49
LEAD_0007788,CUS_003309,PRJ_0009,2021-03-19,web,3,100
LEAD_0007789,CUS_000276,PRJ_0003,2021-09-16,referral,0,56
LEAD_0007790,CUS_005785,PRJ_0023,2024-08-25,web,3,64
LEAD_0007791,CUS_002168,PRJ_0001,2024-08-01,web,0,62
LEAD_0007792,CUS_001487,PRJ_0027,2021-09-07,campaign,0,67
LEAD_0007793,CUS_004510,PRJ_0014,2021-11-01,referral,1,76
LEAD_0007794,CUS_000506,PRJ_0007,2025-06-11,agency,1,66
LEAD_0007795,CUS_004895,PRJ_0028,2024-10-26,web,1,53
LEAD_0007796,CUS_002663,PRJ_0006,2023-03-10,web,0,53
LEAD_0007797,CUS_000737,PRJ_0014,2023-09-21,web,2,61
LEAD_0007798,CUS_004958,PRJ_0005,2025-07-22,referral,2,77
LEAD_0007799,CUS_003065,PRJ_0009,2022-03-18,agency,2,44
LEAD_0007800,CUS_000681,PRJ_0017,2022-04-26,agency,3,68
LEAD_0007801,CUS_000835,PRJ_0002,2024-03-20,web,1,50
LEAD_0007802,CUS_000061,PRJ_0007,2022-12-25,web,2,38
LEAD_0007803,CUS_001486,PRJ_0006,2022-08-14,agency,3,65
LEAD_0007804,CUS_004784,PRJ_0011,2024-10-22,walk_in,2,46
LEAD_0007805,CUS_000247,PRJ_0001,2021-01-10,campaign,4,80
LEAD_0007806,CUS_000516,PRJ_0024,2023-03-07,campaign,2,68
LEAD_0007807,CUS_004174,PRJ_0006,2022-06-13,web,4,74
LEAD_0007808,CUS_002403,PRJ_0003,2025-09-23,campaign,2,46
LEAD_0007809,CUS_001299,PRJ_0014,2023-07-08,web,0,67
LEAD_0007810,CUS_002252,PRJ_0010,2024-12-17,agency,4,65
LEAD_0007811,CUS_005986,PRJ_0009,2024-10-19,campaign,1,63
LEAD_0007812,CUS_000026,PRJ_0021,2025-03-22,web,1,81
LEAD_0007813,CUS_001736,PRJ_0008,2021-08-02,walk_in,3,43
LEAD_0007814,CUS_006401,PRJ_0004,2025-08-25,campaign,1,62
LEAD_0007815,CUS_005775,PRJ_0005,2023-02-27,web,2,57
LEAD_0007816,CUS_004046,PRJ_0001,2021-12-12,campaign,1,53
LEAD_0007817,CUS_006329,PRJ_0028,2023-04-14,campaign,1,65
LEAD_0007818,CUS_001600,PRJ_0017,2024-12-25,agency,0,64
LEAD_0007819,CUS_001104,PRJ_0016,2023-11-08,agency,2,56
LEAD_0007820,CUS_002468,PRJ_0008,2024-02-08,agency,4,68
LEAD_0007821,CUS_001374,PRJ_0012,2022-06-19,web,5,63
LEAD_0007822,CUS_004327,PRJ_0009,2025-04-18,agency,0,52
LEAD_0007823,CUS_002781,PRJ_0012,2023-11-26,campaign,4,73
LEAD_0007824,CUS_005112,PRJ_0020,2023-07-23,campaign,4,76
LEAD_0007825,CUS_000496,PRJ_0001,2025-01-14,campaign,4,87
LEAD_0007826,CUS_002627,PRJ_0023,2023-07-20,web,1,93
LEAD_0007827,CUS_001966,PRJ_0019,2022-10-01,referral,2,51
LEAD_0007828,CUS_003629,PRJ_0027,2025-10-28,walk_in,3,84
LEAD_0007829,CUS_002735,PRJ_0013,2022-04-16,walk_in,0,51
LEAD_0007830,CUS_002201,PRJ_0009,2022-02-15,agency,2,73
LEAD_0007831,CUS_005428,PRJ_0001,2024-06-04,referral,2,93
LEAD_0007832,CUS_000120,PRJ_0001,2023-01-02,web,1,68
LEAD_0007833,CUS_001972,PRJ_0022,2021-09-15,agency,0,50
LEAD_0007834,CUS_001574,PRJ_0006,2021-11-15,referral,0,55
LEAD_0007835,CUS_001950,PRJ_0015,2023-09-23,campaign,2,48
LEAD_0007836,CUS_003385,PRJ_0013,2025-04-12,web,2,51
LEAD_0007837,CUS_001024,PRJ_0003,2025-12-25,walk_in,2,87
LEAD_0007838,CUS_001892,PRJ_0007,2024-12-10,walk_in,3,71
LEAD_0007839,CUS_004683,PRJ_0007,2021-12-30,walk_in,1,53
LEAD_0007840,CUS_000683,PRJ_0017,2024-05-22,campaign,3,64
LEAD_0007841,CUS_002049,PRJ_0022,2021-12-29,agency,4,62
LEAD_0007842,CUS_005832,PRJ_0021,2021-10-18,web,0,90
LEAD_0007843,CUS_002860,PRJ_0006,2021-11-05,referral,3,81
LEAD_0007844,CUS_004620,PRJ_0028,2021-10-19,walk_in,2,71
LEAD_0007845,CUS_001373,PRJ_0016,2021-04-27,referral,0,60
LEAD_0007846,CUS_005643,PRJ_0015,2022-12-12,agency,3,65
LEAD_0007847,CUS_001993,PRJ_0024,2022-07-04,web,3,66
LEAD_0007848,CUS_002529,PRJ_0013,2025-08-02,walk_in,1,57
LEAD_0007849,CUS_006263,PRJ_0024,2025-04-18,walk_in,1,60
LEAD_0007850,CUS_004684,PRJ_0004,2022-02-27,web,3,52
LEAD_0007851,CUS_002277,PRJ_0006,2023-07-26,web,2,81
LEAD_0007852,CUS_004124,PRJ_0025,2023-08-15,referral,2,59
LEAD_0007853,CUS_002424,PRJ_0028,2023-01-01,campaign,3,66
LEAD_0007854,CUS_002253,PRJ_0006,2023-02-27,campaign,4,67
LEAD_0007855,CUS_002299,PRJ_0015,2021-05-29,referral,0,71
LEAD_0007856,CUS_002206,PRJ_0001,2024-01-16,campaign,1,89
LEAD_0007857,CUS_000782,PRJ_0010,2023-07-17,campaign,1,59
LEAD_0007858,CUS_003811,PRJ_0007,2023-06-07,referral,2,71
LEAD_0007859,CUS_000876,PRJ_0022,2025-08-20,campaign,1,60
LEAD_0007860,CUS_000078,PRJ_0022,2025-04-06,web,1,59
LEAD_0007861,CUS_006474,PRJ_0020,2022-12-01,web,1,59
LEAD_0007862,CUS_000595,PRJ_0021,2023-08-02,web,2,42
LEAD_0007863,CUS_000564,PRJ_0009,2022-12-01,web,2,62
LEAD_0007864,CUS_004228,PRJ_0002,2023-10-17,web,4,78
LEAD_0007865,CUS_005227,PRJ_0018,2025-06-20,web,0,48
LEAD_0007866,CUS_005039,PRJ_0002,2023-10-15,agency,7,91
LEAD_0007867,CUS_005959,PRJ_0006,2025-09-20,web,2,67
LEAD_0007868,CUS_000432,PRJ_0024,2025-03-13,web,3,55
LEAD_0007869,CUS_005829,PRJ_0020,2022-07-01,agency,2,51
LEAD_0007870,CUS_003039,PRJ_0020,2023-06-20,web,5,70
LEAD_0007871,CUS_002533,PRJ_0006,2023-03-03,web,3,49
LEAD_0007872,CUS_004757,PRJ_0015,2021-07-04,web,1,66
LEAD_0007873,CUS_002047,PRJ_0018,2022-06-09,web,1,60
LEAD_0007874,CUS_002624,PRJ_0009,2023-04-03,web,2,77
LEAD_0007875,CUS_004305,PRJ_0027,2025-03-04,walk_in,1,51
LEAD_0007876,CUS_000798,PRJ_0007,2025-08-09,walk_in,3,60
LEAD_0007877,CUS_002237,PRJ_0020,2023-01-02,referral,1,70
LEAD_0007878,CUS_004200,PRJ_0001,2021-05-02,referral,1,69
LEAD_0007879,CUS_002808,PRJ_0007,2025-06-07,web,1,49
LEAD_0007880,CUS_006081,PRJ_0025,2024-01-07,web,1,86
LEAD_0007881,CUS_002294,PRJ_0022,2025-05-02,campaign,3,61
LEAD_0007882,CUS_005854,PRJ_0021,2021-06-22,campaign,2,64
LEAD_0007883,CUS_003658,PRJ_0008,2025-02-01,campaign,4,74
LEAD_0007884,CUS_005650,PRJ_0004,2021-02-08,referral,3,66
LEAD_0007885,CUS_004550,PRJ_0014,2025-05-28,agency,1,78
LEAD_0007886,CUS_006259,PRJ_0018,2025-10-25,referral,4,68
LEAD_0007887,CUS_003501,PRJ_0020,2024-03-23,agency,1,43
LEAD_0007888,CUS_005262,PRJ_0003,2023-08-25,web,1,47
LEAD_0007889,CUS_003840,PRJ_0020,2024-01-12,campaign,2,48
LEAD_0007890,CUS_001697,PRJ_0007,2024-10-23,web,3,57
LEAD_0007891,CUS_002019,PRJ_0014,2025-01-03,referral,1,67
LEAD_0007892,CUS_005487,PRJ_0026,2022-05-09,campaign,4,58
LEAD_0007893,CUS_002951,PRJ_0016,2022-04-01,walk_in,3,70
LEAD_0007894,CUS_005095,PRJ_0020,2022-12-31,web,3,79
LEAD_0007895,CUS_003387,PRJ_0025,2023-04-20,web,1,65
LEAD_0007896,CUS_004660,PRJ_0006,2022-06-23,agency,1,81
LEAD_0007897,CUS_005971,PRJ_0027,2022-11-07,web,2,49
LEAD_0007898,CUS_005616,PRJ_0011,2025-12-20,web,4,70
LEAD_0007899,CUS_005056,PRJ_0013,2023-12-28,agency,1,77
LEAD_0007900,CUS_000048,PRJ_0023,2023-06-30,web,3,67
LEAD_0007901,CUS_005859,PRJ_0015,2023-06-04,agency,2,87
LEAD_0007902,CUS_003358,PRJ_0016,2023-03-28,campaign,0,51
LEAD_0007903,CUS_005807,PRJ_0026,2021-01-12,agency,2,72
LEAD_0007904,CUS_005129,PRJ_0005,2021-09-02,campaign,1,57
LEAD_0007905,CUS_000442,PRJ_0007,2024-07-17,referral,5,61
LEAD_0007906,CUS_002007,PRJ_0011,2025-04-01,web,1,43
LEAD_0007907,CUS_002109,PRJ_0008,2023-06-10,referral,2,60
LEAD_0007908,CUS_001159,PRJ_0027,2025-09-03,campaign,1,46
LEAD_0007909,CUS_001009,PRJ_0003,2021-09-16,web,1,56
LEAD_0007910,CUS_000908,PRJ_0006,2021-01-09,web,3,90
LEAD_0007911,CUS_003731,PRJ_0004,2023-10-05,campaign,1,65
LEAD_0007912,CUS_003856,PRJ_0012,2021-12-05,agency,3,64
LEAD_0007913,CUS_002973,PRJ_0004,2022-05-03,web,4,58
LEAD_0007914,CUS_003341,PRJ_0008,2023-05-07,agency,2,78
LEAD_0007915,CUS_004245,PRJ_0010,2021-12-23,web,2,65
LEAD_0007916,CUS_002465,PRJ_0023,2021-07-22,referral,2,95
LEAD_0007917,CUS_004329,PRJ_0020,2021-03-18,agency,2,67
LEAD_0007918,CUS_005905,PRJ_0022,2023-05-20,referral,4,63
LEAD_0007919,CUS_003215,PRJ_0026,2025-07-28,web,3,66
LEAD_0007920,CUS_004765,PRJ_0016,2024-08-03,agency,3,80
LEAD_0007921,CUS_001688,PRJ_0010,2023-12-24,referral,4,88
LEAD_0007922,CUS_003494,PRJ_0002,2021-06-21,agency,1,67
LEAD_0007923,CUS_002904,PRJ_0024,2024-01-24,campaign,0,88
LEAD_0007924,CUS_005065,PRJ_0020,2024-02-17,web,0,55
LEAD_0007925,CUS_005512,PRJ_0014,2021-05-17,referral,2,96
LEAD_0007926,CUS_002515,PRJ_0016,2024-07-13,agency,3,66
LEAD_0007927,CUS_000276,PRJ_0026,2023-08-01,campaign,2,52
LEAD_0007928,CUS_003115,PRJ_0015,2025-12-17,web,5,78
LEAD_0007929,CUS_002513,PRJ_0016,2021-09-17,agency,0,68
LEAD_0007930,CUS_005674,PRJ_0010,2021-07-29,campaign,2,51
LEAD_0007931,CUS_002486,PRJ_0026,2024-05-08,referral,0,74
LEAD_0007932,CUS_005433,PRJ_0006,2024-01-20,web,2,58
LEAD_0007933,CUS_005511,PRJ_0022,2022-05-10,web,2,65
LEAD_0007934,CUS_004244,PRJ_0001,2023-11-02,web,0,73
LEAD_0007935,CUS_004782,PRJ_0003,2025-12-01,agency,1,56
LEAD_0007936,CUS_002808,PRJ_0015,2021-11-10,web,1,56
LEAD_0007937,CUS_001980,PRJ_0012,2024-01-24,web,3,70
LEAD_0007938,CUS_004967,PRJ_0001,2021-07-21,web,2,57
LEAD_0007939,CUS_003539,PRJ_0010,2024-12-16,web,1,59
LEAD_0007940,CUS_004838,PRJ_0020,2023-07-31,campaign,1,68
LEAD_0007941,CUS_003351,PRJ_0018,2021-10-06,web,2,63
LEAD_0007942,CUS_002535,PRJ_0004,2022-07-06,web,2,72
LEAD_0007943,CUS_004362,PRJ_0011,2025-01-08,agency,2,75
LEAD_0007944,CUS_002214,PRJ_0025,2023-02-18,web,0,56
LEAD_0007945,CUS_002570,PRJ_0026,2025-10-05,web,3,40
LEAD_0007946,CUS_005337,PRJ_0008,2023-07-09,agency,4,68
LEAD_0007947,CUS_004772,PRJ_0010,2023-08-27,agency,0,58
LEAD_0007948,CUS_005512,PRJ_0003,2021-11-13,web,2,76
LEAD_0007949,CUS_005997,PRJ_0009,2025-06-05,web,5,67
LEAD_0007950,CUS_000982,PRJ_0018,2024-10-01,agency,3,69
LEAD_0007951,CUS_005790,PRJ_0018,2021-08-04,web,5,71
LEAD_0007952,CUS_005265,PRJ_0020,2021-10-30,web,3,51
LEAD_0007953,CUS_004391,PRJ_0001,2023-08-13,web,1,70
LEAD_0007954,CUS_003124,PRJ_0003,2024-11-22,web,2,65
LEAD_0007955,CUS_006449,PRJ_0015,2024-09-15,referral,0,53
LEAD_0007956,CUS_002860,PRJ_0007,2021-05-19,agency,2,71
LEAD_0007957,CUS_003051,PRJ_0001,2024-06-13,referral,1,65
LEAD_0007958,CUS_002164,PRJ_0008,2025-11-09,campaign,1,54
LEAD_0007959,CUS_003893,PRJ_0019,2024-01-08,agency,0,48
LEAD_0007960,CUS_002407,PRJ_0018,2023-10-07,campaign,2,74
LEAD_0007961,CUS_005558,PRJ_0026,2024-02-23,agency,1,76
LEAD_0007962,CUS_005174,PRJ_0009,2023-09-23,web,3,58
LEAD_0007963,CUS_000707,PRJ_0021,2022-02-10,walk_in,4,65
LEAD_0007964,CUS_004196,PRJ_0005,2023-10-18,referral,2,63
LEAD_0007965,CUS_005124,PRJ_0011,2024-08-29,referral,4,74
LEAD_0007966,CUS_002541,PRJ_0028,2023-12-10,walk_in,2,74
LEAD_0007967,CUS_000132,PRJ_0016,2023-05-19,referral,2,54
LEAD_0007968,CUS_004368,PRJ_0010,2024-06-08,web,3,73
LEAD_0007969,CUS_005881,PRJ_0002,2025-04-18,web,3,46
LEAD_0007970,CUS_003073,PRJ_0002,2021-01-08,web,2,63
LEAD_0007971,CUS_002451,PRJ_0006,2025-05-31,web,0,38
LEAD_0007972,CUS_003092,PRJ_0018,2023-08-12,agency,4,76
LEAD_0007973,CUS_004085,PRJ_0006,2023-01-04,walk_in,0,40
LEAD_0007974,CUS_006159,PRJ_0008,2024-07-11,agency,2,55
LEAD_0007975,CUS_005411,PRJ_0024,2025-12-18,campaign,1,64
LEAD_0007976,CUS_003313,PRJ_0008,2022-06-20,web,3,45
LEAD_0007977,CUS_000232,PRJ_0020,2024-12-24,agency,2,74
LEAD_0007978,CUS_004682,PRJ_0015,2025-07-06,web,5,65
LEAD_0007979,CUS_006312,PRJ_0018,2022-01-09,web,1,63
LEAD_0007980,CUS_004180,PRJ_0002,2025-05-12,web,5,66
LEAD_0007981,CUS_002139,PRJ_0001,2025-08-24,agency,2,60
LEAD_0007982,CUS_004295,PRJ_0013,2024-01-03,campaign,1,62
LEAD_0007983,CUS_001891,PRJ_0012,2021-12-25,agency,0,53
LEAD_0007984,CUS_003992,PRJ_0021,2021-06-16,web,7,50
LEAD_0007985,CUS_004628,PRJ_0003,2024-01-05,web,0,54
LEAD_0007986,CUS_001899,PRJ_0019,2021-12-29,web,5,68
LEAD_0007987,CUS_000276,PRJ_0002,2021-12-20,agency,3,67
LEAD_0007988,CUS_006110,PRJ_0024,2023-07-01,web,0,50
LEAD_0007989,CUS_004668,PRJ_0002,2022-12-06,walk_in,1,69
LEAD_0007990,CUS_001696,PRJ_0002,2022-05-03,agency,1,54
LEAD_0007991,CUS_004492,PRJ_0028,2024-07-22,agency,2,79
LEAD_0007992,CUS_004441,PRJ_0013,2023-03-15,web,1,43
LEAD_0007993,CUS_000060,PRJ_0013,2023-08-19,web,3,70
LEAD_0007994,CUS_003612,PRJ_0021,2021-09-12,agency,2,69
LEAD_0007995,CUS_000612,PRJ_0008,2025-06-06,web,2,45
LEAD_0007996,CUS_003021,PRJ_0012,2021-03-31,referral,1,73
LEAD_0007997,CUS_004311,PRJ_0013,2025-01-13,agency,2,69
LEAD_0007998,CUS_001444,PRJ_0007,2021-09-14,referral,6,61
LEAD_0007999,CUS_005145,PRJ_0016,2024-05-05,web,1,54
LEAD_0008000,CUS_004648,PRJ_0001,2021-03-19,agency,2,46
LEAD_0008001,CUS_004545,PRJ_0024,2021-02-01,referral,1,78
LEAD_0008002,CUS_000454,PRJ_0001,2021-12-13,web,2,53
LEAD_0008003,CUS_003367,PRJ_0006,2023-12-23,campaign,2,87
LEAD_0008004,CUS_005604,PRJ_0005,2021-02-25,agency,0,58
LEAD_0008005,CUS_005583,PRJ_0015,2022-06-15,walk_in,1,62
LEAD_0008006,CUS_005092,PRJ_0026,2025-09-04,web,0,56
LEAD_0008007,CUS_004712,PRJ_0017,2023-11-11,agency,0,65
LEAD_0008008,CUS_004892,PRJ_0017,2022-11-29,agency,2,65
LEAD_0008009,CUS_001836,PRJ_0020,2021-04-09,campaign,0,57
LEAD_0008010,CUS_000238,PRJ_0009,2021-03-26,walk_in,3,69
LEAD_0008011,CUS_005155,PRJ_0024,2023-10-30,referral,3,80
LEAD_0008012,CUS_006359,PRJ_0020,2025-12-25,referral,5,81
LEAD_0008013,CUS_002489,PRJ_0026,2021-09-06,referral,1,55
LEAD_0008014,CUS_000666,PRJ_0015,2022-02-28,web,1,65
LEAD_0008015,CUS_003103,PRJ_0022,2025-10-28,campaign,0,72
LEAD_0008016,CUS_002281,PRJ_0020,2025-10-23,web,5,67
LEAD_0008017,CUS_001974,PRJ_0002,2023-08-23,campaign,3,55
LEAD_0008018,CUS_003119,PRJ_0008,2023-10-28,campaign,3,69
LEAD_0008019,CUS_006476,PRJ_0020,2024-02-04,walk_in,3,70
LEAD_0008020,CUS_005937,PRJ_0018,2021-08-06,referral,0,92
LEAD_0008021,CUS_002358,PRJ_0005,2022-09-08,referral,3,56
LEAD_0008022,CUS_004817,PRJ_0026,2021-01-14,walk_in,1,69
LEAD_0008023,CUS_001917,PRJ_0023,2022-06-12,referral,2,65
LEAD_0008024,CUS_001906,PRJ_0021,2023-04-21,web,1,61
LEAD_0008025,CUS_005325,PRJ_0023,2021-03-16,web,1,50
LEAD_0008026,CUS_004632,PRJ_0007,2022-08-14,web,2,72
LEAD_0008027,CUS_004580,PRJ_0010,2022-04-24,web,1,70
LEAD_0008028,CUS_001280,PRJ_0023,2025-06-05,agency,3,66
LEAD_0008029,CUS_000628,PRJ_0008,2021-06-06,web,1,76
LEAD_0008030,CUS_003209,PRJ_0006,2022-07-08,agency,6,81
LEAD_0008031,CUS_004643,PRJ_0025,2025-05-06,web,1,44
LEAD_0008032,CUS_000971,PRJ_0010,2023-08-08,referral,2,80
LEAD_0008033,CUS_006393,PRJ_0023,2022-04-28,web,1,59
LEAD_0008034,CUS_000825,PRJ_0007,2024-07-01,agency,5,74
LEAD_0008035,CUS_002449,PRJ_0027,2023-04-18,campaign,1,54
LEAD_0008036,CUS_006041,PRJ_0027,2021-02-01,agency,1,69
LEAD_0008037,CUS_005190,PRJ_0012,2023-09-23,web,1,53
LEAD_0008038,CUS_004360,PRJ_0008,2021-04-28,campaign,1,54
LEAD_0008039,CUS_001238,PRJ_0022,2021-07-29,agency,3,99
LEAD_0008040,CUS_000670,PRJ_0018,2024-08-13,campaign,1,66
LEAD_0008041,CUS_000441,PRJ_0025,2024-07-26,campaign,5,100
LEAD_0008042,CUS_002549,PRJ_0019,2022-12-13,agency,1,55
LEAD_0008043,CUS_005024,PRJ_0011,2022-02-20,agency,1,53
LEAD_0008044,CUS_005634,PRJ_0001,2021-02-22,agency,2,69
LEAD_0008045,CUS_004489,PRJ_0004,2024-09-05,agency,1,61
LEAD_0008046,CUS_001684,PRJ_0010,2024-06-25,web,3,56
LEAD_0008047,CUS_000848,PRJ_0011,2024-10-24,agency,1,71
LEAD_0008048,CUS_005406,PRJ_0010,2021-07-17,campaign,2,79
LEAD_0008049,CUS_005942,PRJ_0024,2021-04-03,web,2,59
LEAD_0008050,CUS_000403,PRJ_0015,2022-01-06,referral,0,68
LEAD_0008051,CUS_005478,PRJ_0012,2024-12-24,referral,4,78
LEAD_0008052,CUS_001776,PRJ_0004,2021-10-14,agency,2,96
LEAD_0008053,CUS_002753,PRJ_0016,2024-01-06,agency,1,76
LEAD_0008054,CUS_003873,PRJ_0004,2024-03-17,agency,2,69
LEAD_0008055,CUS_004033,PRJ_0013,2024-11-24,web,2,69
LEAD_0008056,CUS_002720,PRJ_0004,2021-01-08,walk_in,2,33
LEAD_0008057,CUS_004201,PRJ_0024,2024-02-26,web,0,48
LEAD_0008058,CUS_004968,PRJ_0009,2025-08-15,web,3,57
LEAD_0008059,CUS_002911,PRJ_0013,2023-04-13,agency,2,74
LEAD_0008060,CUS_005297,PRJ_0006,2024-09-22,agency,2,98
LEAD_0008061,CUS_002871,PRJ_0012,2022-12-14,web,3,70
LEAD_0008062,CUS_000423,PRJ_0004,2021-08-27,web,3,60
LEAD_0008063,CUS_000006,PRJ_0023,2022-09-24,campaign,1,74
LEAD_0008064,CUS_002199,PRJ_0016,2024-06-22,agency,0,63
LEAD_0008065,CUS_001584,PRJ_0007,2021-06-18,walk_in,2,78
LEAD_0008066,CUS_005814,PRJ_0007,2023-03-01,referral,4,68
LEAD_0008067,CUS_001272,PRJ_0028,2021-04-19,web,3,79
LEAD_0008068,CUS_004151,PRJ_0002,2025-05-15,agency,3,80
LEAD_0008069,CUS_004280,PRJ_0016,2025-06-30,agency,1,76
LEAD_0008070,CUS_002154,PRJ_0022,2023-02-16,agency,2,90
LEAD_0008071,CUS_001855,PRJ_0021,2022-11-09,web,3,64
LEAD_0008072,CUS_003823,PRJ_0003,2025-01-16,referral,3,71
LEAD_0008073,CUS_002005,PRJ_0028,2025-05-18,web,1,62
LEAD_0008074,CUS_001273,PRJ_0025,2024-02-28,web,1,99
LEAD_0008075,CUS_001917,PRJ_0017,2025-06-09,web,2,63
LEAD_0008076,CUS_006273,PRJ_0008,2023-07-21,walk_in,1,66
LEAD_0008077,CUS_005253,PRJ_0027,2021-09-25,referral,1,68
LEAD_0008078,CUS_005154,PRJ_0028,2025-12-23,walk_in,4,96
LEAD_0008079,CUS_000589,PRJ_0007,2025-06-22,referral,0,69
LEAD_0008080,CUS_002186,PRJ_0013,2025-01-25,web,1,59
LEAD_0008081,CUS_004375,PRJ_0025,2025-06-28,agency,0,59
LEAD_0008082,CUS_002564,PRJ_0018,2021-01-05,agency,0,47
LEAD_0008083,CUS_001561,PRJ_0015,2025-12-21,agency,2,55
LEAD_0008084,CUS_004995,PRJ_0009,2023-03-07,walk_in,2,65
LEAD_0008085,CUS_001200,PRJ_0007,2021-02-23,campaign,0,68
LEAD_0008086,CUS_004006,PRJ_0002,2024-03-26,agency,1,72
LEAD_0008087,CUS_003701,PRJ_0017,2021-07-02,web,6,70
LEAD_0008088,CUS_003540,PRJ_0024,2022-06-08,campaign,2,72
LEAD_0008089,CUS_000809,PRJ_0025,2022-08-17,referral,1,53
LEAD_0008090,CUS_001297,PRJ_0009,2025-06-11,walk_in,5,91
LEAD_0008091,CUS_001959,PRJ_0017,2024-05-26,web,0,57
LEAD_0008092,CUS_003660,PRJ_0016,2025-10-23,campaign,1,62
LEAD_0008093,CUS_005801,PRJ_0009,2021-02-12,web,2,41
LEAD_0008094,CUS_006108,PRJ_0022,2025-03-16,agency,1,57
LEAD_0008095,CUS_001748,PRJ_0012,2021-11-12,agency,0,62
LEAD_0008096,CUS_002369,PRJ_0003,2022-08-04,agency,3,73
LEAD_0008097,CUS_001445,PRJ_0018,2025-04-10,agency,1,70
LEAD_0008098,CUS_004702,PRJ_0004,2021-04-09,referral,1,52
LEAD_0008099,CUS_001320,PRJ_0001,2025-12-14,referral,1,87
LEAD_0008100,CUS_000139,PRJ_0011,2024-03-22,campaign,1,56
LEAD_0008101,CUS_001196,PRJ_0017,2023-05-19,agency,2,93
LEAD_0008102,CUS_005128,PRJ_0014,2025-11-17,referral,1,56
LEAD_0008103,CUS_002794,PRJ_0015,2024-01-24,web,2,86
LEAD_0008104,CUS_004581,PRJ_0027,2022-03-10,referral,2,74
LEAD_0008105,CUS_003188,PRJ_0008,2024-04-02,referral,4,74
LEAD_0008106,CUS_000545,PRJ_0010,2021-05-29,walk_in,3,40
LEAD_0008107,CUS_005828,PRJ_0022,2025-07-06,referral,1,62
LEAD_0008108,CUS_006148,PRJ_0023,2024-03-27,web,2,74
LEAD_0008109,CUS_005471,PRJ_0022,2024-03-26,web,2,38
LEAD_0008110,CUS_006417,PRJ_0008,2023-04-07,web,1,54
LEAD_0008111,CUS_003676,PRJ_0005,2025-01-22,web,1,65
LEAD_0008112,CUS_004401,PRJ_0016,2024-11-01,web,3,80
LEAD_0008113,CUS_004759,PRJ_0002,2023-11-24,web,1,50
LEAD_0008114,CUS_004577,PRJ_0011,2023-06-18,agency,2,63
LEAD_0008115,CUS_005108,PRJ_0013,2023-02-17,web,4,70
LEAD_0008116,CUS_003243,PRJ_0025,2025-04-17,web,0,62
LEAD_0008117,CUS_002175,PRJ_0024,2025-08-26,walk_in,1,46
LEAD_0008118,CUS_000056,PRJ_0012,2024-05-25,campaign,1,54
LEAD_0008119,CUS_006204,PRJ_0013,2025-11-27,web,2,59
LEAD_0008120,CUS_003438,PRJ_0016,2025-10-20,agency,2,56
LEAD_0008121,CUS_001003,PRJ_0010,2023-12-25,walk_in,3,69
LEAD_0008122,CUS_005822,PRJ_0025,2023-06-04,web,6,55
LEAD_0008123,CUS_005723,PRJ_0001,2023-08-09,walk_in,4,69
LEAD_0008124,CUS_004048,PRJ_0026,2023-02-08,agency,1,77
LEAD_0008125,CUS_003399,PRJ_0009,2025-03-02,web,3,73
LEAD_0008126,CUS_006269,PRJ_0019,2024-07-19,campaign,2,51
LEAD_0008127,CUS_001081,PRJ_0014,2023-12-25,campaign,2,73
LEAD_0008128,CUS_006107,PRJ_0011,2025-01-18,web,1,62
LEAD_0008129,CUS_005567,PRJ_0008,2024-01-03,web,2,54
LEAD_0008130,CUS_001759,PRJ_0027,2025-07-19,web,2,72
LEAD_0008131,CUS_001427,PRJ_0025,2021-01-27,agency,1,90
LEAD_0008132,CUS_004703,PRJ_0026,2023-09-15,referral,1,75
LEAD_0008133,CUS_004451,PRJ_0023,2024-10-24,agency,2,91
LEAD_0008134,CUS_004534,PRJ_0010,2025-02-27,campaign,1,54
LEAD_0008135,CUS_000767,PRJ_0006,2023-05-06,web,2,62
LEAD_0008136,CUS_006498,PRJ_0016,2022-05-14,web,2,65
LEAD_0008137,CUS_005884,PRJ_0022,2022-02-12,referral,2,75
LEAD_0008138,CUS_002229,PRJ_0009,2022-11-10,web,1,48
LEAD_0008139,CUS_000879,PRJ_0019,2025-07-25,walk_in,2,50
LEAD_0008140,CUS_000607,PRJ_0011,2023-09-29,agency,4,69
LEAD_0008141,CUS_000690,PRJ_0019,2024-08-21,web,0,52
LEAD_0008142,CUS_000552,PRJ_0018,2023-02-20,web,6,63
LEAD_0008143,CUS_000878,PRJ_0004,2024-07-01,web,0,44
LEAD_0008144,CUS_003306,PRJ_0013,2025-11-07,walk_in,0,51
LEAD_0008145,CUS_003192,PRJ_0027,2023-11-20,campaign,3,54
LEAD_0008146,CUS_005216,PRJ_0008,2025-10-13,web,2,63
LEAD_0008147,CUS_004976,PRJ_0022,2025-02-05,campaign,2,50
LEAD_0008148,CUS_003570,PRJ_0015,2022-03-11,agency,0,61
LEAD_0008149,CUS_004311,PRJ_0023,2022-02-23,walk_in,1,43
LEAD_0008150,CUS_006441,PRJ_0008,2025-05-29,web,2,82
LEAD_0008151,CUS_002491,PRJ_0003,2022-03-28,web,1,100
LEAD_0008152,CUS_005400,PRJ_0020,2022-02-27,agency,0,55
LEAD_0008153,CUS_000524,PRJ_0004,2022-12-07,campaign,3,70
LEAD_0008154,CUS_006295,PRJ_0022,2024-05-16,web,1,54
LEAD_0008155,CUS_002929,PRJ_0006,2022-06-09,agency,0,46
LEAD_0008156,CUS_000638,PRJ_0014,2024-08-14,campaign,3,80
LEAD_0008157,CUS_000220,PRJ_0010,2021-11-16,agency,0,80
LEAD_0008158,CUS_000628,PRJ_0012,2025-07-25,agency,2,86
LEAD_0008159,CUS_000128,PRJ_0014,2022-03-31,agency,6,71
LEAD_0008160,CUS_006068,PRJ_0019,2022-03-24,agency,2,55
LEAD_0008161,CUS_001645,PRJ_0005,2022-06-10,campaign,3,83
LEAD_0008162,CUS_002278,PRJ_0012,2025-03-28,agency,1,65
LEAD_0008163,CUS_002325,PRJ_0002,2021-07-02,referral,3,65
LEAD_0008164,CUS_000411,PRJ_0028,2023-02-18,web,1,54
LEAD_0008165,CUS_000168,PRJ_0025,2024-12-09,referral,2,83
LEAD_0008166,CUS_001842,PRJ_0024,2021-03-07,web,4,81
LEAD_0008167,CUS_006328,PRJ_0028,2023-08-14,agency,2,79
LEAD_0008168,CUS_000865,PRJ_0015,2021-02-06,web,0,82
LEAD_0008169,CUS_006018,PRJ_0005,2023-08-11,walk_in,1,57
LEAD_0008170,CUS_005240,PRJ_0014,2024-11-15,web,2,54
LEAD_0008171,CUS_000608,PRJ_0015,2024-06-01,web,1,73
LEAD_0008172,CUS_006133,PRJ_0015,2021-03-25,walk_in,2,46
LEAD_0008173,CUS_003806,PRJ_0006,2021-12-06,web,1,55
LEAD_0008174,CUS_005173,PRJ_0015,2021-07-23,campaign,2,54
LEAD_0008175,CUS_003114,PRJ_0017,2023-02-01,web,2,54
LEAD_0008176,CUS_000757,PRJ_0003,2023-09-05,campaign,3,70
LEAD_0008177,CUS_004112,PRJ_0009,2022-07-12,agency,4,70
LEAD_0008178,CUS_004747,PRJ_0012,2024-05-01,referral,4,81
LEAD_0008179,CUS_003147,PRJ_0027,2021-02-27,agency,4,65
LEAD_0008180,CUS_000110,PRJ_0008,2021-07-24,referral,2,57
LEAD_0008181,CUS_001446,PRJ_0022,2021-06-07,referral,1,49
LEAD_0008182,CUS_001903,PRJ_0012,2023-12-21,referral,0,62
LEAD_0008183,CUS_000345,PRJ_0010,2021-03-10,agency,2,75
LEAD_0008184,CUS_000705,PRJ_0009,2022-04-02,walk_in,0,79
LEAD_0008185,CUS_001667,PRJ_0012,2025-12-05,walk_in,2,55
LEAD_0008186,CUS_005636,PRJ_0026,2022-07-06,walk_in,4,59
LEAD_0008187,CUS_002482,PRJ_0026,2022-03-30,campaign,3,65
LEAD_0008188,CUS_001944,PRJ_0005,2023-10-07,agency,1,88
LEAD_0008189,CUS_004776,PRJ_0014,2021-01-12,referral,1,76
LEAD_0008190,CUS_005933,PRJ_0025,2021-09-22,agency,1,74
LEAD_0008191,CUS_001168,PRJ_0005,2025-01-16,walk_in,2,61
LEAD_0008192,CUS_000048,PRJ_0015,2022-02-18,walk_in,3,57
LEAD_0008193,CUS_001995,PRJ_0012,2021-10-01,referral,0,51
LEAD_0008194,CUS_003089,PRJ_0021,2021-06-04,campaign,3,58
LEAD_0008195,CUS_003890,PRJ_0027,2023-03-28,campaign,2,72
LEAD_0008196,CUS_006052,PRJ_0024,2025-07-03,agency,5,66
LEAD_0008197,CUS_004759,PRJ_0022,2022-05-03,walk_in,2,53
LEAD_0008198,CUS_001693,PRJ_0009,2023-08-31,agency,2,71
LEAD_0008199,CUS_001636,PRJ_0004,2024-10-25,agency,2,54
LEAD_0008200,CUS_003609,PRJ_0005,2021-07-02,walk_in,1,45
LEAD_0008201,CUS_003802,PRJ_0021,2024-03-14,web,2,90
LEAD_0008202,CUS_001805,PRJ_0026,2021-05-13,web,2,49
LEAD_0008203,CUS_005463,PRJ_0015,2022-04-04,referral,0,62
LEAD_0008204,CUS_000813,PRJ_0007,2024-11-01,web,1,73
LEAD_0008205,CUS_002145,PRJ_0027,2021-12-01,campaign,3,50
LEAD_0008206,CUS_005597,PRJ_0007,2025-12-30,campaign,2,59
LEAD_0008207,CUS_002871,PRJ_0003,2023-03-15,agency,1,52
LEAD_0008208,CUS_001083,PRJ_0013,2022-08-20,referral,2,97
LEAD_0008209,CUS_002914,PRJ_0015,2023-02-06,web,0,53
LEAD_0008210,CUS_003551,PRJ_0004,2021-05-31,walk_in,1,56
LEAD_0008211,CUS_002545,PRJ_0026,2021-08-12,referral,5,92
LEAD_0008212,CUS_003554,PRJ_0010,2022-11-21,campaign,3,62
LEAD_0008213,CUS_002334,PRJ_0007,2024-10-28,web,1,48
LEAD_0008214,CUS_000092,PRJ_0016,2021-01-04,agency,2,46
LEAD_0008215,CUS_005775,PRJ_0004,2021-10-07,referral,4,82
LEAD_0008216,CUS_005671,PRJ_0025,2021-08-08,referral,1,86
LEAD_0008217,CUS_006215,PRJ_0009,2023-04-14,walk_in,1,87
LEAD_0008218,CUS_000563,PRJ_0002,2023-02-03,campaign,0,68
LEAD_0008219,CUS_006304,PRJ_0017,2024-02-10,web,3,58
LEAD_0008220,CUS_002288,PRJ_0026,2022-08-20,web,1,37
LEAD_0008221,CUS_001357,PRJ_0011,2021-11-18,referral,1,62
LEAD_0008222,CUS_001575,PRJ_0014,2024-03-22,web,3,68
LEAD_0008223,CUS_003704,PRJ_0020,2024-05-25,agency,3,64
LEAD_0008224,CUS_000720,PRJ_0024,2023-11-27,web,2,49
LEAD_0008225,CUS_002280,PRJ_0004,2024-02-23,agency,0,84
LEAD_0008226,CUS_003038,PRJ_0025,2022-12-16,campaign,4,58
LEAD_0008227,CUS_004426,PRJ_0026,2021-09-21,web,2,69
LEAD_0008228,CUS_005338,PRJ_0015,2025-09-08,web,1,68
LEAD_0008229,CUS_000664,PRJ_0016,2021-06-24,web,1,47
LEAD_0008230,CUS_006166,PRJ_0025,2024-12-25,referral,3,92
LEAD_0008231,CUS_003238,PRJ_0008,2023-05-05,referral,5,62
LEAD_0008232,CUS_000086,PRJ_0005,2023-08-15,web,1,63
LEAD_0008233,CUS_002319,PRJ_0001,2022-04-09,agency,2,58
LEAD_0008234,CUS_006400,PRJ_0025,2025-02-23,referral,0,68
LEAD_0008235,CUS_003023,PRJ_0007,2025-02-13,web,0,50
LEAD_0008236,CUS_004434,PRJ_0024,2024-05-25,web,2,72
LEAD_0008237,CUS_002217,PRJ_0014,2022-06-30,agency,1,78
LEAD_0008238,CUS_002607,PRJ_0016,2022-07-19,referral,0,61
LEAD_0008239,CUS_003114,PRJ_0005,2024-06-20,referral,2,59
LEAD_0008240,CUS_003303,PRJ_0018,2021-02-09,agency,3,58
LEAD_0008241,CUS_006304,PRJ_0023,2025-12-25,campaign,4,67
LEAD_0008242,CUS_002833,PRJ_0021,2021-03-30,web,2,83
LEAD_0008243,CUS_001309,PRJ_0022,2023-05-15,agency,4,74
LEAD_0008244,CUS_001611,PRJ_0028,2025-03-08,agency,3,81
LEAD_0008245,CUS_003049,PRJ_0007,2023-12-13,web,1,58
LEAD_0008246,CUS_005934,PRJ_0012,2023-03-23,web,2,48
LEAD_0008247,CUS_003306,PRJ_0003,2022-10-18,campaign,2,43
LEAD_0008248,CUS_000513,PRJ_0013,2022-01-20,web,2,60
LEAD_0008249,CUS_005817,PRJ_0020,2024-11-04,web,2,78
LEAD_0008250,CUS_003083,PRJ_0010,2024-06-23,web,2,41
LEAD_0008251,CUS_000951,PRJ_0023,2025-02-27,campaign,3,69
LEAD_0008252,CUS_005594,PRJ_0006,2024-10-29,campaign,2,57
LEAD_0008253,CUS_004268,PRJ_0023,2021-08-15,campaign,2,70
LEAD_0008254,CUS_002641,PRJ_0008,2021-01-26,web,1,72
LEAD_0008255,CUS_002658,PRJ_0008,2021-12-17,walk_in,2,50
LEAD_0008256,CUS_001780,PRJ_0019,2021-02-06,walk_in,3,69
LEAD_0008257,CUS_005642,PRJ_0016,2025-05-22,referral,2,62
LEAD_0008258,CUS_002628,PRJ_0002,2022-09-28,agency,3,60
LEAD_0008259,CUS_003256,PRJ_0018,2025-09-19,web,1,65
LEAD_0008260,CUS_006117,PRJ_0020,2021-08-25,referral,2,89
LEAD_0008261,CUS_001509,PRJ_0016,2024-04-27,web,2,68
LEAD_0008262,CUS_003999,PRJ_0027,2021-06-04,campaign,1,37
LEAD_0008263,CUS_002259,PRJ_0004,2024-07-05,web,3,68
LEAD_0008264,CUS_000970,PRJ_0007,2021-02-02,web,2,60
LEAD_0008265,CUS_006011,PRJ_0024,2021-06-05,agency,3,53
LEAD_0008266,CUS_004961,PRJ_0008,2022-04-23,web,0,51
LEAD_0008267,CUS_005437,PRJ_0009,2023-10-23,agency,3,80
LEAD_0008268,CUS_000118,PRJ_0026,2023-07-18,campaign,0,50
LEAD_0008269,CUS_003841,PRJ_0008,2024-03-08,web,1,71
LEAD_0008270,CUS_001229,PRJ_0027,2025-01-20,referral,2,72
LEAD_0008271,CUS_002052,PRJ_0018,2021-05-28,web,1,62
LEAD_0008272,CUS_003971,PRJ_0021,2023-09-10,agency,3,59
LEAD_0008273,CUS_001439,PRJ_0012,2022-05-03,agency,3,63
LEAD_0008274,CUS_000545,PRJ_0007,2023-06-27,web,2,47
LEAD_0008275,CUS_005454,PRJ_0017,2021-05-26,walk_in,3,60
LEAD_0008276,CUS_000223,PRJ_0015,2023-02-20,campaign,1,73
LEAD_0008277,CUS_002783,PRJ_0025,2022-10-16,web,3,60
LEAD_0008278,CUS_004058,PRJ_0024,2025-08-08,agency,1,57
LEAD_0008279,CUS_006009,PRJ_0006,2021-06-13,campaign,0,62
LEAD_0008280,CUS_006418,PRJ_0017,2021-07-04,web,0,66
LEAD_0008281,CUS_000954,PRJ_0003,2023-04-09,referral,3,67
LEAD_0008282,CUS_000802,PRJ_0007,2025-10-04,agency,5,97
LEAD_0008283,CUS_006425,PRJ_0002,2024-11-27,campaign,1,61
LEAD_0008284,CUS_006493,PRJ_0001,2022-08-09,walk_in,1,45
LEAD_0008285,CUS_001598,PRJ_0011,2024-07-28,web,3,84
LEAD_0008286,CUS_003266,PRJ_0012,2021-05-25,walk_in,0,43
LEAD_0008287,CUS_003167,PRJ_0003,2025-11-29,web,3,78
LEAD_0008288,CUS_005305,PRJ_0023,2021-11-26,agency,2,88
LEAD_0008289,CUS_005503,PRJ_0013,2021-10-28,web,1,46
LEAD_0008290,CUS_003957,PRJ_0001,2021-01-21,agency,0,73
LEAD_0008291,CUS_005057,PRJ_0023,2022-06-21,referral,1,73
LEAD_0008292,CUS_002516,PRJ_0011,2021-05-01,web,2,53
LEAD_0008293,CUS_003805,PRJ_0001,2025-08-25,web,5,50
LEAD_0008294,CUS_000829,PRJ_0023,2022-10-13,web,0,63
LEAD_0008295,CUS_001146,PRJ_0027,2023-08-26,web,1,51
LEAD_0008296,CUS_004132,PRJ_0021,2022-04-12,web,1,70
LEAD_0008297,CUS_000438,PRJ_0018,2021-10-02,web,2,64
LEAD_0008298,CUS_006215,PRJ_0001,2021-05-01,agency,0,100
LEAD_0008299,CUS_000451,PRJ_0022,2023-04-29,campaign,3,57
LEAD_0008300,CUS_001958,PRJ_0019,2022-09-09,referral,1,61
LEAD_0008301,CUS_003234,PRJ_0004,2023-10-11,web,2,65
LEAD_0008302,CUS_002908,PRJ_0002,2025-07-15,campaign,0,50
LEAD_0008303,CUS_004264,PRJ_0016,2025-11-11,referral,2,63
LEAD_0008304,CUS_003080,PRJ_0024,2025-08-16,campaign,8,71
LEAD_0008305,CUS_003022,PRJ_0003,2022-07-07,agency,3,62
LEAD_0008306,CUS_000724,PRJ_0001,2021-04-21,web,4,73
LEAD_0008307,CUS_001424,PRJ_0009,2023-08-26,web,3,59
LEAD_0008308,CUS_000130,PRJ_0003,2024-03-03,campaign,3,55
LEAD_0008309,CUS_004529,PRJ_0028,2021-08-11,campaign,0,67
LEAD_0008310,CUS_005897,PRJ_0013,2024-07-25,web,1,57
LEAD_0008311,CUS_003125,PRJ_0005,2021-04-07,referral,1,61
LEAD_0008312,CUS_004627,PRJ_0003,2022-03-02,agency,4,56
LEAD_0008313,CUS_006148,PRJ_0022,2025-09-23,agency,1,72
LEAD_0008314,CUS_006418,PRJ_0021,2024-10-07,referral,1,75
LEAD_0008315,CUS_000265,PRJ_0017,2024-12-02,campaign,2,43
LEAD_0008316,CUS_005942,PRJ_0021,2025-06-19,web,6,55
LEAD_0008317,CUS_003558,PRJ_0016,2022-08-28,walk_in,1,62
LEAD_0008318,CUS_005952,PRJ_0001,2024-01-25,agency,1,56
LEAD_0008319,CUS_004882,PRJ_0003,2024-05-11,campaign,2,63
LEAD_0008320,CUS_001121,PRJ_0014,2024-04-02,walk_in,4,97
LEAD_0008321,CUS_006018,PRJ_0001,2022-01-03,agency,0,42
LEAD_0008322,CUS_003502,PRJ_0007,2021-04-16,web,0,29
LEAD_0008323,CUS_003669,PRJ_0024,2022-10-28,web,3,74
LEAD_0008324,CUS_002602,PRJ_0018,2025-07-27,campaign,3,57
LEAD_0008325,CUS_005353,PRJ_0004,2024-03-06,agency,3,92
LEAD_0008326,CUS_004133,PRJ_0003,2022-11-08,referral,3,73
LEAD_0008327,CUS_004202,PRJ_0022,2022-11-10,referral,3,72
LEAD_0008328,CUS_005265,PRJ_0025,2023-12-29,web,2,48
LEAD_0008329,CUS_003824,PRJ_0017,2025-10-03,web,6,66
LEAD_0008330,CUS_006438,PRJ_0018,2022-06-20,agency,0,56
LEAD_0008331,CUS_003717,PRJ_0012,2023-02-08,agency,4,87
LEAD_0008332,CUS_000497,PRJ_0028,2025-12-24,web,2,55
LEAD_0008333,CUS_001280,PRJ_0025,2023-09-19,web,2,59
LEAD_0008334,CUS_004709,PRJ_0004,2023-06-30,web,3,63
LEAD_0008335,CUS_005801,PRJ_0026,2024-04-17,web,5,63
LEAD_0008336,CUS_005022,PRJ_0002,2024-10-16,web,4,72
LEAD_0008337,CUS_002274,PRJ_0005,2022-11-22,walk_in,1,44
LEAD_0008338,CUS_005173,PRJ_0006,2025-03-13,web,6,74
LEAD_0008339,CUS_001521,PRJ_0001,2022-03-10,web,2,60
LEAD_0008340,CUS_001695,PRJ_0028,2021-05-22,campaign,1,59
LEAD_0008341,CUS_004482,PRJ_0017,2023-09-18,referral,4,86
LEAD_0008342,CUS_000929,PRJ_0019,2023-12-24,web,0,46
LEAD_0008343,CUS_004876,PRJ_0018,2022-07-18,campaign,2,62
LEAD_0008344,CUS_002444,PRJ_0001,2022-06-04,walk_in,0,55
LEAD_0008345,CUS_003334,PRJ_0016,2023-05-06,web,1,62
LEAD_0008346,CUS_002701,PRJ_0025,2023-06-10,web,3,67
LEAD_0008347,CUS_005246,PRJ_0007,2024-12-12,walk_in,2,64
LEAD_0008348,CUS_005206,PRJ_0017,2024-03-05,agency,1,87
LEAD_0008349,CUS_002275,PRJ_0013,2025-03-09,web,0,54
LEAD_0008350,CUS_006464,PRJ_0006,2024-06-10,agency,3,77
LEAD_0008351,CUS_002917,PRJ_0010,2022-02-18,agency,2,58
LEAD_0008352,CUS_005648,PRJ_0011,2025-02-22,web,0,51
LEAD_0008353,CUS_002390,PRJ_0028,2022-02-27,web,0,85
LEAD_0008354,CUS_001620,PRJ_0021,2023-11-12,campaign,0,40
LEAD_0008355,CUS_005745,PRJ_0005,2022-03-15,web,2,38
LEAD_0008356,CUS_002809,PRJ_0017,2023-07-31,agency,2,100
LEAD_0008357,CUS_004114,PRJ_0025,2022-12-05,campaign,3,62
LEAD_0008358,CUS_005360,PRJ_0005,2023-08-04,web,1,62
LEAD_0008359,CUS_002656,PRJ_0010,2023-06-30,campaign,3,71
LEAD_0008360,CUS_002716,PRJ_0002,2023-02-09,agency,1,72
LEAD_0008361,CUS_006424,PRJ_0014,2024-12-01,campaign,4,61
LEAD_0008362,CUS_000781,PRJ_0007,2024-12-04,referral,2,64
LEAD_0008363,CUS_000322,PRJ_0011,2023-02-07,agency,3,60
LEAD_0008364,CUS_003130,PRJ_0019,2025-04-04,agency,2,64
LEAD_0008365,CUS_006218,PRJ_0008,2022-10-28,campaign,3,69
LEAD_0008366,CUS_004755,PRJ_0007,2023-11-20,campaign,3,67
LEAD_0008367,CUS_000368,PRJ_0011,2021-07-24,agency,1,54
LEAD_0008368,CUS_005144,PRJ_0008,2025-03-14,web,3,66
LEAD_0008369,CUS_000447,PRJ_0022,2021-11-11,campaign,3,63
LEAD_0008370,CUS_004955,PRJ_0023,2024-02-18,walk_in,2,46
LEAD_0008371,CUS_000135,PRJ_0006,2025-09-17,web,2,59
LEAD_0008372,CUS_001377,PRJ_0028,2022-09-14,agency,3,68
LEAD_0008373,CUS_003464,PRJ_0018,2022-01-21,web,2,56
LEAD_0008374,CUS_003489,PRJ_0003,2023-09-18,web,2,46
LEAD_0008375,CUS_002694,PRJ_0005,2025-04-02,web,1,34
LEAD_0008376,CUS_000934,PRJ_0023,2025-06-12,web,3,74
LEAD_0008377,CUS_005517,PRJ_0021,2022-02-16,web,3,62
LEAD_0008378,CUS_000664,PRJ_0016,2025-11-12,web,2,56
LEAD_0008379,CUS_005594,PRJ_0014,2023-12-04,campaign,0,59
LEAD_0008380,CUS_005540,PRJ_0014,2024-03-19,walk_in,2,68
LEAD_0008381,CUS_003130,PRJ_0005,2022-03-31,agency,1,60
LEAD_0008382,CUS_001726,PRJ_0007,2022-10-14,walk_in,3,70
LEAD_0008383,CUS_002795,PRJ_0022,2021-07-20,campaign,0,52
LEAD_0008384,CUS_004675,PRJ_0028,2024-09-26,web,2,64
LEAD_0008385,CUS_004703,PRJ_0011,2022-10-08,agency,1,68
LEAD_0008386,CUS_004875,PRJ_0007,2024-01-20,campaign,1,70
LEAD_0008387,CUS_000863,PRJ_0020,2024-11-12,web,1,47
LEAD_0008388,CUS_001395,PRJ_0028,2024-01-08,agency,4,49
LEAD_0008389,CUS_003525,PRJ_0009,2021-10-30,agency,2,57
LEAD_0008390,CUS_000276,PRJ_0020,2021-08-18,campaign,0,57
LEAD_0008391,CUS_003455,PRJ_0015,2023-03-22,web,3,60
LEAD_0008392,CUS_002184,PRJ_0024,2023-03-02,campaign,1,41
LEAD_0008393,CUS_002823,PRJ_0015,2022-08-28,web,2,74
LEAD_0008394,CUS_003288,PRJ_0010,2021-04-15,web,2,62
LEAD_0008395,CUS_002559,PRJ_0001,2021-11-30,web,3,60
LEAD_0008396,CUS_002349,PRJ_0013,2023-09-05,agency,5,85
LEAD_0008397,CUS_002897,PRJ_0020,2025-09-22,referral,0,63
LEAD_0008398,CUS_001988,PRJ_0024,2022-02-17,web,1,59
LEAD_0008399,CUS_003608,PRJ_0012,2021-03-09,web,0,53
LEAD_0008400,CUS_000178,PRJ_0026,2021-10-30,web,2,52
LEAD_0008401,CUS_000002,PRJ_0023,2023-12-20,web,1,65
LEAD_0008402,CUS_003733,PRJ_0010,2021-11-30,campaign,2,66
LEAD_0008403,CUS_002187,PRJ_0022,2021-09-22,walk_in,6,64
LEAD_0008404,CUS_003074,PRJ_0012,2025-03-18,walk_in,2,71
LEAD_0008405,CUS_002458,PRJ_0017,2023-11-29,web,1,60
LEAD_0008406,CUS_005846,PRJ_0002,2025-09-11,web,0,58
LEAD_0008407,CUS_003236,PRJ_0026,2024-10-14,web,0,64
LEAD_0008408,CUS_000874,PRJ_0021,2022-07-22,web,2,47
LEAD_0008409,CUS_002285,PRJ_0020,2023-11-22,web,1,64
LEAD_0008410,CUS_003266,PRJ_0021,2022-08-31,agency,1,58
LEAD_0008411,CUS_001627,PRJ_0002,2021-02-05,campaign,2,55
LEAD_0008412,CUS_003427,PRJ_0021,2023-03-07,referral,1,69
LEAD_0008413,CUS_006097,PRJ_0006,2025-11-04,referral,1,70
LEAD_0008414,CUS_003298,PRJ_0004,2024-12-26,agency,2,62
LEAD_0008415,CUS_000169,PRJ_0001,2021-01-15,agency,2,58
LEAD_0008416,CUS_000468,PRJ_0001,2022-10-10,walk_in,0,50
LEAD_0008417,CUS_004591,PRJ_0028,2024-06-08,web,2,83
LEAD_0008418,CUS_001111,PRJ_0021,2024-05-23,agency,4,80
LEAD_0008419,CUS_004189,PRJ_0014,2022-03-21,web,2,61
LEAD_0008420,CUS_000256,PRJ_0006,2023-01-05,agency,1,52
LEAD_0008421,CUS_002143,PRJ_0018,2024-09-04,web,2,70
LEAD_0008422,CUS_001359,PRJ_0016,2025-10-02,agency,0,70
LEAD_0008423,CUS_003781,PRJ_0018,2022-08-14,agency,2,60
LEAD_0008424,CUS_003105,PRJ_0012,2021-06-22,campaign,5,66
LEAD_0008425,CUS_003550,PRJ_0002,2024-02-23,web,2,62
LEAD_0008426,CUS_004915,PRJ_0014,2023-02-02,walk_in,4,64
LEAD_0008427,CUS_001280,PRJ_0004,2023-11-12,campaign,9,68
LEAD_0008428,CUS_002283,PRJ_0020,2022-06-20,agency,2,71
LEAD_0008429,CUS_003956,PRJ_0022,2023-12-21,referral,3,64
LEAD_0008430,CUS_002165,PRJ_0026,2021-10-10,agency,1,51
LEAD_0008431,CUS_000858,PRJ_0007,2021-04-18,web,1,71
LEAD_0008432,CUS_002935,PRJ_0017,2025-04-21,web,1,78
LEAD_0008433,CUS_003316,PRJ_0009,2021-02-25,web,3,55
LEAD_0008434,CUS_003910,PRJ_0021,2022-12-18,walk_in,2,51
LEAD_0008435,CUS_005573,PRJ_0026,2023-01-24,web,1,80
LEAD_0008436,CUS_004359,PRJ_0028,2023-05-07,walk_in,2,68
LEAD_0008437,CUS_004896,PRJ_0027,2025-09-12,campaign,1,85
LEAD_0008438,CUS_002383,PRJ_0012,2022-12-04,campaign,0,74
LEAD_0008439,CUS_005572,PRJ_0019,2024-03-02,agency,0,45
LEAD_0008440,CUS_001580,PRJ_0020,2023-05-17,referral,6,75
LEAD_0008441,CUS_000629,PRJ_0024,2024-04-06,web,2,62
LEAD_0008442,CUS_003386,PRJ_0017,2025-11-15,web,0,46
LEAD_0008443,CUS_003665,PRJ_0002,2025-07-22,campaign,2,91
LEAD_0008444,CUS_004174,PRJ_0002,2025-08-07,campaign,4,71
LEAD_0008445,CUS_003830,PRJ_0009,2024-12-31,walk_in,3,59
LEAD_0008446,CUS_001815,PRJ_0006,2024-03-08,web,2,71
LEAD_0008447,CUS_001595,PRJ_0009,2024-02-07,web,3,89
LEAD_0008448,CUS_000350,PRJ_0013,2023-12-11,agency,1,76
LEAD_0008449,CUS_003449,PRJ_0014,2022-01-16,web,3,72
LEAD_0008450,CUS_005456,PRJ_0012,2025-01-04,web,4,60
LEAD_0008451,CUS_004234,PRJ_0025,2024-06-17,agency,0,61
LEAD_0008452,CUS_005822,PRJ_0002,2024-05-14,walk_in,2,58
LEAD_0008453,CUS_002423,PRJ_0011,2024-06-30,web,0,60
LEAD_0008454,CUS_004575,PRJ_0023,2024-07-23,web,3,60
LEAD_0008455,CUS_002943,PRJ_0025,2021-10-25,web,2,51
LEAD_0008456,CUS_005111,PRJ_0006,2025-06-18,web,1,61
LEAD_0008457,CUS_001031,PRJ_0018,2021-12-28,agency,2,65
LEAD_0008458,CUS_006492,PRJ_0009,2024-03-01,web,1,54
LEAD_0008459,CUS_004740,PRJ_0027,2023-07-02,web,1,72
LEAD_0008460,CUS_001287,PRJ_0015,2022-01-28,walk_in,1,54
LEAD_0008461,CUS_006102,PRJ_0010,2025-07-20,referral,1,56
LEAD_0008462,CUS_001298,PRJ_0001,2022-12-17,web,0,59
LEAD_0008463,CUS_006010,PRJ_0021,2025-02-03,web,1,59
LEAD_0008464,CUS_004126,PRJ_0003,2023-01-04,web,2,62
LEAD_0008465,CUS_003155,PRJ_0024,2025-08-19,agency,1,70
LEAD_0008466,CUS_006422,PRJ_0021,2021-02-23,campaign,1,52
LEAD_0008467,CUS_001960,PRJ_0018,2025-06-23,agency,2,67
LEAD_0008468,CUS_003752,PRJ_0011,2025-09-02,campaign,3,60
LEAD_0008469,CUS_002445,PRJ_0002,2025-03-24,campaign,1,68
LEAD_0008470,CUS_006095,PRJ_0017,2023-11-10,web,1,76
LEAD_0008471,CUS_000355,PRJ_0007,2025-12-07,web,2,66
LEAD_0008472,CUS_006203,PRJ_0014,2022-08-23,web,3,54
LEAD_0008473,CUS_004985,PRJ_0010,2024-06-10,web,2,69
LEAD_0008474,CUS_005503,PRJ_0018,2023-11-05,campaign,2,57
LEAD_0008475,CUS_002871,PRJ_0026,2021-11-05,walk_in,3,55
LEAD_0008476,CUS_003668,PRJ_0021,2023-12-04,walk_in,0,58
LEAD_0008477,CUS_005103,PRJ_0011,2022-12-24,agency,2,60
LEAD_0008478,CUS_004591,PRJ_0001,2021-09-06,walk_in,2,74
LEAD_0008479,CUS_003420,PRJ_0012,2022-07-09,web,3,72
LEAD_0008480,CUS_004374,PRJ_0022,2021-01-06,agency,1,61
LEAD_0008481,CUS_002618,PRJ_0028,2025-11-30,referral,0,59
LEAD_0008482,CUS_003205,PRJ_0025,2021-02-08,web,2,62
LEAD_0008483,CUS_002116,PRJ_0007,2023-04-17,agency,2,48
LEAD_0008484,CUS_000925,PRJ_0021,2021-02-25,agency,4,60
LEAD_0008485,CUS_003759,PRJ_0002,2023-03-09,campaign,3,45
LEAD_0008486,CUS_000418,PRJ_0011,2024-05-31,agency,2,67
LEAD_0008487,CUS_001348,PRJ_0023,2023-12-10,campaign,2,47
LEAD_0008488,CUS_000083,PRJ_0005,2023-08-16,agency,2,69
LEAD_0008489,CUS_004062,PRJ_0005,2021-08-30,agency,1,60
LEAD_0008490,CUS_003607,PRJ_0026,2023-06-13,web,1,64
LEAD_0008491,CUS_002462,PRJ_0007,2021-11-19,web,2,60
LEAD_0008492,CUS_002552,PRJ_0011,2023-08-20,campaign,6,67
LEAD_0008493,CUS_006246,PRJ_0004,2022-07-31,web,2,50
LEAD_0008494,CUS_000664,PRJ_0018,2023-05-11,agency,4,86
LEAD_0008495,CUS_005231,PRJ_0012,2021-11-15,web,1,53
LEAD_0008496,CUS_004826,PRJ_0025,2022-05-23,web,1,58
LEAD_0008497,CUS_000981,PRJ_0015,2023-12-22,web,1,89
LEAD_0008498,CUS_004050,PRJ_0005,2022-03-03,referral,2,66
LEAD_0008499,CUS_005819,PRJ_0021,2023-07-14,agency,2,89
LEAD_0008500,CUS_003005,PRJ_0005,2025-07-08,campaign,2,64
LEAD_0008501,CUS_005391,PRJ_0008,2021-01-02,walk_in,2,92
LEAD_0008502,CUS_006175,PRJ_0001,2024-07-22,agency,0,71
LEAD_0008503,CUS_000179,PRJ_0018,2024-01-14,referral,0,82
LEAD_0008504,CUS_002719,PRJ_0028,2025-10-17,agency,3,60
LEAD_0008505,CUS_005428,PRJ_0005,2025-11-22,agency,4,100
LEAD_0008506,CUS_003289,PRJ_0019,2025-01-27,web,2,75
LEAD_0008507,CUS_002481,PRJ_0020,2025-04-09,agency,1,70
LEAD_0008508,CUS_005726,PRJ_0025,2023-12-06,agency,2,75
LEAD_0008509,CUS_006437,PRJ_0001,2023-01-20,referral,1,71
LEAD_0008510,CUS_005991,PRJ_0018,2024-07-11,agency,1,56
LEAD_0008511,CUS_004418,PRJ_0020,2021-10-25,walk_in,3,49
LEAD_0008512,CUS_003791,PRJ_0021,2024-06-17,agency,2,68
LEAD_0008513,CUS_003567,PRJ_0023,2023-12-03,web,2,61
LEAD_0008514,CUS_003339,PRJ_0021,2021-11-30,campaign,1,57
LEAD_0008515,CUS_004762,PRJ_0026,2022-08-17,web,1,75
LEAD_0008516,CUS_001133,PRJ_0003,2021-12-21,referral,5,75
LEAD_0008517,CUS_002814,PRJ_0022,2021-10-08,walk_in,5,63
LEAD_0008518,CUS_000156,PRJ_0004,2022-12-19,web,2,74
LEAD_0008519,CUS_000278,PRJ_0008,2025-08-01,agency,3,55
LEAD_0008520,CUS_005433,PRJ_0006,2021-12-19,web,1,49
LEAD_0008521,CUS_006040,PRJ_0028,2021-07-10,walk_in,4,60
LEAD_0008522,CUS_002201,PRJ_0004,2025-10-26,web,1,58
LEAD_0008523,CUS_004629,PRJ_0014,2023-04-13,campaign,1,61
LEAD_0008524,CUS_005897,PRJ_0005,2022-07-09,agency,1,66
LEAD_0008525,CUS_000295,PRJ_0026,2024-02-12,agency,3,72
LEAD_0008526,CUS_003315,PRJ_0023,2025-06-27,web,3,61
LEAD_0008527,CUS_002577,PRJ_0014,2025-01-26,web,2,65
LEAD_0008528,CUS_001750,PRJ_0014,2022-02-04,agency,2,48
LEAD_0008529,CUS_002463,PRJ_0004,2023-12-31,web,2,86
LEAD_0008530,CUS_000553,PRJ_0005,2023-02-17,agency,2,72
LEAD_0008531,CUS_003662,PRJ_0002,2024-03-04,web,2,68
LEAD_0008532,CUS_002966,PRJ_0026,2021-08-13,web,1,73
LEAD_0008533,CUS_001411,PRJ_0004,2025-03-08,web,1,47
LEAD_0008534,CUS_006413,PRJ_0013,2025-01-23,web,3,65
LEAD_0008535,CUS_006109,PRJ_0021,2024-01-23,web,1,66
LEAD_0008536,CUS_004723,PRJ_0027,2021-06-22,referral,0,67
LEAD_0008537,CUS_005246,PRJ_0013,2025-07-07,walk_in,3,58
LEAD_0008538,CUS_003158,PRJ_0004,2024-06-18,agency,0,59
LEAD_0008539,CUS_004626,PRJ_0008,2022-07-08,campaign,4,64
LEAD_0008540,CUS_000528,PRJ_0001,2024-03-04,web,3,55
LEAD_0008541,CUS_002191,PRJ_0005,2023-04-29,referral,3,79
LEAD_0008542,CUS_003092,PRJ_0025,2024-03-30,web,1,51
LEAD_0008543,CUS_005884,PRJ_0008,2023-11-18,web,2,68
LEAD_0008544,CUS_001126,PRJ_0009,2022-01-28,campaign,5,71
LEAD_0008545,CUS_003607,PRJ_0015,2023-04-21,campaign,1,77
LEAD_0008546,CUS_003188,PRJ_0016,2023-09-12,campaign,0,64
LEAD_0008547,CUS_000111,PRJ_0025,2023-05-09,agency,2,99
LEAD_0008548,CUS_001067,PRJ_0011,2023-09-17,walk_in,0,52
LEAD_0008549,CUS_002108,PRJ_0026,2021-03-21,web,1,45
LEAD_0008550,CUS_000200,PRJ_0027,2025-06-13,web,2,65
LEAD_0008551,CUS_005552,PRJ_0012,2022-12-11,agency,3,82
LEAD_0008552,CUS_006167,PRJ_0002,2024-04-26,referral,1,68
LEAD_0008553,CUS_005449,PRJ_0013,2023-12-03,web,1,58
LEAD_0008554,CUS_004761,PRJ_0010,2025-07-24,referral,8,62
LEAD_0008555,CUS_004619,PRJ_0003,2025-03-30,web,4,65
LEAD_0008556,CUS_005852,PRJ_0016,2024-11-07,referral,4,66
LEAD_0008557,CUS_002831,PRJ_0018,2023-10-30,web,2,91
LEAD_0008558,CUS_001659,PRJ_0028,2023-07-28,walk_in,2,61
LEAD_0008559,CUS_002036,PRJ_0016,2022-09-27,campaign,5,69
LEAD_0008560,CUS_003386,PRJ_0003,2022-09-21,walk_in,3,46
LEAD_0008561,CUS_001633,PRJ_0001,2021-10-31,agency,6,72
LEAD_0008562,CUS_002755,PRJ_0001,2022-10-05,web,3,65
LEAD_0008563,CUS_001350,PRJ_0015,2024-11-23,agency,2,73
LEAD_0008564,CUS_001944,PRJ_0022,2023-10-24,web,1,66
LEAD_0008565,CUS_004355,PRJ_0020,2023-05-23,agency,1,63
LEAD_0008566,CUS_003389,PRJ_0009,2025-02-27,walk_in,2,74
LEAD_0008567,CUS_003113,PRJ_0013,2024-05-01,walk_in,1,56
LEAD_0008568,CUS_006364,PRJ_0011,2023-02-13,web,3,96
LEAD_0008569,CUS_004964,PRJ_0003,2021-10-22,agency,1,57
LEAD_0008570,CUS_002488,PRJ_0024,2025-10-19,campaign,1,58
LEAD_0008571,CUS_001439,PRJ_0009,2022-02-25,web,1,64
LEAD_0008572,CUS_001838,PRJ_0011,2024-09-19,agency,2,73
LEAD_0008573,CUS_000636,PRJ_0020,2021-02-08,agency,1,46
LEAD_0008574,CUS_000218,PRJ_0020,2024-11-24,web,0,63
LEAD_0008575,CUS_001209,PRJ_0018,2024-07-20,campaign,2,53
LEAD_0008576,CUS_000210,PRJ_0007,2024-03-11,agency,1,63
LEAD_0008577,CUS_005102,PRJ_0010,2022-02-24,campaign,0,75
LEAD_0008578,CUS_003250,PRJ_0021,2025-06-24,referral,0,56
LEAD_0008579,CUS_003612,PRJ_0008,2022-10-10,campaign,1,79
LEAD_0008580,CUS_003974,PRJ_0019,2022-05-10,web,2,56
LEAD_0008581,CUS_002486,PRJ_0012,2021-09-19,agency,1,81
LEAD_0008582,CUS_005344,PRJ_0018,2023-10-06,walk_in,3,58
LEAD_0008583,CUS_000575,PRJ_0027,2024-11-26,walk_in,2,58
LEAD_0008584,CUS_002173,PRJ_0021,2021-12-05,web,0,47
LEAD_0008585,CUS_003498,PRJ_0020,2023-06-14,web,2,63
LEAD_0008586,CUS_004295,PRJ_0014,2025-06-20,walk_in,2,49
LEAD_0008587,CUS_003686,PRJ_0028,2024-08-19,referral,4,70
LEAD_0008588,CUS_000034,PRJ_0006,2022-03-29,web,1,39
LEAD_0008589,CUS_001565,PRJ_0019,2023-01-06,referral,3,78
LEAD_0008590,CUS_000309,PRJ_0015,2021-07-20,referral,2,68
LEAD_0008591,CUS_001052,PRJ_0002,2021-05-13,campaign,3,51
LEAD_0008592,CUS_005389,PRJ_0002,2024-07-16,web,0,50
LEAD_0008593,CUS_002169,PRJ_0021,2021-07-19,agency,3,59
LEAD_0008594,CUS_001175,PRJ_0023,2024-04-09,web,0,93
LEAD_0008595,CUS_000192,PRJ_0004,2025-05-19,campaign,3,57
LEAD_0008596,CUS_004822,PRJ_0025,2021-06-12,walk_in,1,26
LEAD_0008597,CUS_004143,PRJ_0002,2022-02-02,campaign,2,30
LEAD_0008598,CUS_005321,PRJ_0003,2021-03-21,referral,1,76
LEAD_0008599,CUS_005307,PRJ_0024,2024-02-12,referral,2,83
LEAD_0008600,CUS_006313,PRJ_0016,2022-05-04,campaign,1,37
LEAD_0008601,CUS_001822,PRJ_0010,2023-12-03,web,2,79
LEAD_0008602,CUS_001284,PRJ_0009,2024-10-15,web,6,65
LEAD_0008603,CUS_001404,PRJ_0026,2022-11-03,campaign,2,51
LEAD_0008604,CUS_005410,PRJ_0010,2021-10-16,agency,0,70
LEAD_0008605,CUS_005084,PRJ_0011,2021-05-16,agency,4,86
LEAD_0008606,CUS_001528,PRJ_0007,2023-12-14,agency,2,58
LEAD_0008607,CUS_004525,PRJ_0020,2021-04-29,agency,0,57
LEAD_0008608,CUS_001201,PRJ_0012,2024-06-15,walk_in,2,55
LEAD_0008609,CUS_002498,PRJ_0024,2021-04-17,web,2,51
LEAD_0008610,CUS_004042,PRJ_0025,2022-05-30,referral,5,64
LEAD_0008611,CUS_006385,PRJ_0019,2025-01-03,agency,2,57
LEAD_0008612,CUS_000953,PRJ_0018,2025-01-03,walk_in,7,81
LEAD_0008613,CUS_001258,PRJ_0007,2022-06-04,agency,3,58
LEAD_0008614,CUS_004382,PRJ_0028,2023-06-07,agency,1,63
LEAD_0008615,CUS_002615,PRJ_0027,2024-01-24,web,1,55
LEAD_0008616,CUS_005091,PRJ_0012,2023-11-10,campaign,3,66
LEAD_0008617,CUS_001208,PRJ_0025,2025-06-04,web,3,64
LEAD_0008618,CUS_005668,PRJ_0021,2023-08-28,campaign,1,57
LEAD_0008619,CUS_002679,PRJ_0004,2024-01-29,agency,1,56
LEAD_0008620,CUS_000776,PRJ_0004,2024-05-05,web,3,54
LEAD_0008621,CUS_006142,PRJ_0011,2022-12-04,web,1,68
LEAD_0008622,CUS_000696,PRJ_0010,2025-03-13,referral,5,92
LEAD_0008623,CUS_002783,PRJ_0013,2021-10-28,referral,2,61
LEAD_0008624,CUS_003618,PRJ_0017,2024-07-20,web,0,50
LEAD_0008625,CUS_004003,PRJ_0015,2021-10-18,web,3,56
LEAD_0008626,CUS_004348,PRJ_0016,2022-02-13,web,1,51
LEAD_0008627,CUS_006107,PRJ_0027,2024-12-23,referral,0,73
LEAD_0008628,CUS_004825,PRJ_0014,2024-03-10,web,3,69
LEAD_0008629,CUS_000833,PRJ_0027,2024-02-17,web,0,51
LEAD_0008630,CUS_000875,PRJ_0026,2022-10-21,web,3,49
LEAD_0008631,CUS_005356,PRJ_0023,2025-09-25,agency,2,63
LEAD_0008632,CUS_004523,PRJ_0016,2022-08-13,agency,1,73
LEAD_0008633,CUS_002808,PRJ_0017,2021-10-14,referral,3,61
LEAD_0008634,CUS_003641,PRJ_0026,2022-09-06,campaign,2,56
LEAD_0008635,CUS_006183,PRJ_0011,2021-09-28,web,1,58
LEAD_0008636,CUS_001568,PRJ_0001,2025-11-23,web,2,47
LEAD_0008637,CUS_005607,PRJ_0020,2025-08-15,campaign,2,54
LEAD_0008638,CUS_001614,PRJ_0024,2024-11-11,agency,2,72
LEAD_0008639,CUS_003213,PRJ_0023,2024-08-25,agency,0,78
LEAD_0008640,CUS_006323,PRJ_0004,2021-06-04,web,2,35
LEAD_0008641,CUS_001600,PRJ_0021,2022-12-03,campaign,4,74
LEAD_0008642,CUS_005113,PRJ_0017,2022-06-18,web,2,45
LEAD_0008643,CUS_000623,PRJ_0002,2021-06-07,walk_in,2,55
LEAD_0008644,CUS_001613,PRJ_0019,2025-03-16,campaign,2,44
LEAD_0008645,CUS_001338,PRJ_0014,2025-08-25,web,3,66
LEAD_0008646,CUS_000876,PRJ_0026,2024-06-07,web,3,75
LEAD_0008647,CUS_000753,PRJ_0027,2021-11-28,referral,0,47
LEAD_0008648,CUS_004906,PRJ_0009,2025-04-27,walk_in,2,70
LEAD_0008649,CUS_004428,PRJ_0003,2024-08-28,web,1,71
LEAD_0008650,CUS_001974,PRJ_0007,2021-06-03,campaign,0,49
LEAD_0008651,CUS_004978,PRJ_0026,2024-06-15,agency,2,46
LEAD_0008652,CUS_000045,PRJ_0025,2021-06-02,web,4,71
LEAD_0008653,CUS_001495,PRJ_0001,2022-09-24,campaign,2,68
LEAD_0008654,CUS_004173,PRJ_0010,2021-03-16,agency,2,50
LEAD_0008655,CUS_005294,PRJ_0012,2024-10-18,campaign,3,56
LEAD_0008656,CUS_003328,PRJ_0021,2023-11-22,web,1,42
LEAD_0008657,CUS_002264,PRJ_0003,2023-04-06,referral,1,66
LEAD_0008658,CUS_001354,PRJ_0002,2025-01-01,web,2,47
LEAD_0008659,CUS_003334,PRJ_0013,2024-12-20,web,5,44
LEAD_0008660,CUS_005969,PRJ_0002,2023-12-28,campaign,3,76
LEAD_0008661,CUS_006203,PRJ_0004,2021-01-04,web,1,47
LEAD_0008662,CUS_004866,PRJ_0022,2025-12-22,agency,2,42
LEAD_0008663,CUS_000021,PRJ_0025,2025-07-21,agency,1,60
LEAD_0008664,CUS_001390,PRJ_0001,2023-05-18,referral,1,76
LEAD_0008665,CUS_002610,PRJ_0025,2025-05-10,campaign,2,73
LEAD_0008666,CUS_006464,PRJ_0010,2022-09-29,agency,2,64
LEAD_0008667,CUS_004714,PRJ_0002,2021-12-17,agency,1,51
LEAD_0008668,CUS_002226,PRJ_0006,2022-09-24,web,1,85
LEAD_0008669,CUS_003301,PRJ_0011,2024-12-25,web,1,59
LEAD_0008670,CUS_001651,PRJ_0018,2021-03-21,walk_in,3,45
LEAD_0008671,CUS_004552,PRJ_0010,2025-07-11,web,2,58
LEAD_0008672,CUS_000650,PRJ_0009,2025-06-22,agency,1,48
LEAD_0008673,CUS_000343,PRJ_0014,2021-07-15,walk_in,1,56
LEAD_0008674,CUS_004243,PRJ_0008,2022-12-11,walk_in,4,49
LEAD_0008675,CUS_003328,PRJ_0007,2024-12-17,walk_in,2,48
LEAD_0008676,CUS_003882,PRJ_0025,2025-11-07,campaign,0,55
LEAD_0008677,CUS_001866,PRJ_0012,2025-01-29,web,3,76
LEAD_0008678,CUS_002881,PRJ_0001,2021-10-18,referral,2,76
LEAD_0008679,CUS_004102,PRJ_0026,2022-07-12,walk_in,2,65
LEAD_0008680,CUS_002887,PRJ_0006,2022-10-24,web,0,74
LEAD_0008681,CUS_005328,PRJ_0010,2022-05-09,web,4,80
LEAD_0008682,CUS_003432,PRJ_0018,2023-06-20,campaign,1,62
LEAD_0008683,CUS_001440,PRJ_0010,2023-11-06,web,3,65
LEAD_0008684,CUS_000525,PRJ_0003,2024-02-25,web,2,82
LEAD_0008685,CUS_000113,PRJ_0007,2021-08-24,web,4,57
LEAD_0008686,CUS_003037,PRJ_0021,2021-07-25,web,1,62
LEAD_0008687,CUS_005586,PRJ_0019,2024-09-15,walk_in,1,68
LEAD_0008688,CUS_005932,PRJ_0023,2025-10-25,agency,1,62
LEAD_0008689,CUS_005122,PRJ_0013,2023-05-27,web,2,52
LEAD_0008690,CUS_005437,PRJ_0027,2025-01-15,referral,2,57
LEAD_0008691,CUS_002071,PRJ_0010,2021-07-14,web,0,49
LEAD_0008692,CUS_004220,PRJ_0024,2022-02-02,web,2,70
LEAD_0008693,CUS_003305,PRJ_0007,2025-08-22,web,3,62
LEAD_0008694,CUS_006009,PRJ_0022,2025-04-08,agency,1,88
LEAD_0008695,CUS_000161,PRJ_0021,2023-03-29,web,2,79
LEAD_0008696,CUS_006343,PRJ_0005,2025-12-03,referral,1,40
LEAD_0008697,CUS_002394,PRJ_0005,2025-01-15,agency,2,66
LEAD_0008698,CUS_004617,PRJ_0001,2023-05-17,agency,1,70
LEAD_0008699,CUS_002663,PRJ_0027,2022-02-05,agency,1,54
LEAD_0008700,CUS_000733,PRJ_0014,2022-12-29,web,3,61
LEAD_0008701,CUS_005688,PRJ_0016,2023-10-18,agency,1,77
LEAD_0008702,CUS_000331,PRJ_0021,2021-11-12,web,3,74
LEAD_0008703,CUS_000717,PRJ_0016,2022-01-26,web,2,57
LEAD_0008704,CUS_005142,PRJ_0003,2023-01-30,referral,1,58
LEAD_0008705,CUS_005585,PRJ_0016,2022-04-27,referral,0,62
LEAD_0008706,CUS_003760,PRJ_0026,2022-10-18,campaign,0,41
LEAD_0008707,CUS_001122,PRJ_0003,2025-07-24,agency,1,70
LEAD_0008708,CUS_003780,PRJ_0016,2024-04-28,web,1,53
LEAD_0008709,CUS_003429,PRJ_0026,2024-04-05,web,1,51
LEAD_0008710,CUS_003555,PRJ_0007,2025-01-08,agency,0,46
LEAD_0008711,CUS_000731,PRJ_0011,2023-10-01,web,2,66
LEAD_0008712,CUS_000280,PRJ_0023,2023-06-28,agency,2,72
LEAD_0008713,CUS_003378,PRJ_0005,2022-02-16,web,1,55
LEAD_0008714,CUS_000562,PRJ_0005,2025-12-29,campaign,5,65
LEAD_0008715,CUS_006338,PRJ_0014,2024-08-11,referral,4,96
LEAD_0008716,CUS_001474,PRJ_0001,2024-05-29,agency,5,77
LEAD_0008717,CUS_005466,PRJ_0010,2022-09-08,campaign,4,68
LEAD_0008718,CUS_003966,PRJ_0009,2021-12-29,web,0,50
LEAD_0008719,CUS_002974,PRJ_0018,2024-06-25,referral,0,50
LEAD_0008720,CUS_003625,PRJ_0018,2023-02-24,web,2,73
LEAD_0008721,CUS_000506,PRJ_0001,2024-01-24,referral,1,54
LEAD_0008722,CUS_000045,PRJ_0020,2021-08-03,agency,2,69
LEAD_0008723,CUS_002475,PRJ_0011,2025-03-29,web,0,50
LEAD_0008724,CUS_002577,PRJ_0009,2024-11-06,web,0,57
LEAD_0008725,CUS_002311,PRJ_0016,2024-12-02,web,1,60
LEAD_0008726,CUS_000956,PRJ_0001,2024-10-13,agency,2,59
LEAD_0008727,CUS_001246,PRJ_0022,2022-02-21,web,4,68
LEAD_0008728,CUS_002315,PRJ_0017,2021-02-05,agency,1,71
LEAD_0008729,CUS_005239,PRJ_0001,2023-12-21,campaign,1,59
LEAD_0008730,CUS_003208,PRJ_0015,2023-09-14,web,3,77
LEAD_0008731,CUS_002447,PRJ_0025,2023-07-05,agency,1,79
LEAD_0008732,CUS_002929,PRJ_0013,2023-02-02,agency,3,54
LEAD_0008733,CUS_001762,PRJ_0015,2024-01-19,agency,1,70
LEAD_0008734,CUS_005252,PRJ_0017,2023-09-12,agency,2,82
LEAD_0008735,CUS_004967,PRJ_0002,2024-10-10,referral,0,59
LEAD_0008736,CUS_000542,PRJ_0011,2025-04-30,agency,1,86
LEAD_0008737,CUS_001793,PRJ_0007,2021-11-15,agency,2,58
LEAD_0008738,CUS_001409,PRJ_0026,2023-11-05,agency,3,71
LEAD_0008739,CUS_006200,PRJ_0001,2023-08-17,web,3,46
LEAD_0008740,CUS_003241,PRJ_0025,2023-12-30,walk_in,5,70
LEAD_0008741,CUS_002318,PRJ_0015,2021-11-22,web,3,63
LEAD_0008742,CUS_004857,PRJ_0016,2021-12-16,web,0,44
LEAD_0008743,CUS_002288,PRJ_0008,2022-08-01,agency,4,67
LEAD_0008744,CUS_005709,PRJ_0009,2023-05-25,web,3,92
LEAD_0008745,CUS_001773,PRJ_0001,2022-08-05,web,0,45
LEAD_0008746,CUS_003170,PRJ_0006,2022-12-16,campaign,0,52
LEAD_0008747,CUS_000050,PRJ_0004,2021-06-28,referral,4,55
LEAD_0008748,CUS_005978,PRJ_0016,2023-08-29,agency,2,57
LEAD_0008749,CUS_004447,PRJ_0020,2021-12-14,referral,3,68
LEAD_0008750,CUS_003855,PRJ_0021,2025-02-09,agency,2,67
LEAD_0008751,CUS_004048,PRJ_0002,2023-08-27,campaign,3,73
LEAD_0008752,CUS_005438,PRJ_0015,2022-07-30,referral,1,64
LEAD_0008753,CUS_003662,PRJ_0022,2022-08-09,agency,1,57
LEAD_0008754,CUS_002346,PRJ_0027,2022-02-03,web,1,48
LEAD_0008755,CUS_004793,PRJ_0023,2023-01-17,web,2,86
LEAD_0008756,CUS_001973,PRJ_0009,2025-04-17,agency,2,66
LEAD_0008757,CUS_005242,PRJ_0004,2023-04-28,web,0,53
LEAD_0008758,CUS_004890,PRJ_0006,2024-02-28,agency,1,75
LEAD_0008759,CUS_001378,PRJ_0021,2025-04-10,campaign,0,74
LEAD_0008760,CUS_003548,PRJ_0018,2024-04-18,walk_in,2,70
LEAD_0008761,CUS_002173,PRJ_0026,2021-05-01,agency,2,72
LEAD_0008762,CUS_003649,PRJ_0010,2023-01-21,walk_in,7,100
LEAD_0008763,CUS_000431,PRJ_0027,2021-12-03,walk_in,1,43
LEAD_0008764,CUS_005088,PRJ_0012,2022-10-07,referral,4,67
LEAD_0008765,CUS_006140,PRJ_0016,2024-02-02,agency,6,67
LEAD_0008766,CUS_004314,PRJ_0023,2021-10-26,web,3,52
LEAD_0008767,CUS_003669,PRJ_0001,2023-01-19,web,2,76
LEAD_0008768,CUS_001537,PRJ_0007,2024-04-26,web,3,67
LEAD_0008769,CUS_005367,PRJ_0014,2023-04-26,agency,1,80
LEAD_0008770,CUS_000883,PRJ_0017,2024-04-18,referral,2,52
LEAD_0008771,CUS_003377,PRJ_0021,2025-12-18,agency,1,54
LEAD_0008772,CUS_000100,PRJ_0026,2022-06-20,web,2,66
LEAD_0008773,CUS_005324,PRJ_0008,2025-04-19,web,3,72
LEAD_0008774,CUS_004732,PRJ_0007,2022-12-14,web,4,62
LEAD_0008775,CUS_003836,PRJ_0019,2025-09-18,web,0,39
LEAD_0008776,CUS_003624,PRJ_0020,2025-04-10,referral,2,76
LEAD_0008777,CUS_000110,PRJ_0021,2024-08-21,web,3,50
LEAD_0008778,CUS_002357,PRJ_0014,2023-12-04,agency,1,83
LEAD_0008779,CUS_002678,PRJ_0020,2022-11-23,agency,1,86
LEAD_0008780,CUS_000769,PRJ_0011,2022-11-19,web,2,65
LEAD_0008781,CUS_002337,PRJ_0009,2024-11-09,agency,2,64
LEAD_0008782,CUS_001254,PRJ_0009,2022-10-12,web,1,53
LEAD_0008783,CUS_003514,PRJ_0026,2025-08-26,web,6,81
LEAD_0008784,CUS_004177,PRJ_0009,2021-01-08,campaign,0,56
LEAD_0008785,CUS_003085,PRJ_0005,2025-01-27,agency,4,72
LEAD_0008786,CUS_000982,PRJ_0020,2024-10-20,web,4,76
LEAD_0008787,CUS_001287,PRJ_0004,2023-07-25,referral,4,78
LEAD_0008788,CUS_003564,PRJ_0018,2025-05-27,web,1,43
LEAD_0008789,CUS_001372,PRJ_0004,2021-03-19,referral,0,67
LEAD_0008790,CUS_002815,PRJ_0001,2023-05-17,web,1,67
LEAD_0008791,CUS_004713,PRJ_0014,2021-01-19,walk_in,2,79
LEAD_0008792,CUS_004436,PRJ_0017,2022-03-13,referral,1,73
LEAD_0008793,CUS_002052,PRJ_0009,2024-11-12,web,2,62
LEAD_0008794,CUS_005369,PRJ_0019,2022-12-04,campaign,2,85
LEAD_0008795,CUS_004713,PRJ_0013,2022-11-26,walk_in,2,79
LEAD_0008796,CUS_005908,PRJ_0018,2023-02-25,agency,4,60
LEAD_0008797,CUS_003136,PRJ_0014,2024-06-09,web,1,76
LEAD_0008798,CUS_006154,PRJ_0016,2024-02-19,walk_in,3,81
LEAD_0008799,CUS_004323,PRJ_0004,2025-03-21,referral,2,48
LEAD_0008800,CUS_003000,PRJ_0005,2024-02-27,campaign,2,68
LEAD_0008801,CUS_002224,PRJ_0002,2025-08-19,referral,1,53
LEAD_0008802,CUS_004552,PRJ_0013,2025-02-20,web,4,61
LEAD_0008803,CUS_004354,PRJ_0014,2021-11-17,web,3,49
LEAD_0008804,CUS_004181,PRJ_0008,2022-01-10,walk_in,1,75
LEAD_0008805,CUS_002480,PRJ_0027,2021-03-30,web,1,59
LEAD_0008806,CUS_003388,PRJ_0007,2024-11-28,agency,3,56
LEAD_0008807,CUS_004215,PRJ_0005,2022-11-13,campaign,3,53
LEAD_0008808,CUS_003818,PRJ_0017,2024-12-26,web,3,65
LEAD_0008809,CUS_004706,PRJ_0009,2024-07-24,referral,0,69
LEAD_0008810,CUS_004980,PRJ_0005,2025-03-19,campaign,3,62
LEAD_0008811,CUS_006240,PRJ_0025,2023-06-18,web,3,83
LEAD_0008812,CUS_005571,PRJ_0011,2025-01-29,referral,0,36
LEAD_0008813,CUS_001029,PRJ_0019,2025-08-22,campaign,2,56
LEAD_0008814,CUS_001473,PRJ_0021,2024-12-12,agency,5,94
LEAD_0008815,CUS_000225,PRJ_0016,2021-11-08,agency,4,69
LEAD_0008816,CUS_000518,PRJ_0022,2022-02-12,web,6,65
LEAD_0008817,CUS_000065,PRJ_0023,2023-08-07,agency,1,79
LEAD_0008818,CUS_001404,PRJ_0025,2023-06-06,walk_in,5,53
LEAD_0008819,CUS_001277,PRJ_0014,2024-05-29,web,1,62
LEAD_0008820,CUS_005171,PRJ_0023,2022-06-09,web,2,67
LEAD_0008821,CUS_004168,PRJ_0020,2024-08-12,web,1,53
LEAD_0008822,CUS_003661,PRJ_0005,2024-10-31,web,6,76
LEAD_0008823,CUS_001294,PRJ_0014,2024-09-24,web,3,79
LEAD_0008824,CUS_004186,PRJ_0008,2024-01-28,web,2,61
LEAD_0008825,CUS_006425,PRJ_0009,2024-11-26,walk_in,4,74
LEAD_0008826,CUS_004914,PRJ_0013,2025-03-12,walk_in,2,42
LEAD_0008827,CUS_000363,PRJ_0015,2021-05-19,campaign,2,88
LEAD_0008828,CUS_001324,PRJ_0024,2023-05-20,referral,3,74
LEAD_0008829,CUS_000248,PRJ_0027,2021-10-26,walk_in,2,72
LEAD_0008830,CUS_004433,PRJ_0001,2025-11-08,referral,1,66
LEAD_0008831,CUS_006317,PRJ_0014,2022-06-02,web,2,68
LEAD_0008832,CUS_001076,PRJ_0022,2021-06-02,campaign,2,50
LEAD_0008833,CUS_006125,PRJ_0025,2024-06-06,web,1,66
LEAD_0008834,CUS_003594,PRJ_0024,2022-08-31,agency,0,64
LEAD_0008835,CUS_003370,PRJ_0004,2021-08-17,web,3,71
LEAD_0008836,CUS_000829,PRJ_0016,2023-11-06,agency,3,60
LEAD_0008837,CUS_000103,PRJ_0016,2021-10-08,campaign,1,63
LEAD_0008838,CUS_001577,PRJ_0002,2021-10-08,referral,3,45
LEAD_0008839,CUS_003401,PRJ_0023,2022-05-29,web,3,68
LEAD_0008840,CUS_003882,PRJ_0016,2022-11-17,referral,1,44
LEAD_0008841,CUS_000765,PRJ_0024,2025-12-09,referral,2,50
LEAD_0008842,CUS_006180,PRJ_0009,2021-07-08,agency,1,88
LEAD_0008843,CUS_001183,PRJ_0001,2021-02-21,web,3,70
LEAD_0008844,CUS_002474,PRJ_0009,2024-08-16,referral,2,67
LEAD_0008845,CUS_002664,PRJ_0011,2024-06-19,referral,2,61
LEAD_0008846,CUS_004150,PRJ_0011,2021-02-27,web,1,55
LEAD_0008847,CUS_005621,PRJ_0001,2024-02-06,agency,2,60
LEAD_0008848,CUS_005528,PRJ_0002,2025-04-14,web,1,46
LEAD_0008849,CUS_005712,PRJ_0011,2021-04-02,walk_in,2,53
LEAD_0008850,CUS_001929,PRJ_0007,2024-08-18,agency,5,73
LEAD_0008851,CUS_003296,PRJ_0016,2025-09-21,agency,3,63
LEAD_0008852,CUS_005631,PRJ_0015,2025-05-06,agency,3,84
LEAD_0008853,CUS_004306,PRJ_0020,2022-05-22,web,1,60
LEAD_0008854,CUS_004453,PRJ_0010,2024-04-16,web,2,51
LEAD_0008855,CUS_003070,PRJ_0009,2022-03-24,web,2,53
LEAD_0008856,CUS_001467,PRJ_0023,2025-02-05,referral,1,60
LEAD_0008857,CUS_000660,PRJ_0026,2023-08-24,walk_in,1,100
LEAD_0008858,CUS_003044,PRJ_0024,2024-02-11,agency,1,75
LEAD_0008859,CUS_004688,PRJ_0015,2022-07-31,agency,2,70
LEAD_0008860,CUS_005226,PRJ_0003,2024-12-03,web,3,66
LEAD_0008861,CUS_005864,PRJ_0013,2021-10-07,agency,1,49
LEAD_0008862,CUS_003060,PRJ_0024,2024-07-31,web,0,42
LEAD_0008863,CUS_005963,PRJ_0018,2024-07-22,referral,1,57
LEAD_0008864,CUS_004584,PRJ_0027,2021-10-12,web,1,59
LEAD_0008865,CUS_005218,PRJ_0014,2023-01-01,campaign,2,63
LEAD_0008866,CUS_001721,PRJ_0010,2025-01-05,web,1,68
LEAD_0008867,CUS_001097,PRJ_0002,2024-12-22,web,4,61
LEAD_0008868,CUS_001640,PRJ_0011,2025-08-06,walk_in,0,68
LEAD_0008869,CUS_001131,PRJ_0017,2025-09-12,walk_in,2,65
LEAD_0008870,CUS_005142,PRJ_0017,2025-07-31,agency,1,67
LEAD_0008871,CUS_004297,PRJ_0004,2024-06-18,agency,2,73
LEAD_0008872,CUS_002875,PRJ_0010,2022-01-05,walk_in,6,58
LEAD_0008873,CUS_001360,PRJ_0009,2021-01-03,walk_in,1,73
LEAD_0008874,CUS_004432,PRJ_0028,2024-09-11,web,1,78
LEAD_0008875,CUS_003071,PRJ_0026,2021-02-21,web,0,71
LEAD_0008876,CUS_006418,PRJ_0020,2021-10-10,campaign,1,61
LEAD_0008877,CUS_002100,PRJ_0024,2024-04-07,web,0,68
LEAD_0008878,CUS_006448,PRJ_0001,2023-11-10,agency,1,64
LEAD_0008879,CUS_003277,PRJ_0021,2024-03-28,walk_in,2,53
LEAD_0008880,CUS_003135,PRJ_0015,2024-06-26,web,2,74
LEAD_0008881,CUS_004978,PRJ_0025,2025-05-24,web,1,42
LEAD_0008882,CUS_003664,PRJ_0005,2023-06-10,web,3,63
LEAD_0008883,CUS_000221,PRJ_0019,2022-10-07,web,5,99
LEAD_0008884,CUS_002015,PRJ_0016,2024-06-21,web,2,62
LEAD_0008885,CUS_000707,PRJ_0009,2023-04-05,web,0,59
LEAD_0008886,CUS_003850,PRJ_0022,2021-01-16,referral,2,56
LEAD_0008887,CUS_004109,PRJ_0013,2022-02-04,walk_in,2,63
LEAD_0008888,CUS_005427,PRJ_0012,2023-12-08,web,1,57
LEAD_0008889,CUS_005233,PRJ_0007,2024-08-11,walk_in,0,65
LEAD_0008890,CUS_001049,PRJ_0002,2023-08-25,agency,1,47
LEAD_0008891,CUS_003062,PRJ_0016,2021-07-07,walk_in,1,64
LEAD_0008892,CUS_000452,PRJ_0012,2024-04-16,agency,5,98
LEAD_0008893,CUS_003358,PRJ_0015,2023-01-09,agency,1,80
LEAD_0008894,CUS_002768,PRJ_0009,2022-02-20,web,5,63
LEAD_0008895,CUS_003554,PRJ_0005,2022-11-13,referral,2,65
LEAD_0008896,CUS_003264,PRJ_0007,2024-06-02,web,3,77
LEAD_0008897,CUS_006322,PRJ_0023,2023-11-02,web,5,94
LEAD_0008898,CUS_000185,PRJ_0008,2022-06-27,referral,3,76
LEAD_0008899,CUS_004455,PRJ_0001,2025-04-19,referral,3,67
LEAD_0008900,CUS_002346,PRJ_0005,2025-02-06,agency,0,53
LEAD_0008901,CUS_005169,PRJ_0006,2021-03-19,referral,2,69
LEAD_0008902,CUS_000933,PRJ_0028,2024-11-27,agency,3,70
LEAD_0008903,CUS_006441,PRJ_0005,2023-11-03,web,2,75
LEAD_0008904,CUS_006340,PRJ_0018,2021-04-29,campaign,1,58
LEAD_0008905,CUS_005845,PRJ_0001,2023-04-29,web,0,54
LEAD_0008906,CUS_004006,PRJ_0003,2021-01-07,agency,2,64
LEAD_0008907,CUS_004390,PRJ_0007,2025-11-01,web,1,37
LEAD_0008908,CUS_004155,PRJ_0021,2024-08-08,referral,4,67
LEAD_0008909,CUS_003992,PRJ_0004,2025-05-31,campaign,6,66
LEAD_0008910,CUS_000070,PRJ_0009,2023-07-31,web,1,50
LEAD_0008911,CUS_001495,PRJ_0007,2025-07-25,agency,1,67
LEAD_0008912,CUS_000383,PRJ_0016,2022-02-03,web,4,56
LEAD_0008913,CUS_001362,PRJ_0015,2024-02-19,agency,4,81
LEAD_0008914,CUS_002208,PRJ_0023,2021-07-29,walk_in,1,53
LEAD_0008915,CUS_005505,PRJ_0014,2025-06-11,walk_in,2,71
LEAD_0008916,CUS_000908,PRJ_0016,2021-06-20,agency,3,95
LEAD_0008917,CUS_002039,PRJ_0021,2023-11-17,web,3,98
LEAD_0008918,CUS_000592,PRJ_0005,2023-10-17,referral,5,72
LEAD_0008919,CUS_002030,PRJ_0004,2021-11-04,web,1,47
LEAD_0008920,CUS_001996,PRJ_0027,2023-09-26,agency,2,54
LEAD_0008921,CUS_004079,PRJ_0003,2023-02-02,referral,0,44
LEAD_0008922,CUS_006157,PRJ_0018,2021-03-19,referral,1,91
LEAD_0008923,CUS_006202,PRJ_0003,2024-09-06,campaign,2,54
LEAD_0008924,CUS_006070,PRJ_0026,2022-08-31,campaign,3,36
LEAD_0008925,CUS_000840,PRJ_0006,2021-10-21,web,1,59
LEAD_0008926,CUS_003727,PRJ_0010,2021-06-08,agency,1,68
LEAD_0008927,CUS_002543,PRJ_0026,2024-06-09,referral,2,83
LEAD_0008928,CUS_003146,PRJ_0013,2023-02-05,referral,3,82
LEAD_0008929,CUS_003155,PRJ_0028,2025-10-21,agency,1,60
LEAD_0008930,CUS_002396,PRJ_0016,2025-10-12,walk_in,4,79
LEAD_0008931,CUS_004031,PRJ_0012,2021-12-20,walk_in,3,54
LEAD_0008932,CUS_006418,PRJ_0001,2021-07-01,web,3,77
LEAD_0008933,CUS_002683,PRJ_0002,2023-07-03,campaign,2,59
LEAD_0008934,CUS_001436,PRJ_0016,2021-12-04,web,4,58
LEAD_0008935,CUS_001526,PRJ_0004,2023-04-11,agency,2,72
LEAD_0008936,CUS_002148,PRJ_0019,2021-08-13,referral,2,47
LEAD_0008937,CUS_004379,PRJ_0028,2023-03-23,campaign,3,100
LEAD_0008938,CUS_004169,PRJ_0011,2021-08-05,agency,4,65
LEAD_0008939,CUS_001527,PRJ_0016,2025-12-10,agency,3,75
LEAD_0008940,CUS_004786,PRJ_0015,2021-09-09,campaign,3,59
LEAD_0008941,CUS_000890,PRJ_0022,2021-10-03,web,1,65
LEAD_0008942,CUS_000060,PRJ_0021,2021-10-15,campaign,0,53
LEAD_0008943,CUS_001215,PRJ_0016,2022-10-19,agency,1,79
LEAD_0008944,CUS_001522,PRJ_0028,2021-11-08,web,3,68
LEAD_0008945,CUS_005941,PRJ_0001,2023-03-26,web,4,60
LEAD_0008946,CUS_001030,PRJ_0004,2023-01-24,web,0,48
LEAD_0008947,CUS_004568,PRJ_0013,2024-10-07,campaign,0,55
LEAD_0008948,CUS_000596,PRJ_0027,2024-07-12,campaign,0,57
LEAD_0008949,CUS_005094,PRJ_0027,2025-07-16,walk_in,1,39
LEAD_0008950,CUS_004880,PRJ_0012,2025-08-26,campaign,2,48
LEAD_0008951,CUS_001849,PRJ_0011,2022-05-25,campaign,1,54
LEAD_0008952,CUS_004103,PRJ_0009,2022-02-21,walk_in,1,65
LEAD_0008953,CUS_003155,PRJ_0006,2025-01-27,campaign,2,63
LEAD_0008954,CUS_004361,PRJ_0018,2022-09-25,agency,1,51
LEAD_0008955,CUS_005095,PRJ_0016,2025-02-21,campaign,6,70
LEAD_0008956,CUS_001604,PRJ_0012,2025-11-15,referral,1,55
LEAD_0008957,CUS_003187,PRJ_0019,2023-03-17,agency,1,80
LEAD_0008958,CUS_006471,PRJ_0026,2025-05-13,campaign,2,59
LEAD_0008959,CUS_001790,PRJ_0024,2023-01-10,web,2,37
LEAD_0008960,CUS_006164,PRJ_0023,2023-07-08,web,4,65
LEAD_0008961,CUS_003816,PRJ_0010,2024-12-12,campaign,1,61
LEAD_0008962,CUS_002802,PRJ_0028,2025-03-26,web,1,51
LEAD_0008963,CUS_004627,PRJ_0010,2021-01-15,web,5,69
LEAD_0008964,CUS_001054,PRJ_0007,2021-04-28,web,1,56
LEAD_0008965,CUS_002374,PRJ_0015,2024-07-19,referral,1,66
LEAD_0008966,CUS_001587,PRJ_0003,2022-12-24,agency,2,71
LEAD_0008967,CUS_000381,PRJ_0027,2024-03-01,referral,1,80
LEAD_0008968,CUS_003478,PRJ_0024,2022-10-20,agency,1,63
LEAD_0008969,CUS_002232,PRJ_0008,2025-07-29,agency,2,64
LEAD_0008970,CUS_004763,PRJ_0025,2023-10-13,web,3,55
LEAD_0008971,CUS_004978,PRJ_0007,2023-04-05,web,1,41
LEAD_0008972,CUS_000495,PRJ_0022,2025-06-11,agency,0,55
LEAD_0008973,CUS_003927,PRJ_0010,2021-05-17,agency,4,65
LEAD_0008974,CUS_005539,PRJ_0001,2024-06-10,campaign,2,52
LEAD_0008975,CUS_000899,PRJ_0014,2022-03-21,web,3,55
LEAD_0008976,CUS_001474,PRJ_0010,2022-01-05,web,2,69
LEAD_0008977,CUS_002722,PRJ_0016,2023-04-26,campaign,3,56
LEAD_0008978,CUS_005557,PRJ_0001,2025-03-20,web,2,64
LEAD_0008979,CUS_004002,PRJ_0003,2023-02-10,web,2,58
LEAD_0008980,CUS_003657,PRJ_0012,2021-03-15,web,4,64
LEAD_0008981,CUS_004588,PRJ_0028,2023-06-03,agency,1,63
LEAD_0008982,CUS_003460,PRJ_0003,2022-11-29,web,1,78
LEAD_0008983,CUS_004255,PRJ_0022,2024-01-04,campaign,4,51
LEAD_0008984,CUS_001294,PRJ_0028,2023-04-21,agency,3,89
LEAD_0008985,CUS_002287,PRJ_0024,2022-10-15,referral,0,65
LEAD_0008986,CUS_003875,PRJ_0011,2025-08-13,web,3,68
LEAD_0008987,CUS_004230,PRJ_0015,2024-02-26,web,2,64
LEAD_0008988,CUS_003164,PRJ_0011,2024-07-07,walk_in,4,67
LEAD_0008989,CUS_004032,PRJ_0001,2022-03-24,agency,2,70
LEAD_0008990,CUS_003840,PRJ_0019,2023-06-24,campaign,0,51
LEAD_0008991,CUS_006115,PRJ_0008,2022-04-04,walk_in,2,43
LEAD_0008992,CUS_006044,PRJ_0026,2023-10-01,campaign,3,46
LEAD_0008993,CUS_001794,PRJ_0012,2021-07-15,agency,1,70
LEAD_0008994,CUS_001303,PRJ_0001,2025-09-14,walk_in,4,80
LEAD_0008995,CUS_003491,PRJ_0028,2021-09-05,campaign,4,46
LEAD_0008996,CUS_005029,PRJ_0020,2022-07-29,referral,1,55
LEAD_0008997,CUS_000518,PRJ_0014,2021-09-16,referral,1,67
LEAD_0008998,CUS_003868,PRJ_0012,2022-06-30,agency,3,67
LEAD_0008999,CUS_002562,PRJ_0010,2021-06-19,agency,1,52
LEAD_0009000,CUS_006406,PRJ_0005,2025-07-19,web,5,63
LEAD_0009001,CUS_004170,PRJ_0023,2022-09-23,web,2,48
LEAD_0009002,CUS_001879,PRJ_0003,2023-09-26,campaign,5,77
LEAD_0009003,CUS_005711,PRJ_0013,2023-12-13,walk_in,1,74
LEAD_0009004,CUS_005740,PRJ_0023,2021-12-25,agency,2,61
LEAD_0009005,CUS_002389,PRJ_0002,2025-11-22,agency,1,45
LEAD_0009006,CUS_001350,PRJ_0025,2025-06-14,web,2,59
LEAD_0009007,CUS_000646,PRJ_0018,2022-01-08,campaign,0,43
LEAD_0009008,CUS_004359,PRJ_0019,2025-09-27,agency,4,55
LEAD_0009009,CUS_000047,PRJ_0002,2025-10-07,campaign,7,58
LEAD_0009010,CUS_004370,PRJ_0023,2023-12-19,web,1,65
LEAD_0009011,CUS_000102,PRJ_0024,2021-06-02,agency,1,54
LEAD_0009012,CUS_003014,PRJ_0012,2021-02-23,web,4,80
LEAD_0009013,CUS_006191,PRJ_0023,2023-10-01,web,0,51
LEAD_0009014,CUS_002650,PRJ_0001,2023-11-06,referral,2,68
LEAD_0009015,CUS_002205,PRJ_0021,2025-06-12,agency,1,51
LEAD_0009016,CUS_006274,PRJ_0025,2024-08-11,walk_in,3,53
LEAD_0009017,CUS_003221,PRJ_0006,2022-12-25,walk_in,1,52
LEAD_0009018,CUS_004745,PRJ_0024,2024-09-13,agency,0,69
LEAD_0009019,CUS_006270,PRJ_0027,2024-08-24,web,1,74
LEAD_0009020,CUS_004948,PRJ_0013,2022-11-11,campaign,3,65
LEAD_0009021,CUS_001612,PRJ_0026,2023-08-05,web,3,65
LEAD_0009022,CUS_005027,PRJ_0006,2024-02-13,agency,3,82
LEAD_0009023,CUS_002664,PRJ_0016,2022-03-15,referral,3,63
LEAD_0009024,CUS_001902,PRJ_0009,2022-04-07,agency,4,70
LEAD_0009025,CUS_000183,PRJ_0006,2023-06-29,web,6,100
LEAD_0009026,CUS_001104,PRJ_0012,2025-04-23,campaign,2,40
LEAD_0009027,CUS_002736,PRJ_0028,2024-07-18,web,2,68
LEAD_0009028,CUS_001098,PRJ_0025,2022-01-09,web,2,54
LEAD_0009029,CUS_001227,PRJ_0028,2021-03-16,referral,2,90
LEAD_0009030,CUS_003949,PRJ_0003,2025-09-05,agency,1,50
LEAD_0009031,CUS_004353,PRJ_0014,2022-08-10,referral,4,87
LEAD_0009032,CUS_002929,PRJ_0028,2023-07-18,web,5,56
LEAD_0009033,CUS_004045,PRJ_0016,2021-03-13,referral,1,61
LEAD_0009034,CUS_002147,PRJ_0025,2022-12-28,web,1,49
LEAD_0009035,CUS_000863,PRJ_0026,2022-04-21,walk_in,1,68
LEAD_0009036,CUS_001062,PRJ_0023,2025-11-01,agency,2,66
LEAD_0009037,CUS_005100,PRJ_0012,2022-09-21,web,1,45
LEAD_0009038,CUS_001572,PRJ_0025,2021-11-05,campaign,2,70
LEAD_0009039,CUS_002796,PRJ_0012,2024-07-11,web,0,63
LEAD_0009040,CUS_001987,PRJ_0013,2022-12-04,agency,1,71
LEAD_0009041,CUS_005062,PRJ_0025,2024-12-02,web,2,50
LEAD_0009042,CUS_004150,PRJ_0019,2021-02-16,web,3,48
LEAD_0009043,CUS_000556,PRJ_0001,2022-11-25,walk_in,2,50
LEAD_0009044,CUS_004118,PRJ_0005,2021-02-05,referral,1,43
LEAD_0009045,CUS_004611,PRJ_0013,2021-03-15,web,2,66
LEAD_0009046,CUS_004616,PRJ_0008,2022-08-10,web,0,46
LEAD_0009047,CUS_003964,PRJ_0024,2021-08-25,campaign,3,64
LEAD_0009048,CUS_004850,PRJ_0018,2023-09-04,agency,2,77
LEAD_0009049,CUS_000270,PRJ_0028,2025-11-27,web,1,81
LEAD_0009050,CUS_004705,PRJ_0013,2025-07-09,agency,1,64
LEAD_0009051,CUS_004952,PRJ_0004,2023-06-24,walk_in,1,51
LEAD_0009052,CUS_000393,PRJ_0026,2023-03-14,referral,1,62
LEAD_0009053,CUS_006076,PRJ_0018,2025-06-30,web,3,71
LEAD_0009054,CUS_004160,PRJ_0009,2024-02-11,web,5,69
LEAD_0009055,CUS_005664,PRJ_0011,2024-10-08,agency,0,61
LEAD_0009056,CUS_005840,PRJ_0004,2023-09-11,agency,1,61
LEAD_0009057,CUS_000187,PRJ_0009,2022-02-12,web,3,61
LEAD_0009058,CUS_006441,PRJ_0021,2022-09-21,referral,3,95
LEAD_0009059,CUS_004355,PRJ_0018,2025-09-10,agency,1,62
LEAD_0009060,CUS_000163,PRJ_0006,2023-09-06,web,1,68
LEAD_0009061,CUS_000188,PRJ_0023,2022-09-24,campaign,3,56
LEAD_0009062,CUS_002671,PRJ_0008,2021-01-18,web,4,75
LEAD_0009063,CUS_001632,PRJ_0013,2022-12-13,web,5,83
LEAD_0009064,CUS_001694,PRJ_0021,2022-07-04,web,2,58
LEAD_0009065,CUS_004824,PRJ_0001,2023-01-31,web,2,49
LEAD_0009066,CUS_001293,PRJ_0006,2023-06-07,walk_in,2,66
LEAD_0009067,CUS_005996,PRJ_0010,2024-03-12,campaign,3,61
LEAD_0009068,CUS_004386,PRJ_0015,2025-08-04,referral,1,61
LEAD_0009069,CUS_005829,PRJ_0023,2023-11-02,agency,2,42
LEAD_0009070,CUS_002554,PRJ_0011,2025-06-01,walk_in,3,52
LEAD_0009071,CUS_004271,PRJ_0006,2025-11-30,agency,5,74
LEAD_0009072,CUS_005250,PRJ_0018,2021-03-18,agency,1,71
LEAD_0009073,CUS_001741,PRJ_0004,2021-04-15,web,3,77
LEAD_0009074,CUS_004402,PRJ_0026,2025-08-22,referral,4,70
LEAD_0009075,CUS_005939,PRJ_0002,2021-05-08,agency,5,80
LEAD_0009076,CUS_002226,PRJ_0004,2021-12-13,web,3,82
LEAD_0009077,CUS_003271,PRJ_0011,2021-09-23,campaign,3,63
LEAD_0009078,CUS_001040,PRJ_0022,2023-10-19,agency,2,74
LEAD_0009079,CUS_005506,PRJ_0008,2023-07-27,agency,1,64
LEAD_0009080,CUS_000639,PRJ_0027,2021-07-24,web,4,74
LEAD_0009081,CUS_002594,PRJ_0026,2024-01-31,referral,1,60
LEAD_0009082,CUS_002187,PRJ_0005,2021-01-29,web,1,43
LEAD_0009083,CUS_003100,PRJ_0017,2025-03-30,campaign,3,75
LEAD_0009084,CUS_002650,PRJ_0010,2022-01-21,referral,4,70
LEAD_0009085,CUS_002376,PRJ_0017,2022-02-11,campaign,0,55
LEAD_0009086,CUS_000602,PRJ_0020,2024-06-11,agency,2,87
LEAD_0009087,CUS_005975,PRJ_0003,2023-09-15,agency,0,70
LEAD_0009088,CUS_003145,PRJ_0020,2024-04-25,web,0,57
LEAD_0009089,CUS_002207,PRJ_0016,2021-10-12,web,1,52
LEAD_0009090,CUS_005238,PRJ_0025,2022-10-11,agency,2,72
LEAD_0009091,CUS_001047,PRJ_0003,2022-08-28,campaign,2,69
LEAD_0009092,CUS_001808,PRJ_0025,2025-11-06,agency,1,68
LEAD_0009093,CUS_005938,PRJ_0006,2024-10-28,walk_in,3,59
LEAD_0009094,CUS_000503,PRJ_0028,2025-10-09,web,1,66
LEAD_0009095,CUS_004548,PRJ_0011,2023-12-16,web,0,65
LEAD_0009096,CUS_005930,PRJ_0011,2024-06-11,referral,3,65
LEAD_0009097,CUS_001056,PRJ_0027,2022-03-29,web,6,69
LEAD_0009098,CUS_002031,PRJ_0027,2021-07-26,web,2,60
LEAD_0009099,CUS_002927,PRJ_0027,2023-09-27,agency,2,72
LEAD_0009100,CUS_002170,PRJ_0002,2024-08-12,agency,3,56
LEAD_0009101,CUS_000301,PRJ_0008,2024-03-29,web,3,70
LEAD_0009102,CUS_000637,PRJ_0013,2025-07-28,agency,1,55
LEAD_0009103,CUS_006345,PRJ_0011,2022-10-31,walk_in,1,49
LEAD_0009104,CUS_003958,PRJ_0009,2021-11-19,referral,2,61
LEAD_0009105,CUS_004417,PRJ_0027,2021-09-27,agency,3,60
LEAD_0009106,CUS_004604,PRJ_0002,2021-03-10,agency,3,68
LEAD_0009107,CUS_002712,PRJ_0018,2023-10-05,web,2,55
LEAD_0009108,CUS_001680,PRJ_0024,2022-08-24,agency,2,69
LEAD_0009109,CUS_005876,PRJ_0005,2023-03-11,agency,6,88
LEAD_0009110,CUS_002405,PRJ_0008,2022-12-31,walk_in,5,65
LEAD_0009111,CUS_001512,PRJ_0027,2023-09-08,campaign,1,53
LEAD_0009112,CUS_006216,PRJ_0021,2023-02-16,referral,2,68
LEAD_0009113,CUS_000659,PRJ_0025,2024-11-15,campaign,3,57
LEAD_0009114,CUS_003705,PRJ_0004,2023-01-07,web,1,41
LEAD_0009115,CUS_002410,PRJ_0007,2025-11-25,referral,3,77
LEAD_0009116,CUS_005216,PRJ_0027,2023-05-29,campaign,2,67
LEAD_0009117,CUS_002812,PRJ_0003,2022-05-06,agency,2,90
LEAD_0009118,CUS_002324,PRJ_0024,2025-01-01,agency,1,57
LEAD_0009119,CUS_001794,PRJ_0021,2022-09-18,agency,2,64
LEAD_0009120,CUS_002091,PRJ_0026,2023-04-26,walk_in,2,67
LEAD_0009121,CUS_006077,PRJ_0006,2022-05-11,web,3,54
LEAD_0009122,CUS_000946,PRJ_0020,2024-12-30,campaign,4,100
LEAD_0009123,CUS_000003,PRJ_0026,2023-10-29,web,4,71
LEAD_0009124,CUS_001439,PRJ_0006,2022-07-29,referral,2,66
LEAD_0009125,CUS_005272,PRJ_0026,2024-08-17,campaign,2,58
LEAD_0009126,CUS_003098,PRJ_0014,2021-12-16,web,3,81
LEAD_0009127,CUS_004207,PRJ_0003,2022-12-07,agency,1,71
LEAD_0009128,CUS_001767,PRJ_0010,2022-08-08,campaign,4,67
LEAD_0009129,CUS_005602,PRJ_0018,2024-11-23,agency,1,58
LEAD_0009130,CUS_001991,PRJ_0005,2024-09-08,agency,4,81
LEAD_0009131,CUS_004542,PRJ_0002,2024-10-02,web,3,52
LEAD_0009132,CUS_003696,PRJ_0010,2021-04-19,campaign,4,67
LEAD_0009133,CUS_004509,PRJ_0021,2024-03-27,web,5,65
LEAD_0009134,CUS_004865,PRJ_0026,2022-03-04,web,3,52
LEAD_0009135,CUS_003362,PRJ_0027,2025-10-25,web,1,37
LEAD_0009136,CUS_006491,PRJ_0022,2023-09-11,referral,1,68
LEAD_0009137,CUS_002296,PRJ_0007,2025-06-13,campaign,1,58
LEAD_0009138,CUS_000484,PRJ_0015,2023-11-29,agency,3,68
LEAD_0009139,CUS_004743,PRJ_0025,2022-07-24,agency,3,79
LEAD_0009140,CUS_002530,PRJ_0010,2025-07-03,referral,6,100
LEAD_0009141,CUS_003093,PRJ_0007,2023-05-19,campaign,3,56
LEAD_0009142,CUS_002357,PRJ_0015,2021-01-11,web,2,73
LEAD_0009143,CUS_002165,PRJ_0023,2022-11-29,agency,0,45
LEAD_0009144,CUS_001691,PRJ_0028,2025-10-01,web,4,68
LEAD_0009145,CUS_005850,PRJ_0014,2021-02-24,campaign,2,65
LEAD_0009146,CUS_000754,PRJ_0006,2021-10-25,campaign,4,73
LEAD_0009147,CUS_006005,PRJ_0023,2021-08-22,web,3,75
LEAD_0009148,CUS_001463,PRJ_0007,2024-01-22,campaign,1,44
LEAD_0009149,CUS_001889,PRJ_0024,2025-01-10,web,1,61
LEAD_0009150,CUS_001946,PRJ_0023,2021-01-15,walk_in,1,65
LEAD_0009151,CUS_004694,PRJ_0021,2025-02-17,referral,1,55
LEAD_0009152,CUS_003367,PRJ_0015,2021-09-18,web,3,77
LEAD_0009153,CUS_003636,PRJ_0013,2022-11-02,agency,2,86
LEAD_0009154,CUS_000208,PRJ_0018,2024-09-12,web,0,72
LEAD_0009155,CUS_000854,PRJ_0021,2025-08-27,agency,1,94
LEAD_0009156,CUS_003258,PRJ_0013,2025-10-26,referral,0,73
LEAD_0009157,CUS_004737,PRJ_0010,2022-03-10,referral,2,69
LEAD_0009158,CUS_006151,PRJ_0001,2025-12-13,web,2,66
LEAD_0009159,CUS_002463,PRJ_0016,2025-01-20,campaign,3,71
LEAD_0009160,CUS_005151,PRJ_0005,2023-06-18,referral,2,67
LEAD_0009161,CUS_000550,PRJ_0022,2024-02-26,web,0,61
LEAD_0009162,CUS_004195,PRJ_0018,2024-02-11,web,1,89
LEAD_0009163,CUS_003050,PRJ_0003,2025-06-11,walk_in,0,53
LEAD_0009164,CUS_003275,PRJ_0012,2022-12-26,web,2,66
LEAD_0009165,CUS_006070,PRJ_0012,2025-03-27,web,0,59
LEAD_0009166,CUS_002794,PRJ_0002,2024-12-06,web,1,58
LEAD_0009167,CUS_000473,PRJ_0024,2021-09-27,referral,2,61
LEAD_0009168,CUS_001805,PRJ_0025,2023-05-26,web,2,53
LEAD_0009169,CUS_000304,PRJ_0003,2025-02-27,campaign,3,69
LEAD_0009170,CUS_003907,PRJ_0019,2025-11-05,agency,0,48
LEAD_0009171,CUS_004315,PRJ_0006,2021-06-01,web,2,55
LEAD_0009172,CUS_003096,PRJ_0025,2025-11-16,web,2,46
LEAD_0009173,CUS_004669,PRJ_0011,2025-05-16,agency,3,65
LEAD_0009174,CUS_005137,PRJ_0017,2024-06-01,web,3,68
LEAD_0009175,CUS_006056,PRJ_0010,2022-11-12,walk_in,2,66
LEAD_0009176,CUS_002047,PRJ_0021,2025-06-13,web,1,62
LEAD_0009177,CUS_001630,PRJ_0011,2022-05-10,web,3,50
LEAD_0009178,CUS_001591,PRJ_0018,2021-07-17,web,1,38
LEAD_0009179,CUS_004925,PRJ_0017,2021-01-11,campaign,4,58
LEAD_0009180,CUS_004948,PRJ_0003,2023-01-13,walk_in,0,39
LEAD_0009181,CUS_000680,PRJ_0014,2024-01-09,agency,1,71
LEAD_0009182,CUS_003564,PRJ_0006,2022-02-08,campaign,4,61
LEAD_0009183,CUS_001602,PRJ_0020,2021-04-03,web,1,41
LEAD_0009184,CUS_005006,PRJ_0002,2021-02-22,web,3,67
LEAD_0009185,CUS_003050,PRJ_0004,2024-08-21,agency,1,78
LEAD_0009186,CUS_005322,PRJ_0016,2022-12-06,web,1,78
LEAD_0009187,CUS_003601,PRJ_0007,2024-03-04,referral,0,53
LEAD_0009188,CUS_003744,PRJ_0012,2022-08-05,campaign,0,65
LEAD_0009189,CUS_002318,PRJ_0014,2021-10-06,referral,0,63
LEAD_0009190,CUS_003229,PRJ_0007,2021-06-05,web,1,74
LEAD_0009191,CUS_004119,PRJ_0027,2021-01-02,agency,1,67
LEAD_0009192,CUS_006308,PRJ_0014,2023-04-09,web,5,74
LEAD_0009193,CUS_001499,PRJ_0016,2021-07-12,web,1,53
LEAD_0009194,CUS_005484,PRJ_0010,2025-10-04,campaign,1,53
LEAD_0009195,CUS_003226,PRJ_0013,2022-11-13,referral,2,79
LEAD_0009196,CUS_004475,PRJ_0028,2025-06-05,walk_in,2,65
LEAD_0009197,CUS_001022,PRJ_0005,2021-05-27,web,1,64
LEAD_0009198,CUS_003690,PRJ_0023,2021-07-31,agency,1,75
LEAD_0009199,CUS_001804,PRJ_0005,2023-06-25,campaign,1,67
LEAD_0009200,CUS_000941,PRJ_0028,2025-01-14,agency,2,78
LEAD_0009201,CUS_006220,PRJ_0013,2024-09-20,web,1,59
LEAD_0009202,CUS_000061,PRJ_0027,2022-02-19,web,3,61
LEAD_0009203,CUS_005820,PRJ_0005,2022-12-21,campaign,2,54
LEAD_0009204,CUS_004966,PRJ_0023,2023-12-26,walk_in,4,85
LEAD_0009205,CUS_000106,PRJ_0005,2022-07-06,campaign,0,57
LEAD_0009206,CUS_001135,PRJ_0008,2021-10-22,agency,2,76
LEAD_0009207,CUS_002969,PRJ_0005,2023-03-23,web,6,63
LEAD_0009208,CUS_003613,PRJ_0024,2023-05-04,web,4,61
LEAD_0009209,CUS_001384,PRJ_0011,2022-02-07,campaign,2,62
LEAD_0009210,CUS_003954,PRJ_0018,2022-11-07,campaign,2,57
LEAD_0009211,CUS_003996,PRJ_0013,2021-10-30,agency,2,70
LEAD_0009212,CUS_004420,PRJ_0015,2023-07-29,walk_in,2,88
LEAD_0009213,CUS_001927,PRJ_0015,2025-01-31,walk_in,2,49
LEAD_0009214,CUS_003375,PRJ_0021,2022-02-25,web,0,69
LEAD_0009215,CUS_004412,PRJ_0018,2025-07-28,agency,1,53
LEAD_0009216,CUS_005156,PRJ_0018,2021-08-06,campaign,0,79
LEAD_0009217,CUS_005995,PRJ_0013,2025-10-23,campaign,2,62
LEAD_0009218,CUS_002534,PRJ_0017,2025-10-18,web,3,75
LEAD_0009219,CUS_005670,PRJ_0011,2023-10-18,agency,5,100
LEAD_0009220,CUS_000580,PRJ_0017,2024-05-23,referral,3,74
LEAD_0009221,CUS_001763,PRJ_0020,2024-11-28,walk_in,3,56
LEAD_0009222,CUS_005659,PRJ_0022,2021-12-26,web,2,52
LEAD_0009223,CUS_004585,PRJ_0012,2022-08-29,referral,0,63
LEAD_0009224,CUS_000692,PRJ_0018,2022-08-22,agency,2,52
LEAD_0009225,CUS_000140,PRJ_0022,2022-07-07,agency,0,74
LEAD_0009226,CUS_003609,PRJ_0021,2022-06-25,campaign,2,51
LEAD_0009227,CUS_004990,PRJ_0012,2024-05-02,agency,3,73
LEAD_0009228,CUS_000251,PRJ_0019,2022-11-28,agency,3,60
LEAD_0009229,CUS_002197,PRJ_0009,2022-06-22,campaign,2,49
LEAD_0009230,CUS_003986,PRJ_0004,2024-08-23,web,0,48
LEAD_0009231,CUS_004687,PRJ_0025,2025-01-12,campaign,2,59
LEAD_0009232,CUS_002145,PRJ_0019,2021-09-10,referral,5,73
LEAD_0009233,CUS_004975,PRJ_0010,2023-05-21,agency,3,86
LEAD_0009234,CUS_004140,PRJ_0028,2022-07-09,agency,3,100
LEAD_0009235,CUS_005706,PRJ_0001,2023-11-28,web,3,51
LEAD_0009236,CUS_002827,PRJ_0007,2023-03-02,web,2,68
LEAD_0009237,CUS_000995,PRJ_0028,2023-11-28,web,2,58
LEAD_0009238,CUS_006067,PRJ_0015,2024-11-30,web,3,55
LEAD_0009239,CUS_004985,PRJ_0024,2023-01-18,web,2,54
LEAD_0009240,CUS_001637,PRJ_0013,2023-06-29,web,2,46
LEAD_0009241,CUS_005271,PRJ_0011,2022-07-15,agency,4,77
LEAD_0009242,CUS_001926,PRJ_0013,2021-06-13,web,1,60
LEAD_0009243,CUS_004324,PRJ_0004,2022-03-14,agency,2,65
LEAD_0009244,CUS_002378,PRJ_0022,2022-02-28,walk_in,1,53
LEAD_0009245,CUS_004056,PRJ_0012,2023-06-12,agency,0,56
LEAD_0009246,CUS_000501,PRJ_0007,2024-04-23,referral,1,61
LEAD_0009247,CUS_000953,PRJ_0018,2023-01-21,web,3,77
LEAD_0009248,CUS_005613,PRJ_0027,2023-04-07,web,1,40
LEAD_0009249,CUS_002735,PRJ_0005,2023-09-04,web,2,60
LEAD_0009250,CUS_000623,PRJ_0014,2022-06-27,referral,1,64
LEAD_0009251,CUS_003917,PRJ_0011,2025-01-06,web,3,61
LEAD_0009252,CUS_001309,PRJ_0022,2023-05-13,web,0,52
LEAD_0009253,CUS_002244,PRJ_0028,2023-04-17,web,1,52
LEAD_0009254,CUS_000828,PRJ_0006,2023-10-06,web,2,54
LEAD_0009255,CUS_004983,PRJ_0011,2022-10-29,web,0,58
LEAD_0009256,CUS_000836,PRJ_0024,2021-07-01,web,5,56
LEAD_0009257,CUS_003674,PRJ_0028,2023-03-11,referral,3,81
LEAD_0009258,CUS_002603,PRJ_0013,2025-01-10,web,3,53
LEAD_0009259,CUS_004613,PRJ_0013,2025-12-09,referral,4,73
LEAD_0009260,CUS_001141,PRJ_0012,2025-02-16,agency,1,52
LEAD_0009261,CUS_005320,PRJ_0012,2022-04-20,web,0,44
LEAD_0009262,CUS_005734,PRJ_0006,2022-02-08,web,2,56
LEAD_0009263,CUS_001360,PRJ_0023,2025-04-16,web,1,62
LEAD_0009264,CUS_006066,PRJ_0025,2024-05-07,campaign,2,54
LEAD_0009265,CUS_003148,PRJ_0025,2024-07-16,agency,3,75
LEAD_0009266,CUS_001169,PRJ_0025,2022-02-28,walk_in,1,57
LEAD_0009267,CUS_003381,PRJ_0023,2022-04-09,referral,3,57
LEAD_0009268,CUS_001416,PRJ_0019,2023-07-03,agency,4,79
LEAD_0009269,CUS_003228,PRJ_0020,2022-08-22,agency,2,72
LEAD_0009270,CUS_001968,PRJ_0019,2022-11-08,web,1,57
LEAD_0009271,CUS_004446,PRJ_0004,2025-12-17,web,3,52
LEAD_0009272,CUS_003518,PRJ_0017,2022-11-20,agency,2,61
LEAD_0009273,CUS_000128,PRJ_0008,2025-04-17,web,1,67
LEAD_0009274,CUS_003153,PRJ_0013,2025-01-20,web,2,49
LEAD_0009275,CUS_005910,PRJ_0028,2023-07-05,walk_in,1,58
LEAD_0009276,CUS_002464,PRJ_0021,2025-09-23,agency,2,47
LEAD_0009277,CUS_000826,PRJ_0002,2022-12-18,web,2,77
LEAD_0009278,CUS_001740,PRJ_0004,2023-02-25,agency,3,62
LEAD_0009279,CUS_003354,PRJ_0005,2021-12-02,campaign,0,36
LEAD_0009280,CUS_005541,PRJ_0013,2024-02-15,referral,2,68
LEAD_0009281,CUS_001670,PRJ_0015,2022-06-05,campaign,2,72
LEAD_0009282,CUS_003168,PRJ_0023,2023-03-23,agency,2,65
LEAD_0009283,CUS_003843,PRJ_0002,2025-04-13,web,2,62
LEAD_0009284,CUS_000772,PRJ_0014,2024-12-08,referral,0,84
LEAD_0009285,CUS_005240,PRJ_0005,2021-07-14,agency,3,66
LEAD_0009286,CUS_004961,PRJ_0026,2024-10-05,campaign,2,74
LEAD_0009287,CUS_000252,PRJ_0013,2024-03-14,web,6,73
LEAD_0009288,CUS_002067,PRJ_0020,2024-09-22,referral,5,64
LEAD_0009289,CUS_003098,PRJ_0007,2021-03-04,referral,3,75
LEAD_0009290,CUS_005219,PRJ_0010,2023-12-09,campaign,2,68
LEAD_0009291,CUS_004633,PRJ_0019,2021-07-17,campaign,5,60
LEAD_0009292,CUS_004787,PRJ_0015,2024-06-20,walk_in,2,66
LEAD_0009293,CUS_001801,PRJ_0006,2021-05-07,agency,1,75
LEAD_0009294,CUS_000785,PRJ_0015,2021-07-22,walk_in,2,62
LEAD_0009295,CUS_004594,PRJ_0028,2021-10-17,walk_in,2,63
LEAD_0009296,CUS_002115,PRJ_0009,2023-12-29,agency,2,97
LEAD_0009297,CUS_006249,PRJ_0023,2023-05-31,web,2,77
LEAD_0009298,CUS_004102,PRJ_0021,2024-01-22,web,0,56
LEAD_0009299,CUS_005571,PRJ_0013,2022-11-14,web,2,40
LEAD_0009300,CUS_004852,PRJ_0021,2024-04-15,campaign,2,60
LEAD_0009301,CUS_001067,PRJ_0007,2022-12-29,agency,2,58
LEAD_0009302,CUS_002809,PRJ_0020,2023-06-02,web,1,100
LEAD_0009303,CUS_002701,PRJ_0005,2025-06-19,web,2,67
LEAD_0009304,CUS_003658,PRJ_0016,2022-06-24,web,2,61
LEAD_0009305,CUS_002996,PRJ_0001,2024-05-09,web,3,62
LEAD_0009306,CUS_000585,PRJ_0023,2021-10-22,walk_in,4,85
LEAD_0009307,CUS_005308,PRJ_0022,2024-11-09,web,4,73
LEAD_0009308,CUS_000024,PRJ_0011,2021-10-07,referral,5,70
LEAD_0009309,CUS_003764,PRJ_0015,2025-02-27,agency,1,71
LEAD_0009310,CUS_001524,PRJ_0021,2021-03-19,campaign,2,57
LEAD_0009311,CUS_003509,PRJ_0001,2022-06-12,referral,1,57
LEAD_0009312,CUS_003238,PRJ_0020,2024-05-12,referral,0,59
LEAD_0009313,CUS_000223,PRJ_0003,2021-06-22,campaign,0,63
LEAD_0009314,CUS_003603,PRJ_0009,2025-08-02,agency,4,77
LEAD_0009315,CUS_003313,PRJ_0002,2023-07-04,referral,5,79
LEAD_0009316,CUS_000351,PRJ_0019,2023-02-07,walk_in,1,59
LEAD_0009317,CUS_003925,PRJ_0014,2023-10-23,campaign,2,64
LEAD_0009318,CUS_006019,PRJ_0006,2025-05-25,web,1,61
LEAD_0009319,CUS_001018,PRJ_0020,2022-04-02,web,0,36
LEAD_0009320,CUS_000850,PRJ_0010,2023-03-29,campaign,4,55
LEAD_0009321,CUS_004470,PRJ_0026,2021-10-26,referral,1,74
LEAD_0009322,CUS_005676,PRJ_0017,2025-07-29,campaign,2,63
LEAD_0009323,CUS_006177,PRJ_0018,2025-12-10,campaign,1,46
LEAD_0009324,CUS_006156,PRJ_0013,2022-10-11,agency,0,59
LEAD_0009325,CUS_001375,PRJ_0024,2024-05-01,agency,2,61
LEAD_0009326,CUS_003153,PRJ_0018,2024-07-13,walk_in,2,45
LEAD_0009327,CUS_005681,PRJ_0016,2022-10-07,agency,2,61
LEAD_0009328,CUS_005266,PRJ_0023,2025-07-06,walk_in,1,67
LEAD_0009329,CUS_004427,PRJ_0021,2023-06-28,walk_in,1,56
LEAD_0009330,CUS_003560,PRJ_0020,2025-03-20,referral,2,62
LEAD_0009331,CUS_005104,PRJ_0008,2023-08-30,web,1,60
LEAD_0009332,CUS_000579,PRJ_0007,2024-07-23,referral,4,85
LEAD_0009333,CUS_003243,PRJ_0001,2022-10-21,agency,6,87
LEAD_0009334,CUS_001036,PRJ_0009,2024-01-11,web,2,61
LEAD_0009335,CUS_006293,PRJ_0014,2025-09-11,referral,2,100
LEAD_0009336,CUS_003213,PRJ_0016,2024-01-06,referral,3,76
LEAD_0009337,CUS_003841,PRJ_0008,2022-07-14,web,0,50
LEAD_0009338,CUS_002208,PRJ_0027,2024-07-06,agency,1,51
LEAD_0009339,CUS_000279,PRJ_0022,2024-10-24,web,0,75
LEAD_0009340,CUS_004778,PRJ_0001,2025-05-20,walk_in,2,50
LEAD_0009341,CUS_000551,PRJ_0009,2024-01-24,web,3,61
LEAD_0009342,CUS_001914,PRJ_0013,2022-07-19,agency,5,74
LEAD_0009343,CUS_003370,PRJ_0010,2023-12-25,agency,1,64
LEAD_0009344,CUS_000480,PRJ_0004,2022-09-11,campaign,2,89
LEAD_0009345,CUS_005335,PRJ_0009,2023-07-01,referral,1,92
LEAD_0009346,CUS_005180,PRJ_0005,2022-03-14,web,0,58
LEAD_0009347,CUS_001793,PRJ_0021,2022-09-10,web,3,53
LEAD_0009348,CUS_003653,PRJ_0020,2024-12-27,agency,2,68
LEAD_0009349,CUS_004844,PRJ_0005,2023-10-10,referral,3,70
LEAD_0009350,CUS_003632,PRJ_0016,2024-02-25,web,4,64
LEAD_0009351,CUS_000041,PRJ_0007,2024-07-08,referral,1,81
LEAD_0009352,CUS_002413,PRJ_0017,2022-08-15,web,3,87
LEAD_0009353,CUS_002472,PRJ_0019,2022-03-05,agency,2,68
LEAD_0009354,CUS_003064,PRJ_0004,2021-10-03,agency,5,79
LEAD_0009355,CUS_006009,PRJ_0010,2021-10-31,web,3,69
LEAD_0009356,CUS_000728,PRJ_0001,2022-02-08,referral,1,73
LEAD_0009357,CUS_005000,PRJ_0023,2022-04-01,web,6,74
LEAD_0009358,CUS_004639,PRJ_0010,2024-10-05,campaign,0,61
LEAD_0009359,CUS_002779,PRJ_0005,2022-05-19,web,1,72
LEAD_0009360,CUS_000817,PRJ_0021,2025-07-13,referral,2,46
LEAD_0009361,CUS_005482,PRJ_0009,2022-11-27,agency,1,74
LEAD_0009362,CUS_005159,PRJ_0002,2023-10-22,agency,1,59
LEAD_0009363,CUS_005688,PRJ_0015,2022-05-07,campaign,0,64
LEAD_0009364,CUS_002854,PRJ_0007,2023-07-12,agency,4,74
LEAD_0009365,CUS_001728,PRJ_0014,2021-03-26,web,5,100
LEAD_0009366,CUS_000258,PRJ_0005,2021-08-09,agency,3,67
LEAD_0009367,CUS_001368,PRJ_0006,2022-12-29,web,2,42
LEAD_0009368,CUS_005931,PRJ_0017,2024-03-08,referral,3,79
LEAD_0009369,CUS_000650,PRJ_0016,2025-07-01,web,2,68
LEAD_0009370,CUS_005778,PRJ_0025,2024-11-19,agency,5,90
LEAD_0009371,CUS_003815,PRJ_0020,2024-10-26,campaign,0,37
LEAD_0009372,CUS_000626,PRJ_0015,2023-12-06,agency,4,80
LEAD_0009373,CUS_005995,PRJ_0018,2023-02-12,web,2,81
LEAD_0009374,CUS_000345,PRJ_0021,2025-08-12,web,0,51
LEAD_0009375,CUS_001119,PRJ_0018,2021-03-11,web,2,63
LEAD_0009376,CUS_001848,PRJ_0011,2021-03-02,agency,2,81
LEAD_0009377,CUS_001823,PRJ_0022,2025-04-22,campaign,2,64
LEAD_0009378,CUS_002616,PRJ_0028,2025-05-28,walk_in,1,50
LEAD_0009379,CUS_000980,PRJ_0009,2022-03-17,walk_in,5,81
LEAD_0009380,CUS_003592,PRJ_0011,2023-05-29,walk_in,0,61
LEAD_0009381,CUS_003852,PRJ_0008,2022-06-19,agency,2,56
LEAD_0009382,CUS_004459,PRJ_0001,2023-02-14,web,1,72
LEAD_0009383,CUS_000642,PRJ_0011,2023-08-30,web,2,68
LEAD_0009384,CUS_006338,PRJ_0024,2025-02-06,agency,1,81
LEAD_0009385,CUS_000863,PRJ_0017,2021-03-31,web,0,47
LEAD_0009386,CUS_003636,PRJ_0026,2024-06-19,agency,3,84
LEAD_0009387,CUS_004380,PRJ_0015,2021-06-02,agency,1,65
LEAD_0009388,CUS_003678,PRJ_0015,2025-12-29,web,0,58
LEAD_0009389,CUS_005829,PRJ_0016,2023-06-23,campaign,2,60
LEAD_0009390,CUS_006205,PRJ_0001,2023-10-25,referral,2,71
LEAD_0009391,CUS_002478,PRJ_0023,2024-02-23,web,5,61
LEAD_0009392,CUS_002415,PRJ_0009,2025-08-08,web,2,61
LEAD_0009393,CUS_004659,PRJ_0004,2021-10-29,walk_in,0,42
LEAD_0009394,CUS_006133,PRJ_0015,2023-06-28,campaign,0,54
LEAD_0009395,CUS_006433,PRJ_0024,2023-02-07,campaign,4,83
LEAD_0009396,CUS_002289,PRJ_0006,2025-04-23,campaign,1,54
LEAD_0009397,CUS_000142,PRJ_0005,2023-04-04,referral,2,59
LEAD_0009398,CUS_004811,PRJ_0015,2023-10-08,agency,6,75
LEAD_0009399,CUS_005497,PRJ_0026,2023-11-29,walk_in,4,71
LEAD_0009400,CUS_004639,PRJ_0015,2021-11-28,web,1,50
LEAD_0009401,CUS_005997,PRJ_0005,2025-07-24,web,2,63
LEAD_0009402,CUS_005509,PRJ_0002,2023-04-14,web,4,83
LEAD_0009403,CUS_003753,PRJ_0020,2023-05-07,web,4,65
LEAD_0009404,CUS_001172,PRJ_0004,2025-08-07,web,1,66
LEAD_0009405,CUS_001762,PRJ_0021,2021-11-24,agency,1,67
LEAD_0009406,CUS_003316,PRJ_0012,2023-03-29,agency,1,54
LEAD_0009407,CUS_003656,PRJ_0025,2022-06-20,agency,0,63
LEAD_0009408,CUS_000013,PRJ_0023,2025-06-20,campaign,3,74
LEAD_0009409,CUS_005444,PRJ_0007,2022-10-24,web,2,46
LEAD_0009410,CUS_005602,PRJ_0016,2024-07-23,campaign,1,58
LEAD_0009411,CUS_005697,PRJ_0004,2022-11-21,campaign,2,45
LEAD_0009412,CUS_001636,PRJ_0019,2025-04-14,web,1,37
LEAD_0009413,CUS_004622,PRJ_0002,2024-01-15,campaign,2,62
LEAD_0009414,CUS_005624,PRJ_0005,2021-02-19,campaign,2,39
LEAD_0009415,CUS_002994,PRJ_0019,2023-08-22,referral,4,80
LEAD_0009416,CUS_003274,PRJ_0009,2021-08-12,web,4,73
LEAD_0009417,CUS_004991,PRJ_0009,2023-03-16,referral,3,85
LEAD_0009418,CUS_004345,PRJ_0027,2022-05-29,web,5,48
LEAD_0009419,CUS_001554,PRJ_0013,2025-11-10,agency,1,81
LEAD_0009420,CUS_001559,PRJ_0021,2025-06-04,agency,2,68
LEAD_0009421,CUS_000026,PRJ_0009,2021-12-21,web,3,64
LEAD_0009422,CUS_003532,PRJ_0026,2024-10-14,campaign,1,57
LEAD_0009423,CUS_001920,PRJ_0025,2021-09-18,web,1,47
LEAD_0009424,CUS_004962,PRJ_0018,2024-03-20,web,1,70
LEAD_0009425,CUS_004442,PRJ_0014,2023-01-31,campaign,4,77
LEAD_0009426,CUS_004407,PRJ_0007,2023-07-06,referral,3,60
LEAD_0009427,CUS_005216,PRJ_0010,2025-06-07,walk_in,5,77
LEAD_0009428,CUS_004309,PRJ_0022,2023-03-29,web,3,64
LEAD_0009429,CUS_006236,PRJ_0011,2022-01-09,agency,4,58
LEAD_0009430,CUS_004239,PRJ_0015,2023-07-26,web,1,76
LEAD_0009431,CUS_001695,PRJ_0012,2023-12-20,walk_in,4,61
LEAD_0009432,CUS_000255,PRJ_0011,2022-02-03,web,1,63
LEAD_0009433,CUS_006182,PRJ_0023,2021-09-11,web,3,45
LEAD_0009434,CUS_000230,PRJ_0022,2024-08-23,web,0,38
LEAD_0009435,CUS_006403,PRJ_0004,2022-07-18,web,3,65
LEAD_0009436,CUS_005764,PRJ_0017,2024-04-06,walk_in,3,53
LEAD_0009437,CUS_002825,PRJ_0017,2022-07-13,web,1,57
LEAD_0009438,CUS_003931,PRJ_0012,2022-01-26,referral,0,63
LEAD_0009439,CUS_000578,PRJ_0017,2021-07-15,campaign,2,60
LEAD_0009440,CUS_004985,PRJ_0010,2025-09-10,web,4,78
LEAD_0009441,CUS_000600,PRJ_0005,2024-07-15,walk_in,2,46
LEAD_0009442,CUS_005056,PRJ_0006,2021-06-22,walk_in,2,57
LEAD_0009443,CUS_005007,PRJ_0007,2021-06-21,referral,1,64
LEAD_0009444,CUS_005568,PRJ_0008,2021-10-07,web,5,48
LEAD_0009445,CUS_003447,PRJ_0009,2023-06-20,agency,2,71
LEAD_0009446,CUS_005419,PRJ_0011,2023-04-03,campaign,1,60
LEAD_0009447,CUS_002771,PRJ_0024,2024-06-12,referral,1,62
LEAD_0009448,CUS_001262,PRJ_0024,2024-03-02,campaign,2,47
LEAD_0009449,CUS_002966,PRJ_0012,2025-02-05,web,3,65
LEAD_0009450,CUS_003770,PRJ_0022,2022-08-25,web,1,62
LEAD_0009451,CUS_001898,PRJ_0010,2025-05-03,agency,2,100
LEAD_0009452,CUS_003240,PRJ_0009,2024-03-02,agency,2,73
LEAD_0009453,CUS_005675,PRJ_0020,2022-02-15,web,3,67
LEAD_0009454,CUS_004725,PRJ_0028,2025-08-25,web,2,59
LEAD_0009455,CUS_003325,PRJ_0025,2025-02-20,agency,0,64
LEAD_0009456,CUS_005831,PRJ_0023,2021-05-08,agency,5,81
LEAD_0009457,CUS_006063,PRJ_0018,2024-03-26,agency,3,77
LEAD_0009458,CUS_005727,PRJ_0023,2023-07-21,referral,2,89
LEAD_0009459,CUS_000270,PRJ_0017,2025-07-11,campaign,2,65
LEAD_0009460,CUS_000934,PRJ_0009,2022-11-23,agency,0,78
LEAD_0009461,CUS_005141,PRJ_0015,2022-08-19,web,0,41
LEAD_0009462,CUS_004395,PRJ_0010,2021-01-13,agency,1,56
LEAD_0009463,CUS_001621,PRJ_0012,2022-04-05,web,3,76
LEAD_0009464,CUS_001123,PRJ_0023,2024-07-13,agency,1,67
LEAD_0009465,CUS_005690,PRJ_0010,2022-10-11,agency,1,68
LEAD_0009466,CUS_003855,PRJ_0005,2025-12-26,walk_in,1,55
LEAD_0009467,CUS_001027,PRJ_0006,2025-10-20,web,0,46
LEAD_0009468,CUS_001493,PRJ_0019,2024-08-04,referral,1,60
LEAD_0009469,CUS_001105,PRJ_0011,2023-07-18,web,1,55
LEAD_0009470,CUS_000133,PRJ_0013,2023-03-01,web,1,61
LEAD_0009471,CUS_001513,PRJ_0014,2023-03-11,agency,1,71
LEAD_0009472,CUS_000379,PRJ_0025,2024-09-29,web,4,75
LEAD_0009473,CUS_003126,PRJ_0013,2022-10-31,campaign,0,69
LEAD_0009474,CUS_003097,PRJ_0021,2025-12-09,referral,1,58
LEAD_0009475,CUS_001243,PRJ_0025,2024-02-23,web,3,62
LEAD_0009476,CUS_002090,PRJ_0018,2024-07-22,campaign,3,79
LEAD_0009477,CUS_004590,PRJ_0024,2025-06-19,campaign,1,63
LEAD_0009478,CUS_006032,PRJ_0025,2025-04-22,web,1,81
LEAD_0009479,CUS_003058,PRJ_0003,2024-02-29,walk_in,4,81
LEAD_0009480,CUS_001515,PRJ_0025,2022-07-31,campaign,4,74
LEAD_0009481,CUS_002035,PRJ_0009,2024-08-30,web,2,64
LEAD_0009482,CUS_005746,PRJ_0027,2023-06-15,web,0,62
LEAD_0009483,CUS_000988,PRJ_0008,2021-04-21,web,3,61
LEAD_0009484,CUS_004197,PRJ_0004,2023-08-13,web,1,61
LEAD_0009485,CUS_005230,PRJ_0027,2022-07-03,web,2,37
LEAD_0009486,CUS_003104,PRJ_0015,2021-09-02,web,3,65
LEAD_0009487,CUS_004782,PRJ_0015,2024-08-23,web,5,74
LEAD_0009488,CUS_001455,PRJ_0020,2021-02-08,agency,2,59
LEAD_0009489,CUS_000268,PRJ_0025,2023-01-23,agency,2,78
LEAD_0009490,CUS_000094,PRJ_0014,2021-06-23,web,1,52
LEAD_0009491,CUS_006071,PRJ_0028,2022-03-01,web,0,44
LEAD_0009492,CUS_002769,PRJ_0021,2021-03-12,agency,0,73
LEAD_0009493,CUS_001808,PRJ_0017,2023-12-19,walk_in,3,77
LEAD_0009494,CUS_002785,PRJ_0013,2024-11-21,agency,1,54
LEAD_0009495,CUS_002346,PRJ_0026,2022-05-21,referral,1,51
LEAD_0009496,CUS_001461,PRJ_0004,2023-08-04,web,3,53
LEAD_0009497,CUS_005810,PRJ_0027,2022-04-14,referral,1,75
LEAD_0009498,CUS_004669,PRJ_0015,2024-05-19,web,2,59
LEAD_0009499,CUS_001014,PRJ_0007,2024-03-21,agency,2,59
LEAD_0009500,CUS_004203,PRJ_0002,2023-09-30,web,0,69
LEAD_0009501,CUS_003473,PRJ_0016,2021-09-21,web,2,52
LEAD_0009502,CUS_002076,PRJ_0024,2021-09-30,campaign,2,71
LEAD_0009503,CUS_001325,PRJ_0017,2022-10-29,referral,2,86
LEAD_0009504,CUS_006111,PRJ_0002,2024-10-25,campaign,0,66
LEAD_0009505,CUS_001820,PRJ_0017,2022-06-17,web,1,49
LEAD_0009506,CUS_005268,PRJ_0027,2024-03-04,agency,0,70
LEAD_0009507,CUS_000530,PRJ_0007,2025-10-25,web,2,61
LEAD_0009508,CUS_003616,PRJ_0006,2025-08-21,agency,4,76
LEAD_0009509,CUS_005612,PRJ_0024,2022-08-17,agency,1,74
LEAD_0009510,CUS_005288,PRJ_0019,2022-10-06,walk_in,4,70
LEAD_0009511,CUS_003726,PRJ_0009,2025-11-15,walk_in,2,72
LEAD_0009512,CUS_005365,PRJ_0024,2023-11-05,referral,6,85
LEAD_0009513,CUS_003406,PRJ_0017,2023-12-10,web,2,69
LEAD_0009514,CUS_003154,PRJ_0026,2023-03-30,agency,2,83
LEAD_0009515,CUS_003117,PRJ_0026,2021-07-06,agency,1,68
LEAD_0009516,CUS_006265,PRJ_0014,2021-02-17,web,4,77
LEAD_0009517,CUS_000078,PRJ_0002,2023-10-29,web,4,74
LEAD_0009518,CUS_004259,PRJ_0003,2022-10-05,campaign,2,66
LEAD_0009519,CUS_001007,PRJ_0012,2023-09-14,referral,2,95
LEAD_0009520,CUS_000168,PRJ_0017,2025-08-16,web,5,94
LEAD_0009521,CUS_006370,PRJ_0026,2025-08-21,campaign,2,71
LEAD_0009522,CUS_002959,PRJ_0016,2022-03-10,web,2,57
LEAD_0009523,CUS_006074,PRJ_0023,2025-08-16,web,4,67
LEAD_0009524,CUS_005100,PRJ_0005,2021-02-17,web,4,58
LEAD_0009525,CUS_003894,PRJ_0021,2024-06-22,campaign,3,90
LEAD_0009526,CUS_002858,PRJ_0008,2022-03-25,agency,0,55
LEAD_0009527,CUS_005316,PRJ_0023,2022-01-24,web,4,63
LEAD_0009528,CUS_005904,PRJ_0024,2023-03-03,web,3,69
LEAD_0009529,CUS_005747,PRJ_0019,2021-12-02,web,0,55
LEAD_0009530,CUS_005115,PRJ_0016,2025-01-12,web,3,78
LEAD_0009531,CUS_000648,PRJ_0005,2022-01-20,web,1,63
LEAD_0009532,CUS_003527,PRJ_0012,2025-12-16,agency,2,54
LEAD_0009533,CUS_002758,PRJ_0013,2024-08-14,campaign,1,62
LEAD_0009534,CUS_002284,PRJ_0022,2023-10-20,campaign,1,86
LEAD_0009535,CUS_005635,PRJ_0021,2021-11-23,referral,2,66
LEAD_0009536,CUS_001054,PRJ_0018,2024-12-04,web,0,53
LEAD_0009537,CUS_005808,PRJ_0008,2023-12-13,web,0,60
LEAD_0009538,CUS_006185,PRJ_0008,2022-02-15,referral,0,39
LEAD_0009539,CUS_004018,PRJ_0021,2021-08-09,referral,0,88
LEAD_0009540,CUS_001992,PRJ_0018,2025-12-10,web,0,43
LEAD_0009541,CUS_002658,PRJ_0026,2023-11-20,web,1,64
LEAD_0009542,CUS_001653,PRJ_0011,2023-12-27,web,2,71
LEAD_0009543,CUS_003807,PRJ_0022,2022-07-31,agency,1,64
LEAD_0009544,CUS_002990,PRJ_0022,2022-04-23,web,1,48
LEAD_0009545,CUS_003009,PRJ_0011,2022-09-21,campaign,2,59
LEAD_0009546,CUS_003232,PRJ_0017,2021-10-28,walk_in,0,74
LEAD_0009547,CUS_005459,PRJ_0024,2024-07-01,web,3,64
LEAD_0009548,CUS_006485,PRJ_0001,2024-12-29,agency,2,63
LEAD_0009549,CUS_003485,PRJ_0011,2023-08-05,web,1,57
LEAD_0009550,CUS_000665,PRJ_0009,2025-11-19,agency,0,74
LEAD_0009551,CUS_006163,PRJ_0019,2023-10-30,web,3,60
LEAD_0009552,CUS_005683,PRJ_0021,2022-06-04,referral,0,52
LEAD_0009553,CUS_002495,PRJ_0020,2022-09-10,campaign,0,64
LEAD_0009554,CUS_000903,PRJ_0010,2023-07-05,agency,2,62
LEAD_0009555,CUS_003258,PRJ_0028,2025-02-12,web,2,68
LEAD_0009556,CUS_003138,PRJ_0007,2025-12-12,web,4,48
LEAD_0009557,CUS_005659,PRJ_0015,2021-03-21,walk_in,2,66
LEAD_0009558,CUS_005626,PRJ_0023,2023-07-02,web,1,55
LEAD_0009559,CUS_003174,PRJ_0020,2021-06-15,web,0,60
LEAD_0009560,CUS_005210,PRJ_0028,2022-01-02,referral,3,72
LEAD_0009561,CUS_005499,PRJ_0020,2024-01-14,web,1,55
LEAD_0009562,CUS_006467,PRJ_0002,2021-05-03,agency,4,73
LEAD_0009563,CUS_003817,PRJ_0009,2024-01-23,referral,2,66
LEAD_0009564,CUS_004056,PRJ_0004,2025-01-30,agency,1,64
LEAD_0009565,CUS_000615,PRJ_0013,2021-03-17,campaign,1,60
LEAD_0009566,CUS_004897,PRJ_0005,2022-07-24,referral,3,67
LEAD_0009567,CUS_003942,PRJ_0009,2022-10-15,agency,3,63
LEAD_0009568,CUS_006198,PRJ_0004,2022-02-06,referral,2,55
LEAD_0009569,CUS_003466,PRJ_0015,2024-06-06,campaign,4,76
LEAD_0009570,CUS_002673,PRJ_0004,2024-01-01,referral,2,67
LEAD_0009571,CUS_000750,PRJ_0010,2023-01-19,web,1,53
LEAD_0009572,CUS_002683,PRJ_0001,2022-04-20,walk_in,3,65
LEAD_0009573,CUS_001095,PRJ_0027,2022-11-28,referral,6,68
LEAD_0009574,CUS_004130,PRJ_0008,2024-09-26,agency,1,56
LEAD_0009575,CUS_004951,PRJ_0001,2025-03-30,agency,0,58
LEAD_0009576,CUS_005449,PRJ_0009,2022-05-22,agency,1,54
LEAD_0009577,CUS_002458,PRJ_0007,2025-08-24,web,2,46
LEAD_0009578,CUS_001752,PRJ_0013,2021-09-16,referral,4,84
LEAD_0009579,CUS_006407,PRJ_0009,2021-09-05,walk_in,3,91
LEAD_0009580,CUS_004950,PRJ_0007,2024-05-31,referral,0,56
LEAD_0009581,CUS_003752,PRJ_0006,2022-10-28,web,1,55
LEAD_0009582,CUS_005329,PRJ_0009,2022-05-20,web,2,43
LEAD_0009583,CUS_004307,PRJ_0024,2023-06-21,web,2,46
LEAD_0009584,CUS_003844,PRJ_0002,2025-04-13,referral,2,51
LEAD_0009585,CUS_006201,PRJ_0015,2024-12-01,web,2,71
LEAD_0009586,CUS_001357,PRJ_0026,2024-11-01,campaign,1,34
LEAD_0009587,CUS_003975,PRJ_0016,2024-02-06,referral,2,68
LEAD_0009588,CUS_005175,PRJ_0004,2023-03-17,campaign,1,49
LEAD_0009589,CUS_003258,PRJ_0003,2022-07-21,agency,1,78
LEAD_0009590,CUS_005982,PRJ_0007,2023-11-10,referral,0,61
LEAD_0009591,CUS_004104,PRJ_0003,2024-12-31,web,1,46
LEAD_0009592,CUS_002230,PRJ_0008,2023-12-12,web,3,82
LEAD_0009593,CUS_003740,PRJ_0023,2021-03-19,referral,2,61
LEAD_0009594,CUS_001182,PRJ_0024,2024-05-19,web,1,49
LEAD_0009595,CUS_006259,PRJ_0021,2023-04-12,campaign,3,76
LEAD_0009596,CUS_006030,PRJ_0014,2024-04-03,agency,7,96
LEAD_0009597,CUS_002970,PRJ_0002,2025-09-02,web,2,50
LEAD_0009598,CUS_000182,PRJ_0010,2024-12-16,referral,3,87
LEAD_0009599,CUS_002091,PRJ_0024,2021-12-10,web,0,50
LEAD_0009600,CUS_005917,PRJ_0009,2022-09-09,agency,2,70
LEAD_0009601,CUS_005058,PRJ_0012,2025-12-20,web,1,60
LEAD_0009602,CUS_002731,PRJ_0015,2021-04-18,referral,2,66
LEAD_0009603,CUS_004228,PRJ_0019,2021-03-02,web,3,53
LEAD_0009604,CUS_004351,PRJ_0003,2021-04-20,campaign,1,48
LEAD_0009605,CUS_005139,PRJ_0015,2024-11-06,web,1,76
LEAD_0009606,CUS_002287,PRJ_0026,2023-12-13,campaign,3,80
LEAD_0009607,CUS_005130,PRJ_0003,2021-12-28,web,3,90
LEAD_0009608,CUS_002028,PRJ_0012,2024-07-17,walk_in,5,53
LEAD_0009609,CUS_004568,PRJ_0005,2024-11-10,referral,1,48
LEAD_0009610,CUS_000742,PRJ_0010,2024-08-15,referral,5,85
LEAD_0009611,CUS_003045,PRJ_0010,2022-06-27,agency,1,50
LEAD_0009612,CUS_003884,PRJ_0019,2022-04-21,referral,2,73
LEAD_0009613,CUS_004088,PRJ_0008,2022-02-15,web,2,80
LEAD_0009614,CUS_004657,PRJ_0007,2022-12-01,web,1,51
LEAD_0009615,CUS_006391,PRJ_0018,2021-05-24,referral,2,52
LEAD_0009616,CUS_000836,PRJ_0017,2023-11-18,web,2,57
LEAD_0009617,CUS_005848,PRJ_0009,2022-03-18,campaign,0,39
LEAD_0009618,CUS_005121,PRJ_0022,2023-09-16,web,3,57
LEAD_0009619,CUS_000782,PRJ_0001,2021-02-12,web,3,60
LEAD_0009620,CUS_001464,PRJ_0021,2022-05-06,referral,2,83
LEAD_0009621,CUS_000353,PRJ_0015,2021-02-12,agency,0,72
LEAD_0009622,CUS_002306,PRJ_0014,2022-07-09,web,4,55
LEAD_0009623,CUS_000780,PRJ_0020,2022-09-22,campaign,2,50
LEAD_0009624,CUS_000768,PRJ_0011,2023-03-29,web,1,64
LEAD_0009625,CUS_005750,PRJ_0010,2021-11-27,referral,1,67
LEAD_0009626,CUS_005125,PRJ_0017,2025-04-25,web,3,58
LEAD_0009627,CUS_004292,PRJ_0009,2024-11-25,web,1,88
LEAD_0009628,CUS_001070,PRJ_0022,2025-02-25,agency,1,90
LEAD_0009629,CUS_001852,PRJ_0003,2023-09-25,walk_in,1,76
LEAD_0009630,CUS_001602,PRJ_0008,2024-02-20,campaign,3,54
LEAD_0009631,CUS_006100,PRJ_0011,2022-06-07,referral,4,74
LEAD_0009632,CUS_000647,PRJ_0004,2022-09-08,web,0,67
LEAD_0009633,CUS_000351,PRJ_0022,2024-12-18,campaign,2,66
LEAD_0009634,CUS_006082,PRJ_0019,2023-10-16,agency,3,73
LEAD_0009635,CUS_004798,PRJ_0024,2024-10-07,agency,3,60
LEAD_0009636,CUS_004337,PRJ_0005,2023-02-18,walk_in,3,65
LEAD_0009637,CUS_002158,PRJ_0010,2025-12-01,web,1,47
LEAD_0009638,CUS_004428,PRJ_0011,2023-01-11,agency,2,76
LEAD_0009639,CUS_002144,PRJ_0022,2025-02-27,agency,0,67
LEAD_0009640,CUS_006251,PRJ_0006,2021-11-06,walk_in,4,62
LEAD_0009641,CUS_003089,PRJ_0027,2021-08-02,web,2,64
LEAD_0009642,CUS_002799,PRJ_0013,2024-12-13,referral,6,73
LEAD_0009643,CUS_003103,PRJ_0001,2023-06-24,web,4,66
LEAD_0009644,CUS_003358,PRJ_0018,2021-06-04,web,1,55
LEAD_0009645,CUS_005123,PRJ_0010,2021-06-22,web,2,69
LEAD_0009646,CUS_001169,PRJ_0013,2023-06-06,walk_in,3,59
LEAD_0009647,CUS_003455,PRJ_0020,2024-10-07,referral,2,70
LEAD_0009648,CUS_003242,PRJ_0004,2021-01-21,web,2,82
LEAD_0009649,CUS_002317,PRJ_0009,2022-12-04,agency,4,94
LEAD_0009650,CUS_004468,PRJ_0002,2022-05-05,campaign,4,68
LEAD_0009651,CUS_005351,PRJ_0020,2023-06-23,web,0,42
LEAD_0009652,CUS_001256,PRJ_0008,2025-12-01,agency,1,83
LEAD_0009653,CUS_005990,PRJ_0024,2022-10-28,referral,2,57
LEAD_0009654,CUS_000276,PRJ_0006,2023-10-19,agency,1,60
LEAD_0009655,CUS_001966,PRJ_0020,2025-05-19,referral,2,70
LEAD_0009656,CUS_001668,PRJ_0022,2024-08-05,web,4,49
LEAD_0009657,CUS_003653,PRJ_0016,2024-11-07,agency,4,76
LEAD_0009658,CUS_000537,PRJ_0009,2021-12-30,walk_in,2,72
LEAD_0009659,CUS_001255,PRJ_0020,2023-07-23,web,1,62
LEAD_0009660,CUS_005234,PRJ_0011,2025-09-12,agency,1,52
LEAD_0009661,CUS_001907,PRJ_0010,2022-07-18,agency,1,38
LEAD_0009662,CUS_005716,PRJ_0012,2022-07-03,web,2,55
LEAD_0009663,CUS_001208,PRJ_0007,2021-05-26,walk_in,0,63
LEAD_0009664,CUS_001791,PRJ_0020,2023-11-28,web,4,80
LEAD_0009665,CUS_001418,PRJ_0017,2023-07-17,web,1,63
LEAD_0009666,CUS_001577,PRJ_0014,2025-05-18,walk_in,4,73
LEAD_0009667,CUS_002968,PRJ_0013,2023-05-15,agency,0,60
LEAD_0009668,CUS_004305,PRJ_0006,2023-12-20,agency,1,55
LEAD_0009669,CUS_001918,PRJ_0027,2024-05-25,agency,3,71
LEAD_0009670,CUS_005106,PRJ_0005,2024-06-28,walk_in,0,57
LEAD_0009671,CUS_000815,PRJ_0024,2025-12-26,agency,1,66
LEAD_0009672,CUS_004520,PRJ_0009,2021-12-22,agency,1,65
LEAD_0009673,CUS_000160,PRJ_0028,2022-07-09,agency,3,64
LEAD_0009674,CUS_003936,PRJ_0013,2024-08-07,web,3,63
LEAD_0009675,CUS_001638,PRJ_0022,2023-09-25,web,3,80
LEAD_0009676,CUS_002264,PRJ_0011,2022-11-16,campaign,2,68
LEAD_0009677,CUS_005936,PRJ_0016,2021-12-15,web,4,70
LEAD_0009678,CUS_004328,PRJ_0017,2022-08-18,web,5,95
LEAD_0009679,CUS_006200,PRJ_0012,2025-09-16,web,6,54
LEAD_0009680,CUS_004272,PRJ_0021,2023-10-15,referral,4,62
LEAD_0009681,CUS_000651,PRJ_0003,2024-10-13,walk_in,1,60
LEAD_0009682,CUS_001382,PRJ_0022,2022-05-22,web,2,47
LEAD_0009683,CUS_003231,PRJ_0003,2023-07-24,agency,3,100
LEAD_0009684,CUS_000175,PRJ_0012,2021-12-03,web,3,53
LEAD_0009685,CUS_001630,PRJ_0025,2023-10-25,web,2,49
LEAD_0009686,CUS_004241,PRJ_0013,2021-09-27,agency,1,55
LEAD_0009687,CUS_000331,PRJ_0025,2025-03-05,walk_in,3,66
LEAD_0009688,CUS_002103,PRJ_0027,2021-08-23,agency,4,100
LEAD_0009689,CUS_003112,PRJ_0023,2025-01-13,walk_in,3,49
LEAD_0009690,CUS_000178,PRJ_0018,2021-05-08,walk_in,1,59
LEAD_0009691,CUS_002357,PRJ_0007,2025-08-09,walk_in,2,65
LEAD_0009692,CUS_000120,PRJ_0017,2025-03-19,web,3,75
LEAD_0009693,CUS_003263,PRJ_0025,2024-06-25,web,3,73
LEAD_0009694,CUS_000928,PRJ_0017,2024-05-05,agency,2,66
LEAD_0009695,CUS_000611,PRJ_0022,2022-12-16,agency,2,77
LEAD_0009696,CUS_000557,PRJ_0002,2025-12-23,web,2,69
LEAD_0009697,CUS_003314,PRJ_0011,2021-01-08,agency,2,76
LEAD_0009698,CUS_004604,PRJ_0003,2021-03-28,web,5,75
LEAD_0009699,CUS_001223,PRJ_0017,2024-08-03,agency,1,72
LEAD_0009700,CUS_006050,PRJ_0008,2023-12-26,web,2,55
LEAD_0009701,CUS_000993,PRJ_0006,2022-04-19,campaign,1,56
LEAD_0009702,CUS_000888,PRJ_0024,2022-12-08,web,3,100
LEAD_0009703,CUS_003700,PRJ_0005,2023-12-29,referral,3,50
LEAD_0009704,CUS_004429,PRJ_0013,2023-01-23,web,0,55
LEAD_0009705,CUS_002637,PRJ_0003,2021-04-24,agency,0,98
LEAD_0009706,CUS_003413,PRJ_0019,2021-03-06,walk_in,1,75
LEAD_0009707,CUS_006081,PRJ_0012,2023-03-21,walk_in,3,79
LEAD_0009708,CUS_004555,PRJ_0005,2023-05-16,web,3,50
LEAD_0009709,CUS_004427,PRJ_0014,2024-05-04,agency,2,70
LEAD_0009710,CUS_001181,PRJ_0014,2025-12-02,campaign,2,44
LEAD_0009711,CUS_003212,PRJ_0027,2021-05-23,referral,1,79
LEAD_0009712,CUS_000826,PRJ_0023,2022-05-26,referral,2,80
LEAD_0009713,CUS_003284,PRJ_0019,2023-11-29,web,1,51
LEAD_0009714,CUS_005389,PRJ_0028,2022-09-27,agency,1,77
LEAD_0009715,CUS_004177,PRJ_0012,2022-06-24,web,3,70
LEAD_0009716,CUS_005222,PRJ_0002,2022-07-15,campaign,1,61
LEAD_0009717,CUS_000745,PRJ_0008,2022-01-28,walk_in,2,65
LEAD_0009718,CUS_006045,PRJ_0010,2024-01-31,campaign,2,60
LEAD_0009719,CUS_005974,PRJ_0010,2024-03-02,campaign,2,68
LEAD_0009720,CUS_001392,PRJ_0009,2024-07-14,walk_in,2,68
LEAD_0009721,CUS_004816,PRJ_0017,2021-08-31,web,3,67
LEAD_0009722,CUS_003461,PRJ_0013,2021-11-25,referral,0,86
LEAD_0009723,CUS_001189,PRJ_0022,2025-12-25,web,1,65
LEAD_0009724,CUS_002472,PRJ_0022,2022-03-26,agency,2,80
LEAD_0009725,CUS_001839,PRJ_0017,2024-01-24,campaign,2,63
LEAD_0009726,CUS_005572,PRJ_0002,2021-06-09,referral,2,51
LEAD_0009727,CUS_000146,PRJ_0024,2024-09-12,referral,2,70
LEAD_0009728,CUS_003431,PRJ_0027,2021-09-11,walk_in,0,50
LEAD_0009729,CUS_004777,PRJ_0012,2022-12-31,referral,4,47
LEAD_0009730,CUS_001095,PRJ_0024,2022-02-07,web,1,49
LEAD_0009731,CUS_005038,PRJ_0011,2023-02-18,campaign,5,71
LEAD_0009732,CUS_001939,PRJ_0003,2025-08-24,referral,5,60
LEAD_0009733,CUS_002512,PRJ_0012,2022-04-18,agency,3,72
LEAD_0009734,CUS_003884,PRJ_0010,2021-11-19,campaign,1,61
LEAD_0009735,CUS_005109,PRJ_0012,2021-05-20,web,3,92
LEAD_0009736,CUS_003591,PRJ_0015,2021-12-19,walk_in,1,59
LEAD_0009737,CUS_004894,PRJ_0006,2024-11-29,agency,3,68
LEAD_0009738,CUS_004906,PRJ_0017,2022-01-18,web,1,74
LEAD_0009739,CUS_004926,PRJ_0002,2025-10-04,web,0,51
LEAD_0009740,CUS_006495,PRJ_0018,2022-06-08,web,1,59
LEAD_0009741,CUS_005608,PRJ_0013,2022-04-01,agency,2,58
LEAD_0009742,CUS_002756,PRJ_0015,2025-02-10,web,2,73
LEAD_0009743,CUS_000941,PRJ_0009,2024-01-02,referral,0,76
LEAD_0009744,CUS_003164,PRJ_0023,2023-04-14,web,0,51
LEAD_0009745,CUS_006433,PRJ_0014,2021-11-14,web,2,58
LEAD_0009746,CUS_003614,PRJ_0027,2024-07-19,referral,2,97
LEAD_0009747,CUS_003616,PRJ_0003,2024-02-19,web,2,75
LEAD_0009748,CUS_004522,PRJ_0012,2025-09-25,referral,5,79
LEAD_0009749,CUS_001022,PRJ_0017,2025-10-24,agency,1,79
LEAD_0009750,CUS_001683,PRJ_0016,2024-01-02,referral,3,83
LEAD_0009751,CUS_005039,PRJ_0025,2022-05-27,web,2,62
LEAD_0009752,CUS_003844,PRJ_0025,2025-06-26,web,1,45
LEAD_0009753,CUS_006146,PRJ_0007,2021-11-16,web,4,57
LEAD_0009754,CUS_001607,PRJ_0023,2024-01-03,agency,2,96
LEAD_0009755,CUS_003998,PRJ_0015,2021-11-22,web,0,70
LEAD_0009756,CUS_002784,PRJ_0008,2023-04-23,referral,2,68
LEAD_0009757,CUS_003614,PRJ_0026,2021-10-08,agency,6,97
LEAD_0009758,CUS_003297,PRJ_0001,2025-12-13,agency,3,46
LEAD_0009759,CUS_003413,PRJ_0007,2021-11-06,walk_in,0,69
LEAD_0009760,CUS_002987,PRJ_0018,2024-01-02,agency,3,54
LEAD_0009761,CUS_005083,PRJ_0015,2022-06-21,web,2,50
LEAD_0009762,CUS_003660,PRJ_0012,2025-08-16,web,2,53
LEAD_0009763,CUS_002030,PRJ_0004,2025-07-23,web,1,42
LEAD_0009764,CUS_002054,PRJ_0001,2025-04-22,web,1,79
LEAD_0009765,CUS_003263,PRJ_0028,2024-01-12,campaign,1,80
LEAD_0009766,CUS_006424,PRJ_0001,2022-11-18,referral,3,56
LEAD_0009767,CUS_001145,PRJ_0015,2024-04-05,referral,1,59
LEAD_0009768,CUS_004096,PRJ_0026,2021-06-05,agency,6,55
LEAD_0009769,CUS_000804,PRJ_0027,2021-01-20,web,1,52
LEAD_0009770,CUS_001149,PRJ_0003,2023-06-07,web,3,61
LEAD_0009771,CUS_004586,PRJ_0001,2022-12-02,walk_in,2,48
LEAD_0009772,CUS_005036,PRJ_0023,2025-04-29,web,1,74
LEAD_0009773,CUS_003939,PRJ_0007,2024-07-30,web,4,68
LEAD_0009774,CUS_002445,PRJ_0021,2025-07-26,campaign,2,45
LEAD_0009775,CUS_000079,PRJ_0001,2021-05-29,walk_in,0,43
LEAD_0009776,CUS_002018,PRJ_0016,2024-07-27,web,2,74
LEAD_0009777,CUS_002049,PRJ_0013,2023-09-03,campaign,2,49
LEAD_0009778,CUS_005208,PRJ_0023,2021-01-01,referral,2,78
LEAD_0009779,CUS_001833,PRJ_0008,2021-04-10,web,1,54
LEAD_0009780,CUS_003431,PRJ_0018,2025-11-23,web,0,57
LEAD_0009781,CUS_002523,PRJ_0004,2022-03-24,web,1,69
LEAD_0009782,CUS_000327,PRJ_0015,2021-08-12,campaign,3,74
LEAD_0009783,CUS_005802,PRJ_0014,2023-11-23,campaign,0,71
LEAD_0009784,CUS_004199,PRJ_0002,2021-08-21,agency,2,85
LEAD_0009785,CUS_004567,PRJ_0018,2024-03-30,web,3,54
LEAD_0009786,CUS_001052,PRJ_0005,2022-11-10,referral,1,61
LEAD_0009787,CUS_004785,PRJ_0003,2024-10-04,web,2,72
LEAD_0009788,CUS_004388,PRJ_0020,2023-04-09,web,0,50
LEAD_0009789,CUS_002907,PRJ_0003,2024-11-12,web,2,64
LEAD_0009790,CUS_003594,PRJ_0020,2024-01-31,referral,0,56
LEAD_0009791,CUS_001590,PRJ_0016,2024-09-15,referral,3,56
LEAD_0009792,CUS_002071,PRJ_0020,2025-06-30,web,3,48
LEAD_0009793,CUS_005000,PRJ_0011,2023-12-02,web,2,67
LEAD_0009794,CUS_005781,PRJ_0020,2022-08-06,referral,2,46
LEAD_0009795,CUS_003106,PRJ_0024,2024-03-21,walk_in,0,41
LEAD_0009796,CUS_001535,PRJ_0016,2022-06-23,referral,1,59
LEAD_0009797,CUS_002882,PRJ_0024,2023-02-03,web,2,64
LEAD_0009798,CUS_001814,PRJ_0020,2022-04-01,web,2,49
LEAD_0009799,CUS_003090,PRJ_0001,2023-12-13,walk_in,0,61
LEAD_0009800,CUS_001752,PRJ_0014,2022-09-22,web,0,76
LEAD_0009801,CUS_005572,PRJ_0006,2021-09-12,web,1,39
LEAD_0009802,CUS_003396,PRJ_0012,2024-02-16,campaign,4,68
LEAD_0009803,CUS_001783,PRJ_0017,2025-08-24,referral,4,78
LEAD_0009804,CUS_002367,PRJ_0002,2021-06-23,web,3,59
LEAD_0009805,CUS_000625,PRJ_0016,2025-12-27,web,3,66
LEAD_0009806,CUS_002244,PRJ_0022,2024-10-30,web,6,79
LEAD_0009807,CUS_004706,PRJ_0028,2023-01-03,web,3,61
LEAD_0009808,CUS_004785,PRJ_0011,2024-09-17,web,1,58
LEAD_0009809,CUS_000461,PRJ_0009,2025-12-24,referral,3,54
LEAD_0009810,CUS_006424,PRJ_0026,2023-04-30,web,4,60
LEAD_0009811,CUS_003493,PRJ_0022,2021-12-10,web,0,60
LEAD_0009812,CUS_003064,PRJ_0010,2021-07-29,web,3,68
LEAD_0009813,CUS_002954,PRJ_0017,2025-07-10,web,0,61
LEAD_0009814,CUS_004215,PRJ_0015,2025-07-06,agency,4,78
LEAD_0009815,CUS_003609,PRJ_0024,2024-05-16,walk_in,1,50
LEAD_0009816,CUS_004784,PRJ_0023,2025-06-12,walk_in,2,60
LEAD_0009817,CUS_000811,PRJ_0010,2025-09-20,agency,4,80
LEAD_0009818,CUS_004486,PRJ_0026,2024-05-19,web,2,53
LEAD_0009819,CUS_001122,PRJ_0027,2021-01-08,agency,2,66
LEAD_0009820,CUS_005071,PRJ_0024,2022-08-05,referral,3,77
LEAD_0009821,CUS_002894,PRJ_0027,2022-01-04,agency,4,80
LEAD_0009822,CUS_004647,PRJ_0023,2023-10-30,referral,5,74
LEAD_0009823,CUS_000394,PRJ_0023,2024-01-30,agency,7,92
LEAD_0009824,CUS_006272,PRJ_0007,2025-10-04,agency,1,77
LEAD_0009825,CUS_001210,PRJ_0020,2025-09-08,campaign,5,95
LEAD_0009826,CUS_005906,PRJ_0002,2021-04-30,agency,8,73
LEAD_0009827,CUS_003814,PRJ_0024,2024-10-03,campaign,1,55
LEAD_0009828,CUS_003959,PRJ_0010,2023-04-29,agency,1,59
LEAD_0009829,CUS_003616,PRJ_0005,2025-05-04,campaign,2,81
LEAD_0009830,CUS_002517,PRJ_0006,2021-01-16,referral,5,58
LEAD_0009831,CUS_003511,PRJ_0004,2023-06-05,campaign,3,83
LEAD_0009832,CUS_006402,PRJ_0024,2022-10-07,walk_in,1,76
LEAD_0009833,CUS_002260,PRJ_0027,2023-06-28,web,4,56
LEAD_0009834,CUS_002382,PRJ_0028,2024-09-27,agency,3,100
LEAD_0009835,CUS_006148,PRJ_0004,2024-07-30,web,4,76
LEAD_0009836,CUS_001959,PRJ_0003,2022-02-23,agency,3,84
LEAD_0009837,CUS_005320,PRJ_0011,2021-10-09,web,2,44
LEAD_0009838,CUS_000260,PRJ_0020,2023-09-18,agency,4,95
LEAD_0009839,CUS_001050,PRJ_0019,2024-11-04,web,3,66
LEAD_0009840,CUS_006288,PRJ_0021,2025-12-29,web,5,60
LEAD_0009841,CUS_002570,PRJ_0009,2021-01-01,campaign,1,46
LEAD_0009842,CUS_005605,PRJ_0002,2022-06-20,web,2,69
LEAD_0009843,CUS_000767,PRJ_0014,2025-02-20,referral,5,94
LEAD_0009844,CUS_001545,PRJ_0021,2023-08-07,referral,3,78
LEAD_0009845,CUS_001129,PRJ_0006,2021-07-08,referral,2,58
LEAD_0009846,CUS_002525,PRJ_0028,2022-02-03,web,2,63
LEAD_0009847,CUS_004031,PRJ_0022,2022-10-27,walk_in,0,33
LEAD_0009848,CUS_001467,PRJ_0007,2025-12-27,agency,1,65
LEAD_0009849,CUS_004846,PRJ_0028,2023-10-28,web,0,55
LEAD_0009850,CUS_006423,PRJ_0013,2023-01-21,campaign,3,67
LEAD_0009851,CUS_004779,PRJ_0022,2024-06-19,web,3,69
LEAD_0009852,CUS_000174,PRJ_0009,2022-08-31,web,1,57
LEAD_0009853,CUS_005796,PRJ_0008,2022-08-10,web,0,50
LEAD_0009854,CUS_000141,PRJ_0021,2021-08-28,referral,5,77
LEAD_0009855,CUS_003961,PRJ_0017,2023-09-27,agency,1,68
LEAD_0009856,CUS_004572,PRJ_0020,2025-02-04,web,3,45
LEAD_0009857,CUS_003940,PRJ_0025,2023-07-21,campaign,3,50
LEAD_0009858,CUS_001289,PRJ_0014,2025-12-12,agency,2,75
LEAD_0009859,CUS_005372,PRJ_0004,2024-03-08,walk_in,1,41
LEAD_0009860,CUS_000013,PRJ_0011,2023-09-15,agency,4,59
LEAD_0009861,CUS_006155,PRJ_0003,2023-07-13,web,3,63
LEAD_0009862,CUS_003973,PRJ_0023,2021-05-24,web,1,53
LEAD_0009863,CUS_000874,PRJ_0024,2025-11-27,referral,0,57
LEAD_0009864,CUS_003032,PRJ_0003,2025-04-24,web,2,68
LEAD_0009865,CUS_000748,PRJ_0020,2021-10-09,walk_in,0,63
LEAD_0009866,CUS_002413,PRJ_0026,2025-11-25,campaign,0,53
LEAD_0009867,CUS_002158,PRJ_0020,2021-11-01,web,2,52
LEAD_0009868,CUS_000080,PRJ_0012,2021-05-10,walk_in,0,37
LEAD_0009869,CUS_002877,PRJ_0019,2023-05-09,agency,2,68
LEAD_0009870,CUS_000543,PRJ_0017,2022-02-12,web,3,67
LEAD_0009871,CUS_001766,PRJ_0026,2021-06-04,agency,0,58
LEAD_0009872,CUS_005497,PRJ_0017,2022-04-21,web,0,50
LEAD_0009873,CUS_002364,PRJ_0021,2022-11-07,web,1,51
LEAD_0009874,CUS_006113,PRJ_0023,2023-09-02,web,0,68
LEAD_0009875,CUS_000918,PRJ_0002,2025-07-26,web,0,66
LEAD_0009876,CUS_002182,PRJ_0004,2023-07-14,campaign,1,74
LEAD_0009877,CUS_004113,PRJ_0014,2025-12-27,web,1,51
LEAD_0009878,CUS_005392,PRJ_0006,2023-12-18,walk_in,3,49
LEAD_0009879,CUS_003804,PRJ_0004,2025-03-23,web,1,54
LEAD_0009880,CUS_005659,PRJ_0015,2023-08-26,web,3,67
LEAD_0009881,CUS_003529,PRJ_0011,2022-07-03,walk_in,3,84
LEAD_0009882,CUS_005223,PRJ_0019,2025-12-30,agency,0,56
LEAD_0009883,CUS_003512,PRJ_0022,2024-05-01,campaign,1,58
LEAD_0009884,CUS_006012,PRJ_0005,2025-10-10,campaign,5,53
LEAD_0009885,CUS_000468,PRJ_0006,2024-03-12,web,1,74
LEAD_0009886,CUS_006473,PRJ_0008,2021-02-06,walk_in,2,48
LEAD_0009887,CUS_001172,PRJ_0006,2024-08-06,campaign,1,75
LEAD_0009888,CUS_001835,PRJ_0010,2025-12-14,agency,0,46
LEAD_0009889,CUS_004539,PRJ_0006,2024-01-23,walk_in,3,62
LEAD_0009890,CUS_000043,PRJ_0023,2024-04-07,walk_in,2,60
LEAD_0009891,CUS_004153,PRJ_0009,2022-01-24,web,1,64
LEAD_0009892,CUS_002636,PRJ_0011,2025-03-09,campaign,3,67
LEAD_0009893,CUS_001327,PRJ_0001,2021-01-07,web,1,47
LEAD_0009894,CUS_004616,PRJ_0027,2024-10-16,referral,2,66
LEAD_0009895,CUS_004077,PRJ_0025,2022-05-10,campaign,0,53
LEAD_0009896,CUS_002222,PRJ_0010,2022-02-24,agency,1,76
LEAD_0009897,CUS_004544,PRJ_0018,2025-01-14,referral,0,66
LEAD_0009898,CUS_003364,PRJ_0004,2022-09-02,web,3,60
LEAD_0009899,CUS_002402,PRJ_0012,2022-12-25,referral,5,66
LEAD_0009900,CUS_002226,PRJ_0003,2022-12-05,web,3,97
LEAD_0009901,CUS_004499,PRJ_0012,2024-02-21,referral,1,52
LEAD_0009902,CUS_002630,PRJ_0020,2025-06-23,web,2,59
LEAD_0009903,CUS_002684,PRJ_0003,2025-02-10,agency,1,64
LEAD_0009904,CUS_003077,PRJ_0020,2024-05-30,walk_in,1,65
LEAD_0009905,CUS_002913,PRJ_0013,2024-11-05,walk_in,3,48
LEAD_0009906,CUS_005658,PRJ_0021,2021-06-27,agency,7,62
LEAD_0009907,CUS_004721,PRJ_0027,2025-10-30,agency,2,67
LEAD_0009908,CUS_005293,PRJ_0011,2022-07-15,web,3,55
LEAD_0009909,CUS_004841,PRJ_0011,2021-07-31,referral,2,66
LEAD_0009910,CUS_006186,PRJ_0011,2025-07-31,agency,0,55
LEAD_0009911,CUS_002551,PRJ_0022,2022-04-21,web,3,42
LEAD_0009912,CUS_001624,PRJ_0001,2021-09-25,web,2,59
LEAD_0009913,CUS_004542,PRJ_0019,2025-12-13,referral,3,82
LEAD_0009914,CUS_003012,PRJ_0011,2021-02-05,agency,3,79
LEAD_0009915,CUS_001801,PRJ_0008,2024-06-17,web,1,60
LEAD_0009916,CUS_004439,PRJ_0003,2022-12-13,web,3,65
LEAD_0009917,CUS_000420,PRJ_0006,2025-02-01,agency,3,80
LEAD_0009918,CUS_003318,PRJ_0017,2021-05-01,referral,3,67
LEAD_0009919,CUS_001161,PRJ_0023,2022-08-02,walk_in,3,78
LEAD_0009920,CUS_002664,PRJ_0003,2022-03-18,web,0,45
LEAD_0009921,CUS_001097,PRJ_0004,2021-08-19,referral,3,71
LEAD_0009922,CUS_001029,PRJ_0025,2023-11-26,web,2,80
LEAD_0009923,CUS_003360,PRJ_0026,2022-08-02,web,2,63
LEAD_0009924,CUS_003705,PRJ_0015,2022-12-22,campaign,4,64
LEAD_0009925,CUS_005058,PRJ_0016,2024-04-12,web,2,56
LEAD_0009926,CUS_006128,PRJ_0024,2021-05-16,referral,0,52
LEAD_0009927,CUS_000509,PRJ_0017,2024-12-25,web,2,72
LEAD_0009928,CUS_004899,PRJ_0017,2022-12-29,web,2,83
LEAD_0009929,CUS_003992,PRJ_0001,2022-04-25,web,0,50
LEAD_0009930,CUS_003126,PRJ_0018,2025-01-26,referral,2,65
LEAD_0009931,CUS_002750,PRJ_0019,2022-03-20,campaign,3,62
LEAD_0009932,CUS_003855,PRJ_0022,2024-03-02,web,1,59
LEAD_0009933,CUS_003614,PRJ_0026,2021-12-21,web,1,74
LEAD_0009934,CUS_000950,PRJ_0003,2023-10-17,agency,2,67
LEAD_0009935,CUS_002845,PRJ_0009,2023-01-01,web,1,98
LEAD_0009936,CUS_004475,PRJ_0004,2025-04-23,web,1,52
LEAD_0009937,CUS_006224,PRJ_0004,2022-12-29,web,5,70
LEAD_0009938,CUS_004036,PRJ_0026,2024-06-04,campaign,2,54
LEAD_0009939,CUS_006119,PRJ_0025,2025-11-29,web,7,65
LEAD_0009940,CUS_001906,PRJ_0005,2021-01-05,web,0,82
LEAD_0009941,CUS_000850,PRJ_0020,2021-06-12,referral,3,66
LEAD_0009942,CUS_006344,PRJ_0027,2023-11-09,campaign,2,68
LEAD_0009943,CUS_002013,PRJ_0002,2022-03-29,web,2,46
LEAD_0009944,CUS_001552,PRJ_0004,2021-01-12,agency,3,77
LEAD_0009945,CUS_000605,PRJ_0019,2025-09-20,campaign,5,69
LEAD_0009946,CUS_002392,PRJ_0018,2022-06-05,walk_in,3,49
LEAD_0009947,CUS_001777,PRJ_0028,2025-12-24,web,5,46
LEAD_0009948,CUS_003165,PRJ_0023,2022-01-18,agency,2,66
LEAD_0009949,CUS_000233,PRJ_0018,2025-08-16,walk_in,2,57
LEAD_0009950,CUS_006080,PRJ_0021,2021-01-07,agency,1,61
LEAD_0009951,CUS_003065,PRJ_0027,2024-01-07,web,2,46
LEAD_0009952,CUS_002298,PRJ_0022,2024-09-20,web,1,54
LEAD_0009953,CUS_005729,PRJ_0004,2024-06-20,agency,2,72
LEAD_0009954,CUS_003735,PRJ_0011,2024-12-04,web,1,86
LEAD_0009955,CUS_005676,PRJ_0014,2025-04-30,campaign,2,49
LEAD_0009956,CUS_001988,PRJ_0026,2022-09-12,referral,1,56
LEAD_0009957,CUS_002115,PRJ_0003,2024-01-02,walk_in,2,88
LEAD_0009958,CUS_000661,PRJ_0015,2024-07-25,agency,2,59
LEAD_0009959,CUS_000032,PRJ_0020,2025-04-15,agency,1,75
LEAD_0009960,CUS_002434,PRJ_0006,2021-02-12,campaign,1,56
LEAD_0009961,CUS_005186,PRJ_0013,2021-02-15,referral,1,59
LEAD_0009962,CUS_005328,PRJ_0026,2025-12-19,referral,2,66
LEAD_0009963,CUS_006307,PRJ_0013,2021-08-16,referral,2,84
LEAD_0009964,CUS_002515,PRJ_0024,2022-04-16,campaign,0,66
LEAD_0009965,CUS_003586,PRJ_0001,2022-05-28,web,3,78
LEAD_0009966,CUS_003819,PRJ_0018,2023-01-21,walk_in,3,50
LEAD_0009967,CUS_005866,PRJ_0021,2024-09-17,web,1,50
LEAD_0009968,CUS_004690,PRJ_0012,2025-09-08,agency,0,60
LEAD_0009969,CUS_002746,PRJ_0022,2023-09-22,web,1,42
LEAD_0009970,CUS_003432,PRJ_0024,2023-11-13,campaign,1,65
LEAD_0009971,CUS_006438,PRJ_0027,2022-12-27,walk_in,3,47
LEAD_0009972,CUS_001925,PRJ_0022,2023-12-27,agency,2,76
LEAD_0009973,CUS_000760,PRJ_0003,2021-03-17,referral,2,69
LEAD_0009974,CUS_006440,PRJ_0015,2023-09-08,agency,4,100
LEAD_0009975,CUS_006434,PRJ_0009,2025-08-21,referral,3,97
LEAD_0009976,CUS_001741,PRJ_0007,2024-11-20,agency,2,68
LEAD_0009977,CUS_003345,PRJ_0011,2022-12-07,campaign,0,67
LEAD_0009978,CUS_001131,PRJ_0021,2024-12-09,agency,1,75
LEAD_0009979,CUS_005712,PRJ_0004,2022-03-24,web,3,47
LEAD_0009980,CUS_005046,PRJ_0024,2024-07-22,web,0,51
LEAD_0009981,CUS_000874,PRJ_0008,2022-04-06,agency,2,58
LEAD_0009982,CUS_000014,PRJ_0006,2024-09-05,web,1,47
LEAD_0009983,CUS_006252,PRJ_0003,2022-03-10,agency,0,58
LEAD_0009984,CUS_003117,PRJ_0004,2022-09-15,web,1,44
LEAD_0009985,CUS_001376,PRJ_0002,2022-06-03,walk_in,0,57
LEAD_0009986,CUS_002412,PRJ_0022,2025-05-10,walk_in,4,59
LEAD_0009987,CUS_001976,PRJ_0025,2025-01-27,web,2,58
LEAD_0009988,CUS_001683,PRJ_0025,2024-07-26,agency,4,79
LEAD_0009989,CUS_005322,PRJ_0002,2022-02-10,agency,0,61
LEAD_0009990,CUS_002957,PRJ_0009,2023-08-18,referral,4,78
LEAD_0009991,CUS_001092,PRJ_0014,2025-01-11,web,1,68
LEAD_0009992,CUS_003295,PRJ_0017,2023-12-01,campaign,3,65
LEAD_0009993,CUS_005597,PRJ_0010,2022-03-27,agency,4,62
LEAD_0009994,CUS_002750,PRJ_0004,2022-03-04,web,2,53
LEAD_0009995,CUS_004646,PRJ_0016,2024-07-04,walk_in,1,79
LEAD_0009996,CUS_005922,PRJ_0022,2024-05-01,agency,2,60
LEAD_0009997,CUS_003861,PRJ_0027,2021-04-14,walk_in,3,71
LEAD_0009998,CUS_006384,PRJ_0023,2021-09-16,web,4,61
LEAD_0009999,CUS_003983,PRJ_0012,2022-05-17,referral,0,63
LEAD_0010000,CUS_000468,PRJ_0005,2023-04-05,referral,2,76
LEAD_0010001,CUS_004456,PRJ_0027,2021-04-10,web,0,61
LEAD_0010002,CUS_005674,PRJ_0021,2023-02-12,web,1,47
LEAD_0010003,CUS_002296,PRJ_0022,2025-03-11,campaign,4,55
LEAD_0010004,CUS_003580,PRJ_0011,2025-05-27,web,3,54
LEAD_0010005,CUS_002037,PRJ_0006,2022-06-07,web,1,45
LEAD_0010006,CUS_002973,PRJ_0015,2024-10-29,campaign,0,58
LEAD_0010007,CUS_003161,PRJ_0028,2024-09-05,walk_in,4,65
LEAD_0010008,CUS_004888,PRJ_0026,2024-07-05,campaign,5,59
LEAD_0010009,CUS_004128,PRJ_0014,2025-02-09,agency,1,80
LEAD_0010010,CUS_004748,PRJ_0025,2025-04-10,referral,1,67
LEAD_0010011,CUS_002770,PRJ_0021,2024-01-07,web,1,69
LEAD_0010012,CUS_005269,PRJ_0013,2024-08-15,web,1,47
LEAD_0010013,CUS_001216,PRJ_0001,2021-01-29,web,4,80
LEAD_0010014,CUS_000681,PRJ_0024,2021-09-21,walk_in,3,51
LEAD_0010015,CUS_001768,PRJ_0005,2021-05-10,agency,3,58
LEAD_0010016,CUS_000342,PRJ_0008,2022-06-22,referral,2,80
LEAD_0010017,CUS_001443,PRJ_0025,2022-02-27,web,4,64
LEAD_0010018,CUS_004489,PRJ_0004,2025-07-18,web,4,60
LEAD_0010019,CUS_002177,PRJ_0001,2022-05-31,agency,5,76
LEAD_0010020,CUS_004230,PRJ_0011,2021-07-09,referral,1,79
LEAD_0010021,CUS_000452,PRJ_0021,2022-12-07,campaign,2,71
LEAD_0010022,CUS_005475,PRJ_0014,2023-04-22,walk_in,1,50
LEAD_0010023,CUS_004046,PRJ_0010,2025-03-24,agency,2,79
LEAD_0010024,CUS_005407,PRJ_0016,2023-07-28,campaign,8,90
LEAD_0010025,CUS_004819,PRJ_0014,2021-07-10,agency,4,84
LEAD_0010026,CUS_003113,PRJ_0006,2022-10-06,web,2,63
LEAD_0010027,CUS_002984,PRJ_0005,2025-09-06,web,2,74
LEAD_0010028,CUS_002331,PRJ_0014,2025-11-18,agency,1,56
LEAD_0010029,CUS_003162,PRJ_0018,2023-10-02,web,1,57
LEAD_0010030,CUS_003097,PRJ_0006,2023-07-28,agency,1,64
LEAD_0010031,CUS_002096,PRJ_0006,2021-12-01,agency,3,66
LEAD_0010032,CUS_001516,PRJ_0011,2022-08-23,web,2,63
LEAD_0010033,CUS_000802,PRJ_0003,2022-12-12,campaign,3,96
LEAD_0010034,CUS_001117,PRJ_0017,2022-11-01,web,2,63
LEAD_0010035,CUS_001077,PRJ_0007,2023-04-10,web,2,70
LEAD_0010036,CUS_005245,PRJ_0011,2021-12-09,web,2,70
LEAD_0010037,CUS_003174,PRJ_0013,2024-11-30,web,4,82
LEAD_0010038,CUS_001300,PRJ_0001,2024-02-29,agency,2,78
LEAD_0010039,CUS_005833,PRJ_0018,2023-10-14,campaign,2,62
LEAD_0010040,CUS_001329,PRJ_0019,2021-12-03,agency,4,64
LEAD_0010041,CUS_001179,PRJ_0014,2021-03-25,web,3,74
LEAD_0010042,CUS_000740,PRJ_0015,2023-05-14,walk_in,3,74
LEAD_0010043,CUS_002728,PRJ_0015,2023-07-08,web,1,90
LEAD_0010044,CUS_001770,PRJ_0004,2023-10-22,agency,2,100
LEAD_0010045,CUS_006414,PRJ_0003,2021-07-19,walk_in,2,74
LEAD_0010046,CUS_000194,PRJ_0003,2021-01-13,campaign,1,49
LEAD_0010047,CUS_003188,PRJ_0015,2024-01-21,web,1,66
LEAD_0010048,CUS_000785,PRJ_0011,2025-07-18,referral,1,79
LEAD_0010049,CUS_003101,PRJ_0009,2022-04-13,referral,0,50
LEAD_0010050,CUS_003360,PRJ_0027,2023-12-18,agency,1,65
LEAD_0010051,CUS_000946,PRJ_0013,2021-09-23,web,1,93
LEAD_0010052,CUS_005620,PRJ_0011,2022-08-27,campaign,3,59
LEAD_0010053,CUS_006322,PRJ_0007,2021-08-02,agency,1,65
LEAD_0010054,CUS_006280,PRJ_0028,2022-04-29,agency,3,71
LEAD_0010055,CUS_005892,PRJ_0022,2024-04-19,web,0,58
LEAD_0010056,CUS_001950,PRJ_0021,2021-11-18,web,2,52
LEAD_0010057,CUS_002842,PRJ_0001,2024-07-20,referral,0,73
LEAD_0010058,CUS_002575,PRJ_0028,2022-08-14,web,1,68
LEAD_0010059,CUS_000985,PRJ_0013,2025-02-19,campaign,1,81
LEAD_0010060,CUS_001440,PRJ_0024,2022-12-29,referral,3,63
LEAD_0010061,CUS_004121,PRJ_0011,2024-06-06,campaign,4,69
LEAD_0010062,CUS_003194,PRJ_0023,2023-06-22,web,2,63
LEAD_0010063,CUS_000467,PRJ_0010,2023-01-02,walk_in,4,63
LEAD_0010064,CUS_004206,PRJ_0005,2021-06-01,referral,2,65
LEAD_0010065,CUS_006155,PRJ_0019,2022-03-31,web,2,62
LEAD_0010066,CUS_005459,PRJ_0009,2024-05-09,referral,0,74
LEAD_0010067,CUS_002361,PRJ_0007,2023-05-30,agency,2,80
LEAD_0010068,CUS_001801,PRJ_0020,2025-06-23,web,2,58
LEAD_0010069,CUS_004621,PRJ_0016,2024-09-27,web,2,61
LEAD_0010070,CUS_005589,PRJ_0010,2021-02-02,referral,2,77
LEAD_0010071,CUS_003738,PRJ_0023,2024-01-30,agency,2,62
LEAD_0010072,CUS_004193,PRJ_0017,2021-01-24,referral,2,79
LEAD_0010073,CUS_002988,PRJ_0023,2025-10-08,referral,3,100
LEAD_0010074,CUS_005799,PRJ_0003,2023-06-25,campaign,2,47
LEAD_0010075,CUS_002448,PRJ_0013,2023-10-01,web,4,51
LEAD_0010076,CUS_001556,PRJ_0014,2022-08-23,walk_in,2,59
LEAD_0010077,CUS_000092,PRJ_0005,2022-08-16,web,2,55
LEAD_0010078,CUS_002141,PRJ_0021,2024-08-16,agency,4,70
LEAD_0010079,CUS_000512,PRJ_0028,2023-03-09,referral,3,84
LEAD_0010080,CUS_000122,PRJ_0022,2021-05-27,campaign,1,59
LEAD_0010081,CUS_003303,PRJ_0007,2023-09-28,web,2,60
LEAD_0010082,CUS_003114,PRJ_0011,2021-05-09,walk_in,3,46
LEAD_0010083,CUS_002201,PRJ_0003,2024-05-08,web,1,67
LEAD_0010084,CUS_002449,PRJ_0021,2022-11-13,agency,3,75
LEAD_0010085,CUS_003337,PRJ_0027,2021-01-05,agency,6,85
LEAD_0010086,CUS_006162,PRJ_0016,2022-10-03,web,2,80
LEAD_0010087,CUS_001246,PRJ_0024,2025-09-06,web,1,51
LEAD_0010088,CUS_005091,PRJ_0010,2024-01-16,walk_in,2,63
LEAD_0010089,CUS_000436,PRJ_0012,2023-12-22,referral,1,45
LEAD_0010090,CUS_006083,PRJ_0002,2025-02-06,web,2,80
LEAD_0010091,CUS_002201,PRJ_0026,2024-01-29,referral,1,71
LEAD_0010092,CUS_005019,PRJ_0002,2023-08-19,web,6,83
LEAD_0010093,CUS_003941,PRJ_0016,2025-06-13,walk_in,1,42
LEAD_0010094,CUS_002175,PRJ_0005,2021-03-04,web,1,53
LEAD_0010095,CUS_001578,PRJ_0021,2024-11-07,agency,1,78
LEAD_0010096,CUS_003770,PRJ_0023,2025-07-03,web,2,65
LEAD_0010097,CUS_000829,PRJ_0002,2021-02-24,campaign,1,53
LEAD_0010098,CUS_004441,PRJ_0004,2025-06-16,referral,0,45
LEAD_0010099,CUS_000317,PRJ_0027,2021-03-05,agency,1,49
LEAD_0010100,CUS_004826,PRJ_0014,2022-01-31,campaign,2,52
LEAD_0010101,CUS_004689,PRJ_0019,2025-07-24,agency,4,83
LEAD_0010102,CUS_004530,PRJ_0003,2021-06-24,campaign,1,52
LEAD_0010103,CUS_005821,PRJ_0027,2021-07-01,web,1,67
LEAD_0010104,CUS_000948,PRJ_0020,2024-12-09,agency,4,68
LEAD_0010105,CUS_001726,PRJ_0027,2025-11-21,referral,0,66
LEAD_0010106,CUS_002523,PRJ_0003,2025-11-10,web,1,58
LEAD_0010107,CUS_005961,PRJ_0027,2021-02-22,web,1,46
LEAD_0010108,CUS_000231,PRJ_0018,2024-07-19,web,0,50
LEAD_0010109,CUS_001117,PRJ_0010,2021-01-06,referral,2,56
LEAD_0010110,CUS_001978,PRJ_0019,2024-07-13,web,2,79
LEAD_0010111,CUS_002297,PRJ_0022,2025-07-11,web,2,66
LEAD_0010112,CUS_005010,PRJ_0005,2022-03-12,campaign,1,46
LEAD_0010113,CUS_001313,PRJ_0020,2023-01-06,walk_in,2,56
LEAD_0010114,CUS_002382,PRJ_0007,2022-01-02,web,1,57
LEAD_0010115,CUS_002403,PRJ_0018,2021-12-09,campaign,1,49
LEAD_0010116,CUS_000311,PRJ_0028,2025-07-27,web,2,65
LEAD_0010117,CUS_002946,PRJ_0010,2021-10-16,web,0,75
LEAD_0010118,CUS_006434,PRJ_0004,2023-11-29,web,1,90
LEAD_0010119,CUS_001963,PRJ_0015,2021-05-08,agency,2,67
LEAD_0010120,CUS_001213,PRJ_0023,2023-04-18,referral,3,95
LEAD_0010121,CUS_001680,PRJ_0007,2025-01-03,campaign,2,65
LEAD_0010122,CUS_002115,PRJ_0020,2021-06-05,agency,0,75
LEAD_0010123,CUS_002263,PRJ_0013,2022-08-29,web,4,75
LEAD_0010124,CUS_000477,PRJ_0006,2021-08-12,campaign,4,69
LEAD_0010125,CUS_006204,PRJ_0014,2023-10-18,campaign,5,77
LEAD_0010126,CUS_005701,PRJ_0025,2025-11-24,web,2,97
LEAD_0010127,CUS_000831,PRJ_0027,2022-04-29,web,4,66
LEAD_0010128,CUS_002106,PRJ_0002,2021-07-31,agency,0,75
LEAD_0010129,CUS_003033,PRJ_0027,2021-12-18,agency,0,62
LEAD_0010130,CUS_001630,PRJ_0016,2021-04-08,campaign,1,49
LEAD_0010131,CUS_004692,PRJ_0010,2022-01-24,agency,3,57
LEAD_0010132,CUS_005246,PRJ_0005,2023-02-07,web,2,60
LEAD_0010133,CUS_001530,PRJ_0021,2021-10-07,referral,4,68
LEAD_0010134,CUS_003661,PRJ_0016,2021-01-13,referral,2,98
LEAD_0010135,CUS_001652,PRJ_0026,2023-08-31,referral,0,67
LEAD_0010136,CUS_006045,PRJ_0017,2022-06-17,web,1,62
LEAD_0010137,CUS_001924,PRJ_0012,2025-02-22,referral,1,62
LEAD_0010138,CUS_004927,PRJ_0001,2023-08-08,referral,3,77
LEAD_0010139,CUS_003840,PRJ_0006,2023-05-06,agency,0,59
LEAD_0010140,CUS_001475,PRJ_0023,2025-05-30,walk_in,0,65
LEAD_0010141,CUS_000092,PRJ_0001,2022-06-19,web,1,42
LEAD_0010142,CUS_001626,PRJ_0006,2023-09-15,campaign,4,70
LEAD_0010143,CUS_006311,PRJ_0022,2023-06-08,referral,0,67
LEAD_0010144,CUS_003185,PRJ_0004,2021-05-13,web,3,56
LEAD_0010145,CUS_004103,PRJ_0023,2022-09-28,campaign,1,53
LEAD_0010146,CUS_003588,PRJ_0022,2024-06-03,agency,3,76
LEAD_0010147,CUS_002837,PRJ_0024,2025-11-09,web,0,57
LEAD_0010148,CUS_003073,PRJ_0005,2024-01-05,web,2,64
LEAD_0010149,CUS_001723,PRJ_0003,2021-03-10,web,0,52
LEAD_0010150,CUS_003487,PRJ_0028,2023-05-04,walk_in,2,54
LEAD_0010151,CUS_002656,PRJ_0010,2021-12-20,web,3,52
LEAD_0010152,CUS_006457,PRJ_0026,2023-03-02,web,4,63
LEAD_0010153,CUS_002502,PRJ_0003,2025-09-05,walk_in,3,66
LEAD_0010154,CUS_002709,PRJ_0003,2025-07-08,walk_in,2,63
LEAD_0010155,CUS_004133,PRJ_0016,2022-10-09,agency,4,69
LEAD_0010156,CUS_002588,PRJ_0016,2025-07-11,campaign,1,61
LEAD_0010157,CUS_002689,PRJ_0015,2021-04-05,referral,5,78
LEAD_0010158,CUS_005088,PRJ_0017,2025-06-15,web,2,66
LEAD_0010159,CUS_002348,PRJ_0003,2024-07-03,web,5,66
LEAD_0010160,CUS_005706,PRJ_0003,2025-08-16,campaign,4,52
LEAD_0010161,CUS_000726,PRJ_0016,2022-11-14,agency,1,61
LEAD_0010162,CUS_001937,PRJ_0026,2023-11-16,referral,2,53
LEAD_0010163,CUS_001744,PRJ_0026,2025-04-03,walk_in,2,52
LEAD_0010164,CUS_005714,PRJ_0009,2023-12-14,referral,3,87
LEAD_0010165,CUS_003714,PRJ_0008,2022-02-20,web,2,50
LEAD_0010166,CUS_005512,PRJ_0002,2024-06-02,web,0,75
LEAD_0010167,CUS_002060,PRJ_0022,2021-12-08,web,3,63
LEAD_0010168,CUS_001849,PRJ_0027,2022-01-31,agency,1,63
LEAD_0010169,CUS_005270,PRJ_0006,2021-09-23,campaign,5,54
LEAD_0010170,CUS_001579,PRJ_0006,2021-08-01,walk_in,1,46
LEAD_0010171,CUS_001104,PRJ_0003,2022-09-13,agency,4,60
LEAD_0010172,CUS_004547,PRJ_0011,2024-09-05,web,0,43
LEAD_0010173,CUS_005503,PRJ_0020,2024-08-17,campaign,1,42
LEAD_0010174,CUS_004767,PRJ_0015,2023-09-19,campaign,3,77
LEAD_0010175,CUS_000153,PRJ_0022,2025-07-16,agency,2,79
LEAD_0010176,CUS_004723,PRJ_0008,2022-05-25,walk_in,2,59
LEAD_0010177,CUS_001939,PRJ_0022,2022-05-01,web,0,64
LEAD_0010178,CUS_000228,PRJ_0025,2024-10-07,agency,1,65
LEAD_0010179,CUS_006490,PRJ_0002,2024-07-29,referral,1,72
LEAD_0010180,CUS_004494,PRJ_0015,2022-08-26,campaign,0,55
LEAD_0010181,CUS_005668,PRJ_0024,2025-07-31,web,6,85
LEAD_0010182,CUS_006127,PRJ_0017,2025-01-27,campaign,2,51
LEAD_0010183,CUS_004407,PRJ_0010,2022-05-01,campaign,2,66
LEAD_0010184,CUS_002314,PRJ_0020,2023-04-14,agency,0,50
LEAD_0010185,CUS_001453,PRJ_0021,2022-04-23,web,2,50
LEAD_0010186,CUS_000971,PRJ_0027,2022-03-22,agency,2,84
LEAD_0010187,CUS_004303,PRJ_0025,2025-07-22,agency,0,64
LEAD_0010188,CUS_004008,PRJ_0022,2024-02-02,web,2,41
LEAD_0010189,CUS_006449,PRJ_0008,2021-09-17,web,2,55
LEAD_0010190,CUS_001091,PRJ_0006,2021-07-20,web,2,62
LEAD_0010191,CUS_006381,PRJ_0003,2022-12-04,referral,1,70
LEAD_0010192,CUS_001400,PRJ_0022,2022-09-28,web,1,58
LEAD_0010193,CUS_003063,PRJ_0011,2025-10-01,web,1,47
LEAD_0010194,CUS_000376,PRJ_0016,2025-01-25,web,2,75
LEAD_0010195,CUS_000897,PRJ_0006,2025-12-03,walk_in,6,55
LEAD_0010196,CUS_001711,PRJ_0026,2025-08-29,web,1,61
LEAD_0010197,CUS_005503,PRJ_0023,2024-11-01,web,2,68
LEAD_0010198,CUS_004099,PRJ_0027,2023-12-18,web,2,62
LEAD_0010199,CUS_000204,PRJ_0017,2022-12-15,walk_in,3,86
LEAD_0010200,CUS_001486,PRJ_0027,2025-01-30,agency,2,86
LEAD_0010201,CUS_003254,PRJ_0013,2022-01-14,web,1,66
LEAD_0010202,CUS_003569,PRJ_0018,2024-12-23,agency,1,58
LEAD_0010203,CUS_003223,PRJ_0022,2022-12-07,web,2,63
LEAD_0010204,CUS_005025,PRJ_0021,2024-10-18,agency,3,77
LEAD_0010205,CUS_002663,PRJ_0021,2023-05-15,referral,3,74
LEAD_0010206,CUS_003001,PRJ_0012,2023-04-05,web,4,65
LEAD_0010207,CUS_003208,PRJ_0022,2025-07-09,referral,1,68
LEAD_0010208,CUS_005652,PRJ_0024,2021-11-27,web,1,30
LEAD_0010209,CUS_005100,PRJ_0009,2021-05-25,walk_in,2,68
LEAD_0010210,CUS_001363,PRJ_0001,2023-06-14,campaign,1,57
LEAD_0010211,CUS_004864,PRJ_0026,2021-08-13,referral,4,72
LEAD_0010212,CUS_006338,PRJ_0014,2023-02-26,web,2,74
LEAD_0010213,CUS_004442,PRJ_0002,2021-01-23,web,2,75
LEAD_0010214,CUS_001381,PRJ_0025,2023-11-21,referral,1,56
LEAD_0010215,CUS_001558,PRJ_0002,2023-10-09,walk_in,1,61
LEAD_0010216,CUS_004252,PRJ_0027,2021-05-04,agency,1,75
LEAD_0010217,CUS_000666,PRJ_0019,2023-05-10,campaign,4,97
LEAD_0010218,CUS_003510,PRJ_0024,2022-08-28,web,1,39
LEAD_0010219,CUS_006066,PRJ_0006,2025-03-12,web,1,61
LEAD_0010220,CUS_001834,PRJ_0001,2023-01-23,web,3,73
LEAD_0010221,CUS_002462,PRJ_0008,2022-03-26,web,3,66
LEAD_0010222,CUS_001352,PRJ_0019,2021-10-22,web,1,70
LEAD_0010223,CUS_005818,PRJ_0019,2025-03-02,web,2,68
LEAD_0010224,CUS_000538,PRJ_0017,2021-11-19,web,3,51
LEAD_0010225,CUS_000011,PRJ_0017,2025-06-26,web,2,68
LEAD_0010226,CUS_005151,PRJ_0001,2022-11-01,web,2,80
LEAD_0010227,CUS_003571,PRJ_0013,2022-11-11,web,4,70
LEAD_0010228,CUS_001069,PRJ_0009,2024-05-25,agency,0,61
LEAD_0010229,CUS_005161,PRJ_0025,2021-02-06,web,1,56
LEAD_0010230,CUS_004110,PRJ_0002,2022-07-02,agency,1,65
LEAD_0010231,CUS_003869,PRJ_0008,2024-08-05,web,2,67
LEAD_0010232,CUS_001226,PRJ_0015,2025-06-06,agency,2,100
LEAD_0010233,CUS_000021,PRJ_0025,2023-12-26,agency,3,72
LEAD_0010234,CUS_003593,PRJ_0019,2021-05-27,campaign,2,50
LEAD_0010235,CUS_005305,PRJ_0006,2025-06-05,campaign,2,86
LEAD_0010236,CUS_000653,PRJ_0020,2025-05-27,referral,2,57
LEAD_0010237,CUS_004210,PRJ_0024,2024-12-29,campaign,2,57
LEAD_0010238,CUS_002417,PRJ_0003,2023-01-19,web,3,70
LEAD_0010239,CUS_004746,PRJ_0020,2023-07-07,referral,1,49
LEAD_0010240,CUS_004252,PRJ_0015,2022-08-26,web,5,76
LEAD_0010241,CUS_005841,PRJ_0021,2022-04-07,walk_in,3,58
LEAD_0010242,CUS_005279,PRJ_0011,2024-01-12,referral,3,73
LEAD_0010243,CUS_002156,PRJ_0010,2022-09-23,agency,1,65
LEAD_0010244,CUS_006099,PRJ_0015,2021-07-18,campaign,1,54
LEAD_0010245,CUS_003705,PRJ_0027,2021-02-02,referral,3,57
LEAD_0010246,CUS_005669,PRJ_0024,2024-01-02,referral,2,58
LEAD_0010247,CUS_002700,PRJ_0016,2023-12-24,referral,1,78
LEAD_0010248,CUS_001549,PRJ_0027,2021-08-07,campaign,2,81
LEAD_0010249,CUS_000695,PRJ_0015,2025-06-08,referral,1,77
LEAD_0010250,CUS_001273,PRJ_0002,2021-12-06,web,3,79
LEAD_0010251,CUS_004728,PRJ_0024,2023-01-23,web,1,58
LEAD_0010252,CUS_001682,PRJ_0008,2025-12-06,referral,1,63
LEAD_0010253,CUS_005911,PRJ_0015,2022-06-16,agency,0,72
LEAD_0010254,CUS_006328,PRJ_0026,2022-01-26,referral,1,66
LEAD_0010255,CUS_004357,PRJ_0020,2024-12-04,agency,3,68
LEAD_0010256,CUS_006386,PRJ_0018,2024-12-25,referral,1,62
LEAD_0010257,CUS_004160,PRJ_0024,2022-12-21,campaign,3,67
LEAD_0010258,CUS_006411,PRJ_0020,2025-01-24,web,4,66
LEAD_0010259,CUS_001842,PRJ_0012,2025-03-13,campaign,6,92
LEAD_0010260,CUS_004505,PRJ_0012,2021-03-19,web,2,53
LEAD_0010261,CUS_001036,PRJ_0015,2024-08-28,referral,3,73
LEAD_0010262,CUS_002761,PRJ_0004,2024-10-04,agency,0,83
LEAD_0010263,CUS_002176,PRJ_0021,2025-03-27,referral,1,60
LEAD_0010264,CUS_005392,PRJ_0011,2025-01-22,web,3,58
LEAD_0010265,CUS_002554,PRJ_0011,2021-08-24,web,2,64
LEAD_0010266,CUS_005636,PRJ_0002,2021-09-23,walk_in,4,75
LEAD_0010267,CUS_005433,PRJ_0006,2022-04-12,web,2,62
LEAD_0010268,CUS_001925,PRJ_0004,2024-04-28,agency,4,80
LEAD_0010269,CUS_002138,PRJ_0025,2024-12-14,web,1,50
LEAD_0010270,CUS_001877,PRJ_0016,2023-10-31,walk_in,3,54
LEAD_0010271,CUS_003498,PRJ_0008,2022-08-18,agency,1,63
LEAD_0010272,CUS_006395,PRJ_0014,2025-11-02,agency,3,81
LEAD_0010273,CUS_005615,PRJ_0024,2025-08-18,agency,2,68
LEAD_0010274,CUS_003921,PRJ_0011,2021-10-14,web,2,58
LEAD_0010275,CUS_003893,PRJ_0021,2022-12-03,walk_in,2,65
LEAD_0010276,CUS_006487,PRJ_0018,2023-04-16,walk_in,0,77
LEAD_0010277,CUS_002118,PRJ_0022,2022-02-22,web,0,65
LEAD_0010278,CUS_004144,PRJ_0018,2024-03-12,agency,5,66
LEAD_0010279,CUS_002306,PRJ_0028,2021-09-27,agency,2,47
LEAD_0010280,CUS_006455,PRJ_0020,2025-09-12,web,3,51
LEAD_0010281,CUS_003280,PRJ_0010,2024-11-02,walk_in,0,62
LEAD_0010282,CUS_003386,PRJ_0011,2023-07-26,web,2,50
LEAD_0010283,CUS_005365,PRJ_0023,2024-03-31,web,1,76
LEAD_0010284,CUS_005292,PRJ_0020,2021-09-27,agency,1,55
LEAD_0010285,CUS_002557,PRJ_0007,2025-10-17,web,1,41
LEAD_0010286,CUS_003260,PRJ_0023,2025-02-17,web,4,70
LEAD_0010287,CUS_002205,PRJ_0014,2023-12-02,agency,5,70
LEAD_0010288,CUS_005933,PRJ_0027,2021-04-09,referral,3,70
LEAD_0010289,CUS_000319,PRJ_0021,2025-08-04,referral,2,63
LEAD_0010290,CUS_002244,PRJ_0003,2024-09-04,walk_in,6,93
LEAD_0010291,CUS_005260,PRJ_0003,2021-05-30,agency,1,50
LEAD_0010292,CUS_003430,PRJ_0021,2023-12-09,walk_in,3,62
LEAD_0010293,CUS_004362,PRJ_0016,2021-09-15,web,4,65
LEAD_0010294,CUS_001169,PRJ_0004,2021-08-09,web,4,63
LEAD_0010295,CUS_005180,PRJ_0006,2023-08-04,web,3,65
LEAD_0010296,CUS_005245,PRJ_0012,2025-02-02,agency,8,85
LEAD_0010297,CUS_001285,PRJ_0028,2024-01-20,campaign,1,83
LEAD_0010298,CUS_002073,PRJ_0013,2022-02-06,agency,3,48
LEAD_0010299,CUS_003472,PRJ_0024,2022-01-11,web,1,53
LEAD_0010300,CUS_000062,PRJ_0002,2022-11-02,web,1,56
LEAD_0010301,CUS_001740,PRJ_0019,2023-03-04,web,2,55
LEAD_0010302,CUS_001380,PRJ_0013,2025-04-23,agency,3,67
LEAD_0010303,CUS_003211,PRJ_0011,2024-12-24,agency,0,58
LEAD_0010304,CUS_005881,PRJ_0008,2022-12-22,web,3,70
LEAD_0010305,CUS_004409,PRJ_0025,2024-11-09,campaign,4,68
LEAD_0010306,CUS_002808,PRJ_0009,2025-04-23,walk_in,0,49
LEAD_0010307,CUS_005813,PRJ_0028,2023-06-29,web,3,82
LEAD_0010308,CUS_000827,PRJ_0016,2024-10-25,web,3,68
LEAD_0010309,CUS_001028,PRJ_0021,2022-07-14,agency,0,88
LEAD_0010310,CUS_003984,PRJ_0019,2021-08-18,agency,3,73
LEAD_0010311,CUS_003897,PRJ_0005,2024-11-04,agency,2,73
LEAD_0010312,CUS_006111,PRJ_0025,2025-05-07,referral,6,88
LEAD_0010313,CUS_005736,PRJ_0018,2021-03-16,agency,2,56
LEAD_0010314,CUS_004781,PRJ_0021,2024-03-27,web,1,55
LEAD_0010315,CUS_002915,PRJ_0017,2023-06-25,web,3,77
LEAD_0010316,CUS_004158,PRJ_0022,2024-06-06,walk_in,0,47
LEAD_0010317,CUS_002128,PRJ_0013,2022-05-08,agency,4,76
LEAD_0010318,CUS_004025,PRJ_0022,2025-07-09,web,2,91
LEAD_0010319,CUS_002578,PRJ_0027,2023-03-03,web,0,52
LEAD_0010320,CUS_003301,PRJ_0003,2021-04-07,campaign,3,59
LEAD_0010321,CUS_002794,PRJ_0001,2021-07-12,campaign,0,71
LEAD_0010322,CUS_002738,PRJ_0011,2025-12-15,web,4,68
LEAD_0010323,CUS_004062,PRJ_0002,2024-09-16,campaign,4,69
LEAD_0010324,CUS_001790,PRJ_0016,2021-01-14,web,2,50
LEAD_0010325,CUS_006388,PRJ_0027,2023-02-04,referral,2,78
LEAD_0010326,CUS_003533,PRJ_0012,2025-08-18,referral,3,53
LEAD_0010327,CUS_004468,PRJ_0019,2023-01-26,referral,3,79
LEAD_0010328,CUS_000596,PRJ_0024,2023-04-30,web,1,75
LEAD_0010329,CUS_004988,PRJ_0002,2021-01-19,web,6,81
LEAD_0010330,CUS_000150,PRJ_0015,2025-03-12,web,2,74
LEAD_0010331,CUS_001822,PRJ_0017,2023-02-04,agency,2,69
LEAD_0010332,CUS_003874,PRJ_0002,2025-07-13,referral,0,84
LEAD_0010333,CUS_003470,PRJ_0022,2021-01-15,web,2,70
LEAD_0010334,CUS_002187,PRJ_0005,2021-01-23,campaign,1,38
LEAD_0010335,CUS_000194,PRJ_0011,2023-07-15,web,1,60
LEAD_0010336,CUS_005189,PRJ_0023,2021-08-20,agency,1,66
LEAD_0010337,CUS_004497,PRJ_0021,2024-07-08,web,4,79
LEAD_0010338,CUS_005017,PRJ_0025,2021-07-09,web,6,56
LEAD_0010339,CUS_002072,PRJ_0021,2021-02-05,web,5,82
LEAD_0010340,CUS_005604,PRJ_0028,2024-04-24,agency,2,65
LEAD_0010341,CUS_001163,PRJ_0011,2021-04-20,web,2,66
LEAD_0010342,CUS_003156,PRJ_0022,2022-04-11,referral,3,65
LEAD_0010343,CUS_000175,PRJ_0009,2023-12-03,web,4,82
LEAD_0010344,CUS_005538,PRJ_0022,2022-11-06,campaign,1,56
LEAD_0010345,CUS_001795,PRJ_0027,2022-05-25,walk_in,1,70
LEAD_0010346,CUS_004291,PRJ_0010,2025-01-23,walk_in,3,50
LEAD_0010347,CUS_003375,PRJ_0012,2023-07-14,agency,4,81
LEAD_0010348,CUS_005998,PRJ_0020,2024-01-17,agency,2,70
LEAD_0010349,CUS_000612,PRJ_0020,2021-12-09,web,0,64
LEAD_0010350,CUS_003027,PRJ_0013,2023-08-07,web,4,64
LEAD_0010351,CUS_002216,PRJ_0003,2025-12-04,referral,0,64
LEAD_0010352,CUS_004379,PRJ_0022,2025-12-14,walk_in,1,98
LEAD_0010353,CUS_001167,PRJ_0022,2022-03-05,web,1,68
LEAD_0010354,CUS_001620,PRJ_0001,2021-10-27,web,5,44
LEAD_0010355,CUS_002531,PRJ_0002,2024-11-07,agency,1,87
LEAD_0010356,CUS_005236,PRJ_0018,2024-05-10,agency,2,53
LEAD_0010357,CUS_000871,PRJ_0001,2021-10-31,web,1,49
LEAD_0010358,CUS_004768,PRJ_0009,2025-08-07,web,3,61
LEAD_0010359,CUS_003704,PRJ_0027,2025-05-24,web,1,32
LEAD_0010360,CUS_004177,PRJ_0018,2023-08-08,web,2,70
LEAD_0010361,CUS_003370,PRJ_0026,2024-12-17,referral,4,75
LEAD_0010362,CUS_000959,PRJ_0025,2022-03-13,web,3,50
LEAD_0010363,CUS_002186,PRJ_0009,2023-12-14,agency,2,85
LEAD_0010364,CUS_003025,PRJ_0018,2023-04-27,web,1,53
LEAD_0010365,CUS_001688,PRJ_0009,2025-02-24,web,3,68
LEAD_0010366,CUS_006384,PRJ_0015,2025-07-03,referral,3,71
LEAD_0010367,CUS_002858,PRJ_0010,2024-11-04,campaign,0,61
LEAD_0010368,CUS_006448,PRJ_0009,2022-05-14,walk_in,2,67
LEAD_0010369,CUS_000202,PRJ_0019,2021-02-07,campaign,4,75
LEAD_0010370,CUS_006203,PRJ_0027,2025-10-06,web,2,50
LEAD_0010371,CUS_001999,PRJ_0022,2023-04-23,web,1,74
LEAD_0010372,CUS_006210,PRJ_0003,2021-10-28,web,1,45
LEAD_0010373,CUS_002913,PRJ_0008,2024-12-01,web,2,56
LEAD_0010374,CUS_004470,PRJ_0006,2025-01-29,referral,1,74
LEAD_0010375,CUS_001742,PRJ_0015,2023-03-23,web,3,47
LEAD_0010376,CUS_004203,PRJ_0026,2025-04-03,web,3,67
LEAD_0010377,CUS_005821,PRJ_0007,2024-10-16,campaign,0,52
LEAD_0010378,CUS_005696,PRJ_0021,2023-01-29,referral,0,64
LEAD_0010379,CUS_004823,PRJ_0001,2021-06-27,campaign,2,73
LEAD_0010380,CUS_002977,PRJ_0001,2022-11-10,web,1,78
LEAD_0010381,CUS_001699,PRJ_0024,2025-09-29,agency,1,61
LEAD_0010382,CUS_002071,PRJ_0012,2023-10-16,agency,2,67
LEAD_0010383,CUS_001607,PRJ_0019,2023-04-16,walk_in,0,69
LEAD_0010384,CUS_005676,PRJ_0022,2022-01-02,campaign,3,51
LEAD_0010385,CUS_000045,PRJ_0001,2022-08-10,walk_in,3,73
LEAD_0010386,CUS_000625,PRJ_0028,2023-02-11,agency,3,71
LEAD_0010387,CUS_001712,PRJ_0026,2024-12-21,campaign,2,51
LEAD_0010388,CUS_002575,PRJ_0023,2021-02-21,campaign,1,69
LEAD_0010389,CUS_006452,PRJ_0026,2025-06-05,web,1,66
LEAD_0010390,CUS_005581,PRJ_0011,2024-11-02,web,2,47
LEAD_0010391,CUS_001304,PRJ_0010,2021-09-24,agency,4,75
LEAD_0010392,CUS_005237,PRJ_0024,2023-12-28,walk_in,1,67
LEAD_0010393,CUS_004346,PRJ_0025,2025-12-12,web,0,61
LEAD_0010394,CUS_002559,PRJ_0024,2025-11-14,agency,2,74
LEAD_0010395,CUS_002657,PRJ_0010,2024-08-28,referral,4,65
LEAD_0010396,CUS_002741,PRJ_0007,2025-11-15,referral,2,56
LEAD_0010397,CUS_005330,PRJ_0008,2023-06-02,walk_in,3,75
LEAD_0010398,CUS_002523,PRJ_0027,2024-02-28,web,2,71
LEAD_0010399,CUS_006427,PRJ_0011,2023-06-19,campaign,1,56
LEAD_0010400,CUS_004933,PRJ_0011,2025-04-01,web,1,55
