unit_id,project_id,bedrooms,sqm,floor,has_terrace,has_garage,has_storage,energy_rating,list_price_eur,expected_rent_eur_month,status
PRJ_0001_U001,PRJ_0001,3,138.53,7,0,1,0,C,683325.19,2837.87,available
PRJ_0001_U002,PRJ_0001,2,97.98,1,0,0,1,C,438532.78,1858.61,available
PRJ_0001_U003,PRJ_0001,2,97.87,5,0,1,0,A,429310.84,2320.32,available
PRJ_0001_U004,PRJ_0001,3,118.17,13,0,0,0,C,579250.81,2713.51,available
PRJ_0001_U005,PRJ_0001,4,94.85,0,1,1,1,C,474219.37,2370.91,available
PRJ_0001_U006,PRJ_0001,3,109.11,12,0,1,0,B,510284.65,2652.16,available
PRJ_0001_U007,PRJ_0001,2,72.26,9,1,1,0,D,388164.7,1917.05,available
PRJ_0001_U008,PRJ_0001,1,54.73,3,1,0,0,B,255782.02,916.55,available
PRJ_0001_U009,PRJ_0001,2,92.94,10,0,1,1,C,455548.12,2018.78,available
PRJ_0001_U010,PRJ_0001,2,97.4,11,0,1,1,D,483048.94,1640.4,available
PRJ_0001_U011,PRJ_0001,3,125.94,0,0,1,1,B,580402.02,2690.59,available
PRJ_0001_U012,PRJ_0001,2,78.74,1,1,1,1,C,398129.11,2116.54,available
PRJ_0001_U013,PRJ_0001,3,120.63,9,0,1,1,B,574580.1,2482.37,available
PRJ_0001_U014,PRJ_0001,3,104.01,13,1,0,0,C,500860.02,2073.99,available
PRJ_0001_U015,PRJ_0001,3,107.96,0,0,1,0,C,540495.19,1755.16,available
PRJ_0001_U016,PRJ_0001,2,80.15,9,0,0,1,B,364846.48,1943.23,available
PRJ_0001_U017,PRJ_0001,3,130.09,1,1,0,1,B,554597.64,1884.76,available
PRJ_0001_U018,PRJ_0001,3,117.73,9,1,1,1,B,645926.74,2105.14,available
PRJ_0001_U019,PRJ_0001,3,131.06,8,1,1,1,A,750273.54,2791.26,available
PRJ_0001_U020,PRJ_0001,2,107.62,1,0,1,0,A,494196.24,1637.82,available
PRJ_0001_U021,PRJ_0001,2,91.28,9,0,1,1,B,403441.38,1690.69,available
PRJ_0001_U022,PRJ_0001,4,127.41,12,0,1,1,A,613850.35,2656.66,available
PRJ_0001_U023,PRJ_0001,2,87.2,12,0,0,0,A,406796.41,1574.28,available
PRJ_0001_U024,PRJ_0001,2,81.72,0,0,0,1,C,377549.23,1238.86,available
PRJ_0001_U025,PRJ_0001,2,83.83,3,1,0,1,C,383787.29,1311.7,available
PRJ_0001_U026,PRJ_0001,3,127.96,3,0,1,0,C,617137.26,2488.17,available
PRJ_0001_U027,PRJ_0001,4,85.9,6,1,0,0,B,433407.2,1431.48,available
PRJ_0001_U028,PRJ_0001,2,110.41,2,0,0,0,D,469452.04,2224.07,available
PRJ_0001_U029,PRJ_0001,4,156.22,11,0,1,0,C,780102.71,2833.69,available
PRJ_0001_U030,PRJ_0001,1,58.96,10,0,1,1,A,318135.98,1223.66,available
PRJ_0001_U031,PRJ_0001,3,100.37,11,0,1,0,A,488458.48,1979.94,available
PRJ_0001_U032,PRJ_0001,3,126.07,2,1,1,0,C,603714.58,2477.67,available
PRJ_0001_U033,PRJ_0001,2,96.25,0,0,1,0,A,447905.46,1420.04,available
PRJ_0001_U034,PRJ_0001,2,84.59,12,0,1,0,B,420692.77,1438.27,available
PRJ_0001_U035,PRJ_0001,2,86.87,4,0,1,0,D,371920.46,1899.73,available
PRJ_0001_U036,PRJ_0001,4,138.39,9,1,0,0,A,686007.14,2174.26,available
PRJ_0001_U037,PRJ_0001,3,108.98,12,1,0,1,A,532717.23,2296.03,available
PRJ_0001_U038,PRJ_0001,4,175.99,0,1,1,0,D,936409.91,3996.64,available
PRJ_0001_U039,PRJ_0001,3,66.43,0,1,0,1,C,319227.34,1250.14,available
PRJ_0001_U040,PRJ_0001,2,86.61,0,0,0,1,A,437634.04,1810.56,available
PRJ_0001_U041,PRJ_0001,3,126.18,2,0,1,0,D,558753.54,2750.73,available
PRJ_0001_U042,PRJ_0001,1,50.25,0,0,1,0,D,242435.43,1226.57,available
PRJ_0001_U043,PRJ_0001,2,80.41,11,0,1,0,B,394175.38,1479.12,available
PRJ_0001_U044,PRJ_0001,3,95.71,8,0,1,1,C,448045.21,1743.91,available
PRJ_0001_U045,PRJ_0001,3,113.21,13,1,0,0,B,561576.17,2084.71,available
PRJ_0001_U046,PRJ_0001,2,99.33,11,0,1,0,A,508301.95,2158.43,available
PRJ_0001_U047,PRJ_0001,3,88.21,13,1,1,1,C,440652.68,2072.83,available
PRJ_0001_U048,PRJ_0001,3,137.15,3,1,1,1,B,620168.44,2282.37,available
PRJ_0001_U049,PRJ_0001,3,108.19,4,0,1,1,C,514093.59,2010.53,available
PRJ_0001_U050,PRJ_0001,3,124.86,11,0,0,0,C,564282.35,2968.14,available
PRJ_0001_U051,PRJ_0001,2,81.08,3,1,1,1,A,393643.67,1289.56,available
PRJ_0001_U052,PRJ_0001,2,89.56,0,0,1,0,C,418072.71,1757.33,available
PRJ_0001_U053,PRJ_0001,2,106.59,9,0,1,1,B,477135.69,2274.83,available
PRJ_0001_U054,PRJ_0001,3,145.44,11,0,1,0,C,645030.22,2260.95,available
PRJ_0001_U055,PRJ_0001,3,143.34,13,0,1,1,B,718364.49,2351.39,available
PRJ_0001_U056,PRJ_0001,2,82.1,12,0,1,0,C,385758.01,1341.52,available
PRJ_0001_U057,PRJ_0001,2,105.71,1,1,1,1,B,455208.79,2382.57,available
PRJ_0001_U058,PRJ_0001,2,102.81,10,0,1,1,B,522867.56,1666.64,available
PRJ_0001_U059,PRJ_0001,3,122.87,11,0,0,0,C,589476.17,2116.45,available
PRJ_0001_U060,PRJ_0001,3,140.69,9,0,1,0,C,654584.13,2118.92,available
PRJ_0001_U061,PRJ_0001,2,68.02,11,0,1,0,B,306584.66,1047.17,available
PRJ_0001_U062,PRJ_0001,1,47.13,11,1,0,1,C,244820.22,1116.87,available
PRJ_0001_U063,PRJ_0001,3,87.03,6,0,0,1,D,425234.88,1577.77,available
PRJ_0001_U064,PRJ_0001,2,90.73,0,0,1,1,B,482903.07,2147.66,available
PRJ_0001_U065,PRJ_0001,3,96.75,6,0,1,1,B,483411.3,2172.74,available
PRJ_0001_U066,PRJ_0001,2,100.11,2,0,1,0,A,478296.14,2428.74,available
PRJ_0001_U067,PRJ_0001,2,86.2,1,0,1,0,C,400644.7,1272.98,available
PRJ_0002_U001,PRJ_0002,3,118.73,1,0,0,1,B,320808.52,1114.94,available
PRJ_0002_U002,PRJ_0002,2,105.39,1,0,1,0,A,294788.24,1366.97,available
PRJ_0002_U003,PRJ_0002,1,40.78,11,0,1,0,B,130239.12,550.0,available
PRJ_0002_U004,PRJ_0002,4,176.54,11,1,1,1,B,580469.19,2351.33,available
PRJ_0002_U005,PRJ_0002,2,72.19,10,0,1,1,A,235864.27,1211.31,available
PRJ_0002_U006,PRJ_0002,3,76.55,5,0,0,1,A,218849.81,1173.42,available
PRJ_0002_U007,PRJ_0002,2,85.93,6,0,0,0,C,238179.08,1222.0,available
PRJ_0002_U008,PRJ_0002,4,134.33,11,0,1,0,B,397931.14,1432.29,available
PRJ_0002_U009,PRJ_0002,2,70.91,2,0,1,1,B,210654.72,771.73,available
PRJ_0002_U010,PRJ_0002,2,99.55,11,0,0,0,A,293948.95,1364.76,available
PRJ_0002_U011,PRJ_0002,3,94.84,12,1,0,1,B,310507.3,1185.24,available
PRJ_0002_U012,PRJ_0002,4,126.63,9,1,1,1,B,392370.06,1891.14,available
PRJ_0002_U013,PRJ_0002,2,87.87,4,0,1,0,C,260441.35,1156.65,available
PRJ_0002_U014,PRJ_0002,2,95.86,7,0,1,1,B,277117.68,1221.04,available
PRJ_0002_U015,PRJ_0002,3,131.95,0,1,1,1,D,414167.54,2083.63,available
PRJ_0002_U016,PRJ_0002,3,100.62,13,0,0,1,D,300317.02,1431.12,available
PRJ_0002_U017,PRJ_0002,2,106.96,4,0,1,0,A,299872.1,967.53,available
PRJ_0002_U018,PRJ_0002,3,98.21,0,0,0,0,A,277134.65,908.43,available
PRJ_0002_U019,PRJ_0002,3,77.08,11,0,1,0,A,228999.76,1035.12,available
PRJ_0002_U020,PRJ_0002,3,70.94,9,0,1,1,C,212837.92,906.82,available
PRJ_0002_U021,PRJ_0002,3,114.85,8,0,0,1,A,373084.97,1399.85,available
PRJ_0002_U022,PRJ_0002,3,104.88,0,1,1,0,C,315903.23,1297.93,available
PRJ_0002_U023,PRJ_0002,2,83.26,10,0,1,1,C,250135.99,1218.65,available
PRJ_0002_U024,PRJ_0002,4,158.27,8,1,0,0,C,432874.67,2175.86,available
PRJ_0002_U025,PRJ_0002,3,116.53,11,0,0,0,B,327431.26,1450.33,available
PRJ_0002_U026,PRJ_0002,3,134.78,11,0,1,1,D,404511.51,1631.7,available
PRJ_0002_U027,PRJ_0002,1,49.24,2,0,1,0,A,138512.88,550.0,available
PRJ_0002_U028,PRJ_0002,2,72.62,2,0,1,1,B,229454.2,996.06,available
PRJ_0002_U029,PRJ_0002,3,94.37,12,0,1,1,B,284647.54,1102.97,available
PRJ_0002_U030,PRJ_0002,1,63.77,7,0,1,1,D,206428.47,915.69,available
PRJ_0002_U031,PRJ_0002,4,180.0,6,0,1,1,C,549111.28,2574.86,available
PRJ_0002_U032,PRJ_0002,2,95.65,4,0,0,0,C,273649.83,907.24,available
PRJ_0002_U033,PRJ_0002,3,71.76,8,1,0,0,A,218277.93,691.74,available
PRJ_0002_U034,PRJ_0002,4,106.41,10,0,0,0,D,313042.2,1140.82,available
PRJ_0002_U035,PRJ_0002,2,65.65,0,0,0,0,B,203569.61,1054.35,available
PRJ_0002_U036,PRJ_0002,2,78.52,7,1,0,1,B,215056.29,993.74,available
PRJ_0002_U037,PRJ_0002,3,115.11,13,1,0,1,D,320962.65,1140.57,available
PRJ_0002_U038,PRJ_0002,3,122.49,3,0,0,0,B,340280.18,1759.17,available
PRJ_0002_U039,PRJ_0002,2,84.16,3,0,1,0,B,245323.92,1036.26,available
PRJ_0002_U040,PRJ_0002,3,140.87,12,0,1,1,C,443187.84,1878.17,available
PRJ_0002_U041,PRJ_0002,4,130.19,0,1,1,1,A,409117.57,2156.72,available
PRJ_0002_U042,PRJ_0002,2,86.45,5,1,1,1,B,260299.73,859.12,available
PRJ_0002_U043,PRJ_0002,2,94.35,6,1,1,1,B,312889.48,1142.3,available
PRJ_0002_U044,PRJ_0002,2,64.37,11,0,1,0,A,202952.01,910.17,available
PRJ_0002_U045,PRJ_0002,2,93.7,1,0,1,1,C,279481.85,1007.95,available
PRJ_0002_U046,PRJ_0002,2,60.86,6,1,1,0,C,198537.06,932.25,available
PRJ_0003_U001,PRJ_0003,2,55.94,2,1,1,0,B,141953.56,718.47,available
PRJ_0003_U002,PRJ_0003,2,86.83,10,1,1,1,C,262212.74,1025.15,available
PRJ_0003_U003,PRJ_0003,2,73.44,8,0,1,1,C,207370.36,976.77,available
PRJ_0003_U004,PRJ_0003,3,131.1,3,1,0,1,D,347100.64,1767.99,available
PRJ_0003_U005,PRJ_0003,4,139.06,3,1,1,1,B,383814.44,1282.55,available
PRJ_0003_U006,PRJ_0003,4,162.73,10,1,1,0,B,427233.86,2088.31,available
PRJ_0003_U007,PRJ_0003,2,66.98,8,0,1,1,B,176237.36,680.08,available
PRJ_0003_U008,PRJ_0003,2,105.18,8,0,1,1,B,283846.06,1037.19,available
PRJ_0003_U009,PRJ_0003,2,82.08,0,0,1,0,C,231413.07,1091.5,available
PRJ_0003_U010,PRJ_0003,3,105.0,8,0,1,1,D,281885.47,1469.67,available
PRJ_0003_U011,PRJ_0003,2,69.03,13,1,0,1,D,201270.66,770.96,available
PRJ_0003_U012,PRJ_0003,3,146.67,0,1,1,1,B,399518.38,1776.48,available
PRJ_0003_U013,PRJ_0003,3,90.53,6,0,0,0,C,245831.03,938.78,available
PRJ_0003_U014,PRJ_0003,2,82.3,6,1,0,0,C,227689.18,1004.98,available
PRJ_0003_U015,PRJ_0003,2,77.49,12,1,1,1,D,232710.02,1062.52,available
PRJ_0003_U016,PRJ_0003,2,61.2,3,1,1,0,B,164407.13,746.4,available
PRJ_0003_U017,PRJ_0003,1,72.67,6,1,0,0,B,186559.49,852.51,available
PRJ_0003_U018,PRJ_0003,2,92.73,10,0,1,0,C,236018.14,819.12,available
PRJ_0003_U019,PRJ_0003,3,123.43,0,0,0,1,B,317568.98,1501.19,available
PRJ_0003_U020,PRJ_0003,2,50.09,11,1,1,1,B,135136.81,633.1,available
PRJ_0003_U021,PRJ_0003,2,101.28,11,0,0,0,D,277207.69,1303.57,available
PRJ_0003_U022,PRJ_0003,3,132.78,10,0,0,1,D,352910.22,1176.36,available
PRJ_0003_U023,PRJ_0003,3,78.55,9,0,1,0,D,240286.31,1002.49,available
PRJ_0003_U024,PRJ_0003,2,78.28,10,0,1,0,C,195446.56,798.79,available
PRJ_0003_U025,PRJ_0003,3,117.09,10,0,0,1,B,321870.4,1082.05,available
PRJ_0003_U026,PRJ_0003,4,159.13,12,0,1,0,B,410548.59,1505.48,available
PRJ_0003_U027,PRJ_0003,3,118.5,5,1,1,0,B,319023.04,1326.76,available
PRJ_0003_U028,PRJ_0003,3,145.63,6,1,1,0,B,416291.79,2014.11,available
PRJ_0003_U029,PRJ_0003,1,56.39,8,1,1,1,B,143385.33,550.0,available
PRJ_0003_U030,PRJ_0003,4,152.56,2,0,0,0,C,401985.66,2023.44,available
PRJ_0003_U031,PRJ_0003,2,124.78,11,0,0,1,B,371863.98,1634.24,available
PRJ_0003_U032,PRJ_0003,4,139.17,10,1,1,0,C,386069.89,1883.1,available
PRJ_0003_U033,PRJ_0003,3,105.5,8,0,0,0,B,286654.32,1212.52,available
PRJ_0003_U034,PRJ_0003,1,60.49,4,1,1,0,B,175519.13,752.95,available
PRJ_0003_U035,PRJ_0003,1,65.25,4,1,1,1,A,181167.39,826.31,available
PRJ_0003_U036,PRJ_0003,3,100.75,6,1,1,1,B,281481.93,1479.08,available
PRJ_0003_U037,PRJ_0003,3,115.48,9,0,0,1,C,278500.27,1190.1,available
PRJ_0003_U038,PRJ_0003,1,57.75,10,1,1,1,B,171492.49,747.05,available
PRJ_0003_U039,PRJ_0003,3,131.23,9,1,1,1,B,375477.58,1697.59,available
PRJ_0003_U040,PRJ_0003,3,113.13,13,1,1,0,C,304849.61,1471.23,available
PRJ_0003_U041,PRJ_0003,2,89.32,13,0,0,1,B,244602.81,814.12,available
PRJ_0003_U042,PRJ_0003,2,104.75,9,0,1,0,A,278063.08,1203.17,available
PRJ_0003_U043,PRJ_0003,1,65.44,5,0,1,0,B,169229.58,719.27,available
PRJ_0003_U044,PRJ_0003,3,132.86,8,0,0,1,A,372504.76,1952.1,available
PRJ_0003_U045,PRJ_0003,2,70.75,5,0,1,0,C,175344.11,749.96,available
PRJ_0003_U046,PRJ_0003,3,118.39,8,0,1,0,B,340664.56,1437.74,available
PRJ_0003_U047,PRJ_0003,2,107.07,11,0,1,1,A,276188.24,1472.53,available
PRJ_0003_U048,PRJ_0003,3,125.91,5,0,1,1,A,328095.4,1371.59,available
PRJ_0003_U049,PRJ_0003,2,94.1,7,0,1,0,C,282018.53,1007.84,available
PRJ_0003_U050,PRJ_0003,2,81.55,0,0,0,0,A,224320.23,819.83,available
PRJ_0003_U051,PRJ_0003,3,98.41,10,0,1,0,C,270392.34,914.15,available
PRJ_0003_U052,PRJ_0003,2,90.37,6,1,0,0,A,239964.8,760.2,available
PRJ_0003_U053,PRJ_0003,3,115.49,6,1,0,0,C,313276.19,1296.51,available
PRJ_0003_U054,PRJ_0003,4,169.88,7,0,1,1,B,472864.24,2315.83,available
PRJ_0003_U055,PRJ_0003,4,107.11,3,0,1,0,B,285037.44,1373.02,available
PRJ_0003_U056,PRJ_0003,3,127.08,8,0,0,1,A,344235.28,1114.98,available
PRJ_0003_U057,PRJ_0003,2,73.08,10,0,1,0,C,199518.17,887.68,available
PRJ_0003_U058,PRJ_0003,3,112.97,4,0,0,1,D,295394.0,1037.96,available
PRJ_0003_U059,PRJ_0003,3,79.0,1,0,0,1,A,193738.19,1023.73,available
PRJ_0003_U060,PRJ_0003,2,104.08,5,1,1,0,A,279860.31,991.61,available
PRJ_0003_U061,PRJ_0003,2,100.2,2,1,1,1,D,293311.49,1342.37,available
PRJ_0003_U062,PRJ_0003,3,127.31,5,0,1,0,B,315022.36,1228.81,available
PRJ_0003_U063,PRJ_0003,2,41.22,8,0,1,1,A,113238.6,550.0,available
PRJ_0003_U064,PRJ_0003,3,117.7,1,0,1,0,B,299807.35,1227.49,available
PRJ_0003_U065,PRJ_0003,4,161.8,10,0,1,0,C,444874.67,2169.15,available
PRJ_0003_U066,PRJ_0003,3,79.12,3,0,0,1,C,205067.56,755.82,available
PRJ_0003_U067,PRJ_0003,2,88.95,12,1,0,0,C,266162.77,1385.3,available
PRJ_0004_U001,PRJ_0004,4,129.82,1,0,1,0,A,410106.4,1448.03,available
PRJ_0004_U002,PRJ_0004,2,100.82,4,0,1,0,A,270679.04,914.13,available
PRJ_0004_U003,PRJ_0004,2,89.9,11,1,0,1,C,265688.44,1169.94,available
PRJ_0004_U004,PRJ_0004,2,90.18,7,1,1,1,B,275013.09,1074.5,available
PRJ_0004_U005,PRJ_0004,2,96.07,7,1,1,1,D,307926.47,1355.05,available
PRJ_0004_U006,PRJ_0004,2,87.79,6,1,0,1,C,272093.05,997.43,available
PRJ_0004_U007,PRJ_0004,1,44.15,4,1,0,1,C,145002.97,550.0,available
PRJ_0004_U008,PRJ_0004,2,97.1,8,0,0,1,B,309358.68,1634.88,available
PRJ_0004_U009,PRJ_0004,3,127.5,8,0,1,1,C,404918.22,1380.92,available
PRJ_0004_U010,PRJ_0004,1,58.03,12,1,1,0,D,185396.34,640.01,available
PRJ_0004_U011,PRJ_0004,2,110.2,8,0,0,0,A,336776.84,1177.51,available
PRJ_0004_U012,PRJ_0004,3,137.19,13,0,0,1,B,399192.16,2145.47,available
PRJ_0004_U013,PRJ_0004,3,112.96,11,1,1,1,B,378787.05,1725.91,available
PRJ_0004_U014,PRJ_0004,3,139.63,1,1,1,1,B,412506.69,1872.71,available
PRJ_0004_U015,PRJ_0004,3,141.2,5,1,1,1,C,460150.11,2478.71,available
PRJ_0004_U016,PRJ_0004,3,117.04,5,1,1,0,B,382425.6,1287.11,available
PRJ_0004_U017,PRJ_0004,2,71.6,0,0,1,1,C,217916.35,1167.88,available
PRJ_0004_U018,PRJ_0004,2,86.73,2,0,1,0,B,255164.59,925.15,available
PRJ_0004_U019,PRJ_0004,3,114.09,10,1,1,0,A,369125.41,1686.38,available
PRJ_0004_U020,PRJ_0004,2,94.61,4,0,0,0,B,235902.66,970.0,available
PRJ_0004_U021,PRJ_0004,1,49.98,2,1,1,0,C,156493.94,630.76,available
PRJ_0004_U022,PRJ_0004,2,88.71,4,0,1,1,C,265642.24,1397.8,available
PRJ_0004_U023,PRJ_0004,2,84.59,3,0,1,0,B,250436.6,877.14,available
PRJ_0004_U024,PRJ_0004,2,76.58,2,1,1,0,C,244558.95,1323.08,available
PRJ_0004_U025,PRJ_0004,2,60.72,1,1,1,0,A,186581.5,750.0,available
PRJ_0004_U026,PRJ_0004,3,114.49,10,0,1,0,B,329874.51,1526.13,available
PRJ_0004_U027,PRJ_0004,4,81.57,11,0,1,0,B,247474.97,1322.62,available
PRJ_0004_U028,PRJ_0004,2,93.87,6,1,1,0,D,298750.98,984.76,available
PRJ_0004_U029,PRJ_0004,4,133.52,8,1,0,1,C,423970.7,2222.93,available
PRJ_0004_U030,PRJ_0004,1,58.56,12,1,1,0,C,187256.6,832.21,available
PRJ_0004_U031,PRJ_0004,4,136.25,11,0,0,0,A,429600.41,2041.27,available
PRJ_0004_U032,PRJ_0004,4,151.13,0,0,0,1,B,422136.26,1478.46,available
PRJ_0004_U033,PRJ_0004,1,50.92,13,0,0,0,C,153971.08,672.36,available
PRJ_0004_U034,PRJ_0004,3,107.55,0,0,1,1,B,344808.28,1614.42,available
PRJ_0004_U035,PRJ_0004,4,171.39,0,0,1,1,D,471423.51,1976.78,available
PRJ_0004_U036,PRJ_0004,4,136.6,5,0,1,1,C,415095.44,1459.22,available
PRJ_0004_U037,PRJ_0004,4,171.36,10,1,0,1,B,525193.0,1951.58,available
PRJ_0004_U038,PRJ_0004,3,107.34,1,0,1,0,C,312683.32,1591.26,available
PRJ_0004_U039,PRJ_0004,1,85.08,4,1,0,1,D,249376.9,809.04,available
PRJ_0004_U040,PRJ_0004,3,115.22,3,1,1,1,B,357380.51,1701.71,available
PRJ_0004_U041,PRJ_0004,3,119.24,5,0,0,1,C,384586.05,2082.65,available
PRJ_0004_U042,PRJ_0004,3,142.95,13,0,1,1,D,414999.01,1321.15,available
PRJ_0004_U043,PRJ_0004,2,69.18,4,0,1,0,B,193327.49,682.26,available
PRJ_0004_U044,PRJ_0004,3,79.48,2,0,1,0,D,220538.16,1032.89,available
PRJ_0004_U045,PRJ_0004,2,71.37,1,0,1,1,A,233515.63,770.99,available
PRJ_0004_U046,PRJ_0004,3,114.94,2,0,1,0,C,333260.21,1497.57,available
PRJ_0004_U047,PRJ_0004,1,64.0,1,1,1,1,C,199952.22,940.91,available
PRJ_0004_U048,PRJ_0004,3,116.31,8,1,1,0,C,361466.25,1622.98,available
PRJ_0004_U049,PRJ_0004,3,98.12,5,0,1,1,B,281544.8,1122.89,available
PRJ_0004_U050,PRJ_0004,2,99.77,6,1,1,1,C,317036.59,1501.34,available
PRJ_0004_U051,PRJ_0004,3,97.38,11,0,0,1,A,332519.81,1497.61,available
PRJ_0004_U052,PRJ_0004,2,96.55,8,1,1,0,B,327538.16,1190.22,available
PRJ_0004_U053,PRJ_0004,4,180.0,2,1,1,1,B,539048.95,2389.99,available
PRJ_0004_U054,PRJ_0004,3,122.71,5,0,1,1,C,381522.6,1965.21,available
PRJ_0004_U055,PRJ_0004,2,76.23,4,1,1,0,B,225368.18,1051.8,available
PRJ_0004_U056,PRJ_0004,2,71.06,11,0,1,0,B,197843.06,836.52,available
PRJ_0004_U057,PRJ_0004,2,48.61,4,0,1,1,D,153872.03,598.6,available
PRJ_0004_U058,PRJ_0004,2,78.92,1,1,0,0,B,252697.92,849.04,available
PRJ_0004_U059,PRJ_0004,4,114.67,10,0,1,0,B,368698.19,1370.48,available
PRJ_0004_U060,PRJ_0004,3,83.74,5,0,0,1,B,241512.38,770.87,available
PRJ_0004_U061,PRJ_0004,2,124.77,1,0,1,0,B,367229.12,1978.11,available
PRJ_0004_U062,PRJ_0004,3,123.85,9,0,1,1,C,398210.05,1460.34,available
PRJ_0004_U063,PRJ_0004,2,97.09,2,0,1,0,B,293814.98,1469.12,available
PRJ_0004_U064,PRJ_0004,3,100.06,12,0,1,1,A,303978.77,1077.94,available
PRJ_0004_U065,PRJ_0004,2,74.93,11,1,1,0,D,218430.64,831.08,available
PRJ_0004_U066,PRJ_0004,3,131.69,5,0,0,1,C,391174.11,1606.86,available
PRJ_0004_U067,PRJ_0004,4,142.78,7,0,0,1,C,457595.68,1783.06,available
PRJ_0004_U068,PRJ_0004,2,75.66,7,0,1,0,C,217331.67,1078.61,available
PRJ_0004_U069,PRJ_0004,3,108.85,9,0,1,1,D,348099.47,1852.4,available
PRJ_0004_U070,PRJ_0004,4,133.91,0,0,1,0,B,404058.95,2075.28,available
PRJ_0004_U071,PRJ_0004,2,67.18,4,0,1,0,C,206876.38,726.59,available
PRJ_0004_U072,PRJ_0004,1,38.81,2,0,1,0,C,120222.55,590.8,available
PRJ_0004_U073,PRJ_0004,3,104.44,9,1,1,1,B,324145.29,1134.36,available
PRJ_0004_U074,PRJ_0004,2,85.09,0,1,0,0,B,236676.45,1235.87,available
PRJ_0004_U075,PRJ_0004,1,51.1,7,0,1,1,A,154136.89,667.7,available
PRJ_0004_U076,PRJ_0004,2,91.03,10,0,1,1,C,294643.45,1156.04,available
PRJ_0004_U077,PRJ_0004,3,124.7,13,0,0,0,C,363605.41,1279.88,available
PRJ_0004_U078,PRJ_0004,2,57.48,4,1,0,0,C,167910.27,550.0,available
PRJ_0004_U079,PRJ_0004,2,70.91,0,0,1,1,B,194121.44,723.01,available
PRJ_0004_U080,PRJ_0004,3,125.27,10,0,1,1,B,422233.5,2205.41,available
PRJ_0004_U081,PRJ_0004,3,126.46,0,0,0,0,B,383190.0,1900.82,available
PRJ_0004_U082,PRJ_0004,3,89.33,0,0,0,0,B,269933.96,1443.8,available
PRJ_0004_U083,PRJ_0004,2,95.01,13,0,1,1,D,308700.84,1047.54,available
PRJ_0004_U084,PRJ_0004,4,175.35,12,0,0,0,C,540721.94,2432.75,available
PRJ_0004_U085,PRJ_0004,3,139.61,9,0,1,1,D,427376.62,1600.63,available
PRJ_0004_U086,PRJ_0004,2,100.86,11,0,0,1,C,304190.67,1334.88,available
PRJ_0004_U087,PRJ_0004,4,122.97,1,0,1,0,D,357184.18,1388.62,available
PRJ_0004_U088,PRJ_0004,2,78.57,1,0,1,0,B,263933.09,1004.12,available
PRJ_0004_U089,PRJ_0004,2,91.72,4,1,1,1,A,294871.14,1314.48,available
PRJ_0004_U090,PRJ_0004,2,87.46,0,1,1,1,A,267236.69,956.48,available
PRJ_0004_U091,PRJ_0004,3,119.49,12,0,1,1,B,378907.9,1599.83,available
PRJ_0004_U092,PRJ_0004,1,45.42,0,0,1,0,B,127999.66,592.77,available
PRJ_0004_U093,PRJ_0004,2,96.66,7,0,1,1,A,322082.96,1112.82,available
PRJ_0004_U094,PRJ_0004,2,80.22,11,1,1,1,D,249414.67,1312.05,available
PRJ_0004_U095,PRJ_0004,2,96.19,10,0,0,0,B,295522.14,1272.09,available
PRJ_0004_U096,PRJ_0004,2,89.3,3,1,0,1,D,288766.99,1446.9,available
PRJ_0004_U097,PRJ_0004,3,89.62,6,0,1,1,C,283082.58,1312.92,available
PRJ_0004_U098,PRJ_0004,2,66.41,7,0,1,1,C,206781.17,985.14,available
PRJ_0004_U099,PRJ_0004,1,68.62,10,0,1,0,C,209770.71,1002.28,available
PRJ_0004_U100,PRJ_0004,3,123.83,5,0,0,1,B,364713.27,1873.04,available
PRJ_0004_U101,PRJ_0004,2,85.1,3,1,1,1,C,258523.94,1175.58,available
PRJ_0004_U102,PRJ_0004,3,103.65,11,0,1,1,B,313985.11,1190.84,available
PRJ_0004_U103,PRJ_0004,2,99.63,12,0,0,0,D,320693.91,1087.33,available
PRJ_0004_U104,PRJ_0004,1,46.62,6,0,0,0,B,138981.67,629.69,available
PRJ_0004_U105,PRJ_0004,2,68.27,0,0,1,1,B,197541.08,655.04,available
PRJ_0004_U106,PRJ_0004,2,117.06,7,1,0,1,C,360031.22,1335.56,available
PRJ_0004_U107,PRJ_0004,2,65.12,12,1,1,0,C,217913.58,719.82,available
PRJ_0004_U108,PRJ_0004,3,90.24,13,1,0,1,B,294524.42,1296.4,available
PRJ_0004_U109,PRJ_0004,2,88.18,5,1,1,1,C,283580.97,1000.31,available
PRJ_0004_U110,PRJ_0004,3,120.22,2,1,1,1,A,371209.56,1685.32,available
PRJ_0004_U111,PRJ_0004,3,114.81,8,0,1,1,C,366003.97,1810.3,available
PRJ_0004_U112,PRJ_0004,1,60.72,11,0,1,1,B,182125.6,913.52,available
PRJ_0004_U113,PRJ_0004,3,128.64,13,1,0,1,B,400868.96,1548.61,available
PRJ_0004_U114,PRJ_0004,2,84.62,0,1,1,1,A,277532.66,1221.65,available
PRJ_0004_U115,PRJ_0004,2,70.35,4,1,0,1,B,225398.54,999.29,available
PRJ_0004_U116,PRJ_0004,2,95.24,6,0,0,0,B,271424.53,1148.31,available
PRJ_0004_U117,PRJ_0004,3,120.37,1,0,1,0,B,341974.36,1586.99,available
PRJ_0004_U118,PRJ_0004,4,141.58,12,0,0,1,B,432852.8,1575.31,available
PRJ_0004_U119,PRJ_0004,1,48.4,1,0,1,0,B,156039.58,837.93,available
PRJ_0004_U120,PRJ_0004,3,117.29,9,1,1,1,B,341017.79,1155.15,available
PRJ_0004_U121,PRJ_0004,3,114.3,12,0,1,0,A,354100.4,1781.98,available
PRJ_0004_U122,PRJ_0004,2,86.78,9,0,0,1,C,245731.41,1106.62,available
PRJ_0004_U123,PRJ_0004,3,105.89,10,0,0,0,D,307301.74,1142.42,available
PRJ_0004_U124,PRJ_0004,3,112.74,3,1,0,1,B,339781.61,1646.05,available
PRJ_0004_U125,PRJ_0004,4,152.71,11,0,0,1,D,454608.79,1526.01,available
PRJ_0004_U126,PRJ_0004,4,173.53,5,0,0,1,A,498832.75,2448.82,available
PRJ_0004_U127,PRJ_0004,1,64.16,0,0,1,1,A,193306.29,868.74,available
PRJ_0005_U001,PRJ_0005,3,120.87,5,0,1,1,D,380341.0,1563.67,available
PRJ_0005_U002,PRJ_0005,3,112.42,1,0,1,1,B,320899.47,1168.69,available
PRJ_0005_U003,PRJ_0005,3,112.18,8,1,0,1,C,349543.26,1208.02,available
PRJ_0005_U004,PRJ_0005,1,64.2,12,0,0,1,C,209587.31,842.89,available
PRJ_0005_U005,PRJ_0005,3,108.38,10,0,0,1,B,341764.82,1525.05,available
PRJ_0005_U006,PRJ_0005,2,69.42,4,0,0,1,B,205696.76,817.96,available
PRJ_0005_U007,PRJ_0005,2,105.51,5,0,1,0,B,326164.46,1481.12,available
PRJ_0005_U008,PRJ_0005,2,101.67,12,1,0,1,C,326057.68,1249.86,available
PRJ_0005_U009,PRJ_0005,4,164.09,0,1,1,1,B,523266.61,2064.2,available
PRJ_0005_U010,PRJ_0005,1,64.9,7,0,0,1,A,207658.88,1027.01,available
PRJ_0005_U011,PRJ_0005,3,110.96,1,0,1,1,C,328098.48,1687.37,available
PRJ_0005_U012,PRJ_0005,3,168.02,12,1,1,1,B,551521.37,2146.1,available
PRJ_0005_U013,PRJ_0005,3,116.24,0,0,0,0,C,339232.2,1510.46,available
PRJ_0005_U014,PRJ_0005,3,109.37,0,0,0,0,B,298526.1,1132.17,available
PRJ_0005_U015,PRJ_0005,3,115.99,4,1,1,1,B,352652.12,1159.05,available
PRJ_0005_U016,PRJ_0005,2,94.66,2,1,1,0,A,320809.9,1548.5,available
PRJ_0005_U017,PRJ_0005,1,51.16,6,0,1,1,B,164640.08,584.71,available
PRJ_0005_U018,PRJ_0005,3,122.82,4,0,0,1,B,345128.88,1423.49,available
PRJ_0005_U019,PRJ_0005,2,127.43,4,1,1,0,C,369599.47,1575.42,available
PRJ_0005_U020,PRJ_0005,2,97.89,7,0,1,1,B,307325.13,1100.75,available
PRJ_0005_U021,PRJ_0005,2,102.09,7,0,1,0,B,342593.1,1157.76,available
PRJ_0005_U022,PRJ_0005,2,75.86,13,0,1,1,B,237278.91,937.18,available
PRJ_0005_U023,PRJ_0005,1,45.56,6,0,1,1,B,153239.37,813.6,available
PRJ_0005_U024,PRJ_0005,1,40.6,7,0,1,1,D,130438.85,593.59,available
PRJ_0005_U025,PRJ_0005,4,129.7,9,0,0,1,A,411275.59,1655.32,available
PRJ_0005_U026,PRJ_0005,2,71.35,2,1,0,0,D,205307.57,668.12,available
PRJ_0005_U027,PRJ_0005,4,180.0,9,0,0,1,B,583785.27,2637.12,available
PRJ_0005_U028,PRJ_0005,4,135.11,12,1,1,0,A,429293.54,1448.54,available
PRJ_0005_U029,PRJ_0005,2,74.06,4,0,1,0,B,233604.25,1024.91,available
PRJ_0005_U030,PRJ_0005,3,88.36,2,1,0,1,A,265102.62,1288.02,available
PRJ_0005_U031,PRJ_0005,3,109.03,4,0,0,1,C,330991.04,1363.59,available
PRJ_0005_U032,PRJ_0005,3,137.43,3,1,1,1,B,445689.65,1711.6,available
PRJ_0005_U033,PRJ_0005,1,51.65,8,1,0,1,B,164862.28,550.0,available
PRJ_0005_U034,PRJ_0005,2,101.95,12,1,0,0,C,329932.54,1063.18,available
PRJ_0005_U035,PRJ_0005,1,49.77,8,0,0,1,C,152129.76,628.94,available
PRJ_0005_U036,PRJ_0005,3,125.04,1,0,0,0,D,358666.1,1848.63,available
PRJ_0005_U037,PRJ_0005,4,130.85,4,1,1,0,D,444205.92,1650.58,available
PRJ_0005_U038,PRJ_0005,3,109.52,9,0,1,1,C,363918.8,1622.46,available
PRJ_0005_U039,PRJ_0005,3,105.66,4,0,1,0,C,307362.21,1446.56,available
PRJ_0005_U040,PRJ_0005,4,103.11,8,1,1,1,C,347393.56,1147.63,available
PRJ_0005_U041,PRJ_0005,3,143.18,9,0,0,0,B,420969.45,1478.08,available
PRJ_0005_U042,PRJ_0005,1,54.46,4,0,1,1,C,157198.37,614.97,available
PRJ_0005_U043,PRJ_0005,3,133.92,9,1,1,0,A,455109.04,2127.35,available
PRJ_0005_U044,PRJ_0005,2,88.8,5,0,0,0,C,240816.42,1000.47,available
PRJ_0005_U045,PRJ_0005,1,67.03,1,1,0,0,D,216234.91,1041.95,available
PRJ_0005_U046,PRJ_0005,3,85.33,5,0,0,1,A,253519.29,1297.7,available
PRJ_0005_U047,PRJ_0005,4,155.12,6,0,1,0,C,477757.44,2328.11,available
PRJ_0005_U048,PRJ_0005,2,75.98,0,0,0,1,D,233304.34,1259.66,available
PRJ_0005_U049,PRJ_0005,2,101.38,12,0,1,0,B,324740.23,1579.53,available
PRJ_0005_U050,PRJ_0005,2,92.23,7,0,1,1,B,279176.56,1419.35,available
PRJ_0005_U051,PRJ_0005,1,62.42,0,0,1,1,D,198408.18,999.88,available
PRJ_0005_U052,PRJ_0005,1,48.61,12,1,1,1,D,160141.66,770.24,available
PRJ_0005_U053,PRJ_0005,3,88.54,11,1,0,1,A,266902.32,1326.7,available
PRJ_0005_U054,PRJ_0005,3,132.86,0,0,1,1,B,404213.79,2130.09,available
PRJ_0005_U055,PRJ_0005,2,90.95,2,1,1,0,C,305541.78,1294.24,available
PRJ_0005_U056,PRJ_0005,2,72.66,5,1,0,1,B,246316.91,1133.75,available
PRJ_0005_U057,PRJ_0005,2,68.4,7,1,0,0,B,224755.85,972.13,available
PRJ_0005_U058,PRJ_0005,1,68.46,10,0,1,1,A,203283.43,1032.98,available
PRJ_0005_U059,PRJ_0005,3,99.68,5,1,0,0,A,314871.05,1302.69,available
PRJ_0005_U060,PRJ_0005,3,86.45,8,1,0,0,B,285885.94,1432.59,available
PRJ_0005_U061,PRJ_0005,3,89.37,0,1,0,1,C,289663.08,1438.24,available
PRJ_0005_U062,PRJ_0005,2,66.31,9,1,0,0,C,218594.9,1165.31,available
PRJ_0005_U063,PRJ_0005,3,118.53,12,0,0,0,C,368503.68,1373.32,available
PRJ_0005_U064,PRJ_0005,1,65.42,7,1,0,0,B,206781.73,984.97,available
PRJ_0005_U065,PRJ_0005,2,80.2,6,0,1,1,B,245503.0,1195.53,available
PRJ_0005_U066,PRJ_0005,4,170.96,4,0,1,1,A,474794.8,2503.73,available
PRJ_0005_U067,PRJ_0005,3,65.82,13,1,1,0,B,216315.09,1126.4,available
PRJ_0005_U068,PRJ_0005,4,136.69,0,0,0,1,B,415153.71,1850.38,available
PRJ_0005_U069,PRJ_0005,4,163.78,4,0,1,0,A,509053.52,2275.35,available
PRJ_0005_U070,PRJ_0005,3,99.1,1,0,0,1,A,278271.09,985.93,available
PRJ_0006_U001,PRJ_0006,2,87.28,12,0,0,0,B,340540.72,1116.33,available
PRJ_0006_U002,PRJ_0006,3,104.06,4,0,1,0,B,387351.12,1340.96,available
PRJ_0006_U003,PRJ_0006,3,120.05,8,0,1,1,D,442968.77,2038.95,available
PRJ_0006_U004,PRJ_0006,4,149.99,7,0,1,0,B,621519.7,2261.02,available
PRJ_0006_U005,PRJ_0006,3,93.76,13,0,0,1,C,342787.45,1259.52,available
PRJ_0006_U006,PRJ_0006,3,108.32,13,0,0,0,C,434271.29,2136.5,available
PRJ_0006_U007,PRJ_0006,2,87.4,9,0,1,1,A,336195.21,1280.9,available
PRJ_0006_U008,PRJ_0006,3,140.07,9,0,1,1,B,603106.3,2006.98,available
PRJ_0006_U009,PRJ_0006,1,49.56,12,1,1,1,B,212686.34,690.94,available
PRJ_0006_U010,PRJ_0006,2,48.59,2,0,1,1,B,178759.33,744.32,available
PRJ_0006_U011,PRJ_0006,2,79.31,10,1,1,0,C,308750.89,1406.42,available
PRJ_0006_U012,PRJ_0006,2,109.56,10,1,1,0,B,460552.47,2358.79,available
PRJ_0006_U013,PRJ_0006,2,82.32,1,0,1,1,B,314751.16,1075.18,available
PRJ_0006_U014,PRJ_0006,3,101.38,12,1,1,1,C,415773.2,1500.6,available
PRJ_0006_U015,PRJ_0006,3,126.75,9,1,1,1,C,557620.25,2430.51,available
PRJ_0006_U016,PRJ_0006,3,115.95,4,1,1,1,B,449110.9,1790.12,available
PRJ_0006_U017,PRJ_0006,3,83.62,6,0,1,1,B,334857.32,1423.94,available
PRJ_0006_U018,PRJ_0006,3,110.39,6,0,0,0,B,445937.89,2339.37,available
PRJ_0006_U019,PRJ_0006,1,61.36,12,1,1,0,C,260496.27,1144.27,available
PRJ_0006_U020,PRJ_0006,3,78.02,13,1,0,1,B,314324.31,1288.95,available
PRJ_0006_U021,PRJ_0006,3,100.01,11,0,1,1,B,392945.61,2119.12,available
PRJ_0006_U022,PRJ_0006,2,93.1,9,0,1,0,A,334105.58,1107.03,available
PRJ_0006_U023,PRJ_0006,2,84.05,1,1,1,1,C,320343.45,1686.26,available
PRJ_0006_U024,PRJ_0006,4,149.17,12,0,1,1,C,604149.15,2595.07,available
PRJ_0006_U025,PRJ_0006,3,88.92,1,0,1,1,B,342111.19,1471.12,available
PRJ_0006_U026,PRJ_0006,2,82.26,2,1,0,1,C,326064.59,1708.93,available
PRJ_0006_U027,PRJ_0006,3,85.44,0,0,0,1,C,341478.71,1471.14,available
PRJ_0006_U028,PRJ_0006,2,100.11,13,0,1,0,A,370125.2,1537.16,available
PRJ_0006_U029,PRJ_0006,2,55.3,6,0,1,1,C,217830.3,823.35,available
PRJ_0006_U030,PRJ_0006,2,76.85,3,0,0,0,B,290372.6,1349.94,available
PRJ_0006_U031,PRJ_0006,2,101.78,1,0,1,1,D,380425.04,1692.27,available
PRJ_0006_U032,PRJ_0006,3,135.78,5,0,1,0,B,555533.72,2027.11,available
PRJ_0006_U033,PRJ_0006,1,62.44,10,0,0,1,B,255342.52,1216.16,available
PRJ_0006_U034,PRJ_0006,3,114.82,13,0,1,1,B,464386.48,2143.54,available
PRJ_0006_U035,PRJ_0006,2,83.47,7,0,1,1,B,362587.01,1472.35,available
PRJ_0006_U036,PRJ_0006,3,89.31,8,0,1,1,C,329357.17,1046.23,available
PRJ_0006_U037,PRJ_0006,3,110.59,11,0,1,1,B,440713.47,1838.42,available
PRJ_0006_U038,PRJ_0006,3,86.08,12,1,1,0,B,357630.79,1137.37,available
PRJ_0006_U039,PRJ_0006,3,100.09,3,1,0,1,B,377179.59,1258.05,available
PRJ_0006_U040,PRJ_0006,4,149.43,13,0,1,1,D,604659.47,2500.59,available
PRJ_0006_U041,PRJ_0006,3,87.94,7,0,0,1,C,324942.13,1088.88,available
PRJ_0006_U042,PRJ_0006,3,108.47,13,1,0,0,B,449453.98,1702.04,available
PRJ_0006_U043,PRJ_0006,3,92.85,1,0,0,0,B,365921.37,1698.43,available
PRJ_0006_U044,PRJ_0006,2,97.61,1,1,1,0,A,392582.09,1515.78,available
PRJ_0006_U045,PRJ_0006,2,82.6,12,1,1,1,C,309984.6,1677.44,available
PRJ_0006_U046,PRJ_0006,2,123.03,9,0,1,0,C,460170.75,2405.93,available
PRJ_0006_U047,PRJ_0006,2,102.75,2,1,1,0,C,419210.81,1879.58,available
PRJ_0006_U048,PRJ_0006,2,98.06,12,0,0,1,C,383986.76,2051.37,available
PRJ_0006_U049,PRJ_0006,2,74.07,1,1,1,1,A,257904.02,1320.39,available
PRJ_0006_U050,PRJ_0006,3,119.24,9,0,0,0,C,488286.21,1896.6,available
PRJ_0006_U051,PRJ_0006,2,66.68,2,1,1,1,B,270167.61,1311.19,available
PRJ_0006_U052,PRJ_0006,3,117.05,0,0,1,0,A,428605.92,1489.21,available
PRJ_0006_U053,PRJ_0006,2,86.11,11,0,1,1,B,360350.07,1696.13,available
PRJ_0006_U054,PRJ_0006,3,103.24,11,1,0,1,B,405099.91,1730.43,available
PRJ_0006_U055,PRJ_0006,1,56.89,1,1,1,1,D,221038.99,708.32,available
PRJ_0006_U056,PRJ_0006,2,84.54,1,1,1,0,B,341458.72,1291.97,available
PRJ_0006_U057,PRJ_0006,1,45.5,8,0,0,0,C,191046.45,1015.66,available
PRJ_0006_U058,PRJ_0006,3,93.97,0,0,1,1,C,393605.03,1526.12,available
PRJ_0006_U059,PRJ_0006,2,107.11,10,0,1,1,C,434665.82,1553.9,available
PRJ_0006_U060,PRJ_0006,4,112.34,12,0,1,1,D,458211.97,1644.35,available
PRJ_0006_U061,PRJ_0006,2,66.69,10,0,1,1,B,276395.51,1173.27,available
PRJ_0006_U062,PRJ_0006,3,146.28,3,0,1,0,B,523412.14,2649.84,available
PRJ_0006_U063,PRJ_0006,2,80.12,2,0,1,1,A,320399.3,1561.04,available
PRJ_0006_U064,PRJ_0006,3,123.04,9,0,1,1,B,472475.62,1960.58,available
PRJ_0006_U065,PRJ_0006,2,81.5,0,0,1,1,C,320768.24,1166.41,available
PRJ_0006_U066,PRJ_0006,2,80.07,7,0,1,0,B,311115.06,1017.44,available
PRJ_0006_U067,PRJ_0006,2,59.75,6,1,1,1,B,253314.03,1065.84,available
PRJ_0006_U068,PRJ_0006,2,74.54,10,1,1,0,B,305943.1,1529.69,available
PRJ_0006_U069,PRJ_0006,2,60.79,2,1,1,1,B,207017.99,995.44,available
PRJ_0006_U070,PRJ_0006,4,180.0,10,0,1,1,C,723985.95,2958.22,available
PRJ_0006_U071,PRJ_0006,2,65.34,9,1,1,0,B,275155.93,1239.51,available
PRJ_0006_U072,PRJ_0006,1,53.48,3,0,1,1,C,211813.4,878.65,available
PRJ_0006_U073,PRJ_0006,4,106.01,4,0,0,0,C,394767.4,1764.39,available
PRJ_0006_U074,PRJ_0006,1,44.87,0,0,0,1,C,184453.78,798.88,available
PRJ_0006_U075,PRJ_0006,2,107.52,6,0,1,0,B,429155.02,2016.53,available
PRJ_0006_U076,PRJ_0006,3,162.96,3,1,1,0,C,660732.11,2847.1,available
PRJ_0006_U077,PRJ_0006,4,124.06,1,0,1,0,A,498406.97,2633.1,available
PRJ_0006_U078,PRJ_0006,3,91.69,7,1,0,1,B,379125.44,1565.69,available
PRJ_0006_U079,PRJ_0006,2,78.95,7,0,1,0,C,296354.46,949.07,available
PRJ_0006_U080,PRJ_0006,4,135.98,1,0,1,0,C,455891.15,1686.12,available
PRJ_0006_U081,PRJ_0006,1,49.86,2,0,1,1,B,188570.79,809.54,available
PRJ_0006_U082,PRJ_0006,4,124.81,1,0,1,1,C,501915.13,2199.87,available
PRJ_0006_U083,PRJ_0006,3,118.81,9,0,1,0,A,458736.21,2022.81,available
PRJ_0006_U084,PRJ_0006,4,150.12,4,0,0,1,C,593217.27,2832.26,available
PRJ_0006_U085,PRJ_0006,2,89.59,0,0,0,0,D,337863.43,1278.69,available
PRJ_0006_U086,PRJ_0006,2,69.22,2,0,1,0,B,281287.44,1311.56,available
PRJ_0006_U087,PRJ_0006,3,85.51,13,1,1,1,C,348455.24,1655.42,available
PRJ_0006_U088,PRJ_0006,3,124.64,3,1,1,1,C,513271.64,2100.33,available
PRJ_0006_U089,PRJ_0006,3,112.74,9,0,1,0,C,454305.74,1849.73,available
PRJ_0006_U090,PRJ_0006,4,158.22,6,1,1,1,C,703588.25,2511.28,available
PRJ_0006_U091,PRJ_0006,3,126.63,2,0,1,0,C,442216.55,1812.26,available
PRJ_0006_U092,PRJ_0006,2,69.49,4,0,0,1,B,257956.48,1273.53,available
PRJ_0006_U093,PRJ_0006,2,76.79,0,0,0,1,C,304144.18,1585.16,available
PRJ_0006_U094,PRJ_0006,2,76.04,10,1,1,0,B,334231.48,1504.81,available
PRJ_0006_U095,PRJ_0006,2,76.92,4,0,0,1,D,295739.74,1135.71,available
PRJ_0006_U096,PRJ_0006,2,90.19,6,1,1,0,B,362590.14,1704.83,available
PRJ_0006_U097,PRJ_0006,3,125.47,2,0,1,1,B,504506.14,2437.77,available
PRJ_0006_U098,PRJ_0006,3,137.17,11,0,1,1,C,570564.9,2233.27,available
PRJ_0006_U099,PRJ_0006,3,128.93,3,1,1,1,B,509470.63,2560.8,available
PRJ_0006_U100,PRJ_0006,2,94.92,7,1,1,0,B,393696.44,1311.99,available
PRJ_0006_U101,PRJ_0006,3,140.89,12,1,0,0,C,597617.09,1906.91,available
PRJ_0006_U102,PRJ_0006,3,121.57,9,0,1,0,A,522972.59,1800.78,available
PRJ_0006_U103,PRJ_0006,4,145.84,8,0,1,0,A,594479.14,2091.19,available
PRJ_0006_U104,PRJ_0006,3,150.22,12,1,1,0,B,614259.11,3159.91,available
PRJ_0006_U105,PRJ_0006,3,110.2,2,1,0,0,B,427856.27,1764.0,available
PRJ_0006_U106,PRJ_0006,3,102.87,13,0,1,1,B,421503.45,1595.5,available
PRJ_0006_U107,PRJ_0006,2,77.58,7,1,1,0,A,314696.79,1300.35,available
PRJ_0006_U108,PRJ_0006,3,130.39,5,0,1,0,B,502562.8,2037.92,available
PRJ_0006_U109,PRJ_0006,2,93.43,3,0,1,0,B,337843.04,1298.99,available
PRJ_0006_U110,PRJ_0006,2,84.72,10,0,0,1,A,352884.84,1226.96,available
PRJ_0006_U111,PRJ_0006,2,100.85,13,0,1,1,C,379113.59,1760.03,available
PRJ_0006_U112,PRJ_0006,3,58.6,9,0,0,0,C,221057.82,767.96,available
PRJ_0006_U113,PRJ_0006,3,111.03,0,0,1,1,A,432232.91,2122.86,available
PRJ_0006_U114,PRJ_0006,3,111.86,6,1,1,1,B,508747.12,1841.9,available
PRJ_0006_U115,PRJ_0006,2,75.83,10,1,1,0,C,302866.4,1457.47,available
PRJ_0006_U116,PRJ_0006,2,127.35,5,0,1,1,C,476946.73,2374.83,available
PRJ_0006_U117,PRJ_0006,3,101.87,10,1,1,1,B,409736.92,1413.04,available
PRJ_0006_U118,PRJ_0006,2,73.69,9,0,1,1,B,318111.56,1069.44,available
PRJ_0006_U119,PRJ_0006,4,119.11,0,0,1,1,B,396577.44,2103.13,available
PRJ_0006_U120,PRJ_0006,2,57.64,7,0,0,0,C,211080.32,888.34,available
PRJ_0006_U121,PRJ_0006,3,96.76,2,1,0,0,D,428125.49,1962.83,available
PRJ_0006_U122,PRJ_0006,3,127.11,6,0,1,0,D,514339.22,1655.66,available
PRJ_0007_U001,PRJ_0007,2,78.99,5,0,1,0,C,345771.82,1147.31,available
PRJ_0007_U002,PRJ_0007,2,53.3,1,0,1,1,B,228749.16,1186.19,available
PRJ_0007_U003,PRJ_0007,2,82.98,3,0,0,0,A,356045.04,1856.81,available
PRJ_0007_U004,PRJ_0007,2,107.14,13,0,0,1,A,525986.7,2314.24,available
PRJ_0007_U005,PRJ_0007,2,110.04,11,0,1,0,B,466763.22,2062.59,available
PRJ_0007_U006,PRJ_0007,3,103.4,0,0,1,1,C,427767.62,1409.99,available
PRJ_0007_U007,PRJ_0007,2,96.15,12,0,1,1,D,426900.76,1926.2,available
PRJ_0007_U008,PRJ_0007,4,169.65,2,0,0,0,B,748388.46,3092.53,available
PRJ_0007_U009,PRJ_0007,2,110.83,5,1,1,0,A,526766.9,2508.47,available
PRJ_0007_U010,PRJ_0007,1,52.55,4,0,1,0,B,238193.47,779.54,available
PRJ_0007_U011,PRJ_0007,3,121.73,5,0,1,0,C,571739.06,2725.0,available
PRJ_0007_U012,PRJ_0007,3,67.96,10,1,0,1,C,292425.74,1114.78,available
PRJ_0007_U013,PRJ_0007,2,105.89,9,0,0,0,B,502535.25,2328.25,available
PRJ_0007_U014,PRJ_0007,3,144.23,8,1,0,1,A,669951.2,3066.84,available
PRJ_0007_U015,PRJ_0007,2,72.1,8,1,1,1,D,359150.75,1320.62,available
PRJ_0007_U016,PRJ_0007,2,50.38,10,1,0,1,C,222006.7,923.03,available
PRJ_0007_U017,PRJ_0007,2,93.36,2,0,0,1,A,412198.57,2080.3,available
PRJ_0007_U018,PRJ_0007,2,67.73,5,0,1,0,C,304007.63,1376.93,available
PRJ_0007_U019,PRJ_0007,3,105.44,1,1,1,0,A,514181.13,1707.76,available
PRJ_0007_U020,PRJ_0007,2,77.24,9,0,0,1,A,323228.43,1345.67,available
PRJ_0007_U021,PRJ_0007,3,99.44,6,1,1,0,C,472101.06,1826.16,available
PRJ_0007_U022,PRJ_0007,3,117.57,8,0,1,1,B,514978.34,2374.24,available
PRJ_0007_U023,PRJ_0007,2,86.34,7,0,1,1,B,410001.06,1865.27,available
PRJ_0007_U024,PRJ_0007,1,49.31,3,0,0,0,D,222788.43,710.71,available
PRJ_0007_U025,PRJ_0007,2,81.06,1,0,1,1,C,388347.19,1760.76,available
PRJ_0007_U026,PRJ_0007,3,103.21,13,0,0,1,A,456506.82,2200.4,available
PRJ_0007_U027,PRJ_0007,3,111.79,4,0,1,0,C,518872.04,2540.56,available
PRJ_0007_U028,PRJ_0007,3,121.45,1,1,0,1,C,595135.81,1963.57,available
PRJ_0007_U029,PRJ_0007,2,93.72,4,1,1,1,B,402152.77,1548.25,available
PRJ_0007_U030,PRJ_0007,2,62.46,12,1,0,0,D,299558.67,1232.54,available
PRJ_0007_U031,PRJ_0007,3,132.08,3,0,0,1,C,610990.33,2181.94,available
PRJ_0007_U032,PRJ_0007,2,52.97,13,0,1,0,A,238771.55,982.14,available
PRJ_0007_U033,PRJ_0007,3,103.51,6,0,1,0,B,444059.65,1477.26,available
PRJ_0007_U034,PRJ_0007,2,75.05,12,1,0,1,C,370828.56,1268.75,available
PRJ_0007_U035,PRJ_0007,2,88.43,9,1,1,1,D,399492.81,1866.12,available
PRJ_0007_U036,PRJ_0007,3,124.42,0,0,1,1,A,555043.81,2085.55,available
PRJ_0007_U037,PRJ_0007,2,90.09,7,0,1,0,A,410543.91,1957.2,available
PRJ_0007_U038,PRJ_0007,3,108.39,5,1,0,1,C,515119.31,1686.97,available
PRJ_0007_U039,PRJ_0007,2,84.25,2,1,1,0,A,376224.58,1667.71,available
PRJ_0007_U040,PRJ_0007,4,144.74,7,1,1,1,A,671738.05,2718.81,available
PRJ_0007_U041,PRJ_0007,3,80.53,1,0,0,0,D,351977.13,1745.75,available
PRJ_0007_U042,PRJ_0007,3,151.43,9,1,1,1,C,764348.94,3768.67,available
PRJ_0007_U043,PRJ_0007,3,69.03,11,1,1,1,D,369674.64,1483.01,available
PRJ_0007_U044,PRJ_0007,3,129.57,1,0,1,1,C,539257.76,2463.21,available
PRJ_0007_U045,PRJ_0007,3,114.93,6,1,1,0,B,553386.71,2035.72,available
PRJ_0007_U046,PRJ_0007,2,100.29,9,0,1,0,D,433076.68,1936.97,available
PRJ_0007_U047,PRJ_0007,2,75.76,0,1,0,1,B,365315.52,1223.63,available
PRJ_0007_U048,PRJ_0007,3,128.45,5,0,1,1,B,551051.46,2283.85,available
PRJ_0007_U049,PRJ_0007,1,65.86,3,0,0,1,D,280922.11,1005.08,available
PRJ_0007_U050,PRJ_0007,1,55.11,0,1,1,1,C,250052.46,1288.84,available
PRJ_0007_U051,PRJ_0007,3,115.0,11,1,1,0,D,543068.47,2263.34,available
PRJ_0007_U052,PRJ_0007,1,54.29,6,0,1,0,A,251907.18,1132.55,available
PRJ_0007_U053,PRJ_0007,3,125.46,10,0,1,0,D,586743.63,2333.79,available
PRJ_0007_U054,PRJ_0007,3,134.02,8,1,0,1,C,632231.67,2412.81,available
PRJ_0007_U055,PRJ_0007,2,89.51,12,1,1,1,C,401556.67,1454.93,available
PRJ_0007_U056,PRJ_0007,4,154.57,13,1,1,0,D,759369.9,3962.68,available
PRJ_0007_U057,PRJ_0007,2,77.74,8,0,1,1,B,359115.02,1783.17,available
PRJ_0007_U058,PRJ_0007,4,114.83,4,0,0,0,C,528390.03,1831.67,available
PRJ_0007_U059,PRJ_0007,3,110.25,5,0,1,1,C,478715.25,2320.24,available
PRJ_0007_U060,PRJ_0007,2,80.42,11,1,0,1,C,349067.87,1434.1,available
PRJ_0007_U061,PRJ_0007,2,84.03,5,0,1,0,D,372131.69,1191.31,available
PRJ_0007_U062,PRJ_0007,2,102.88,7,0,1,1,C,507404.76,2210.0,available
PRJ_0007_U063,PRJ_0007,2,80.03,2,1,0,0,A,364899.11,1262.28,available
PRJ_0007_U064,PRJ_0007,2,60.31,13,1,1,1,B,286918.42,1044.1,available
PRJ_0007_U065,PRJ_0007,4,89.44,9,1,1,1,D,411098.68,1945.63,available
PRJ_0007_U066,PRJ_0007,2,109.37,4,0,0,1,D,525212.76,1967.05,available
PRJ_0007_U067,PRJ_0007,3,102.07,8,0,1,1,D,448403.76,2319.78,available
PRJ_0007_U068,PRJ_0007,2,93.94,5,0,1,1,A,407518.54,1893.05,available
PRJ_0007_U069,PRJ_0007,4,148.68,2,0,1,1,B,688315.8,3468.63,available
PRJ_0007_U070,PRJ_0007,2,70.74,12,1,1,0,C,304207.87,1384.4,available
PRJ_0007_U071,PRJ_0007,2,73.64,12,1,0,0,C,364540.18,1867.02,available
PRJ_0007_U072,PRJ_0007,3,141.86,11,1,1,1,A,703028.24,2798.37,available
PRJ_0007_U073,PRJ_0007,2,99.9,5,0,0,1,C,460809.18,2028.59,available
PRJ_0007_U074,PRJ_0007,3,127.26,3,0,1,1,A,588809.11,2548.02,available
PRJ_0007_U075,PRJ_0007,2,66.27,0,1,0,0,B,297317.33,1546.11,available
PRJ_0007_U076,PRJ_0007,3,95.61,10,1,0,0,B,421277.41,1490.36,available
PRJ_0007_U077,PRJ_0007,3,84.67,4,0,0,1,A,371134.27,1657.97,available
PRJ_0007_U078,PRJ_0007,3,144.36,12,0,1,1,A,636012.68,3093.65,available
PRJ_0007_U079,PRJ_0007,1,62.72,12,0,1,1,D,297563.27,1190.04,available
PRJ_0007_U080,PRJ_0007,2,97.9,1,1,1,1,C,476174.64,2437.41,available
PRJ_0007_U081,PRJ_0007,2,81.52,12,0,1,1,D,405461.74,1624.26,available
PRJ_0007_U082,PRJ_0007,2,66.13,1,0,1,0,B,298807.69,1062.74,available
PRJ_0008_U001,PRJ_0008,2,61.93,6,0,0,1,B,228762.29,1183.7,available
PRJ_0008_U002,PRJ_0008,2,79.09,9,1,1,1,B,265790.13,989.19,available
PRJ_0008_U003,PRJ_0008,3,137.1,5,1,0,0,C,433732.15,2274.23,available
PRJ_0008_U004,PRJ_0008,2,68.7,12,0,1,1,A,232227.0,1006.04,available
PRJ_0008_U005,PRJ_0008,3,116.29,0,0,1,1,A,398616.0,1494.43,available
PRJ_0008_U006,PRJ_0008,3,73.61,1,1,1,1,A,253963.61,1287.52,available
PRJ_0008_U007,PRJ_0008,3,121.83,11,1,1,1,D,367563.14,1193.33,available
PRJ_0008_U008,PRJ_0008,2,81.1,0,1,0,0,B,265363.41,1174.38,available
PRJ_0008_U009,PRJ_0008,3,76.69,2,0,0,0,C,264857.59,1268.75,available
PRJ_0008_U010,PRJ_0008,2,97.1,2,1,1,0,D,324769.27,1233.02,available
PRJ_0008_U011,PRJ_0008,1,62.49,0,1,1,0,C,191010.77,975.97,available
PRJ_0008_U012,PRJ_0008,3,138.7,1,0,1,1,B,445492.18,1651.58,available
PRJ_0008_U013,PRJ_0008,3,137.46,8,1,1,1,B,435042.33,2199.74,available
PRJ_0008_U014,PRJ_0008,3,132.36,9,1,0,0,B,460117.27,1538.35,available
PRJ_0008_U015,PRJ_0008,1,69.78,1,1,1,0,C,215545.9,760.12,available
PRJ_0008_U016,PRJ_0008,4,175.86,13,0,1,0,D,567165.35,2282.21,available
PRJ_0008_U017,PRJ_0008,4,103.48,1,0,0,1,C,307624.8,1565.28,available
PRJ_0008_U018,PRJ_0008,2,67.66,9,0,0,0,B,207427.71,724.33,available
PRJ_0008_U019,PRJ_0008,3,109.83,11,0,1,0,B,379142.59,1947.43,available
PRJ_0008_U020,PRJ_0008,2,94.1,7,1,1,0,D,315501.75,1162.17,available
PRJ_0008_U021,PRJ_0008,3,126.82,6,0,0,0,A,388570.32,1626.09,available
PRJ_0008_U022,PRJ_0008,3,106.75,1,0,1,1,C,318756.16,1262.38,available
PRJ_0008_U023,PRJ_0008,3,126.53,3,0,1,1,B,363266.75,1246.9,available
PRJ_0008_U024,PRJ_0008,3,132.2,11,0,1,1,C,403895.05,2137.16,available
PRJ_0008_U025,PRJ_0008,2,82.55,4,1,0,1,C,267998.04,1112.88,available
PRJ_0008_U026,PRJ_0008,3,118.1,0,1,0,0,B,394294.06,1861.03,available
PRJ_0008_U027,PRJ_0008,3,108.97,10,0,1,1,B,345196.79,1539.93,available
PRJ_0008_U028,PRJ_0008,2,95.58,9,1,1,1,C,348578.38,1497.33,available
PRJ_0008_U029,PRJ_0008,2,100.65,0,0,1,1,B,307364.18,1399.73,available
PRJ_0008_U030,PRJ_0008,3,63.49,0,1,1,0,B,203507.81,1055.79,available
PRJ_0008_U031,PRJ_0008,3,148.07,1,1,0,1,B,452238.11,2143.66,available
PRJ_0008_U032,PRJ_0008,3,128.54,0,0,1,1,B,427289.4,1865.01,available
PRJ_0008_U033,PRJ_0008,4,122.24,8,0,1,0,C,433958.2,2004.16,available
PRJ_0008_U034,PRJ_0008,3,133.85,1,0,0,1,A,379129.71,1717.86,available
PRJ_0008_U035,PRJ_0008,2,79.24,8,1,1,1,B,263325.04,1090.48,available
PRJ_0008_U036,PRJ_0008,2,99.51,2,0,0,1,D,328643.13,1502.68,available
PRJ_0008_U037,PRJ_0008,3,109.38,13,0,1,1,A,330685.96,1377.21,available
PRJ_0008_U038,PRJ_0008,3,161.9,10,0,0,0,B,524754.75,2556.24,available
PRJ_0008_U039,PRJ_0008,3,113.71,5,0,1,0,C,376595.36,2013.55,available
PRJ_0008_U040,PRJ_0008,3,138.72,6,0,1,1,D,453874.12,2417.5,available
PRJ_0008_U041,PRJ_0008,3,137.27,0,1,1,0,C,457513.48,2293.66,available
PRJ_0008_U042,PRJ_0008,3,124.73,0,0,1,0,C,423626.6,1915.06,available
PRJ_0008_U043,PRJ_0008,3,101.51,7,0,1,1,B,363051.59,1761.77,available
PRJ_0008_U044,PRJ_0008,1,74.66,0,0,1,1,B,235729.52,840.91,available
PRJ_0008_U045,PRJ_0008,3,155.17,8,0,1,1,D,492264.67,2089.4,available
PRJ_0008_U046,PRJ_0008,3,113.89,5,0,0,0,D,332493.12,1245.39,available
PRJ_0008_U047,PRJ_0008,1,70.23,1,0,1,1,B,233310.44,740.65,available
PRJ_0008_U048,PRJ_0008,3,127.5,7,0,1,1,B,387020.18,2067.39,available
PRJ_0008_U049,PRJ_0008,3,147.78,7,0,0,0,B,459907.6,2350.28,available
PRJ_0008_U050,PRJ_0008,3,99.95,10,1,1,0,A,335121.56,1448.56,available
PRJ_0008_U051,PRJ_0008,3,108.53,2,1,0,0,D,336724.94,1258.85,available
PRJ_0008_U052,PRJ_0008,2,67.01,7,0,1,0,C,218335.49,1031.82,available
PRJ_0008_U053,PRJ_0008,2,78.84,11,1,1,1,B,300768.67,1246.68,available
PRJ_0008_U054,PRJ_0008,2,93.77,3,0,1,0,B,290908.83,1447.04,available
PRJ_0008_U055,PRJ_0008,2,88.64,11,0,0,1,B,277297.18,1501.73,available
PRJ_0008_U056,PRJ_0008,3,163.62,10,0,1,1,A,560317.34,2214.43,available
PRJ_0008_U057,PRJ_0008,3,131.72,6,1,1,0,C,444638.26,1652.53,available
PRJ_0008_U058,PRJ_0008,3,95.47,12,0,0,1,B,327272.99,1233.26,available
PRJ_0008_U059,PRJ_0008,2,84.72,13,0,1,1,B,278393.42,940.05,available
PRJ_0008_U060,PRJ_0008,2,117.85,3,1,0,0,C,370411.74,1501.38,available
PRJ_0008_U061,PRJ_0008,2,117.5,13,0,0,1,D,342252.51,1097.22,available
PRJ_0008_U062,PRJ_0008,3,125.19,0,0,0,1,A,357356.28,1223.61,available
PRJ_0008_U063,PRJ_0008,2,80.92,1,0,0,0,B,224903.91,849.68,available
PRJ_0008_U064,PRJ_0008,3,132.3,0,1,0,0,B,429039.15,1512.95,available
PRJ_0008_U065,PRJ_0008,3,101.3,5,1,1,0,A,306229.84,1474.2,available
PRJ_0008_U066,PRJ_0008,3,136.12,13,0,0,1,B,462633.34,1574.93,available
PRJ_0008_U067,PRJ_0008,2,117.18,8,1,0,1,C,389648.01,1993.11,available
PRJ_0008_U068,PRJ_0008,2,92.56,8,0,1,0,A,293766.82,1076.41,available
PRJ_0008_U069,PRJ_0008,3,100.5,1,0,1,1,A,304887.68,1039.97,available
PRJ_0008_U070,PRJ_0008,3,118.44,7,1,0,1,C,405477.44,1293.23,available
PRJ_0008_U071,PRJ_0008,1,53.72,5,0,1,1,B,163305.27,779.93,available
PRJ_0008_U072,PRJ_0008,3,90.12,6,0,1,1,C,279254.23,1045.54,available
PRJ_0008_U073,PRJ_0008,3,142.08,3,0,1,1,C,476753.14,2056.25,available
PRJ_0008_U074,PRJ_0008,2,97.26,2,0,1,0,C,308958.84,1055.96,available
PRJ_0008_U075,PRJ_0008,2,82.74,13,0,0,0,C,257740.88,1387.57,available
PRJ_0008_U076,PRJ_0008,2,73.68,7,1,1,1,C,257156.95,886.88,available
PRJ_0008_U077,PRJ_0008,2,80.91,5,1,0,0,C,257621.82,1054.57,available
PRJ_0008_U078,PRJ_0008,2,96.5,1,0,0,1,B,305480.94,1552.72,available
PRJ_0008_U079,PRJ_0008,3,118.5,10,0,1,1,B,370423.43,1377.11,available
PRJ_0008_U080,PRJ_0008,2,75.7,6,1,0,0,B,273524.43,1030.46,available
PRJ_0008_U081,PRJ_0008,4,180.0,5,1,1,1,B,574985.76,2866.76,available
PRJ_0008_U082,PRJ_0008,4,151.81,9,0,0,0,A,515745.67,1950.39,available
PRJ_0008_U083,PRJ_0008,2,97.62,1,1,0,1,B,312192.87,990.63,available
PRJ_0008_U084,PRJ_0008,2,99.43,7,0,1,1,B,337117.71,1392.12,available
PRJ_0008_U085,PRJ_0008,3,128.4,12,0,0,1,A,425694.21,1360.04,available
PRJ_0008_U086,PRJ_0008,4,133.33,6,0,1,1,B,459436.81,2395.37,available
PRJ_0008_U087,PRJ_0008,3,122.97,0,1,1,0,C,382134.52,1761.93,available
PRJ_0008_U088,PRJ_0008,1,53.74,3,1,0,0,C,180226.03,807.13,available
PRJ_0008_U089,PRJ_0008,2,89.08,0,0,1,1,C,308187.63,1115.71,available
PRJ_0008_U090,PRJ_0008,1,75.42,7,0,1,1,B,242610.57,1150.35,available
PRJ_0008_U091,PRJ_0008,3,131.51,5,1,1,0,C,427322.96,2004.35,available
PRJ_0008_U092,PRJ_0008,3,79.23,1,0,1,0,C,240845.5,795.44,available
PRJ_0008_U093,PRJ_0008,3,105.3,9,0,0,1,A,330896.45,1703.64,available
PRJ_0008_U094,PRJ_0008,3,101.71,2,1,1,1,D,363223.19,1623.73,available
PRJ_0008_U095,PRJ_0008,2,62.39,4,0,1,1,A,187673.2,928.93,available
PRJ_0008_U096,PRJ_0008,3,131.2,13,1,1,1,C,422755.16,1588.81,available
PRJ_0008_U097,PRJ_0008,1,69.11,0,0,0,1,C,231963.22,798.25,available
PRJ_0008_U098,PRJ_0008,3,161.06,3,1,1,1,B,546380.88,2593.77,available
PRJ_0008_U099,PRJ_0008,3,111.72,4,0,1,1,C,391361.1,1938.37,available
PRJ_0008_U100,PRJ_0008,3,98.07,7,1,1,1,B,324170.43,1308.11,available
PRJ_0008_U101,PRJ_0008,2,70.49,3,0,1,1,A,224671.93,723.44,available
PRJ_0008_U102,PRJ_0008,3,117.57,13,0,0,0,A,358352.78,1794.54,available
PRJ_0009_U001,PRJ_0009,1,50.53,0,0,1,0,C,220275.83,1023.64,available
PRJ_0009_U002,PRJ_0009,1,57.56,7,1,1,0,A,260237.47,1051.89,available
PRJ_0009_U003,PRJ_0009,3,126.42,3,0,1,1,C,578244.0,3004.3,available
PRJ_0009_U004,PRJ_0009,3,112.11,5,1,1,1,C,555924.02,2563.93,available
PRJ_0009_U005,PRJ_0009,2,89.5,10,0,1,1,C,435784.74,1858.72,available
PRJ_0009_U006,PRJ_0009,3,149.36,13,0,1,0,B,676979.31,2345.05,available
PRJ_0009_U007,PRJ_0009,1,56.21,4,1,1,1,C,274120.14,1424.32,available
PRJ_0009_U008,PRJ_0009,2,104.26,13,0,1,1,B,503520.68,2213.98,available
PRJ_0009_U009,PRJ_0009,3,148.96,8,0,1,1,A,686473.52,2614.12,available
PRJ_0009_U010,PRJ_0009,4,64.73,2,1,1,1,A,291954.84,1501.23,available
PRJ_0009_U011,PRJ_0009,2,98.09,8,1,1,1,B,456114.06,1500.23,available
PRJ_0009_U012,PRJ_0009,1,46.68,11,1,0,1,B,229360.09,888.39,available
PRJ_0009_U013,PRJ_0009,3,122.56,0,1,1,0,B,563421.75,2464.71,available
PRJ_0009_U014,PRJ_0009,4,136.68,1,1,0,1,C,593945.84,2334.95,available
PRJ_0009_U015,PRJ_0009,2,98.71,0,0,1,1,B,406622.52,1723.8,available
PRJ_0009_U016,PRJ_0009,2,81.89,7,1,0,1,D,402209.85,1512.86,available
PRJ_0009_U017,PRJ_0009,1,58.48,0,0,0,1,A,250927.47,868.05,available
PRJ_0009_U018,PRJ_0009,3,110.76,13,0,1,0,C,513809.62,1669.67,available
PRJ_0009_U019,PRJ_0009,4,151.03,1,0,0,0,D,697101.35,2454.75,available
PRJ_0009_U020,PRJ_0009,3,98.96,1,0,1,1,C,416006.52,2209.33,available
PRJ_0009_U021,PRJ_0009,2,64.95,3,1,1,0,C,298544.29,1331.9,available
PRJ_0009_U022,PRJ_0009,3,142.68,10,1,1,0,C,670176.33,2859.53,available
PRJ_0009_U023,PRJ_0009,3,107.83,12,1,1,0,A,520550.29,2098.54,available
PRJ_0009_U024,PRJ_0009,2,83.78,3,0,0,1,A,392465.2,1868.37,available
PRJ_0009_U025,PRJ_0009,3,111.24,7,0,0,1,B,471642.09,1643.44,available
PRJ_0009_U026,PRJ_0009,2,88.49,10,0,1,1,A,421273.26,1595.77,available
PRJ_0009_U027,PRJ_0009,2,96.39,11,1,0,0,B,471380.33,2188.36,available
PRJ_0009_U028,PRJ_0009,3,140.05,2,0,1,0,B,615091.56,2610.79,available
PRJ_0009_U029,PRJ_0009,2,81.7,11,1,1,1,D,389666.83,1909.12,available
PRJ_0009_U030,PRJ_0009,4,116.74,12,0,0,1,D,541276.57,2806.61,available
PRJ_0009_U031,PRJ_0009,3,103.33,10,1,1,1,C,504794.05,2533.69,available
PRJ_0009_U032,PRJ_0009,2,80.08,7,1,1,1,C,395777.47,1417.33,available
PRJ_0009_U033,PRJ_0009,2,77.78,5,0,0,0,A,347522.58,1172.01,available
PRJ_0009_U034,PRJ_0009,3,125.56,12,1,1,1,A,573416.85,2034.43,available
PRJ_0009_U035,PRJ_0009,2,67.27,12,0,1,0,C,322192.04,1588.28,available
PRJ_0009_U036,PRJ_0009,3,157.73,7,0,1,0,C,761791.13,3978.67,available
PRJ_0009_U037,PRJ_0009,2,107.42,10,1,0,0,B,504189.26,2646.45,available
PRJ_0009_U038,PRJ_0009,2,98.94,5,0,1,0,B,405831.35,1557.44,available
PRJ_0009_U039,PRJ_0009,3,109.32,10,0,1,1,B,503087.03,2544.33,available
PRJ_0009_U040,PRJ_0009,1,55.27,1,1,0,0,B,252259.87,1103.18,available
PRJ_0009_U041,PRJ_0009,3,143.87,12,1,1,0,B,642538.08,3224.22,available
PRJ_0009_U042,PRJ_0009,3,105.3,7,1,1,1,B,496602.61,2185.29,available
PRJ_0009_U043,PRJ_0009,2,70.58,8,1,0,1,C,309361.74,1081.2,available
PRJ_0009_U044,PRJ_0009,3,98.28,2,1,0,1,D,464330.26,1553.14,available
PRJ_0009_U045,PRJ_0009,3,115.36,7,0,1,1,B,538385.58,2864.43,available
PRJ_0009_U046,PRJ_0009,3,101.22,0,0,0,1,C,409760.12,1690.15,available
PRJ_0009_U047,PRJ_0009,2,96.54,12,0,0,1,C,446180.86,1764.8,available
PRJ_0009_U048,PRJ_0009,2,65.47,10,0,1,0,A,297908.98,1182.21,available
PRJ_0009_U049,PRJ_0009,3,159.24,6,0,0,1,C,741917.06,2981.96,available
PRJ_0009_U050,PRJ_0009,3,100.54,11,0,0,1,B,447703.04,2369.65,available
PRJ_0009_U051,PRJ_0009,3,142.79,11,1,1,1,C,658289.82,2177.46,available
PRJ_0009_U052,PRJ_0009,3,85.32,1,1,1,1,A,383243.82,1316.27,available
PRJ_0009_U053,PRJ_0009,3,127.8,0,0,0,0,D,540517.77,2671.99,available
PRJ_0009_U054,PRJ_0009,2,76.82,3,0,0,1,D,339220.22,1493.53,available
PRJ_0009_U055,PRJ_0009,3,97.87,0,0,1,1,A,443488.26,1532.64,available
PRJ_0009_U056,PRJ_0009,2,79.76,8,1,0,1,B,372517.93,1208.52,available
PRJ_0009_U057,PRJ_0009,2,98.18,7,0,0,1,B,436491.53,1602.45,available
PRJ_0009_U058,PRJ_0009,3,122.34,7,1,0,0,C,558926.04,2097.92,available
PRJ_0009_U059,PRJ_0009,2,75.54,1,0,0,0,C,369458.98,1181.77,available
PRJ_0009_U060,PRJ_0009,2,94.91,12,0,1,1,A,422383.16,1542.91,available
PRJ_0009_U061,PRJ_0009,4,119.85,13,0,1,0,C,531683.47,2566.91,available
PRJ_0009_U062,PRJ_0009,3,99.35,8,0,1,1,B,535614.25,2727.02,available
PRJ_0009_U063,PRJ_0009,3,86.86,0,1,1,0,B,408568.19,2119.53,available
PRJ_0009_U064,PRJ_0009,4,132.08,5,0,1,1,B,553161.45,2236.97,available
PRJ_0009_U065,PRJ_0009,2,106.28,10,0,0,1,B,503053.36,1954.54,available
PRJ_0009_U066,PRJ_0009,3,76.45,10,0,0,0,B,326665.96,1769.34,available
PRJ_0009_U067,PRJ_0009,2,88.9,3,1,1,0,B,428192.02,2097.15,available
PRJ_0009_U068,PRJ_0009,2,90.1,11,1,0,1,B,420407.29,1839.58,available
PRJ_0009_U069,PRJ_0009,2,113.14,13,1,1,0,D,524215.3,1960.51,available
PRJ_0009_U070,PRJ_0009,2,74.68,7,0,1,0,B,368236.94,1432.3,available
PRJ_0009_U071,PRJ_0009,3,98.31,5,0,1,1,D,454757.51,1967.39,available
PRJ_0009_U072,PRJ_0009,2,90.41,7,0,1,0,B,432654.93,1897.78,available
PRJ_0009_U073,PRJ_0009,3,77.79,0,0,1,0,C,352353.36,1126.63,available
PRJ_0009_U074,PRJ_0009,2,105.36,7,0,0,1,B,467891.21,2491.67,available
PRJ_0009_U075,PRJ_0009,2,79.36,0,1,1,1,C,382140.14,1705.03,available
PRJ_0009_U076,PRJ_0009,4,180.0,0,0,1,0,B,846205.79,3801.39,available
PRJ_0009_U077,PRJ_0009,3,76.08,7,1,1,0,A,362863.38,1321.72,available
PRJ_0009_U078,PRJ_0009,4,171.04,7,1,1,1,A,895406.14,4200.0,available
PRJ_0010_U001,PRJ_0010,1,59.61,13,0,0,0,D,261097.48,1039.89,available
PRJ_0010_U002,PRJ_0010,4,130.88,3,0,1,1,B,556306.18,2622.66,available
PRJ_0010_U003,PRJ_0010,4,135.86,2,0,1,1,A,635019.7,2744.83,available
PRJ_0010_U004,PRJ_0010,3,119.35,11,0,1,0,C,568038.07,2562.16,available
PRJ_0010_U005,PRJ_0010,2,100.69,13,0,1,1,C,489124.99,1825.03,available
PRJ_0010_U006,PRJ_0010,4,166.98,8,1,0,0,B,754367.94,3971.95,available
PRJ_0010_U007,PRJ_0010,3,119.89,5,0,1,1,C,572194.55,2344.79,available
PRJ_0010_U008,PRJ_0010,2,105.44,4,1,0,0,C,465703.7,1775.42,available
PRJ_0010_U009,PRJ_0010,3,102.16,6,0,0,1,C,480049.21,2496.93,available
PRJ_0010_U010,PRJ_0010,3,105.0,0,0,1,0,D,454478.78,2109.27,available
PRJ_0010_U011,PRJ_0010,1,47.94,7,0,1,0,C,216759.99,985.83,available
PRJ_0010_U012,PRJ_0010,3,81.26,3,0,1,1,C,321890.02,1661.54,available
PRJ_0010_U013,PRJ_0010,3,104.55,3,1,0,0,B,466320.78,1538.1,available
PRJ_0010_U014,PRJ_0010,2,64.54,7,1,0,0,A,302067.51,1525.88,available
PRJ_0010_U015,PRJ_0010,2,63.13,13,1,1,1,B,297561.82,1396.12,available
PRJ_0010_U016,PRJ_0010,3,119.94,2,0,1,1,C,588052.56,2338.48,available
PRJ_0010_U017,PRJ_0010,3,105.0,12,0,0,0,C,443555.06,1660.43,available
PRJ_0010_U018,PRJ_0010,4,119.15,7,0,1,0,B,529431.01,1801.38,available
PRJ_0010_U019,PRJ_0010,3,120.14,13,0,0,1,C,521982.13,2758.2,available
PRJ_0010_U020,PRJ_0010,3,96.17,5,1,0,0,B,423243.85,1475.41,available
PRJ_0010_U021,PRJ_0010,3,132.64,13,0,1,1,B,646876.27,2426.05,available
PRJ_0010_U022,PRJ_0010,3,120.89,9,1,1,1,D,624697.97,2949.61,available
PRJ_0010_U023,PRJ_0010,3,128.43,9,0,1,0,B,566657.85,2699.85,available
PRJ_0010_U024,PRJ_0010,1,70.45,7,0,1,1,B,314889.55,1111.06,available
PRJ_0010_U025,PRJ_0010,3,98.97,6,0,0,1,B,424285.23,2120.77,available
PRJ_0010_U026,PRJ_0010,3,112.44,7,1,0,1,B,565929.19,2441.88,available
PRJ_0010_U027,PRJ_0010,3,70.73,11,1,0,1,C,352897.47,1791.2,available
PRJ_0010_U028,PRJ_0010,3,102.1,11,0,1,1,D,470996.98,1583.99,available
PRJ_0010_U029,PRJ_0010,3,107.46,0,1,1,0,C,461380.8,1505.5,available
PRJ_0010_U030,PRJ_0010,2,76.63,9,0,0,1,C,325927.93,1499.23,available
PRJ_0010_U031,PRJ_0010,1,47.01,11,0,1,0,B,216755.94,759.56,available
PRJ_0010_U032,PRJ_0010,1,61.13,10,1,1,0,B,298142.06,1296.26,available
PRJ_0010_U033,PRJ_0010,2,106.1,6,1,1,1,B,457766.12,1464.12,available
PRJ_0010_U034,PRJ_0010,2,91.72,4,0,1,1,A,406718.37,2001.67,available
PRJ_0010_U035,PRJ_0010,2,71.04,9,0,0,0,C,344401.75,1787.66,available
PRJ_0010_U036,PRJ_0010,2,85.74,9,0,1,1,B,393306.76,1987.83,available
PRJ_0010_U037,PRJ_0010,2,91.37,5,0,0,1,B,433911.8,2309.7,available
PRJ_0010_U038,PRJ_0010,3,140.46,5,1,1,0,A,669377.29,3479.85,available
PRJ_0010_U039,PRJ_0010,3,96.78,5,0,1,0,C,406554.34,1693.59,available
PRJ_0010_U040,PRJ_0010,2,67.87,0,0,1,0,A,297061.73,1206.95,available
PRJ_0010_U041,PRJ_0010,2,120.73,0,0,0,1,B,530197.79,2748.06,available
PRJ_0010_U042,PRJ_0010,2,86.73,1,0,1,1,C,372270.34,1955.27,available
PRJ_0010_U043,PRJ_0010,1,43.05,5,0,1,1,B,184623.59,988.76,available
PRJ_0010_U044,PRJ_0010,2,86.57,7,0,1,0,D,425625.9,2083.6,available
PRJ_0010_U045,PRJ_0010,1,42.73,5,0,0,1,B,179620.31,650.43,available
PRJ_0010_U046,PRJ_0010,2,95.99,13,0,0,1,C,460358.26,2436.59,available
PRJ_0010_U047,PRJ_0010,4,163.18,3,0,1,1,D,719401.24,3811.2,available
PRJ_0010_U048,PRJ_0010,3,100.98,5,1,0,0,B,456713.73,2130.78,available
PRJ_0010_U049,PRJ_0010,3,99.84,3,0,1,0,C,455889.18,2323.0,available
PRJ_0010_U050,PRJ_0010,2,91.41,4,0,1,1,B,399636.95,1770.12,available
PRJ_0010_U051,PRJ_0010,2,76.02,8,1,1,1,C,376162.27,1990.26,available
PRJ_0010_U052,PRJ_0010,4,116.0,4,0,0,1,D,460250.43,1554.74,available
PRJ_0010_U053,PRJ_0010,2,74.06,4,0,1,1,C,341104.27,1743.24,available
PRJ_0010_U054,PRJ_0010,3,102.09,9,0,1,1,D,414997.35,1365.98,available
PRJ_0010_U055,PRJ_0010,4,113.58,11,0,1,1,C,520777.21,2046.48,available
PRJ_0010_U056,PRJ_0010,3,86.09,2,1,1,0,C,414333.76,1438.21,available
PRJ_0010_U057,PRJ_0010,2,97.22,1,1,1,0,B,462716.82,1964.1,available
PRJ_0010_U058,PRJ_0010,3,110.19,3,1,0,0,C,466612.59,1721.44,available
PRJ_0010_U059,PRJ_0010,1,62.36,8,0,1,0,D,268435.77,1425.08,available
PRJ_0010_U060,PRJ_0010,2,61.26,13,1,1,1,C,284606.62,1259.42,available
PRJ_0011_U001,PRJ_0011,2,73.66,2,0,0,0,A,232558.5,1114.18,available
PRJ_0011_U002,PRJ_0011,3,143.36,5,0,1,0,B,469358.64,2476.19,available
PRJ_0011_U003,PRJ_0011,3,102.4,6,1,0,1,D,375645.49,1725.67,available
PRJ_0011_U004,PRJ_0011,4,169.66,1,0,0,0,B,570985.71,1839.82,available
PRJ_0011_U005,PRJ_0011,2,97.4,9,0,1,1,A,331693.86,1423.3,available
PRJ_0011_U006,PRJ_0011,2,77.29,5,1,0,0,B,260427.23,914.32,available
PRJ_0011_U007,PRJ_0011,2,84.94,0,1,1,0,B,286438.05,937.85,available
PRJ_0011_U008,PRJ_0011,2,97.02,0,0,1,0,D,340099.67,1534.98,available
PRJ_0011_U009,PRJ_0011,4,157.76,7,1,0,1,C,518556.81,2548.57,available
PRJ_0011_U010,PRJ_0011,2,96.52,9,1,1,1,B,340240.66,1105.03,available
PRJ_0011_U011,PRJ_0011,3,117.53,7,0,1,0,D,376040.42,1853.78,available
PRJ_0011_U012,PRJ_0011,2,73.45,10,0,1,1,C,268345.48,1276.26,available
PRJ_0011_U013,PRJ_0011,2,79.44,10,0,0,1,C,253798.42,1233.11,available
PRJ_0011_U014,PRJ_0011,4,137.92,12,0,1,0,B,487362.6,1811.68,available
PRJ_0011_U015,PRJ_0011,2,76.78,13,0,0,0,B,287501.57,1165.03,available
PRJ_0011_U016,PRJ_0011,1,58.69,12,0,0,0,A,220135.24,756.41,available
PRJ_0011_U017,PRJ_0011,2,94.28,11,0,1,0,A,302583.82,1120.82,available
PRJ_0011_U018,PRJ_0011,4,180.0,6,0,0,0,C,632266.85,2432.93,available
PRJ_0011_U019,PRJ_0011,4,106.75,7,0,0,1,A,356290.51,1384.33,available
PRJ_0011_U020,PRJ_0011,2,68.11,8,0,1,0,B,225962.62,804.54,available
PRJ_0011_U021,PRJ_0011,3,116.93,2,0,0,0,C,390683.07,1403.05,available
PRJ_0011_U022,PRJ_0011,1,69.8,9,0,1,0,A,261395.19,1357.94,available
PRJ_0011_U023,PRJ_0011,3,74.7,8,0,1,1,B,275329.99,1357.49,available
PRJ_0011_U024,PRJ_0011,2,97.52,7,1,1,1,C,349151.73,1376.27,available
PRJ_0011_U025,PRJ_0011,3,127.7,11,0,1,0,D,466436.52,2471.58,available
PRJ_0011_U026,PRJ_0011,4,128.17,9,0,1,1,B,407219.01,1508.44,available
PRJ_0011_U027,PRJ_0011,2,93.42,13,0,1,1,D,321706.44,1313.21,available
PRJ_0011_U028,PRJ_0011,2,99.6,13,1,1,0,C,349749.38,1747.73,available
PRJ_0011_U029,PRJ_0011,2,87.2,11,1,1,1,C,325035.22,1353.17,available
PRJ_0011_U030,PRJ_0011,2,83.69,4,1,1,1,B,299223.46,1105.5,available
PRJ_0011_U031,PRJ_0011,1,39.33,2,0,0,1,C,133175.02,550.0,available
PRJ_0011_U032,PRJ_0011,2,93.73,4,0,1,1,C,323134.88,1387.31,available
PRJ_0011_U033,PRJ_0011,4,118.73,9,1,1,0,B,435340.99,1986.51,available
PRJ_0011_U034,PRJ_0011,1,61.76,12,0,1,1,D,226981.34,925.92,available
PRJ_0011_U035,PRJ_0011,3,73.66,12,1,1,1,D,275537.89,1139.93,available
PRJ_0011_U036,PRJ_0011,1,48.26,9,1,1,1,B,176633.65,664.24,available
PRJ_0011_U037,PRJ_0011,3,90.26,9,0,1,1,C,329486.08,1440.25,available
PRJ_0011_U038,PRJ_0011,2,90.05,13,0,1,1,B,335568.0,1228.33,available
PRJ_0011_U039,PRJ_0011,4,120.87,9,0,0,1,C,412604.56,2111.96,available
PRJ_0011_U040,PRJ_0011,2,71.01,1,0,1,1,C,246225.27,1193.76,available
PRJ_0011_U041,PRJ_0011,2,92.7,7,0,1,1,A,351007.77,1435.55,available
PRJ_0011_U042,PRJ_0011,3,136.83,5,1,0,1,A,458308.2,2221.85,available
PRJ_0011_U043,PRJ_0011,3,120.98,8,0,0,1,B,463132.45,1473.88,available
PRJ_0011_U044,PRJ_0011,3,153.34,8,0,1,1,D,511988.31,2018.14,available
PRJ_0011_U045,PRJ_0011,1,65.25,4,1,1,1,B,231614.67,962.9,available
PRJ_0011_U046,PRJ_0011,2,111.73,4,0,1,1,D,370103.76,1563.21,available
PRJ_0011_U047,PRJ_0011,3,81.43,1,0,1,1,B,314176.39,1524.17,available
PRJ_0011_U048,PRJ_0011,3,120.08,4,0,1,1,B,407102.38,2171.07,available
PRJ_0011_U049,PRJ_0011,3,103.23,11,0,1,0,D,355089.09,1428.05,available
PRJ_0011_U050,PRJ_0011,2,63.18,9,0,0,1,B,217738.62,861.27,available
PRJ_0011_U051,PRJ_0011,2,84.72,13,1,0,0,B,306049.16,1389.56,available
PRJ_0011_U052,PRJ_0011,4,170.48,12,0,1,0,A,591607.74,2247.81,available
PRJ_0011_U053,PRJ_0011,3,136.32,11,0,1,1,A,484584.31,1688.63,available
PRJ_0011_U054,PRJ_0011,2,79.13,2,1,0,1,A,231019.43,1231.36,available
PRJ_0011_U055,PRJ_0011,4,151.25,4,1,1,1,B,547908.33,2733.03,available
PRJ_0011_U056,PRJ_0011,3,127.57,0,0,1,1,C,444060.34,2363.86,available
PRJ_0011_U057,PRJ_0011,2,103.23,1,1,1,1,B,392262.41,1434.42,available
PRJ_0011_U058,PRJ_0011,2,97.62,3,0,0,1,A,354724.47,1137.51,available
PRJ_0011_U059,PRJ_0011,3,127.2,3,0,1,0,B,431865.0,1792.46,available
PRJ_0011_U060,PRJ_0011,2,100.41,0,1,1,1,B,377488.42,1988.34,available
PRJ_0011_U061,PRJ_0011,3,93.53,11,0,1,0,D,311812.05,1084.45,available
PRJ_0011_U062,PRJ_0011,3,100.05,7,1,1,0,B,380510.2,1305.28,available
PRJ_0011_U063,PRJ_0011,2,68.3,9,0,1,1,A,237413.07,788.64,available
PRJ_0011_U064,PRJ_0011,4,148.29,9,0,0,0,C,482824.14,2360.02,available
PRJ_0011_U065,PRJ_0011,2,103.51,13,1,1,0,D,375591.87,1853.55,available
PRJ_0011_U066,PRJ_0011,2,84.31,2,0,0,1,C,307663.77,1455.64,available
PRJ_0011_U067,PRJ_0011,3,122.0,4,0,0,1,C,419852.92,1379.88,available
PRJ_0011_U068,PRJ_0011,3,131.15,4,0,1,1,D,490224.65,2350.17,available
PRJ_0011_U069,PRJ_0011,2,59.59,7,0,1,1,C,205279.79,857.27,available
PRJ_0011_U070,PRJ_0011,3,97.98,7,0,0,1,D,362069.64,1275.18,available
PRJ_0011_U071,PRJ_0011,4,160.62,11,0,1,1,A,556056.13,2130.08,available
PRJ_0011_U072,PRJ_0011,3,65.0,7,1,1,1,C,244068.19,1048.09,available
PRJ_0011_U073,PRJ_0011,3,87.25,3,0,1,0,C,302276.08,1181.41,available
PRJ_0011_U074,PRJ_0011,2,97.47,7,1,0,1,D,367094.74,1963.44,available
PRJ_0011_U075,PRJ_0011,2,82.35,13,0,1,1,B,298375.46,1263.57,available
PRJ_0011_U076,PRJ_0011,3,121.06,8,1,0,1,C,425030.04,1701.82,available
PRJ_0011_U077,PRJ_0011,1,61.51,8,0,1,0,B,226560.82,1060.6,available
PRJ_0011_U078,PRJ_0011,3,112.7,2,0,1,0,C,419712.63,1943.43,available
PRJ_0011_U079,PRJ_0011,2,106.93,0,1,1,1,B,374960.21,1189.43,available
PRJ_0011_U080,PRJ_0011,2,71.81,2,0,1,0,C,223523.96,1018.87,available
PRJ_0011_U081,PRJ_0011,2,93.75,0,0,1,1,C,334169.79,1241.49,available
PRJ_0011_U082,PRJ_0011,2,98.09,6,0,1,0,B,340352.97,1365.14,available
PRJ_0011_U083,PRJ_0011,2,110.86,12,0,1,1,B,394108.67,1874.36,available
PRJ_0011_U084,PRJ_0011,3,141.1,6,1,1,1,B,538484.63,2380.53,available
PRJ_0011_U085,PRJ_0011,3,128.63,9,0,1,0,C,443476.99,1772.2,available
PRJ_0011_U086,PRJ_0011,2,68.84,11,1,1,0,C,248756.52,881.43,available
PRJ_0011_U087,PRJ_0011,2,70.85,10,1,1,0,C,258196.33,1111.28,available
PRJ_0011_U088,PRJ_0011,3,130.8,9,0,0,1,A,493046.79,1915.61,available
PRJ_0011_U089,PRJ_0011,1,54.79,10,0,1,0,C,193589.62,1010.68,available
PRJ_0011_U090,PRJ_0011,3,116.98,3,1,1,1,C,396436.09,1732.01,available
PRJ_0011_U091,PRJ_0011,3,101.67,5,1,1,0,A,340485.95,1741.61,available
PRJ_0011_U092,PRJ_0011,3,126.03,5,0,1,0,B,434952.36,1759.2,available
PRJ_0011_U093,PRJ_0011,4,104.81,11,1,0,1,B,360544.84,1812.96,available
PRJ_0011_U094,PRJ_0011,3,119.27,5,1,1,1,B,397178.45,1308.26,available
PRJ_0011_U095,PRJ_0011,4,173.66,13,1,1,1,A,665268.68,2552.92,available
PRJ_0011_U096,PRJ_0011,3,141.6,2,1,1,1,B,528985.42,1768.17,available
PRJ_0011_U097,PRJ_0011,2,111.03,2,1,1,1,A,393676.42,1274.68,available
PRJ_0011_U098,PRJ_0011,2,71.51,10,0,0,1,A,254769.58,1333.49,available
PRJ_0011_U099,PRJ_0011,2,73.85,10,1,0,0,B,267999.08,1280.93,available
PRJ_0011_U100,PRJ_0011,2,115.44,9,0,1,1,C,425551.49,1946.12,available
PRJ_0011_U101,PRJ_0011,3,103.28,4,0,1,1,B,370028.89,1615.09,available
PRJ_0011_U102,PRJ_0011,2,84.16,0,0,1,0,B,250875.5,1115.94,available
PRJ_0011_U103,PRJ_0011,2,92.04,4,0,1,1,C,316249.41,1455.92,available
PRJ_0011_U104,PRJ_0011,2,109.23,6,0,1,1,B,401001.18,2015.62,available
PRJ_0011_U105,PRJ_0011,3,149.01,5,0,1,0,A,500241.61,2255.92,available
PRJ_0011_U106,PRJ_0011,3,106.76,12,0,1,0,B,377331.3,1830.42,available
PRJ_0011_U107,PRJ_0011,4,120.05,12,0,1,1,B,445717.68,1693.22,available
PRJ_0011_U108,PRJ_0011,2,106.1,10,0,1,1,C,381210.0,2044.96,available
PRJ_0012_U001,PRJ_0012,2,86.24,0,0,1,1,D,335413.38,1675.56,available
PRJ_0012_U002,PRJ_0012,2,102.54,8,1,0,0,A,396637.7,1318.78,available
PRJ_0012_U003,PRJ_0012,3,124.55,10,0,1,0,B,458408.85,2041.88,available
PRJ_0012_U004,PRJ_0012,4,140.53,13,1,1,1,B,559981.75,2937.85,available
PRJ_0012_U005,PRJ_0012,2,90.89,3,0,1,1,A,334599.53,1357.98,available
PRJ_0012_U006,PRJ_0012,3,120.65,13,1,1,0,D,469941.24,2503.33,available
PRJ_0012_U007,PRJ_0012,2,74.72,9,1,0,1,A,281683.21,1031.86,available
PRJ_0012_U008,PRJ_0012,3,95.18,1,1,1,1,C,346628.65,1180.04,available
PRJ_0012_U009,PRJ_0012,3,122.14,7,1,1,0,C,459595.64,1998.04,available
PRJ_0012_U010,PRJ_0012,3,119.57,1,0,1,1,C,397911.2,2072.31,available
PRJ_0012_U011,PRJ_0012,2,112.44,13,0,0,0,C,423732.71,1638.59,available
PRJ_0012_U012,PRJ_0012,2,89.64,10,0,0,1,C,308586.35,1532.76,available
PRJ_0012_U013,PRJ_0012,3,124.98,12,0,1,1,B,462217.62,1639.65,available
PRJ_0012_U014,PRJ_0012,2,76.95,8,1,1,1,B,308199.99,1492.98,available
PRJ_0012_U015,PRJ_0012,4,158.84,5,1,1,1,C,624665.03,2761.01,available
PRJ_0012_U016,PRJ_0012,2,79.13,5,0,1,0,B,258235.4,919.44,available
PRJ_0012_U017,PRJ_0012,2,91.74,13,0,0,0,B,330245.84,1579.36,available
PRJ_0012_U018,PRJ_0012,2,109.38,2,0,1,0,B,400691.21,1912.35,available
PRJ_0012_U019,PRJ_0012,2,80.98,12,1,1,1,B,314979.67,1362.73,available
PRJ_0012_U020,PRJ_0012,3,168.86,5,0,1,1,B,654856.98,2405.92,available
PRJ_0012_U021,PRJ_0012,2,96.53,8,1,1,1,A,359103.71,1244.05,available
PRJ_0012_U022,PRJ_0012,3,145.17,9,0,1,1,B,487199.4,2592.14,available
PRJ_0012_U023,PRJ_0012,3,138.86,1,1,1,0,A,537704.49,2496.16,available
PRJ_0012_U024,PRJ_0012,3,143.1,2,0,1,1,B,506042.22,2523.87,available
PRJ_0012_U025,PRJ_0012,3,103.08,2,0,1,1,C,341647.0,1617.65,available
PRJ_0012_U026,PRJ_0012,4,179.11,10,0,1,1,B,664398.75,3343.91,available
PRJ_0012_U027,PRJ_0012,3,88.26,1,1,0,0,C,342104.63,1208.41,available
PRJ_0012_U028,PRJ_0012,2,75.86,8,0,1,1,A,265735.35,1138.62,available
PRJ_0012_U029,PRJ_0012,3,134.3,1,1,1,0,A,558183.07,2605.43,available
PRJ_0012_U030,PRJ_0012,4,179.9,10,0,1,0,C,635426.66,2160.0,available
PRJ_0012_U031,PRJ_0012,2,62.63,13,1,0,0,C,236321.87,828.09,available
PRJ_0012_U032,PRJ_0012,3,103.52,5,1,0,1,C,360069.02,1653.84,available
PRJ_0012_U033,PRJ_0012,2,89.0,2,0,0,1,C,317825.38,1627.66,available
PRJ_0012_U034,PRJ_0012,3,106.08,6,1,1,1,C,408779.43,1901.89,available
PRJ_0012_U035,PRJ_0012,1,84.34,9,1,0,0,C,293256.72,952.54,available
PRJ_0012_U036,PRJ_0012,3,177.95,10,0,1,0,C,748691.17,4005.6,available
PRJ_0012_U037,PRJ_0012,2,90.48,8,0,0,0,C,319077.77,1110.57,available
PRJ_0012_U038,PRJ_0012,3,111.48,8,0,0,1,A,398911.85,1471.96,available
PRJ_0012_U039,PRJ_0012,1,46.93,8,1,1,1,A,190905.43,1023.32,available
PRJ_0012_U040,PRJ_0012,3,117.21,3,0,1,0,B,457829.07,2244.05,available
PRJ_0012_U041,PRJ_0012,2,59.71,2,0,1,1,B,229184.13,1208.71,available
PRJ_0012_U042,PRJ_0012,3,118.33,13,1,1,1,C,431507.63,2149.58,available
PRJ_0012_U043,PRJ_0012,2,100.87,8,0,0,0,B,368656.23,1708.01,available
PRJ_0012_U044,PRJ_0012,2,94.57,12,1,1,1,B,332389.99,1265.38,available
PRJ_0012_U045,PRJ_0012,2,102.86,8,0,0,1,C,394396.8,1539.0,available
PRJ_0012_U046,PRJ_0012,4,116.34,6,0,0,1,B,391944.69,2076.53,available
PRJ_0012_U047,PRJ_0012,2,89.67,7,0,1,1,C,321835.47,1642.35,available
PRJ_0012_U048,PRJ_0012,3,119.9,9,0,1,0,A,441926.5,1756.89,available
PRJ_0012_U049,PRJ_0012,1,60.94,2,1,1,1,B,235100.28,941.93,available
PRJ_0012_U050,PRJ_0012,3,144.88,6,1,0,1,B,544711.47,2089.77,available
PRJ_0012_U051,PRJ_0012,2,86.25,10,0,1,1,B,346974.21,1353.36,available
PRJ_0012_U052,PRJ_0012,2,80.92,1,0,1,1,A,304687.72,1554.87,available
PRJ_0012_U053,PRJ_0012,2,66.31,1,0,1,0,B,245115.67,781.99,available
PRJ_0012_U054,PRJ_0012,2,97.11,2,1,0,0,B,332774.36,1380.28,available
PRJ_0012_U055,PRJ_0012,2,80.09,8,0,1,1,B,324894.74,1718.06,available
PRJ_0012_U056,PRJ_0012,2,101.48,3,0,1,1,C,353951.08,1553.0,available
PRJ_0012_U057,PRJ_0012,3,71.44,6,1,0,1,A,295778.75,1236.41,available
PRJ_0012_U058,PRJ_0012,4,134.99,1,0,1,1,B,540110.7,2089.96,available
PRJ_0012_U059,PRJ_0012,2,115.36,3,0,1,1,A,429954.18,1433.02,available
PRJ_0012_U060,PRJ_0012,4,68.84,0,0,1,0,D,259258.81,951.94,available
PRJ_0012_U061,PRJ_0012,2,94.21,11,0,1,1,C,297978.08,1004.25,available
PRJ_0012_U062,PRJ_0012,2,90.07,6,1,1,1,D,346040.01,1194.44,available
PRJ_0012_U063,PRJ_0012,2,76.3,2,0,1,1,D,292536.23,1033.99,available
PRJ_0012_U064,PRJ_0012,2,97.07,7,0,1,0,B,374381.7,1439.96,available
PRJ_0012_U065,PRJ_0012,2,68.91,13,0,1,1,C,241949.38,772.17,available
PRJ_0012_U066,PRJ_0012,3,102.04,11,1,1,0,B,384752.94,2040.92,available
PRJ_0012_U067,PRJ_0012,3,96.65,12,1,1,1,D,327410.78,1128.02,available
PRJ_0012_U068,PRJ_0012,3,112.02,5,0,1,0,B,409458.42,1649.61,available
PRJ_0012_U069,PRJ_0012,2,47.78,5,1,0,0,B,158027.84,813.15,available
PRJ_0012_U070,PRJ_0012,2,78.76,4,1,0,1,D,308228.25,1049.96,available
PRJ_0012_U071,PRJ_0012,3,108.49,4,0,0,1,C,409479.22,1742.24,available
PRJ_0012_U072,PRJ_0012,2,102.54,12,0,0,1,D,367285.64,1861.19,available
PRJ_0012_U073,PRJ_0012,2,89.04,1,1,0,0,A,333595.96,1474.44,available
PRJ_0012_U074,PRJ_0012,2,100.95,11,0,1,0,B,368100.93,1339.87,available
PRJ_0012_U075,PRJ_0012,2,66.37,12,0,0,1,B,246446.72,1188.26,available
PRJ_0012_U076,PRJ_0012,3,122.23,11,0,0,1,B,422720.7,1986.65,available
PRJ_0012_U077,PRJ_0012,1,35.0,8,0,1,1,B,134942.42,550.0,available
PRJ_0012_U078,PRJ_0012,2,78.74,11,0,1,1,B,270262.9,883.98,available
PRJ_0012_U079,PRJ_0012,4,114.38,0,1,1,0,C,386726.66,1231.48,available
PRJ_0012_U080,PRJ_0012,4,141.88,11,1,1,1,B,547058.0,2748.31,available
PRJ_0012_U081,PRJ_0012,2,95.23,7,0,0,1,C,345698.34,1344.83,available
PRJ_0012_U082,PRJ_0012,2,64.26,13,0,1,0,C,240110.99,834.78,available
PRJ_0012_U083,PRJ_0012,3,105.99,1,0,1,0,C,367245.54,1591.42,available
PRJ_0012_U084,PRJ_0012,1,41.52,13,0,1,0,B,167481.96,877.36,available
PRJ_0012_U085,PRJ_0012,2,80.72,8,1,0,1,B,309971.28,987.49,available
PRJ_0012_U086,PRJ_0012,1,57.52,1,1,1,0,A,216551.57,713.1,available
PRJ_0012_U087,PRJ_0012,2,69.7,7,0,0,0,C,254544.57,1044.91,available
PRJ_0012_U088,PRJ_0012,4,133.5,0,1,1,1,B,529140.76,2480.39,available
PRJ_0012_U089,PRJ_0012,3,129.84,1,0,1,1,A,485416.34,2057.14,available
PRJ_0012_U090,PRJ_0012,4,149.21,7,0,1,0,D,562206.08,2915.69,available
PRJ_0012_U091,PRJ_0012,3,104.21,11,0,1,1,C,403994.96,1319.39,available
PRJ_0012_U092,PRJ_0012,3,117.95,1,1,1,0,C,398901.44,1568.47,available
PRJ_0012_U093,PRJ_0012,3,116.87,3,0,0,0,B,373671.38,1478.69,available
PRJ_0012_U094,PRJ_0012,3,101.67,5,1,1,0,D,376949.6,1482.15,available
PRJ_0012_U095,PRJ_0012,2,96.41,7,0,1,0,B,351891.65,1500.45,available
PRJ_0012_U096,PRJ_0012,2,69.65,0,1,0,0,B,261696.04,1294.21,available
PRJ_0012_U097,PRJ_0012,3,124.49,8,0,0,1,D,457212.28,1774.85,available
PRJ_0012_U098,PRJ_0012,2,91.04,6,0,1,1,D,350302.66,1696.08,available
PRJ_0012_U099,PRJ_0012,2,91.05,13,0,0,0,B,308756.35,1079.48,available
PRJ_0012_U100,PRJ_0012,2,97.53,4,0,1,1,A,354213.42,1568.56,available
PRJ_0012_U101,PRJ_0012,3,115.9,6,1,1,0,B,413787.34,1659.54,available
PRJ_0012_U102,PRJ_0012,2,87.88,1,0,1,0,C,320814.46,1405.13,available
PRJ_0012_U103,PRJ_0012,2,80.29,12,0,0,1,C,266911.42,909.93,available
PRJ_0012_U104,PRJ_0012,2,82.51,11,0,0,0,B,303589.34,1612.65,available
PRJ_0012_U105,PRJ_0012,2,69.95,4,1,1,1,A,244599.07,1273.3,available
PRJ_0012_U106,PRJ_0012,4,60.93,6,0,1,0,C,220306.83,1107.27,available
PRJ_0012_U107,PRJ_0012,2,83.07,12,0,0,1,C,318396.0,1647.84,available
PRJ_0012_U108,PRJ_0012,2,74.71,4,0,1,0,B,270583.03,946.15,available
PRJ_0012_U109,PRJ_0012,1,72.06,3,0,1,0,C,236829.89,1018.38,available
PRJ_0012_U110,PRJ_0012,3,107.62,3,1,1,1,D,392524.34,1523.76,available
PRJ_0012_U111,PRJ_0012,3,113.33,9,0,1,1,B,391942.29,2023.71,available
PRJ_0012_U112,PRJ_0012,2,86.56,2,0,1,1,C,287871.86,1034.3,available
PRJ_0012_U113,PRJ_0012,2,79.31,1,1,1,1,C,301095.08,1102.47,available
PRJ_0012_U114,PRJ_0012,3,127.43,2,0,0,1,B,466815.42,2199.53,available
PRJ_0012_U115,PRJ_0012,4,120.31,13,1,1,1,C,477012.17,1605.95,available
PRJ_0012_U116,PRJ_0012,2,74.26,12,0,1,0,C,282001.43,1357.69,available
PRJ_0012_U117,PRJ_0012,2,92.57,13,1,1,1,B,358925.76,1353.13,available
PRJ_0012_U118,PRJ_0012,2,104.7,3,0,1,1,A,375267.84,1746.41,available
PRJ_0012_U119,PRJ_0012,1,44.05,6,0,1,0,C,153671.06,788.49,available
PRJ_0012_U120,PRJ_0012,3,92.86,6,0,1,1,A,339573.53,1541.08,available
PRJ_0012_U121,PRJ_0012,4,136.16,7,0,1,1,A,475485.58,1733.24,available
PRJ_0012_U122,PRJ_0012,4,157.66,0,0,1,0,B,540749.99,1772.19,available
PRJ_0012_U123,PRJ_0012,3,108.36,8,1,1,0,C,416540.81,1360.86,available
PRJ_0012_U124,PRJ_0012,2,71.16,0,0,1,1,D,257060.74,865.39,available
PRJ_0012_U125,PRJ_0012,4,153.91,3,0,1,0,C,635623.81,2842.04,available
PRJ_0012_U126,PRJ_0012,2,70.92,4,0,1,1,C,240359.66,949.46,available
PRJ_0012_U127,PRJ_0012,2,55.63,9,0,0,1,B,202810.23,753.17,available
PRJ_0012_U128,PRJ_0012,3,80.13,12,1,0,0,B,279610.21,1023.4,available
PRJ_0013_U001,PRJ_0013,4,144.38,9,1,0,1,A,481851.77,1853.59,available
PRJ_0013_U002,PRJ_0013,2,80.92,9,1,1,0,B,299646.85,1233.97,available
PRJ_0013_U003,PRJ_0013,3,120.58,0,0,1,1,C,380964.59,1708.33,available
PRJ_0013_U004,PRJ_0013,3,138.31,12,1,0,1,B,466826.1,1635.34,available
PRJ_0013_U005,PRJ_0013,2,83.35,2,1,1,1,A,273262.88,1071.48,available
PRJ_0013_U006,PRJ_0013,3,84.32,11,0,1,0,B,264821.68,1366.28,available
PRJ_0013_U007,PRJ_0013,2,103.18,8,0,1,0,C,321454.04,1362.61,available
PRJ_0013_U008,PRJ_0013,1,47.2,11,0,1,1,A,153339.78,742.32,available
PRJ_0013_U009,PRJ_0013,2,81.43,10,0,0,1,C,262442.15,1117.33,available
PRJ_0013_U010,PRJ_0013,2,132.19,7,0,0,1,C,439195.26,1850.28,available
PRJ_0013_U011,PRJ_0013,2,86.91,10,0,0,0,C,273243.57,1247.63,available
PRJ_0013_U012,PRJ_0013,4,151.34,4,1,0,0,B,462157.65,1733.2,available
PRJ_0013_U013,PRJ_0013,2,66.48,8,0,0,0,C,202470.2,754.95,available
PRJ_0013_U014,PRJ_0013,3,117.65,12,1,1,1,B,364929.85,1967.96,available
PRJ_0013_U015,PRJ_0013,3,126.19,1,0,1,0,D,419038.28,2146.27,available
PRJ_0013_U016,PRJ_0013,1,65.87,4,0,1,1,C,199386.32,962.36,available
PRJ_0013_U017,PRJ_0013,2,91.33,0,0,0,1,A,292127.25,1015.21,available
PRJ_0013_U018,PRJ_0013,4,162.49,7,0,0,1,C,517475.21,1673.86,available
PRJ_0013_U019,PRJ_0013,3,137.07,10,0,0,1,B,437116.93,1556.72,available
PRJ_0013_U020,PRJ_0013,4,132.26,0,0,1,1,B,409066.53,2158.46,available
PRJ_0013_U021,PRJ_0013,2,88.77,7,1,1,0,B,279386.67,1397.86,available
PRJ_0013_U022,PRJ_0013,3,131.55,5,0,0,1,C,381944.3,1659.01,available
PRJ_0013_U023,PRJ_0013,3,115.49,10,1,1,0,C,411102.07,2197.93,available
PRJ_0013_U024,PRJ_0013,4,124.84,3,0,1,0,D,384940.15,1345.93,available
PRJ_0013_U025,PRJ_0013,1,49.2,2,0,1,0,B,159326.63,704.98,available
PRJ_0013_U026,PRJ_0013,4,99.75,1,0,1,1,C,331832.78,1187.6,available
PRJ_0013_U027,PRJ_0013,2,92.98,5,1,0,0,C,284706.64,1097.87,available
PRJ_0013_U028,PRJ_0013,3,100.58,6,0,0,1,C,322635.77,1704.15,available
PRJ_0013_U029,PRJ_0013,3,105.76,12,0,0,1,B,332949.92,1704.8,available
PRJ_0013_U030,PRJ_0013,3,98.82,6,1,1,1,B,309252.52,1050.13,available
PRJ_0013_U031,PRJ_0013,2,71.75,2,0,1,0,C,217950.96,812.55,available
PRJ_0013_U032,PRJ_0013,3,110.18,9,0,0,0,B,351155.95,1581.71,available
PRJ_0013_U033,PRJ_0013,2,97.64,0,1,1,0,B,303349.05,1002.48,available
PRJ_0013_U034,PRJ_0013,2,86.0,4,0,1,0,B,259396.67,1142.48,available
PRJ_0013_U035,PRJ_0013,3,113.27,9,0,0,1,B,352733.55,1580.87,available
PRJ_0013_U036,PRJ_0013,3,109.2,3,1,1,0,A,384674.25,1469.97,available
PRJ_0013_U037,PRJ_0013,2,101.38,8,0,1,0,A,290635.92,1112.03,available
PRJ_0013_U038,PRJ_0013,3,68.79,6,1,0,1,C,229985.31,846.83,available
PRJ_0013_U039,PRJ_0013,2,85.29,13,0,1,0,D,265785.7,1401.21,available
PRJ_0013_U040,PRJ_0013,3,116.42,4,0,1,0,B,345530.19,1396.5,available
PRJ_0013_U041,PRJ_0013,3,126.31,12,0,1,1,A,398736.75,1787.75,available
PRJ_0013_U042,PRJ_0013,3,94.56,8,0,0,1,C,306937.31,1180.24,available
PRJ_0013_U043,PRJ_0013,3,100.84,10,0,1,1,B,334522.8,1588.2,available
PRJ_0013_U044,PRJ_0013,3,110.34,2,0,1,0,D,341447.58,1159.18,available
PRJ_0013_U045,PRJ_0013,2,97.77,0,0,1,1,B,320807.14,1067.6,available
PRJ_0013_U046,PRJ_0013,3,119.52,10,0,0,1,B,399250.37,1932.89,available
PRJ_0013_U047,PRJ_0013,1,61.41,6,0,0,0,B,197897.82,950.24,available
PRJ_0013_U048,PRJ_0013,2,59.03,4,1,1,0,B,182939.04,688.38,available
PRJ_0013_U049,PRJ_0013,3,130.22,12,1,1,0,C,437227.52,1733.84,available
PRJ_0013_U050,PRJ_0013,2,70.88,4,0,0,0,A,218366.53,1161.82,available
PRJ_0013_U051,PRJ_0013,2,72.71,6,0,0,1,C,219093.28,745.23,available
PRJ_0013_U052,PRJ_0013,4,147.83,10,0,0,1,C,427920.7,1531.42,available
PRJ_0013_U053,PRJ_0013,2,74.85,13,0,0,0,C,208308.46,861.2,available
PRJ_0013_U054,PRJ_0013,1,70.96,12,0,1,1,D,227965.72,866.59,available
PRJ_0013_U055,PRJ_0013,2,97.69,9,0,1,1,B,317388.97,1468.54,available
PRJ_0013_U056,PRJ_0013,2,100.49,1,0,1,0,B,289896.5,1368.46,available
PRJ_0013_U057,PRJ_0013,3,105.38,1,0,0,1,C,338326.95,1472.07,available
PRJ_0013_U058,PRJ_0013,3,126.93,9,1,1,0,B,419040.65,1903.22,available
PRJ_0013_U059,PRJ_0013,3,128.19,7,0,1,0,A,431908.55,1788.91,available
PRJ_0013_U060,PRJ_0013,2,96.94,1,1,0,0,B,308665.58,1505.53,available
PRJ_0014_U001,PRJ_0014,2,93.29,9,1,1,1,B,280088.65,947.03,available
PRJ_0014_U002,PRJ_0014,3,105.59,5,1,1,0,C,282146.67,1116.52,available
PRJ_0014_U003,PRJ_0014,2,74.73,9,1,1,1,C,215687.51,1091.96,available
PRJ_0014_U004,PRJ_0014,3,100.58,11,0,0,1,C,305968.83,1567.67,available
PRJ_0014_U005,PRJ_0014,4,110.8,1,1,1,0,B,319195.17,1233.15,available
PRJ_0014_U006,PRJ_0014,2,73.87,10,1,1,1,B,227313.11,1087.51,available
PRJ_0014_U007,PRJ_0014,3,115.43,6,0,1,1,B,322791.21,1441.52,available
PRJ_0014_U008,PRJ_0014,1,59.14,2,0,1,1,B,167855.95,902.96,available
PRJ_0014_U009,PRJ_0014,2,65.39,1,1,0,1,A,176476.67,596.42,available
PRJ_0014_U010,PRJ_0014,2,86.49,4,0,1,1,A,247092.54,1087.06,available
PRJ_0014_U011,PRJ_0014,2,64.86,3,1,0,0,B,188705.83,849.15,available
PRJ_0014_U012,PRJ_0014,2,116.63,1,0,0,0,C,325446.76,1255.87,available
PRJ_0014_U013,PRJ_0014,2,97.51,4,0,0,1,B,259532.54,849.27,available
PRJ_0014_U014,PRJ_0014,2,84.18,11,0,0,1,B,237480.32,779.86,available
PRJ_0014_U015,PRJ_0014,1,71.02,10,1,1,1,C,221314.05,926.71,available
PRJ_0014_U016,PRJ_0014,3,70.91,2,0,0,0,B,192692.21,910.42,available
PRJ_0014_U017,PRJ_0014,1,64.47,9,1,0,1,D,189363.97,897.98,available
PRJ_0014_U018,PRJ_0014,3,107.13,6,1,1,1,C,356064.74,1272.52,available
PRJ_0014_U019,PRJ_0014,4,140.05,10,0,1,0,A,384661.24,1960.66,available
PRJ_0014_U020,PRJ_0014,3,108.68,3,0,1,0,D,320906.06,1288.53,available
PRJ_0014_U021,PRJ_0014,3,88.13,0,0,1,1,C,236040.91,1259.63,available
PRJ_0014_U022,PRJ_0014,3,131.52,4,0,1,1,C,386097.7,1325.29,available
PRJ_0014_U023,PRJ_0014,3,88.53,13,0,0,1,B,263088.87,1328.25,available
PRJ_0014_U024,PRJ_0014,4,147.15,7,0,1,0,B,413519.76,2154.61,available
PRJ_0014_U025,PRJ_0014,4,159.46,0,0,1,1,B,425679.74,2135.93,available
PRJ_0014_U026,PRJ_0014,2,108.26,13,0,1,1,C,285444.69,1423.39,available
PRJ_0014_U027,PRJ_0014,3,124.16,11,0,1,1,B,352000.21,1400.83,available
PRJ_0014_U028,PRJ_0014,3,114.96,7,0,1,1,A,345109.19,1646.75,available
PRJ_0014_U029,PRJ_0014,1,57.89,10,0,0,1,A,157190.06,702.67,available
PRJ_0014_U030,PRJ_0014,3,154.92,2,0,1,0,A,436101.34,1797.5,available
PRJ_0014_U031,PRJ_0014,3,119.82,8,0,0,1,B,318489.93,1720.22,available
PRJ_0014_U032,PRJ_0014,3,108.69,12,1,0,0,B,315661.53,1205.89,available
PRJ_0014_U033,PRJ_0014,2,94.78,6,0,0,0,D,252741.91,1035.29,available
PRJ_0014_U034,PRJ_0014,2,78.0,0,1,1,1,B,229388.39,1192.38,available
PRJ_0014_U035,PRJ_0014,2,65.13,10,1,0,0,B,186615.19,712.3,available
PRJ_0014_U036,PRJ_0014,3,107.49,10,0,0,0,B,285962.41,1003.79,available
PRJ_0014_U037,PRJ_0014,4,130.96,10,0,0,0,B,358249.59,1384.34,available
PRJ_0014_U038,PRJ_0014,4,125.52,9,0,1,0,C,345067.59,1682.25,available
PRJ_0014_U039,PRJ_0014,2,88.58,1,1,1,1,B,244333.02,1246.43,available
PRJ_0014_U040,PRJ_0014,2,102.24,1,1,1,1,D,318209.65,1089.6,available
PRJ_0014_U041,PRJ_0014,3,85.93,11,1,1,0,D,252606.35,1153.28,available
PRJ_0014_U042,PRJ_0014,3,152.37,11,1,0,1,C,404035.52,1795.15,available
PRJ_0014_U043,PRJ_0014,3,68.41,1,1,0,1,C,192047.08,897.14,available
PRJ_0014_U044,PRJ_0014,2,91.04,8,0,1,1,B,278472.39,1302.29,available
PRJ_0014_U045,PRJ_0014,2,102.7,7,1,1,1,C,299817.19,1596.67,available
PRJ_0014_U046,PRJ_0014,3,105.76,4,1,0,0,B,324689.34,1281.34,available
PRJ_0014_U047,PRJ_0014,3,115.73,9,1,1,0,C,331616.14,1273.78,available
PRJ_0014_U048,PRJ_0014,2,88.19,12,0,1,0,A,260711.05,1166.53,available
PRJ_0014_U049,PRJ_0014,4,98.97,11,0,0,1,B,298772.01,1234.78,available
PRJ_0014_U050,PRJ_0014,3,123.29,2,1,0,1,A,365272.4,1546.06,available
PRJ_0014_U051,PRJ_0014,4,136.34,6,1,1,0,C,380092.68,1262.87,available
PRJ_0014_U052,PRJ_0014,2,108.35,13,0,1,1,C,301980.09,1056.99,available
PRJ_0014_U053,PRJ_0014,2,77.55,3,1,1,0,A,238971.94,1259.68,available
PRJ_0014_U054,PRJ_0014,4,125.42,11,0,1,0,B,347137.44,1152.61,available
PRJ_0014_U055,PRJ_0014,4,129.58,6,0,0,1,B,390034.21,1753.01,available
PRJ_0014_U056,PRJ_0014,4,117.83,7,0,0,1,C,330899.01,1609.65,available
PRJ_0014_U057,PRJ_0014,3,132.81,3,0,1,0,A,374671.46,1196.46,available
PRJ_0014_U058,PRJ_0014,2,68.25,12,0,1,1,A,185782.87,681.42,available
PRJ_0014_U059,PRJ_0014,2,75.97,7,0,1,0,C,212417.59,852.87,available
PRJ_0014_U060,PRJ_0014,2,83.13,8,1,1,0,C,237967.83,1024.93,available
PRJ_0014_U061,PRJ_0014,4,144.19,6,1,1,1,C,442526.56,1741.46,available
PRJ_0014_U062,PRJ_0014,2,85.43,1,1,1,0,C,249850.54,1156.04,available
PRJ_0014_U063,PRJ_0014,3,101.38,10,0,0,1,D,297681.3,1094.29,available
PRJ_0014_U064,PRJ_0014,4,124.91,4,0,1,1,B,346351.2,1116.64,available
PRJ_0014_U065,PRJ_0014,4,132.24,3,1,0,0,B,360140.87,1141.72,available
PRJ_0014_U066,PRJ_0014,4,134.8,10,0,1,0,D,392280.14,1547.18,available
PRJ_0014_U067,PRJ_0014,3,108.8,2,1,0,0,A,294769.42,1173.3,available
PRJ_0014_U068,PRJ_0014,2,97.57,9,1,0,0,C,302174.27,1601.83,available
PRJ_0014_U069,PRJ_0014,4,135.24,6,1,1,1,A,408077.88,1333.36,available
PRJ_0014_U070,PRJ_0014,2,86.74,11,0,1,1,B,249581.15,1088.0,available
PRJ_0014_U071,PRJ_0014,2,108.95,0,0,0,1,A,310716.51,1387.89,available
PRJ_0014_U072,PRJ_0014,4,180.0,10,0,1,1,C,524480.37,2486.06,available
PRJ_0014_U073,PRJ_0014,3,111.0,3,1,1,1,C,300562.08,1383.73,available
PRJ_0014_U074,PRJ_0014,3,103.23,12,0,1,1,A,285908.72,910.61,available
PRJ_0014_U075,PRJ_0014,2,76.35,4,0,0,0,A,220787.3,1013.05,available
PRJ_0014_U076,PRJ_0014,3,129.31,0,1,1,1,B,383381.6,1492.14,available
PRJ_0014_U077,PRJ_0014,4,132.78,6,0,1,0,B,350700.34,1720.4,available
PRJ_0014_U078,PRJ_0014,3,119.8,0,1,1,0,B,354893.75,1274.24,available
PRJ_0014_U079,PRJ_0014,2,113.56,3,1,1,0,D,321360.23,1535.5,available
PRJ_0014_U080,PRJ_0014,3,120.42,10,0,1,1,A,336823.26,1540.64,available
PRJ_0014_U081,PRJ_0014,4,151.91,7,1,0,0,B,420854.18,1950.37,available
PRJ_0014_U082,PRJ_0014,4,141.29,9,0,0,0,B,419669.35,1495.09,available
PRJ_0014_U083,PRJ_0014,2,79.7,12,0,1,1,B,210208.45,982.16,available
PRJ_0014_U084,PRJ_0014,3,117.34,6,1,1,1,B,341191.48,1646.2,available
PRJ_0014_U085,PRJ_0014,2,72.89,7,1,0,1,C,218509.72,932.56,available
PRJ_0014_U086,PRJ_0014,2,97.5,0,0,0,0,C,288897.09,1136.08,available
PRJ_0014_U087,PRJ_0014,2,83.38,4,0,1,1,C,243565.05,862.56,available
PRJ_0014_U088,PRJ_0014,3,123.24,10,0,1,1,B,345222.11,1318.43,available
PRJ_0014_U089,PRJ_0014,3,76.91,0,1,1,0,C,241010.0,1177.4,available
PRJ_0014_U090,PRJ_0014,2,95.38,5,0,1,1,D,252743.52,1033.17,available
PRJ_0014_U091,PRJ_0014,2,78.78,1,0,1,1,C,226910.73,1077.32,available
PRJ_0014_U092,PRJ_0014,2,59.95,12,1,1,0,D,183856.46,888.37,available
PRJ_0014_U093,PRJ_0014,2,70.47,7,0,1,0,B,194255.46,909.81,available
PRJ_0014_U094,PRJ_0014,3,113.83,9,0,0,0,D,333231.38,1560.23,available
PRJ_0014_U095,PRJ_0014,2,95.85,9,0,0,1,C,268032.49,1217.13,available
PRJ_0014_U096,PRJ_0014,2,90.52,3,1,0,1,C,271404.01,1176.03,available
PRJ_0014_U097,PRJ_0014,4,107.58,0,0,1,1,C,277675.07,1002.89,available
PRJ_0014_U098,PRJ_0014,2,81.16,5,1,1,1,D,243635.78,1233.52,available
PRJ_0014_U099,PRJ_0014,4,143.98,2,0,1,1,B,400842.42,2139.0,available
PRJ_0014_U100,PRJ_0014,3,138.62,4,1,0,0,C,418701.28,1765.35,available
PRJ_0014_U101,PRJ_0014,3,109.77,4,1,1,0,C,318850.71,1679.21,available
PRJ_0014_U102,PRJ_0014,3,111.24,10,0,1,1,C,345695.51,1870.96,available
PRJ_0014_U103,PRJ_0014,2,66.69,4,1,0,1,C,198129.04,844.15,available
PRJ_0014_U104,PRJ_0014,3,101.68,2,0,0,1,B,281636.87,1350.86,available
PRJ_0014_U105,PRJ_0014,3,119.93,13,1,1,1,B,378310.09,1745.97,available
PRJ_0014_U106,PRJ_0014,2,88.88,0,0,0,0,B,253801.56,939.2,available
PRJ_0014_U107,PRJ_0014,3,137.98,2,1,1,1,C,416987.68,1364.64,available
PRJ_0014_U108,PRJ_0014,3,133.37,4,0,1,0,C,330793.06,1384.94,available
PRJ_0014_U109,PRJ_0014,4,175.86,0,0,1,1,C,475331.96,2347.13,available
PRJ_0015_U001,PRJ_0015,3,106.58,11,0,0,1,B,338523.8,1318.02,available
PRJ_0015_U002,PRJ_0015,3,110.47,6,0,0,1,B,321756.2,1427.68,available
PRJ_0015_U003,PRJ_0015,2,78.0,2,0,1,1,A,241491.08,972.07,available
PRJ_0015_U004,PRJ_0015,3,150.36,6,1,0,1,C,412665.44,1481.03,available
PRJ_0015_U005,PRJ_0015,4,138.53,9,0,1,0,C,414831.45,1860.25,available
PRJ_0015_U006,PRJ_0015,3,115.37,10,1,1,1,C,348844.74,1694.0,available
PRJ_0015_U007,PRJ_0015,4,118.79,4,0,1,1,B,356087.7,1731.0,available
PRJ_0015_U008,PRJ_0015,4,131.1,2,0,1,1,B,388123.57,1540.2,available
PRJ_0015_U009,PRJ_0015,2,107.74,13,1,1,1,C,341348.46,1479.33,available
PRJ_0015_U010,PRJ_0015,3,79.99,8,0,1,1,C,227179.54,1109.81,available
PRJ_0015_U011,PRJ_0015,3,130.49,13,1,0,0,C,392022.29,1289.47,available
PRJ_0015_U012,PRJ_0015,2,83.45,4,0,1,1,B,241011.3,802.19,available
PRJ_0015_U013,PRJ_0015,2,66.32,1,0,0,1,C,194248.48,779.55,available
PRJ_0015_U014,PRJ_0015,2,84.17,5,0,0,1,B,252467.73,926.42,available
PRJ_0015_U015,PRJ_0015,2,76.2,4,0,1,0,B,220496.88,884.11,available
PRJ_0015_U016,PRJ_0015,3,110.48,10,1,1,1,C,321826.68,1087.01,available
PRJ_0015_U017,PRJ_0015,2,58.13,10,0,1,0,A,172797.53,777.36,available
PRJ_0015_U018,PRJ_0015,2,66.68,1,0,1,0,C,216502.35,1012.82,available
PRJ_0015_U019,PRJ_0015,3,125.54,8,1,0,1,B,415099.14,2054.04,available
PRJ_0015_U020,PRJ_0015,2,74.32,4,0,0,0,A,178153.31,824.91,available
PRJ_0015_U021,PRJ_0015,3,133.45,8,1,0,1,A,408999.3,1659.93,available
PRJ_0015_U022,PRJ_0015,2,73.6,5,0,1,0,C,221230.72,1165.94,available
PRJ_0015_U023,PRJ_0015,1,41.25,7,1,0,0,C,123138.43,591.18,available
PRJ_0015_U024,PRJ_0015,4,124.96,10,0,0,1,B,359236.9,1564.1,available
PRJ_0015_U025,PRJ_0015,3,108.19,4,1,1,0,A,318597.91,1157.17,available
PRJ_0015_U026,PRJ_0015,3,125.62,2,1,1,1,B,390746.06,1807.93,available
PRJ_0015_U027,PRJ_0015,3,165.5,9,0,1,1,B,467814.28,2104.25,available
PRJ_0015_U028,PRJ_0015,2,106.44,13,0,1,0,C,333396.25,1568.35,available
PRJ_0015_U029,PRJ_0015,3,133.34,6,1,0,0,B,400604.8,1972.66,available
PRJ_0015_U030,PRJ_0015,2,103.85,13,0,1,1,B,296854.82,1551.22,available
PRJ_0015_U031,PRJ_0015,2,92.9,2,0,1,0,A,281820.49,1494.22,available
PRJ_0015_U032,PRJ_0015,2,104.67,11,0,0,0,C,280105.79,1284.17,available
PRJ_0015_U033,PRJ_0015,3,118.52,13,1,1,1,C,358539.97,1914.63,available
PRJ_0015_U034,PRJ_0015,2,81.85,4,0,1,0,C,228371.17,1191.5,available
PRJ_0015_U035,PRJ_0015,2,87.54,2,0,0,0,B,272903.84,865.8,available
PRJ_0015_U036,PRJ_0015,2,66.38,9,1,0,0,D,193134.88,888.67,available
PRJ_0015_U037,PRJ_0015,3,119.34,12,0,0,0,B,308827.35,1101.96,available
PRJ_0015_U038,PRJ_0015,2,69.37,1,0,1,1,C,196280.68,751.92,available
PRJ_0015_U039,PRJ_0015,3,71.02,8,1,0,1,C,221921.39,851.3,available
PRJ_0015_U040,PRJ_0015,2,94.3,12,0,0,1,A,288358.66,1226.59,available
PRJ_0015_U041,PRJ_0015,3,93.98,0,1,0,1,C,310949.93,992.28,available
PRJ_0015_U042,PRJ_0015,2,108.89,7,0,1,1,C,349505.97,1292.2,available
PRJ_0015_U043,PRJ_0015,4,141.83,1,0,1,0,C,411186.15,1329.03,available
PRJ_0015_U044,PRJ_0015,2,91.11,2,0,0,1,B,248780.84,1151.96,available
PRJ_0015_U045,PRJ_0015,2,100.61,6,0,0,0,B,315498.51,1630.36,available
PRJ_0015_U046,PRJ_0015,2,98.53,4,0,1,1,D,281859.42,1525.34,available
PRJ_0015_U047,PRJ_0015,1,56.86,1,1,1,1,B,166436.72,695.03,available
PRJ_0015_U048,PRJ_0015,2,82.41,11,1,0,0,A,243114.96,912.16,available
PRJ_0015_U049,PRJ_0015,2,85.4,2,1,1,0,B,238926.63,1215.22,available
PRJ_0015_U050,PRJ_0015,4,127.29,12,1,1,1,B,386839.36,1323.48,available
PRJ_0015_U051,PRJ_0015,3,137.6,2,0,1,0,C,390579.65,2093.0,available
PRJ_0015_U052,PRJ_0015,2,93.38,7,1,1,1,C,301159.81,1438.05,available
PRJ_0015_U053,PRJ_0015,2,74.73,10,1,0,1,D,223873.6,962.77,available
PRJ_0015_U054,PRJ_0015,2,66.64,6,0,1,1,B,187169.4,633.41,available
PRJ_0015_U055,PRJ_0015,2,86.22,5,1,1,0,B,236717.03,759.3,available
PRJ_0015_U056,PRJ_0015,2,75.62,10,1,0,1,B,233457.13,1025.31,available
PRJ_0015_U057,PRJ_0015,2,58.28,0,1,0,0,B,171273.37,701.85,available
PRJ_0015_U058,PRJ_0015,2,95.62,11,1,1,1,C,289256.95,1464.41,available
PRJ_0015_U059,PRJ_0015,4,152.66,9,0,1,1,A,447090.47,2061.92,available
PRJ_0015_U060,PRJ_0015,3,102.88,10,0,0,0,B,304174.31,1258.81,available
PRJ_0016_U001,PRJ_0016,4,142.68,10,1,0,0,C,462642.43,2477.98,available
PRJ_0016_U002,PRJ_0016,3,91.48,11,0,0,1,B,272458.9,1263.12,available
PRJ_0016_U003,PRJ_0016,1,56.19,10,1,1,0,D,162306.81,844.08,available
PRJ_0016_U004,PRJ_0016,3,136.42,4,1,1,0,C,387080.83,2068.12,available
PRJ_0016_U005,PRJ_0016,3,101.48,12,0,0,0,C,281349.79,1250.4,available
PRJ_0016_U006,PRJ_0016,3,141.29,7,1,1,1,C,466988.37,2529.2,available
PRJ_0016_U007,PRJ_0016,3,115.76,4,0,1,1,A,364326.31,1782.71,available
PRJ_0016_U008,PRJ_0016,1,52.36,2,0,0,1,A,150864.69,655.54,available
PRJ_0016_U009,PRJ_0016,2,95.68,9,1,1,0,D,288762.75,1339.94,available
PRJ_0016_U010,PRJ_0016,2,86.88,3,0,1,1,A,272392.33,981.64,available
PRJ_0016_U011,PRJ_0016,3,118.56,9,1,0,0,B,339201.06,1082.56,available
PRJ_0016_U012,PRJ_0016,3,140.9,0,1,1,1,C,426950.2,1598.69,available
PRJ_0016_U013,PRJ_0016,3,116.93,8,0,1,1,B,358216.79,1484.93,available
PRJ_0016_U014,PRJ_0016,3,137.91,8,1,0,0,B,396982.09,1460.81,available
PRJ_0016_U015,PRJ_0016,2,83.28,7,0,0,0,B,233499.65,1009.48,available
PRJ_0016_U016,PRJ_0016,2,94.89,9,0,1,1,B,273983.47,1273.21,available
PRJ_0016_U017,PRJ_0016,2,82.14,13,0,1,0,C,259640.68,1205.3,available
PRJ_0016_U018,PRJ_0016,2,94.75,11,1,1,1,A,322516.95,1669.88,available
PRJ_0016_U019,PRJ_0016,3,122.66,6,1,1,0,B,378045.62,2019.1,available
PRJ_0016_U020,PRJ_0016,4,104.44,12,0,1,1,A,308533.27,1595.34,available
PRJ_0016_U021,PRJ_0016,2,102.68,13,0,1,1,C,298208.83,1360.45,available
PRJ_0016_U022,PRJ_0016,3,98.0,2,0,1,1,A,285203.28,1035.18,available
PRJ_0016_U023,PRJ_0016,2,85.67,5,0,0,1,B,237743.23,1257.53,available
PRJ_0016_U024,PRJ_0016,3,152.91,10,1,1,0,C,466312.49,1660.12,available
PRJ_0016_U025,PRJ_0016,1,59.77,7,1,0,1,B,186092.8,652.7,available
PRJ_0016_U026,PRJ_0016,3,76.91,1,0,1,1,C,219272.67,851.04,available
PRJ_0016_U027,PRJ_0016,2,84.01,6,0,0,1,B,244490.62,1089.76,available
PRJ_0016_U028,PRJ_0016,2,62.19,5,1,1,1,B,186215.77,875.21,available
PRJ_0016_U029,PRJ_0016,3,80.72,10,0,1,0,B,234497.61,749.59,available
PRJ_0016_U030,PRJ_0016,2,98.93,7,0,0,1,D,284244.23,1397.69,available
PRJ_0016_U031,PRJ_0016,2,76.46,1,1,0,0,B,232079.26,826.31,available
PRJ_0016_U032,PRJ_0016,2,83.82,0,1,1,0,B,227672.29,872.84,available
PRJ_0016_U033,PRJ_0016,4,124.08,4,0,1,1,B,389467.88,1515.56,available
PRJ_0016_U034,PRJ_0016,2,67.76,2,0,1,0,B,195631.17,765.83,available
PRJ_0016_U035,PRJ_0016,3,110.52,12,0,1,1,C,341004.54,1663.25,available
PRJ_0016_U036,PRJ_0016,3,100.7,3,1,1,1,D,315385.11,1027.77,available
PRJ_0016_U037,PRJ_0016,3,82.3,8,0,0,1,B,233245.17,841.74,available
PRJ_0016_U038,PRJ_0016,2,79.49,1,0,1,1,B,220718.44,710.03,available
PRJ_0016_U039,PRJ_0016,3,111.4,6,0,1,1,B,316323.95,1555.63,available
PRJ_0016_U040,PRJ_0016,1,58.74,13,1,1,1,D,180224.1,969.61,available
PRJ_0016_U041,PRJ_0016,3,108.73,9,1,0,0,B,338510.53,1574.29,available
PRJ_0016_U042,PRJ_0016,2,87.38,4,0,1,1,A,246830.36,1109.37,available
PRJ_0016_U043,PRJ_0016,3,115.87,10,1,1,0,D,365864.13,1906.08,available
PRJ_0016_U044,PRJ_0016,3,110.47,7,1,1,1,D,302565.93,1131.69,available
PRJ_0016_U045,PRJ_0016,2,112.37,3,0,0,0,B,309822.85,1027.44,available
PRJ_0016_U046,PRJ_0016,1,64.37,13,1,1,1,B,211656.97,913.11,available
PRJ_0016_U047,PRJ_0016,2,56.02,13,0,1,1,C,166289.65,623.99,available
PRJ_0016_U048,PRJ_0016,3,119.65,7,0,1,1,C,343409.57,1436.0,available
PRJ_0016_U049,PRJ_0016,2,75.71,0,0,0,0,B,205860.01,863.24,available
PRJ_0016_U050,PRJ_0016,3,130.76,5,1,1,0,B,330673.24,1284.35,available
PRJ_0016_U051,PRJ_0016,3,96.95,7,0,1,1,B,275603.35,1174.32,available
PRJ_0016_U052,PRJ_0016,4,130.23,13,0,1,0,B,404752.07,1627.92,available
PRJ_0016_U053,PRJ_0016,2,83.82,10,0,1,0,A,240234.49,821.85,available
PRJ_0016_U054,PRJ_0016,1,62.66,3,1,1,1,C,184971.32,946.46,available
PRJ_0016_U055,PRJ_0016,2,76.11,7,1,1,1,A,208883.0,991.05,available
PRJ_0016_U056,PRJ_0016,3,99.95,2,0,1,0,B,263251.64,858.1,available
PRJ_0016_U057,PRJ_0016,2,90.82,6,1,1,0,C,294867.6,1010.57,available
PRJ_0016_U058,PRJ_0016,2,69.85,7,0,1,1,B,215609.82,729.59,available
PRJ_0016_U059,PRJ_0016,2,73.55,7,1,1,1,B,213669.14,706.3,available
PRJ_0016_U060,PRJ_0016,3,137.9,5,1,1,1,D,403632.82,1331.8,available
PRJ_0016_U061,PRJ_0016,4,160.17,6,0,1,0,A,472139.59,1662.01,available
PRJ_0016_U062,PRJ_0016,2,98.62,11,0,1,1,D,277633.49,1408.82,available
PRJ_0016_U063,PRJ_0016,2,86.44,7,0,1,1,A,232881.59,1171.44,available
PRJ_0016_U064,PRJ_0016,2,90.24,0,0,0,1,B,255464.45,1259.12,available
PRJ_0016_U065,PRJ_0016,2,86.36,10,0,0,0,C,257243.77,1170.4,available
PRJ_0016_U066,PRJ_0016,4,115.63,8,0,1,0,B,351433.45,1684.96,available
PRJ_0016_U067,PRJ_0016,2,86.0,9,1,1,1,B,278852.09,1346.37,available
PRJ_0016_U068,PRJ_0016,3,112.88,9,1,0,1,B,317585.94,1641.16,available
PRJ_0016_U069,PRJ_0016,4,120.28,2,1,0,0,B,352690.25,1698.01,available
PRJ_0016_U070,PRJ_0016,3,115.16,13,0,1,1,A,340180.93,1640.93,available
PRJ_0016_U071,PRJ_0016,2,99.59,13,1,1,1,C,308038.04,1532.75,available
PRJ_0016_U072,PRJ_0016,3,140.37,2,0,0,0,C,390459.21,1725.23,available
PRJ_0016_U073,PRJ_0016,2,101.48,3,0,0,1,B,280017.83,1020.94,available
PRJ_0016_U074,PRJ_0016,2,81.99,3,0,0,1,A,198667.45,666.9,available
PRJ_0016_U075,PRJ_0016,4,100.23,13,0,1,1,B,317540.13,1304.94,available
PRJ_0016_U076,PRJ_0016,2,89.27,13,0,1,0,B,267873.73,903.53,available
PRJ_0016_U077,PRJ_0016,2,78.19,3,0,0,0,B,203507.49,721.96,available
PRJ_0016_U078,PRJ_0016,2,78.69,8,1,1,1,C,250229.4,805.82,available
PRJ_0016_U079,PRJ_0016,2,61.54,3,0,1,0,A,172535.57,662.9,available
PRJ_0016_U080,PRJ_0016,3,82.86,0,1,0,0,B,237206.77,1268.86,available
PRJ_0016_U081,PRJ_0016,3,86.74,3,0,1,0,C,239184.7,961.35,available
PRJ_0016_U082,PRJ_0016,3,114.27,1,0,1,1,A,341447.23,1266.32,available
PRJ_0016_U083,PRJ_0016,2,81.78,11,1,1,1,B,243907.52,993.78,available
PRJ_0016_U084,PRJ_0016,1,68.35,10,1,1,0,C,197982.09,761.18,available
PRJ_0016_U085,PRJ_0016,2,106.1,2,0,1,1,C,326203.31,1527.57,available
PRJ_0016_U086,PRJ_0016,3,125.65,7,0,1,1,A,372849.61,1712.95,available
PRJ_0016_U087,PRJ_0016,3,79.15,2,1,1,1,A,237449.69,766.53,available
PRJ_0016_U088,PRJ_0016,3,120.57,7,1,1,0,B,382269.14,1650.31,available
PRJ_0016_U089,PRJ_0016,3,102.78,12,0,1,1,C,297461.25,966.19,available
PRJ_0016_U090,PRJ_0016,3,109.84,12,0,0,1,B,315138.03,1478.23,available
PRJ_0016_U091,PRJ_0016,2,87.04,11,0,1,0,C,260875.48,1375.4,available
PRJ_0016_U092,PRJ_0016,3,133.12,3,1,0,1,C,364415.02,1898.06,available
PRJ_0016_U093,PRJ_0016,3,106.3,2,0,1,1,D,312738.22,1135.09,available
PRJ_0016_U094,PRJ_0016,4,129.84,2,0,1,1,B,363537.47,1758.66,available
PRJ_0016_U095,PRJ_0016,2,87.25,1,0,0,1,A,259636.08,1285.48,available
PRJ_0016_U096,PRJ_0016,3,99.47,8,0,0,0,B,295918.86,1512.59,available
PRJ_0016_U097,PRJ_0016,2,80.95,9,0,1,1,A,247394.57,927.92,available
PRJ_0016_U098,PRJ_0016,3,110.9,12,0,1,0,B,301084.08,1258.85,available
PRJ_0016_U099,PRJ_0016,4,119.74,1,1,0,1,C,353333.62,1294.99,available
PRJ_0016_U100,PRJ_0016,4,99.02,3,1,1,1,B,281660.79,907.33,available
PRJ_0016_U101,PRJ_0016,2,88.32,10,1,1,1,A,273870.95,1273.35,available
PRJ_0016_U102,PRJ_0016,2,89.01,9,1,1,1,B,244505.72,1011.63,available
PRJ_0016_U103,PRJ_0016,3,127.74,5,0,1,1,D,343073.84,1277.93,available
PRJ_0017_U001,PRJ_0017,2,107.28,2,0,0,0,C,323184.53,1268.0,available
PRJ_0017_U002,PRJ_0017,3,120.71,0,1,1,1,A,344828.6,1448.59,available
PRJ_0017_U003,PRJ_0017,3,102.84,11,0,0,1,C,315403.29,1450.06,available
PRJ_0017_U004,PRJ_0017,2,73.47,1,1,1,1,A,224173.07,868.37,available
PRJ_0017_U005,PRJ_0017,3,89.93,1,0,1,0,C,259493.69,926.11,available
PRJ_0017_U006,PRJ_0017,2,88.32,11,1,1,0,B,280995.22,1500.67,available
PRJ_0017_U007,PRJ_0017,2,85.26,9,0,1,0,C,249875.65,900.75,available
PRJ_0017_U008,PRJ_0017,2,84.71,1,0,1,1,B,260207.98,960.25,available
PRJ_0017_U009,PRJ_0017,1,38.42,4,0,1,0,C,113739.35,550.0,available
PRJ_0017_U010,PRJ_0017,3,133.55,9,0,1,1,A,398905.04,1332.64,available
PRJ_0017_U011,PRJ_0017,3,102.75,9,0,1,1,A,337868.22,1095.8,available
PRJ_0017_U012,PRJ_0017,2,87.01,5,1,1,0,C,269630.64,892.67,available
PRJ_0017_U013,PRJ_0017,3,60.44,5,0,1,0,B,184034.91,633.82,available
PRJ_0017_U014,PRJ_0017,2,56.35,1,0,0,1,C,177244.82,732.44,available
PRJ_0017_U015,PRJ_0017,2,85.46,0,0,0,1,C,268609.05,1351.78,available
PRJ_0017_U016,PRJ_0017,3,131.43,13,0,1,1,C,416810.66,1640.61,available
PRJ_0017_U017,PRJ_0017,2,106.24,3,1,1,1,C,325503.94,1343.88,available
PRJ_0017_U018,PRJ_0017,3,99.2,12,0,0,1,C,278547.08,1258.26,available
PRJ_0017_U019,PRJ_0017,2,72.76,0,0,0,0,D,212729.31,818.26,available
PRJ_0017_U020,PRJ_0017,3,82.2,13,1,0,1,A,272216.52,1126.94,available
PRJ_0017_U021,PRJ_0017,2,95.89,5,0,0,0,C,282420.91,1139.81,available
PRJ_0017_U022,PRJ_0017,2,86.8,11,0,1,1,C,221445.75,871.59,available
PRJ_0017_U023,PRJ_0017,3,175.94,11,1,0,1,B,576443.64,2329.15,available
PRJ_0017_U024,PRJ_0017,3,98.42,4,0,1,1,B,308515.07,984.68,available
PRJ_0017_U025,PRJ_0017,2,94.59,10,0,0,1,B,281749.96,1454.04,available
PRJ_0017_U026,PRJ_0017,3,120.66,4,0,0,1,C,371928.82,1995.66,available
PRJ_0017_U027,PRJ_0017,2,72.78,11,1,0,0,B,232440.04,1187.14,available
PRJ_0017_U028,PRJ_0017,2,81.8,13,0,1,0,C,240027.4,763.19,available
PRJ_0017_U029,PRJ_0017,2,85.76,11,0,1,1,C,281126.97,1365.2,available
PRJ_0017_U030,PRJ_0017,3,110.57,10,0,1,0,C,314691.2,1402.31,available
PRJ_0017_U031,PRJ_0017,3,150.96,5,0,1,0,B,444309.84,1501.13,available
PRJ_0017_U032,PRJ_0017,3,124.29,1,1,0,1,C,376493.35,1982.46,available
PRJ_0017_U033,PRJ_0017,3,124.71,7,0,0,0,C,356376.4,1750.93,available
PRJ_0017_U034,PRJ_0017,2,73.99,1,1,1,0,A,230424.45,805.01,available
PRJ_0017_U035,PRJ_0017,2,83.09,7,0,0,0,B,263896.07,1408.09,available
PRJ_0017_U036,PRJ_0017,2,92.95,12,1,1,1,B,315776.19,1089.62,available
PRJ_0017_U037,PRJ_0017,3,124.42,1,0,1,0,D,380547.29,1594.38,available
PRJ_0017_U038,PRJ_0017,2,75.73,12,0,1,1,B,213593.94,752.78,available
PRJ_0017_U039,PRJ_0017,3,113.2,8,1,1,0,A,333217.97,1167.79,available
PRJ_0017_U040,PRJ_0017,3,109.54,0,0,0,0,A,319616.05,1708.1,available
PRJ_0017_U041,PRJ_0017,3,106.05,10,1,0,1,A,332409.86,1480.53,available
PRJ_0017_U042,PRJ_0017,1,61.7,0,0,0,0,B,174095.29,652.82,available
PRJ_0017_U043,PRJ_0017,2,62.28,8,0,1,1,C,210247.43,1033.06,available
PRJ_0017_U044,PRJ_0017,4,180.0,7,0,0,1,B,547218.13,2810.49,available
PRJ_0017_U045,PRJ_0017,3,112.73,10,0,1,0,C,351817.25,1840.45,available
PRJ_0017_U046,PRJ_0017,2,106.52,5,0,1,0,A,329938.71,1737.42,available
PRJ_0017_U047,PRJ_0017,3,115.55,1,0,1,1,B,347050.37,1806.13,available
PRJ_0017_U048,PRJ_0017,4,81.36,5,0,0,0,C,265951.59,1224.51,available
PRJ_0017_U049,PRJ_0017,2,96.49,10,0,0,1,C,278068.06,1094.81,available
PRJ_0017_U050,PRJ_0017,4,128.1,13,1,1,0,C,391820.92,2056.74,available
PRJ_0017_U051,PRJ_0017,2,85.24,2,0,0,0,B,235055.9,809.13,available
PRJ_0017_U052,PRJ_0017,4,121.91,4,0,1,0,B,387958.53,1375.88,available
PRJ_0017_U053,PRJ_0017,2,100.34,12,0,1,1,C,321637.17,1332.47,available
PRJ_0017_U054,PRJ_0017,2,102.51,4,0,0,1,A,292899.99,1114.46,available
PRJ_0017_U055,PRJ_0017,1,63.8,3,0,0,0,C,176661.04,804.17,available
PRJ_0017_U056,PRJ_0017,3,152.88,11,0,0,1,B,494346.97,2572.38,available
PRJ_0017_U057,PRJ_0017,4,180.0,6,0,0,1,A,554180.95,2367.18,available
PRJ_0017_U058,PRJ_0017,2,69.69,8,0,1,0,C,226675.03,1000.29,available
PRJ_0017_U059,PRJ_0017,2,73.53,6,0,0,0,C,218517.86,900.01,available
PRJ_0017_U060,PRJ_0017,2,68.19,8,1,0,0,D,216560.96,1030.55,available
PRJ_0017_U061,PRJ_0017,2,95.89,3,0,1,0,D,287284.61,974.82,available
PRJ_0017_U062,PRJ_0017,3,101.69,10,0,1,0,B,299352.78,980.68,available
PRJ_0017_U063,PRJ_0017,1,74.55,5,0,1,1,C,221683.88,1021.89,available
PRJ_0017_U064,PRJ_0017,4,130.06,7,1,0,0,D,378876.32,1655.74,available
PRJ_0017_U065,PRJ_0017,4,161.58,2,0,0,0,B,479131.21,1956.4,available
PRJ_0017_U066,PRJ_0017,2,67.04,0,1,0,0,B,209455.66,820.68,available
PRJ_0017_U067,PRJ_0017,3,78.02,7,1,1,1,D,261827.08,859.64,available
PRJ_0017_U068,PRJ_0017,4,140.34,1,0,1,1,A,434337.29,2040.48,available
PRJ_0017_U069,PRJ_0017,3,130.66,12,0,1,1,D,400098.06,1646.39,available
PRJ_0017_U070,PRJ_0017,3,118.74,13,1,1,0,B,403611.34,1682.46,available
PRJ_0017_U071,PRJ_0017,1,54.07,4,0,1,1,D,169178.89,875.83,available
PRJ_0017_U072,PRJ_0017,1,35.91,4,0,1,0,C,113364.26,550.0,available
PRJ_0017_U073,PRJ_0017,3,144.39,7,0,1,0,C,470565.91,1722.47,available
PRJ_0017_U074,PRJ_0017,2,86.98,2,0,1,1,C,258882.65,1202.59,available
PRJ_0017_U075,PRJ_0017,3,107.62,12,0,0,0,A,327004.59,1132.82,available
PRJ_0017_U076,PRJ_0017,3,85.26,1,0,1,1,C,265247.0,955.77,available
PRJ_0017_U077,PRJ_0017,2,68.41,6,0,1,1,D,198721.21,948.6,available
PRJ_0017_U078,PRJ_0017,2,80.8,2,0,1,1,D,228364.56,787.84,available
PRJ_0017_U079,PRJ_0017,2,77.94,11,1,0,1,D,228811.3,868.82,available
PRJ_0017_U080,PRJ_0017,3,93.41,2,0,0,0,C,268864.5,1394.68,available
PRJ_0017_U081,PRJ_0017,2,86.65,6,0,1,1,C,262594.28,1267.77,available
PRJ_0017_U082,PRJ_0017,1,43.37,11,1,0,1,B,126405.95,664.64,available
PRJ_0017_U083,PRJ_0017,4,180.0,6,0,0,1,C,548402.01,2824.7,available
PRJ_0017_U084,PRJ_0017,3,79.35,2,1,0,0,C,237675.93,919.8,available
PRJ_0017_U085,PRJ_0017,3,114.72,2,0,1,0,A,358652.68,1646.04,available
PRJ_0017_U086,PRJ_0017,3,120.41,8,0,1,1,A,408438.0,1641.4,available
PRJ_0017_U087,PRJ_0017,2,85.09,1,0,1,0,C,256884.64,1216.39,available
PRJ_0017_U088,PRJ_0017,4,136.65,4,0,1,1,B,395023.56,1560.62,available
PRJ_0017_U089,PRJ_0017,3,124.82,8,0,1,1,B,397142.85,1258.8,available
PRJ_0017_U090,PRJ_0017,2,80.27,5,0,1,1,B,240539.41,812.55,available
PRJ_0017_U091,PRJ_0017,2,95.14,11,1,1,0,C,296504.75,1453.3,available
PRJ_0017_U092,PRJ_0017,2,54.52,9,0,1,0,D,158515.93,550.0,available
PRJ_0017_U093,PRJ_0017,3,97.07,1,0,1,1,C,283996.49,1282.35,available
PRJ_0017_U094,PRJ_0017,3,145.82,11,1,1,0,D,455885.88,2323.5,available
PRJ_0017_U095,PRJ_0017,3,133.3,12,1,1,0,D,437377.17,2114.34,available
PRJ_0017_U096,PRJ_0017,4,145.46,2,0,1,0,B,440333.62,1804.0,available
PRJ_0017_U097,PRJ_0017,2,112.45,5,1,0,0,A,369310.96,1342.82,available
PRJ_0017_U098,PRJ_0017,3,88.0,5,0,1,0,B,268516.96,1407.67,available
PRJ_0017_U099,PRJ_0017,3,120.21,5,1,1,1,A,381897.06,1696.03,available
PRJ_0017_U100,PRJ_0017,3,144.18,6,0,1,1,C,437541.68,1784.67,available
PRJ_0017_U101,PRJ_0017,1,56.99,12,0,1,0,B,164185.68,867.93,available
PRJ_0017_U102,PRJ_0017,3,159.92,9,0,1,0,D,472075.34,1723.29,available
PRJ_0017_U103,PRJ_0017,3,120.76,12,0,1,1,C,359146.71,1494.7,available
PRJ_0017_U104,PRJ_0017,2,59.45,4,1,1,0,B,159025.2,550.0,available
PRJ_0017_U105,PRJ_0017,3,125.77,7,0,0,0,D,355971.1,1227.26,available
PRJ_0017_U106,PRJ_0017,2,79.05,1,0,1,0,D,252020.35,1024.09,available
PRJ_0017_U107,PRJ_0017,2,96.94,3,0,1,0,C,291425.35,1381.62,available
PRJ_0017_U108,PRJ_0017,3,105.63,8,1,1,1,C,331418.53,1302.2,available
PRJ_0017_U109,PRJ_0017,2,83.57,2,1,0,0,D,256524.22,1210.35,available
PRJ_0017_U110,PRJ_0017,3,137.68,13,0,1,0,C,377492.53,1879.29,available
PRJ_0018_U001,PRJ_0018,4,132.6,3,0,0,0,B,568831.25,1873.19,available
PRJ_0018_U002,PRJ_0018,1,44.57,10,0,1,0,B,222384.08,829.19,available
PRJ_0018_U003,PRJ_0018,3,70.97,11,0,1,1,B,338638.38,1647.84,available
PRJ_0018_U004,PRJ_0018,3,172.93,7,0,1,0,C,853564.49,3494.72,available
PRJ_0018_U005,PRJ_0018,1,56.66,1,0,1,0,A,268382.42,1188.35,available
PRJ_0018_U006,PRJ_0018,1,49.2,1,1,1,0,B,218267.59,1155.21,available
PRJ_0018_U007,PRJ_0018,1,70.03,5,0,1,0,B,327879.38,1072.42,available
PRJ_0018_U008,PRJ_0018,2,72.42,6,0,1,0,C,356785.36,1490.81,available
PRJ_0018_U009,PRJ_0018,1,62.3,12,0,1,0,C,291955.27,1161.85,available
PRJ_0018_U010,PRJ_0018,2,113.75,0,0,1,1,B,519507.03,1769.53,available
PRJ_0018_U011,PRJ_0018,3,145.47,12,0,1,1,B,637739.7,3383.82,available
PRJ_0018_U012,PRJ_0018,3,110.29,0,1,1,0,B,540138.3,2878.91,available
PRJ_0018_U013,PRJ_0018,3,85.4,6,0,1,0,B,404786.66,1565.52,available
PRJ_0018_U014,PRJ_0018,1,59.14,5,0,1,1,C,260839.86,1381.61,available
PRJ_0018_U015,PRJ_0018,3,103.3,7,0,1,1,A,483507.29,1569.37,available
PRJ_0018_U016,PRJ_0018,2,106.5,0,1,1,1,C,515439.09,2769.81,available
PRJ_0018_U017,PRJ_0018,2,71.03,10,0,0,0,C,317710.68,1603.65,available
PRJ_0018_U018,PRJ_0018,3,90.01,1,1,1,0,D,426320.26,1555.6,available
PRJ_0018_U019,PRJ_0018,4,145.5,10,1,0,0,B,634664.67,2865.92,available
PRJ_0018_U020,PRJ_0018,4,147.75,7,0,1,1,B,750411.55,3724.17,available
PRJ_0018_U021,PRJ_0018,3,81.06,12,1,1,1,A,400459.37,1555.82,available
PRJ_0018_U022,PRJ_0018,3,107.53,13,0,0,0,D,467613.81,1852.97,available
PRJ_0018_U023,PRJ_0018,3,154.77,11,1,1,1,C,670060.83,3070.12,available
PRJ_0018_U024,PRJ_0018,3,119.42,6,1,1,1,C,619878.34,2168.1,available
PRJ_0018_U025,PRJ_0018,2,69.02,5,1,1,1,C,340717.07,1169.56,available
PRJ_0018_U026,PRJ_0018,2,83.81,9,0,0,0,B,389716.31,1453.15,available
PRJ_0018_U027,PRJ_0018,4,121.89,9,1,1,1,C,627710.35,3034.67,available
PRJ_0018_U028,PRJ_0018,4,144.37,11,1,0,1,C,729932.29,2913.54,available
PRJ_0018_U029,PRJ_0018,2,64.65,6,0,1,1,A,310568.83,1338.0,available
PRJ_0018_U030,PRJ_0018,2,99.11,6,0,1,0,D,459010.1,1655.39,available
PRJ_0018_U031,PRJ_0018,2,92.63,1,0,1,1,D,419391.41,1511.24,available
PRJ_0018_U032,PRJ_0018,2,93.65,2,1,1,1,D,459244.1,2126.38,available
PRJ_0018_U033,PRJ_0018,2,54.29,11,0,0,1,C,271140.52,924.73,available
PRJ_0018_U034,PRJ_0018,3,75.44,13,0,1,1,B,357086.33,1667.35,available
PRJ_0018_U035,PRJ_0018,1,54.66,8,0,0,0,C,270066.68,1098.7,available
PRJ_0018_U036,PRJ_0018,2,86.24,4,1,1,0,A,416010.59,1945.69,available
PRJ_0018_U037,PRJ_0018,2,95.88,0,1,1,1,C,469231.0,1888.92,available
PRJ_0018_U038,PRJ_0018,3,153.55,0,0,1,0,A,783865.91,3974.42,available
PRJ_0018_U039,PRJ_0018,2,78.53,9,1,0,1,C,412127.87,1356.59,available
PRJ_0018_U040,PRJ_0018,2,70.97,8,0,1,0,B,360872.54,1868.09,available
PRJ_0018_U041,PRJ_0018,3,90.29,3,1,1,1,A,416337.03,1570.07,available
PRJ_0018_U042,PRJ_0018,3,117.25,2,1,0,1,A,613195.57,2000.48,available
PRJ_0018_U043,PRJ_0018,2,78.29,0,1,1,0,C,369218.75,1636.41,available
PRJ_0018_U044,PRJ_0018,3,99.08,9,1,1,0,B,476995.44,1751.27,available
PRJ_0018_U045,PRJ_0018,2,110.09,8,0,0,0,B,451889.11,1897.88,available
PRJ_0018_U046,PRJ_0018,3,117.08,4,1,1,0,A,563501.29,2801.66,available
PRJ_0018_U047,PRJ_0018,2,92.38,10,0,1,0,B,409875.92,2027.92,available
PRJ_0018_U048,PRJ_0018,4,95.54,11,1,1,0,D,474742.7,2144.67,available
PRJ_0018_U049,PRJ_0018,4,180.0,7,0,0,1,B,791535.0,4200.0,available
PRJ_0018_U050,PRJ_0018,3,98.6,3,0,1,1,B,496876.58,2091.9,available
PRJ_0018_U051,PRJ_0018,4,160.58,0,0,0,0,A,737180.88,2399.74,available
PRJ_0018_U052,PRJ_0018,2,109.61,11,0,0,0,A,561859.15,2815.12,available
PRJ_0018_U053,PRJ_0018,3,104.51,8,0,1,0,B,465165.22,1704.63,available
PRJ_0018_U054,PRJ_0018,2,84.91,4,0,1,1,A,423004.53,1507.25,available
PRJ_0018_U055,PRJ_0018,2,99.98,0,0,0,1,A,412502.47,1371.24,available
PRJ_0018_U056,PRJ_0018,3,99.56,11,0,1,1,A,478647.3,1868.85,available
PRJ_0018_U057,PRJ_0018,3,100.03,12,1,1,0,B,471699.69,1839.88,available
PRJ_0018_U058,PRJ_0018,3,119.09,6,0,1,1,C,553944.26,2131.52,available
PRJ_0018_U059,PRJ_0018,3,118.14,3,1,0,0,A,534731.18,2407.01,available
PRJ_0018_U060,PRJ_0018,3,139.4,8,0,1,1,C,632899.31,3074.39,available
PRJ_0018_U061,PRJ_0018,4,158.32,12,1,1,1,C,732328.03,3864.23,available
PRJ_0018_U062,PRJ_0018,4,158.88,8,1,1,0,D,756574.8,2555.92,available
PRJ_0018_U063,PRJ_0018,3,135.71,0,0,1,1,B,631168.03,2212.26,available
PRJ_0018_U064,PRJ_0018,2,68.94,2,0,0,0,C,325921.01,1464.63,available
PRJ_0018_U065,PRJ_0018,3,104.11,1,0,1,1,C,488479.19,1654.71,available
PRJ_0018_U066,PRJ_0018,3,110.13,5,0,0,1,D,528511.54,2114.51,available
PRJ_0018_U067,PRJ_0018,4,178.92,6,0,0,0,C,762438.51,3485.8,available
PRJ_0018_U068,PRJ_0018,1,60.5,7,0,1,0,A,277642.83,1366.81,available
PRJ_0018_U069,PRJ_0018,2,98.3,10,0,0,1,D,475255.0,1737.66,available
PRJ_0018_U070,PRJ_0018,2,94.23,1,1,0,1,C,451734.72,2109.44,available
PRJ_0018_U071,PRJ_0018,2,71.44,13,1,0,0,B,326816.35,1509.85,available
PRJ_0018_U072,PRJ_0018,3,121.0,3,0,0,0,A,565794.93,2886.01,available
PRJ_0018_U073,PRJ_0018,1,66.6,7,0,1,0,D,304105.07,1177.68,available
PRJ_0018_U074,PRJ_0018,2,82.25,2,0,0,0,A,353175.85,1714.45,available
PRJ_0018_U075,PRJ_0018,3,141.18,4,1,1,1,C,694527.95,3374.48,available
PRJ_0018_U076,PRJ_0018,2,66.57,11,1,0,1,B,322778.03,1195.85,available
PRJ_0018_U077,PRJ_0018,2,70.62,0,1,1,0,C,325694.36,1486.56,available
PRJ_0018_U078,PRJ_0018,3,114.52,6,0,1,0,A,522251.64,2447.16,available
PRJ_0019_U001,PRJ_0019,3,104.16,8,0,1,0,B,351572.52,1536.91,available
PRJ_0019_U002,PRJ_0019,3,119.2,3,0,0,1,A,419834.47,1624.78,available
PRJ_0019_U003,PRJ_0019,4,140.53,7,0,1,0,D,481702.26,1531.69,available
PRJ_0019_U004,PRJ_0019,2,89.91,7,1,0,0,C,313636.23,1449.85,available
PRJ_0019_U005,PRJ_0019,2,91.08,2,0,0,0,B,313865.64,1198.5,available
PRJ_0019_U006,PRJ_0019,2,88.44,9,0,1,0,C,338762.02,1263.38,available
PRJ_0019_U007,PRJ_0019,1,61.4,5,0,0,0,B,217423.87,1165.4,available
PRJ_0019_U008,PRJ_0019,4,122.53,2,1,1,0,B,461481.92,1642.28,available
PRJ_0019_U009,PRJ_0019,2,100.93,7,1,1,0,B,378693.82,1226.83,available
PRJ_0019_U010,PRJ_0019,2,75.68,9,0,0,1,B,269424.97,1428.71,available
PRJ_0019_U011,PRJ_0019,3,113.93,0,1,1,1,B,441148.46,1700.71,available
PRJ_0019_U012,PRJ_0019,2,60.62,12,0,0,1,B,213305.65,864.29,available
PRJ_0019_U013,PRJ_0019,2,71.83,8,0,1,0,B,272218.32,911.6,available
PRJ_0019_U014,PRJ_0019,3,126.69,3,1,1,0,C,494061.76,2013.7,available
PRJ_0019_U015,PRJ_0019,2,61.85,10,1,1,0,B,223760.7,1198.05,available
PRJ_0019_U016,PRJ_0019,3,126.76,11,0,1,0,B,445154.12,2104.78,available
PRJ_0019_U017,PRJ_0019,3,172.91,13,1,1,1,D,643941.36,2725.66,available
PRJ_0019_U018,PRJ_0019,2,115.2,11,0,1,0,B,388367.97,1498.51,available
PRJ_0019_U019,PRJ_0019,3,112.03,2,0,1,1,C,392330.57,1565.5,available
PRJ_0019_U020,PRJ_0019,3,129.1,2,0,1,1,A,493102.7,2239.64,available
PRJ_0019_U021,PRJ_0019,2,68.63,2,0,0,0,C,225345.8,842.61,available
PRJ_0019_U022,PRJ_0019,3,79.96,12,1,1,1,B,326424.71,1145.28,available
PRJ_0019_U023,PRJ_0019,2,92.97,4,0,1,0,B,321431.7,1521.39,available
PRJ_0019_U024,PRJ_0019,3,124.44,4,1,0,0,A,495807.34,2540.01,available
PRJ_0019_U025,PRJ_0019,3,134.98,12,1,0,0,C,483342.64,2511.03,available
PRJ_0019_U026,PRJ_0019,1,57.81,2,0,0,1,C,201849.16,1021.33,available
PRJ_0019_U027,PRJ_0019,2,93.86,5,1,0,1,C,327478.89,1427.98,available
PRJ_0019_U028,PRJ_0019,1,64.4,4,1,1,1,B,231633.86,1144.63,available
PRJ_0019_U029,PRJ_0019,3,104.09,4,0,1,1,C,398244.58,2091.17,available
PRJ_0019_U030,PRJ_0019,3,120.76,8,1,0,1,C,464756.01,1496.16,available
PRJ_0019_U031,PRJ_0019,2,78.04,10,1,1,1,B,314162.3,1286.15,available
PRJ_0019_U032,PRJ_0019,1,55.77,3,0,0,0,B,180511.04,654.52,available
PRJ_0019_U033,PRJ_0019,4,148.79,0,0,1,0,B,543053.72,2937.59,available
PRJ_0019_U034,PRJ_0019,2,83.82,8,0,0,0,C,284603.98,1496.5,available
PRJ_0019_U035,PRJ_0019,2,103.73,7,0,0,1,B,350448.86,1742.29,available
PRJ_0019_U036,PRJ_0019,2,88.92,9,0,1,1,B,332028.66,1272.47,available
PRJ_0019_U037,PRJ_0019,3,138.12,6,1,1,1,D,534841.79,2839.42,available
PRJ_0019_U038,PRJ_0019,2,73.7,10,0,0,1,D,267556.31,864.87,available
PRJ_0019_U039,PRJ_0019,3,111.24,8,1,0,1,B,433183.46,1555.02,available
PRJ_0019_U040,PRJ_0019,3,92.76,10,0,0,0,D,345509.51,1573.67,available
PRJ_0019_U041,PRJ_0019,1,49.57,10,0,0,0,A,189891.72,940.14,available
PRJ_0019_U042,PRJ_0019,3,82.0,6,1,1,1,C,295247.21,1521.95,available
PRJ_0019_U043,PRJ_0019,2,107.42,4,0,1,0,B,408154.21,1568.46,available
PRJ_0019_U044,PRJ_0019,1,80.53,8,0,1,0,B,320537.36,1296.89,available
PRJ_0019_U045,PRJ_0019,3,120.2,8,1,1,1,D,451754.8,1892.87,available
PRJ_0019_U046,PRJ_0019,2,90.07,8,0,1,0,A,300332.08,969.28,available
PRJ_0019_U047,PRJ_0019,4,142.27,7,0,1,1,C,488663.6,2497.36,available
PRJ_0019_U048,PRJ_0019,3,105.93,4,1,0,1,B,378265.97,1485.47,available
PRJ_0019_U049,PRJ_0019,2,114.41,1,1,1,0,A,462511.76,1672.0,available
PRJ_0019_U050,PRJ_0019,4,137.12,5,0,0,1,D,482638.77,1972.72,available
PRJ_0019_U051,PRJ_0019,3,84.39,12,0,1,0,B,297547.54,1417.94,available
PRJ_0019_U052,PRJ_0019,2,96.06,10,0,1,1,D,342305.46,1754.74,available
PRJ_0019_U053,PRJ_0019,3,95.15,10,0,1,0,C,323263.93,1180.32,available
PRJ_0019_U054,PRJ_0019,4,167.85,10,0,0,0,A,625214.48,2222.67,available
PRJ_0019_U055,PRJ_0019,2,97.45,12,1,0,0,B,359618.36,1902.45,available
PRJ_0019_U056,PRJ_0019,2,96.49,3,1,1,0,B,391573.58,1725.34,available
PRJ_0019_U057,PRJ_0019,2,116.97,10,0,1,0,B,438905.3,1751.08,available
PRJ_0019_U058,PRJ_0019,2,71.51,0,0,1,1,A,267067.84,965.49,available
PRJ_0019_U059,PRJ_0019,2,58.67,3,0,1,1,B,207851.99,1123.64,available
PRJ_0019_U060,PRJ_0019,3,92.31,0,0,1,0,C,308444.86,1475.86,available
PRJ_0019_U061,PRJ_0019,4,101.24,6,1,1,1,A,370678.55,1355.54,available
PRJ_0019_U062,PRJ_0019,3,144.32,1,0,0,1,C,472809.76,1594.31,available
PRJ_0019_U063,PRJ_0019,1,66.92,5,0,0,0,B,242417.06,876.35,available
PRJ_0019_U064,PRJ_0019,2,94.74,1,0,1,1,A,333199.88,1240.87,available
PRJ_0019_U065,PRJ_0019,1,48.58,0,1,0,1,A,186017.4,635.55,available
PRJ_0019_U066,PRJ_0019,2,92.92,6,1,1,0,A,353310.55,1301.38,available
PRJ_0019_U067,PRJ_0019,3,105.94,5,0,0,0,C,361674.44,1240.33,available
PRJ_0019_U068,PRJ_0019,2,90.92,5,0,1,0,A,302527.07,1215.12,available
PRJ_0019_U069,PRJ_0019,3,117.67,4,0,1,1,C,428322.67,1824.91,available
PRJ_0019_U070,PRJ_0019,2,97.18,5,0,0,1,C,338025.4,1416.68,available
PRJ_0019_U071,PRJ_0019,3,113.75,0,0,1,0,A,420155.6,2114.39,available
PRJ_0019_U072,PRJ_0019,4,128.75,6,1,0,1,D,466707.11,1744.62,available
PRJ_0019_U073,PRJ_0019,3,98.06,11,0,0,0,D,360716.4,1862.24,available
PRJ_0019_U074,PRJ_0019,4,140.38,1,0,0,1,A,534185.54,2783.08,available
PRJ_0019_U075,PRJ_0019,3,94.51,2,0,1,1,D,343532.46,1829.73,available
PRJ_0019_U076,PRJ_0019,3,125.04,10,1,1,1,B,497541.86,1778.15,available
PRJ_0019_U077,PRJ_0019,2,68.37,7,0,1,1,C,259482.96,965.17,available
PRJ_0019_U078,PRJ_0019,2,95.41,3,1,1,1,A,389083.11,1778.22,available
PRJ_0019_U079,PRJ_0019,3,102.09,10,0,0,0,C,371111.3,1292.83,available
PRJ_0019_U080,PRJ_0019,1,56.07,4,0,1,1,C,208094.23,699.05,available
PRJ_0019_U081,PRJ_0019,4,180.0,8,0,1,1,D,662999.34,2209.44,available
PRJ_0019_U082,PRJ_0019,2,95.1,7,0,1,1,D,337329.04,1528.27,available
PRJ_0019_U083,PRJ_0019,3,130.84,2,0,0,1,A,432332.89,2151.8,available
PRJ_0019_U084,PRJ_0019,2,80.01,10,1,0,1,C,319855.15,1199.19,available
PRJ_0019_U085,PRJ_0019,4,104.18,8,1,1,0,B,373614.98,1967.87,available
PRJ_0019_U086,PRJ_0019,1,55.97,2,0,1,0,A,205176.95,1015.32,available
PRJ_0019_U087,PRJ_0019,2,90.68,10,0,0,0,A,330349.83,1103.68,available
PRJ_0019_U088,PRJ_0019,3,126.31,8,0,1,1,D,487473.04,1990.4,available
PRJ_0019_U089,PRJ_0019,2,95.3,11,1,0,1,C,349040.35,1158.71,available
PRJ_0019_U090,PRJ_0019,2,77.47,11,1,0,0,A,275860.96,1441.61,available
PRJ_0019_U091,PRJ_0019,4,169.91,4,0,0,1,D,608845.63,2945.58,available
PRJ_0019_U092,PRJ_0019,3,116.67,13,0,1,0,C,418263.3,1970.6,available
PRJ_0019_U093,PRJ_0019,2,62.6,0,0,0,0,B,203537.4,957.18,available
PRJ_0019_U094,PRJ_0019,3,143.02,4,0,0,1,B,551706.08,2101.08,available
PRJ_0019_U095,PRJ_0019,2,73.28,8,1,1,0,C,265809.13,1400.05,available
PRJ_0019_U096,PRJ_0019,2,93.81,7,1,0,1,C,335139.62,1757.11,available
PRJ_0019_U097,PRJ_0019,3,129.83,3,1,1,1,B,477720.78,2307.64,available
PRJ_0019_U098,PRJ_0019,2,78.35,2,0,0,1,B,292810.61,1236.18,available
PRJ_0019_U099,PRJ_0019,2,60.95,10,1,1,0,A,205263.6,671.76,available
PRJ_0019_U100,PRJ_0019,2,87.14,12,1,1,1,B,353125.55,1140.73,available
PRJ_0019_U101,PRJ_0019,3,77.1,9,0,1,0,B,267720.45,930.99,available
PRJ_0019_U102,PRJ_0019,3,128.02,7,0,1,0,B,471900.28,2126.92,available
PRJ_0019_U103,PRJ_0019,2,118.34,10,0,1,1,B,421910.38,2093.68,available
PRJ_0019_U104,PRJ_0019,4,113.74,3,0,0,1,C,439839.18,2331.46,available
PRJ_0019_U105,PRJ_0019,3,88.83,13,1,1,0,B,337577.31,1202.19,available
PRJ_0020_U001,PRJ_0020,2,80.49,9,1,0,1,C,243213.49,1043.41,available
PRJ_0020_U002,PRJ_0020,2,73.44,11,1,1,1,A,251180.1,938.24,available
PRJ_0020_U003,PRJ_0020,4,160.66,1,0,0,1,D,509743.97,2217.18,available
PRJ_0020_U004,PRJ_0020,2,90.12,11,1,1,0,C,300379.7,1263.24,available
PRJ_0020_U005,PRJ_0020,2,121.67,4,0,1,0,B,389322.25,1978.54,available
PRJ_0020_U006,PRJ_0020,2,68.42,7,0,1,1,D,242949.93,1258.22,available
PRJ_0020_U007,PRJ_0020,3,129.6,12,0,1,1,C,441309.19,2151.37,available
PRJ_0020_U008,PRJ_0020,2,73.15,3,0,1,1,D,254518.67,989.02,available
PRJ_0020_U009,PRJ_0020,2,82.6,3,0,0,1,A,248298.2,807.56,available
PRJ_0020_U010,PRJ_0020,3,137.17,13,0,0,1,B,452152.63,2373.2,available
PRJ_0020_U011,PRJ_0020,3,107.69,5,1,1,0,C,330192.42,1782.61,available
PRJ_0020_U012,PRJ_0020,3,114.07,13,0,0,0,A,368308.88,1271.57,available
PRJ_0020_U013,PRJ_0020,2,81.86,5,1,0,1,C,262184.37,1234.71,available
PRJ_0020_U014,PRJ_0020,4,138.15,8,0,1,0,C,494406.43,2038.56,available
PRJ_0020_U015,PRJ_0020,4,158.17,7,0,0,1,B,540308.73,1891.53,available
PRJ_0020_U016,PRJ_0020,3,117.71,13,1,0,0,C,423898.05,2294.3,available
PRJ_0020_U017,PRJ_0020,3,97.39,7,1,0,0,A,326647.12,1720.26,available
PRJ_0020_U018,PRJ_0020,4,155.61,7,1,1,1,C,522702.17,2810.85,available
PRJ_0020_U019,PRJ_0020,4,141.65,6,1,0,0,C,459983.67,1605.54,available
PRJ_0020_U020,PRJ_0020,1,68.44,5,0,0,0,B,222136.67,949.3,available
PRJ_0020_U021,PRJ_0020,4,149.49,6,1,1,1,B,576996.48,2990.09,available
PRJ_0020_U022,PRJ_0020,3,117.62,6,0,1,1,B,409538.9,1919.01,available
PRJ_0020_U023,PRJ_0020,3,104.66,10,0,1,0,B,345427.23,1431.63,available
PRJ_0020_U024,PRJ_0020,2,65.52,0,1,1,1,C,223488.99,967.53,available
PRJ_0020_U025,PRJ_0020,2,76.41,7,1,1,1,B,270027.1,878.54,available
PRJ_0020_U026,PRJ_0020,3,74.49,7,0,1,0,B,275922.18,1253.4,available
PRJ_0020_U027,PRJ_0020,3,143.33,10,0,0,1,B,509351.09,2598.21,available
PRJ_0020_U028,PRJ_0020,2,62.55,9,0,0,1,C,212110.97,673.02,available
PRJ_0020_U029,PRJ_0020,3,150.01,6,1,1,0,C,526626.41,1857.19,available
PRJ_0020_U030,PRJ_0020,2,76.07,1,0,1,1,A,255956.72,1108.84,available
PRJ_0020_U031,PRJ_0020,2,98.05,5,0,1,1,B,333115.92,1475.32,available
PRJ_0020_U032,PRJ_0020,3,76.82,3,1,1,0,A,255435.21,1006.21,available
PRJ_0020_U033,PRJ_0020,3,91.11,2,0,1,1,A,289300.93,934.3,available
PRJ_0020_U034,PRJ_0020,2,92.66,10,0,1,0,B,327735.16,1586.16,available
PRJ_0020_U035,PRJ_0020,1,58.9,6,0,0,0,C,194545.3,722.39,available
PRJ_0020_U036,PRJ_0020,2,75.54,11,1,1,1,B,280045.44,1292.96,available
PRJ_0020_U037,PRJ_0020,3,64.62,1,0,1,1,A,231864.83,1025.94,available
PRJ_0020_U038,PRJ_0020,4,117.98,13,1,0,0,C,414894.46,1716.03,available
PRJ_0020_U039,PRJ_0020,3,141.34,6,0,1,0,C,483908.01,2175.08,available
PRJ_0020_U040,PRJ_0020,3,108.99,3,1,1,1,B,435369.33,2059.52,available
PRJ_0020_U041,PRJ_0020,2,78.89,5,0,1,1,B,264259.55,1177.07,available
PRJ_0020_U042,PRJ_0020,2,90.12,11,0,0,1,C,285204.15,1260.92,available
PRJ_0020_U043,PRJ_0020,4,115.36,9,0,1,0,A,382547.82,1586.75,available
PRJ_0020_U044,PRJ_0020,3,118.95,2,0,0,0,C,410572.03,1697.41,available
PRJ_0020_U045,PRJ_0020,2,84.97,13,1,1,1,C,281279.03,1201.44,available
PRJ_0020_U046,PRJ_0020,3,112.12,1,1,0,0,D,359462.74,1503.94,available
PRJ_0020_U047,PRJ_0020,3,104.47,3,0,1,1,A,365519.8,1518.54,available
PRJ_0020_U048,PRJ_0020,2,77.41,10,1,0,1,A,265365.67,965.93,available
PRJ_0020_U049,PRJ_0020,1,66.52,7,1,0,0,C,226748.92,1087.84,available
PRJ_0020_U050,PRJ_0020,3,137.48,6,0,1,1,B,494179.24,1712.73,available
PRJ_0020_U051,PRJ_0020,1,62.93,12,1,0,0,B,207972.11,1083.8,available
PRJ_0020_U052,PRJ_0020,2,86.66,11,1,0,1,C,279054.54,1276.0,available
PRJ_0020_U053,PRJ_0020,3,126.13,13,0,1,0,A,394752.36,1293.48,available
PRJ_0020_U054,PRJ_0020,4,120.85,3,0,0,0,C,398355.35,1852.12,available
PRJ_0020_U055,PRJ_0020,2,74.57,11,0,1,1,D,257688.92,1025.62,available
PRJ_0020_U056,PRJ_0020,1,53.61,2,1,1,1,C,178206.69,937.12,available
PRJ_0020_U057,PRJ_0020,2,96.5,11,0,1,0,B,305774.4,1612.3,available
PRJ_0020_U058,PRJ_0020,2,102.21,7,0,1,1,D,343957.29,1743.87,available
PRJ_0020_U059,PRJ_0020,4,140.47,8,1,1,0,C,517815.06,2301.34,available
PRJ_0020_U060,PRJ_0020,3,81.02,1,0,1,0,A,253648.25,1327.8,available
PRJ_0020_U061,PRJ_0020,2,106.62,12,0,1,1,C,351687.34,1627.87,available
PRJ_0021_U001,PRJ_0021,1,58.59,3,0,1,1,B,201112.19,894.56,available
PRJ_0021_U002,PRJ_0021,2,80.57,5,1,1,0,A,265493.33,986.98,available
PRJ_0021_U003,PRJ_0021,3,105.45,2,0,0,1,B,399817.3,1620.01,available
PRJ_0021_U004,PRJ_0021,2,100.12,13,0,1,0,C,350433.05,1824.6,available
PRJ_0021_U005,PRJ_0021,1,43.06,11,0,1,1,A,161764.93,835.04,available
PRJ_0021_U006,PRJ_0021,3,155.15,10,1,1,0,C,546525.59,1815.64,available
PRJ_0021_U007,PRJ_0021,2,111.76,6,0,1,1,C,414574.59,1922.96,available
PRJ_0021_U008,PRJ_0021,3,123.65,0,0,1,1,B,373287.66,1310.56,available
PRJ_0021_U009,PRJ_0021,2,80.97,8,1,1,0,A,287274.52,1046.01,available
PRJ_0021_U010,PRJ_0021,3,113.56,6,0,0,0,A,386763.65,1976.8,available
PRJ_0021_U011,PRJ_0021,4,149.47,4,0,0,1,B,515798.63,2672.27,available
PRJ_0021_U012,PRJ_0021,1,57.48,4,1,1,1,C,216328.26,725.29,available
PRJ_0021_U013,PRJ_0021,3,133.35,0,1,0,0,C,435644.77,2236.16,available
PRJ_0021_U014,PRJ_0021,2,79.77,12,0,1,0,C,287530.09,1381.81,available
PRJ_0021_U015,PRJ_0021,2,80.18,2,0,1,1,D,292694.71,1437.72,available
PRJ_0021_U016,PRJ_0021,2,100.74,11,0,0,0,B,385251.19,1906.32,available
PRJ_0021_U017,PRJ_0021,2,69.84,13,1,0,1,C,260694.99,1123.06,available
PRJ_0021_U018,PRJ_0021,1,64.96,0,1,1,0,B,223552.48,1184.2,available
PRJ_0021_U019,PRJ_0021,3,131.29,8,0,1,1,B,435087.89,1573.92,available
PRJ_0021_U020,PRJ_0021,3,145.1,0,0,1,1,B,544705.38,2343.78,available
PRJ_0021_U021,PRJ_0021,4,101.7,11,1,1,0,B,381951.08,1483.27,available
PRJ_0021_U022,PRJ_0021,4,102.39,7,0,0,1,C,355185.57,1782.01,available
PRJ_0021_U023,PRJ_0021,2,89.82,0,0,1,0,C,279800.16,938.1,available
PRJ_0021_U024,PRJ_0021,2,60.68,10,1,0,1,B,208591.41,864.08,available
PRJ_0021_U025,PRJ_0021,1,54.97,10,0,0,1,A,196914.34,966.26,available
PRJ_0021_U026,PRJ_0021,3,87.99,12,1,1,0,C,324351.41,1255.06,available
PRJ_0021_U027,PRJ_0021,3,145.28,6,0,0,0,C,448862.2,1664.26,available
PRJ_0021_U028,PRJ_0021,2,76.08,13,1,0,1,B,282976.06,1063.25,available
PRJ_0021_U029,PRJ_0021,2,77.71,9,0,1,0,A,249876.63,1192.47,available
PRJ_0021_U030,PRJ_0021,2,68.12,7,1,1,1,B,267083.57,1018.1,available
PRJ_0021_U031,PRJ_0021,4,152.22,5,0,0,0,C,511114.73,2081.62,available
PRJ_0021_U032,PRJ_0021,2,112.15,4,0,0,1,C,369511.6,1623.79,available
PRJ_0021_U033,PRJ_0021,3,98.65,8,0,1,1,A,366403.09,1935.85,available
PRJ_0021_U034,PRJ_0021,2,96.84,10,0,1,1,B,348783.19,1727.85,available
PRJ_0021_U035,PRJ_0021,2,90.12,0,0,0,0,B,319319.77,1144.3,available
PRJ_0021_U036,PRJ_0021,2,75.91,5,1,0,0,C,263402.98,1357.48,available
PRJ_0021_U037,PRJ_0021,3,126.99,0,0,1,0,A,433438.73,2196.4,available
PRJ_0021_U038,PRJ_0021,3,128.47,5,0,1,1,C,435560.26,2109.6,available
PRJ_0021_U039,PRJ_0021,2,108.07,11,0,0,1,D,380218.18,1646.23,available
PRJ_0021_U040,PRJ_0021,2,94.69,9,1,1,1,B,377210.07,1253.75,available
PRJ_0021_U041,PRJ_0021,2,108.26,1,1,1,0,B,371762.92,1772.4,available
PRJ_0021_U042,PRJ_0021,1,54.05,10,1,1,1,A,204910.97,887.87,available
PRJ_0022_U001,PRJ_0022,1,69.39,0,0,1,0,C,332693.84,1242.17,available
PRJ_0022_U002,PRJ_0022,4,140.64,7,0,1,1,B,721307.5,3266.43,available
PRJ_0022_U003,PRJ_0022,4,146.78,9,1,1,0,B,785994.85,3106.76,available
PRJ_0022_U004,PRJ_0022,1,67.69,0,0,1,0,A,300468.0,1402.04,available
PRJ_0022_U005,PRJ_0022,4,154.22,6,1,0,1,B,816059.97,4200.0,available
PRJ_0022_U006,PRJ_0022,2,93.23,0,1,1,1,B,457145.96,1699.16,available
PRJ_0022_U007,PRJ_0022,3,119.22,1,0,1,0,A,631693.05,3336.17,available
PRJ_0022_U008,PRJ_0022,3,109.15,2,0,1,0,C,514018.12,1864.02,available
PRJ_0022_U009,PRJ_0022,2,119.75,10,0,1,1,B,621393.01,2066.59,available
PRJ_0022_U010,PRJ_0022,3,78.98,5,0,0,1,B,370273.59,1333.08,available
PRJ_0022_U011,PRJ_0022,3,124.92,0,1,0,1,B,681712.23,3408.72,available
PRJ_0022_U012,PRJ_0022,2,95.16,10,1,0,0,B,462388.98,2169.14,available
PRJ_0022_U013,PRJ_0022,4,154.97,7,0,0,0,B,787293.14,4200.0,available
PRJ_0022_U014,PRJ_0022,2,79.04,1,1,1,1,C,408414.32,1945.6,available
PRJ_0022_U015,PRJ_0022,1,55.47,7,1,1,1,C,291437.91,1193.46,available
PRJ_0022_U016,PRJ_0022,4,138.52,3,1,1,0,B,692195.72,3581.86,available
PRJ_0022_U017,PRJ_0022,2,90.02,8,0,0,0,B,417757.38,2223.5,available
PRJ_0022_U018,PRJ_0022,2,90.99,13,1,0,1,B,400639.22,1982.32,available
PRJ_0022_U019,PRJ_0022,2,96.96,4,1,1,1,C,511898.0,2262.13,available
PRJ_0022_U020,PRJ_0022,1,71.27,10,0,1,1,B,345132.91,1734.17,available
PRJ_0022_U021,PRJ_0022,2,90.89,0,0,1,0,C,457331.32,1632.45,available
PRJ_0022_U022,PRJ_0022,2,101.47,5,0,0,1,C,488482.17,2536.42,available
PRJ_0022_U023,PRJ_0022,3,130.18,12,0,1,1,C,684929.37,3709.35,available
PRJ_0022_U024,PRJ_0022,2,76.2,1,1,1,0,B,391533.73,1825.81,available
PRJ_0022_U025,PRJ_0022,3,109.44,13,0,1,1,D,476262.13,1718.08,available
PRJ_0022_U026,PRJ_0022,4,144.35,1,1,1,1,B,745449.26,2602.85,available
PRJ_0022_U027,PRJ_0022,2,89.63,6,0,1,1,B,437254.82,2328.53,available
PRJ_0022_U028,PRJ_0022,4,161.08,2,1,1,1,D,854050.52,4200.0,available
PRJ_0022_U029,PRJ_0022,3,112.88,0,0,0,1,C,549774.1,2667.06,available
PRJ_0022_U030,PRJ_0022,4,162.47,4,0,1,1,B,807342.86,4200.0,available
PRJ_0022_U031,PRJ_0022,3,153.71,8,1,0,1,B,766737.35,3296.45,available
PRJ_0022_U032,PRJ_0022,2,89.24,10,1,1,1,B,438621.55,2265.08,available
PRJ_0022_U033,PRJ_0022,2,133.45,4,0,1,0,C,620695.44,2192.92,available
PRJ_0022_U034,PRJ_0022,4,136.15,6,1,1,0,B,629416.95,2252.05,available
PRJ_0022_U035,PRJ_0022,3,133.11,2,0,1,1,A,623156.5,2691.69,available
PRJ_0022_U036,PRJ_0022,4,113.09,10,1,1,0,A,532446.13,2084.43,available
PRJ_0022_U037,PRJ_0022,3,155.83,2,0,1,1,D,697681.72,2888.29,available
PRJ_0022_U038,PRJ_0022,2,62.72,12,0,1,0,B,308736.34,1532.14,available
PRJ_0022_U039,PRJ_0022,2,78.51,2,0,1,0,B,383183.26,1259.46,available
PRJ_0022_U040,PRJ_0022,4,129.94,9,0,0,0,D,622801.14,2982.32,available
PRJ_0022_U041,PRJ_0022,1,72.61,4,0,1,0,B,336590.36,1132.69,available
PRJ_0022_U042,PRJ_0022,3,118.37,13,0,1,1,C,559707.49,2839.7,available
PRJ_0022_U043,PRJ_0022,4,124.16,3,0,1,1,C,589416.46,2134.24,available
PRJ_0022_U044,PRJ_0022,2,91.91,13,0,1,1,B,437463.93,2108.7,available
PRJ_0023_U001,PRJ_0023,3,84.69,11,0,1,1,C,421893.04,1762.78,available
PRJ_0023_U002,PRJ_0023,4,76.24,8,0,1,1,A,378832.03,1901.96,available
PRJ_0023_U003,PRJ_0023,2,79.6,5,0,1,1,B,377629.03,1218.61,available
PRJ_0023_U004,PRJ_0023,1,51.87,8,1,1,1,D,254505.62,1301.2,available
PRJ_0023_U005,PRJ_0023,3,116.67,10,0,1,0,B,549541.41,2340.16,available
PRJ_0023_U006,PRJ_0023,2,86.12,13,0,0,1,A,400953.87,1586.46,available
PRJ_0023_U007,PRJ_0023,3,94.33,7,0,0,1,B,407444.42,2121.58,available
PRJ_0023_U008,PRJ_0023,2,78.86,3,0,0,0,C,358255.17,1408.43,available
PRJ_0023_U009,PRJ_0023,3,144.96,1,0,1,1,B,697242.56,3741.74,available
PRJ_0023_U010,PRJ_0023,3,121.16,2,1,0,1,D,580867.47,3063.19,available
PRJ_0023_U011,PRJ_0023,4,139.98,0,1,1,0,B,731414.7,2757.06,available
PRJ_0023_U012,PRJ_0023,2,76.59,7,1,0,1,A,357446.07,1405.84,available
PRJ_0023_U013,PRJ_0023,4,170.36,2,0,0,0,B,746031.74,3725.72,available
PRJ_0023_U014,PRJ_0023,3,127.19,3,0,1,1,C,600135.66,2164.56,available
PRJ_0023_U015,PRJ_0023,3,102.72,10,1,1,0,B,513254.73,2470.58,available
PRJ_0023_U016,PRJ_0023,3,129.11,4,1,0,1,D,558236.98,1929.97,available
PRJ_0023_U017,PRJ_0023,2,99.78,11,0,1,0,D,488807.71,1774.02,available
PRJ_0023_U018,PRJ_0023,3,96.3,1,1,0,0,A,459196.62,1971.24,available
PRJ_0023_U019,PRJ_0023,2,84.41,4,1,0,0,A,355431.13,1722.03,available
PRJ_0023_U020,PRJ_0023,2,74.54,0,1,1,0,B,355744.14,1718.38,available
PRJ_0023_U021,PRJ_0023,3,86.17,7,0,1,0,C,393188.13,1783.79,available
PRJ_0023_U022,PRJ_0023,1,82.21,1,0,1,1,C,376607.23,1423.17,available
PRJ_0023_U023,PRJ_0023,3,106.08,3,0,0,1,B,454988.13,1866.03,available
PRJ_0023_U024,PRJ_0023,2,90.66,10,1,1,1,D,463162.85,1723.27,available
PRJ_0023_U025,PRJ_0023,2,83.47,12,1,1,1,B,454512.12,1722.58,available
PRJ_0023_U026,PRJ_0023,3,124.24,7,0,1,1,C,607198.65,2364.38,available
PRJ_0023_U027,PRJ_0023,2,60.54,13,0,0,0,C,251898.42,1137.09,available
PRJ_0023_U028,PRJ_0023,4,111.12,10,1,0,0,A,546189.13,1984.72,available
PRJ_0023_U029,PRJ_0023,4,151.85,10,0,1,0,B,715048.59,2332.81,available
PRJ_0023_U030,PRJ_0023,2,76.19,13,0,0,1,B,340729.77,1609.84,available
PRJ_0023_U031,PRJ_0023,2,99.72,1,0,0,0,D,459604.55,1477.96,available
PRJ_0023_U032,PRJ_0023,1,49.87,3,0,0,0,B,235799.15,1261.75,available
PRJ_0023_U033,PRJ_0023,3,114.83,6,1,1,0,C,547895.56,2166.82,available
PRJ_0023_U034,PRJ_0023,2,102.07,8,1,1,0,B,462460.57,1471.31,available
PRJ_0023_U035,PRJ_0023,4,156.07,13,0,0,1,B,664330.07,3425.94,available
PRJ_0023_U036,PRJ_0023,4,89.31,1,0,1,1,D,404680.1,1827.63,available
PRJ_0023_U037,PRJ_0023,2,82.17,3,0,1,0,B,376633.16,1885.35,available
PRJ_0023_U038,PRJ_0023,3,140.48,4,1,0,0,C,644588.06,2672.12,available
PRJ_0023_U039,PRJ_0023,2,127.7,9,1,1,0,B,608856.27,2413.25,available
PRJ_0023_U040,PRJ_0023,3,118.73,13,0,1,0,A,580640.57,2694.66,available
PRJ_0023_U041,PRJ_0023,2,66.51,13,0,1,0,A,323609.95,1320.38,available
PRJ_0023_U042,PRJ_0023,3,118.53,10,0,1,0,B,569298.07,2515.24,available
PRJ_0023_U043,PRJ_0023,2,116.35,10,0,1,0,C,575894.24,2183.66,available
PRJ_0023_U044,PRJ_0023,4,129.15,5,0,1,0,B,577046.32,2259.2,available
PRJ_0023_U045,PRJ_0023,2,101.01,8,0,1,1,B,460538.51,1543.54,available
PRJ_0023_U046,PRJ_0023,3,98.27,2,0,0,1,A,439936.4,2166.58,available
PRJ_0023_U047,PRJ_0023,4,151.55,7,1,1,1,C,735986.98,2908.31,available
PRJ_0023_U048,PRJ_0023,3,71.39,4,0,1,1,C,300298.26,1609.72,available
PRJ_0023_U049,PRJ_0023,3,97.41,13,0,1,0,C,450574.12,1690.16,available
PRJ_0023_U050,PRJ_0023,2,93.06,5,0,1,0,D,453654.03,1921.47,available
PRJ_0023_U051,PRJ_0023,2,81.38,5,0,1,1,A,396717.88,1529.0,available
PRJ_0023_U052,PRJ_0023,2,86.09,5,1,1,1,A,430150.05,2033.75,available
PRJ_0023_U053,PRJ_0023,4,130.41,12,0,1,1,B,633134.82,3156.49,available
PRJ_0023_U054,PRJ_0023,2,74.62,13,0,1,0,B,380573.4,1622.17,available
PRJ_0023_U055,PRJ_0023,2,90.71,6,1,1,0,C,424052.73,1692.93,available
PRJ_0023_U056,PRJ_0023,3,118.63,13,0,1,1,C,544561.8,2636.96,available
PRJ_0023_U057,PRJ_0023,2,95.08,10,1,0,1,A,493454.45,1775.17,available
PRJ_0023_U058,PRJ_0023,4,131.43,11,0,0,1,D,622866.29,2812.53,available
PRJ_0023_U059,PRJ_0023,2,83.28,12,0,0,1,A,380905.0,1834.94,available
PRJ_0023_U060,PRJ_0023,1,35.0,4,1,0,0,C,169400.88,639.07,available
PRJ_0023_U061,PRJ_0023,3,163.53,7,0,1,0,B,760599.38,3530.69,available
PRJ_0023_U062,PRJ_0023,3,128.77,3,0,1,1,C,578298.58,2787.93,available
PRJ_0023_U063,PRJ_0023,4,142.15,4,0,1,1,A,637469.19,2187.06,available
PRJ_0023_U064,PRJ_0023,2,68.1,6,0,1,1,D,333749.71,1300.11,available
PRJ_0023_U065,PRJ_0023,2,79.06,0,1,1,1,D,388864.68,1586.9,available
PRJ_0023_U066,PRJ_0023,2,99.29,3,0,1,1,B,500716.85,2459.81,available
PRJ_0023_U067,PRJ_0023,2,98.21,11,0,0,1,B,458065.51,2035.44,available
PRJ_0023_U068,PRJ_0023,3,94.71,2,1,0,1,C,445565.08,1861.65,available
PRJ_0023_U069,PRJ_0023,2,91.13,8,0,1,0,C,464529.92,1804.19,available
PRJ_0023_U070,PRJ_0023,3,74.03,10,1,1,1,B,388754.87,1234.61,available
PRJ_0023_U071,PRJ_0023,4,131.62,3,1,1,0,C,636457.06,2044.4,available
PRJ_0023_U072,PRJ_0023,2,92.7,6,0,1,1,C,412223.29,1528.39,available
PRJ_0023_U073,PRJ_0023,3,101.11,12,0,1,1,C,467872.05,1604.44,available
PRJ_0023_U074,PRJ_0023,2,80.91,11,0,1,1,B,369705.06,1270.21,available
PRJ_0023_U075,PRJ_0023,3,108.63,12,0,1,1,D,524887.14,2373.98,available
PRJ_0023_U076,PRJ_0023,2,92.71,8,1,0,1,B,443995.25,2010.83,available
PRJ_0023_U077,PRJ_0023,3,116.73,12,0,1,0,A,599563.45,1959.02,available
PRJ_0024_U001,PRJ_0024,4,176.24,0,1,1,0,C,647376.91,2382.9,available
PRJ_0024_U002,PRJ_0024,2,107.34,7,0,1,1,B,439785.99,1429.93,available
PRJ_0024_U003,PRJ_0024,2,88.03,12,1,1,1,A,345388.91,1648.37,available
PRJ_0024_U004,PRJ_0024,3,119.71,11,1,1,1,B,448677.04,1622.59,available
PRJ_0024_U005,PRJ_0024,3,135.39,3,0,1,0,C,496877.01,2686.97,available
PRJ_0024_U006,PRJ_0024,1,45.51,0,1,1,1,C,163418.62,550.0,available
PRJ_0024_U007,PRJ_0024,2,87.85,10,0,0,1,B,336331.87,1238.95,available
PRJ_0024_U008,PRJ_0024,1,54.29,11,0,1,1,B,196423.95,640.6,available
PRJ_0024_U009,PRJ_0024,2,71.42,12,1,0,0,B,261593.38,1289.04,available
PRJ_0024_U010,PRJ_0024,2,76.57,8,0,1,1,C,296735.19,1326.03,available
PRJ_0024_U011,PRJ_0024,2,108.08,6,1,1,0,A,457605.03,2322.64,available
PRJ_0024_U012,PRJ_0024,4,119.88,10,1,1,1,D,525129.39,2800.28,available
PRJ_0024_U013,PRJ_0024,3,136.19,9,0,1,1,C,491104.69,2229.33,available
PRJ_0024_U014,PRJ_0024,3,127.74,10,0,1,1,B,471408.17,1738.61,available
PRJ_0024_U015,PRJ_0024,4,139.42,3,1,0,0,C,531231.88,1792.98,available
PRJ_0024_U016,PRJ_0024,4,144.6,12,0,0,1,C,571248.44,2922.37,available
PRJ_0024_U017,PRJ_0024,3,127.21,0,0,1,1,C,419360.78,1559.26,available
PRJ_0024_U018,PRJ_0024,2,88.52,1,0,1,0,A,323890.51,1676.81,available
PRJ_0024_U019,PRJ_0024,3,119.92,9,1,0,1,D,453412.03,2331.81,available
PRJ_0024_U020,PRJ_0024,3,145.04,8,0,0,1,B,489267.7,2240.47,available
PRJ_0024_U021,PRJ_0024,2,88.1,7,0,1,1,C,312725.02,1415.29,available
PRJ_0024_U022,PRJ_0024,2,76.36,12,1,1,0,B,288832.02,1532.55,available
PRJ_0024_U023,PRJ_0024,2,118.59,12,0,0,1,B,443913.35,2160.84,available
PRJ_0024_U024,PRJ_0024,2,82.52,10,0,1,0,D,325080.64,1529.2,available
PRJ_0024_U025,PRJ_0024,3,124.6,2,1,0,0,B,471015.52,1953.34,available
PRJ_0024_U026,PRJ_0024,2,86.19,1,0,1,1,A,333720.44,1420.2,available
PRJ_0024_U027,PRJ_0024,2,92.16,1,0,1,1,C,341131.82,1378.77,available
PRJ_0024_U028,PRJ_0024,1,49.2,8,1,1,0,B,184771.42,978.53,available
PRJ_0024_U029,PRJ_0024,3,131.77,9,0,1,0,C,489611.76,2253.41,available
PRJ_0024_U030,PRJ_0024,2,83.42,11,0,1,0,D,323740.37,1593.61,available
PRJ_0024_U031,PRJ_0024,2,73.75,1,0,1,1,A,286715.64,931.93,available
PRJ_0024_U032,PRJ_0024,3,102.37,3,0,1,0,C,370184.98,1882.25,available
PRJ_0024_U033,PRJ_0024,3,84.66,4,0,1,0,D,294086.14,1207.62,available
PRJ_0024_U034,PRJ_0024,3,94.98,8,0,0,0,D,355293.23,1714.39,available
PRJ_0024_U035,PRJ_0024,3,128.3,0,0,1,1,B,485630.24,1581.56,available
PRJ_0024_U036,PRJ_0024,2,96.26,11,1,0,0,C,390540.51,2022.17,available
PRJ_0024_U037,PRJ_0024,4,124.14,1,1,1,0,C,454037.04,2111.87,available
PRJ_0024_U038,PRJ_0024,3,128.81,7,0,0,0,B,458044.53,1921.97,available
PRJ_0024_U039,PRJ_0024,3,106.15,13,0,1,0,C,413128.91,1590.41,available
PRJ_0024_U040,PRJ_0024,2,98.73,2,0,1,0,B,352338.78,1362.31,available
PRJ_0024_U041,PRJ_0024,3,116.91,9,1,1,1,B,451039.66,1736.19,available
PRJ_0024_U042,PRJ_0024,2,75.51,7,1,1,1,B,316715.79,1096.3,available
PRJ_0024_U043,PRJ_0024,2,101.2,11,1,0,1,C,365291.15,1537.96,available
PRJ_0024_U044,PRJ_0024,3,148.97,8,0,0,0,B,604365.8,2530.49,available
PRJ_0024_U045,PRJ_0024,3,103.13,11,1,0,1,B,387395.21,1585.81,available
PRJ_0024_U046,PRJ_0024,2,76.69,5,1,0,0,A,297201.96,1411.3,available
PRJ_0024_U047,PRJ_0024,3,127.18,2,0,0,0,A,451775.36,1857.36,available
PRJ_0024_U048,PRJ_0024,2,69.31,9,0,0,0,D,258434.21,870.13,available
PRJ_0024_U049,PRJ_0024,3,86.53,13,0,1,0,B,320225.0,1627.96,available
PRJ_0024_U050,PRJ_0024,2,81.86,6,1,1,0,B,332347.92,1370.32,available
PRJ_0024_U051,PRJ_0024,2,86.51,11,1,1,1,D,335483.12,1557.0,available
PRJ_0024_U052,PRJ_0024,4,133.53,12,0,1,1,A,493359.99,2594.55,available
PRJ_0024_U053,PRJ_0024,1,69.16,9,1,0,1,B,292295.55,1430.3,available
PRJ_0024_U054,PRJ_0024,4,152.05,11,0,1,0,C,571051.8,2500.62,available
PRJ_0024_U055,PRJ_0024,2,68.64,7,0,1,1,C,252262.08,1108.18,available
PRJ_0024_U056,PRJ_0024,3,120.15,11,1,0,1,B,430911.4,2188.22,available
PRJ_0024_U057,PRJ_0024,1,49.61,4,0,1,0,C,197611.11,991.98,available
PRJ_0024_U058,PRJ_0024,3,121.13,7,1,1,1,C,464879.35,1658.98,available
PRJ_0024_U059,PRJ_0024,4,156.71,1,1,0,0,C,642105.45,2938.46,available
PRJ_0024_U060,PRJ_0024,3,121.17,2,1,1,1,B,474523.7,2426.96,available
PRJ_0024_U061,PRJ_0024,2,67.58,8,0,1,0,C,255261.63,1269.7,available
PRJ_0024_U062,PRJ_0024,3,104.76,10,0,1,1,B,401878.37,1385.39,available
PRJ_0024_U063,PRJ_0024,3,87.85,0,0,1,0,C,355519.03,1474.33,available
PRJ_0024_U064,PRJ_0024,2,95.1,0,1,1,0,D,320586.28,1389.0,available
PRJ_0024_U065,PRJ_0024,3,125.36,0,0,1,1,C,468387.34,1754.92,available
PRJ_0024_U066,PRJ_0024,3,97.48,7,0,1,1,C,365871.6,1717.96,available
PRJ_0024_U067,PRJ_0024,3,77.12,4,0,0,0,B,272518.21,1154.98,available
PRJ_0024_U068,PRJ_0024,2,90.46,0,0,1,1,A,336882.9,1292.3,available
PRJ_0024_U069,PRJ_0024,2,61.14,11,0,1,0,C,226232.34,887.87,available
PRJ_0024_U070,PRJ_0024,4,107.96,7,0,1,1,A,414526.08,2111.67,available
PRJ_0024_U071,PRJ_0024,3,111.55,0,1,1,0,C,421808.66,2157.81,available
PRJ_0024_U072,PRJ_0024,3,85.61,9,0,1,1,C,304239.22,1519.53,available
PRJ_0024_U073,PRJ_0024,4,157.29,12,1,1,0,B,624038.28,3259.27,available
PRJ_0024_U074,PRJ_0024,2,88.59,5,0,1,1,A,339193.75,1800.9,available
PRJ_0024_U075,PRJ_0024,2,78.65,13,0,0,1,C,285597.45,1220.44,available
PRJ_0024_U076,PRJ_0024,3,104.01,5,1,1,1,C,436637.74,1477.69,available
PRJ_0024_U077,PRJ_0024,3,94.17,1,1,0,0,B,373155.88,1853.4,available
PRJ_0024_U078,PRJ_0024,4,163.5,1,0,1,0,B,620786.58,2850.58,available
PRJ_0024_U079,PRJ_0024,3,92.5,0,0,0,0,A,344130.25,1384.38,available
PRJ_0024_U080,PRJ_0024,2,87.26,4,0,1,0,C,318364.22,1706.95,available
PRJ_0024_U081,PRJ_0024,2,87.9,5,0,0,0,A,331868.99,1303.82,available
PRJ_0024_U082,PRJ_0024,1,57.38,6,1,0,1,C,239820.2,1249.19,available
PRJ_0024_U083,PRJ_0024,4,161.6,6,0,1,0,A,630517.11,2837.32,available
PRJ_0024_U084,PRJ_0024,2,53.55,12,0,1,1,B,197892.29,642.97,available
PRJ_0024_U085,PRJ_0024,3,128.9,0,0,0,1,B,466365.25,2379.59,available
PRJ_0024_U086,PRJ_0024,2,83.37,12,0,0,0,A,315506.39,1540.19,available
PRJ_0024_U087,PRJ_0024,2,72.06,3,0,0,0,D,268157.28,1236.81,available
PRJ_0024_U088,PRJ_0024,2,91.63,13,1,1,1,C,360221.02,1638.82,available
PRJ_0024_U089,PRJ_0024,3,119.41,1,0,1,1,A,428898.23,1569.36,available
PRJ_0024_U090,PRJ_0024,1,52.27,1,0,1,0,A,205502.17,749.93,available
PRJ_0024_U091,PRJ_0024,4,154.11,1,0,0,0,C,520899.48,1683.71,available
PRJ_0024_U092,PRJ_0024,4,118.16,4,1,1,1,A,432321.74,1518.95,available
PRJ_0024_U093,PRJ_0024,1,51.95,13,0,1,0,B,181882.86,713.66,available
PRJ_0024_U094,PRJ_0024,3,110.15,6,1,1,1,A,414197.76,1815.55,available
PRJ_0024_U095,PRJ_0024,2,65.69,2,1,1,1,C,267950.39,927.37,available
PRJ_0024_U096,PRJ_0024,1,62.68,8,1,0,0,D,254882.05,1126.89,available
PRJ_0024_U097,PRJ_0024,2,85.11,7,0,1,1,A,322560.09,1212.55,available
PRJ_0024_U098,PRJ_0024,3,78.12,9,1,0,0,D,305962.42,1143.71,available
PRJ_0024_U099,PRJ_0024,3,113.91,10,0,1,1,C,433052.4,2294.98,available
PRJ_0024_U100,PRJ_0024,2,83.87,11,0,1,0,D,295776.17,1597.03,available
PRJ_0024_U101,PRJ_0024,3,140.57,2,0,1,1,C,577259.88,2881.91,available
PRJ_0024_U102,PRJ_0024,3,109.36,6,0,1,0,C,438298.22,1441.58,available
PRJ_0024_U103,PRJ_0024,3,117.31,8,0,1,0,C,447716.39,2151.76,available
PRJ_0024_U104,PRJ_0024,3,95.0,7,1,0,1,C,352410.66,1257.45,available
PRJ_0024_U105,PRJ_0024,3,105.1,13,0,1,0,A,389701.16,1733.16,available
PRJ_0024_U106,PRJ_0024,3,126.74,13,1,1,1,C,482873.24,2500.09,available
PRJ_0024_U107,PRJ_0024,2,90.88,11,1,0,1,C,353889.72,1423.38,available
PRJ_0024_U108,PRJ_0024,3,123.82,3,1,1,0,A,476045.82,2502.36,available
PRJ_0024_U109,PRJ_0024,2,89.61,7,0,1,0,B,330310.88,1572.45,available
PRJ_0024_U110,PRJ_0024,3,139.15,11,1,1,0,B,502312.76,1930.86,available
PRJ_0024_U111,PRJ_0024,3,109.13,3,1,1,0,B,457210.97,1545.48,available
PRJ_0024_U112,PRJ_0024,2,73.19,9,0,1,1,B,281716.04,1408.92,available
PRJ_0024_U113,PRJ_0024,2,87.43,3,1,1,1,B,343366.4,1441.21,available
PRJ_0024_U114,PRJ_0024,3,131.43,1,0,1,1,B,475585.33,1583.81,available
PRJ_0024_U115,PRJ_0024,3,104.66,3,0,1,1,C,356661.93,1212.18,available
PRJ_0024_U116,PRJ_0024,3,98.61,12,0,1,0,A,368261.06,1967.37,available
PRJ_0024_U117,PRJ_0024,3,116.47,13,1,1,1,B,452220.8,1679.29,available
PRJ_0024_U118,PRJ_0024,2,72.3,11,1,1,0,B,291439.89,1556.73,available
PRJ_0024_U119,PRJ_0024,2,91.85,3,0,1,1,B,354929.81,1667.91,available
PRJ_0024_U120,PRJ_0024,3,133.96,10,0,0,1,A,519124.97,1994.88,available
PRJ_0024_U121,PRJ_0024,2,79.24,3,1,1,0,D,314828.38,1268.78,available
PRJ_0025_U001,PRJ_0025,2,72.1,1,0,1,1,B,196684.4,1022.38,available
PRJ_0025_U002,PRJ_0025,2,83.76,12,0,1,0,C,232933.61,1170.96,available
PRJ_0025_U003,PRJ_0025,3,90.9,4,0,1,0,C,261397.42,1165.48,available
PRJ_0025_U004,PRJ_0025,3,60.05,4,0,0,0,A,154815.86,659.06,available
PRJ_0025_U005,PRJ_0025,2,77.12,3,0,1,1,C,243777.24,1316.54,available
PRJ_0025_U006,PRJ_0025,2,87.9,10,1,1,1,D,286415.74,1372.39,available
PRJ_0025_U007,PRJ_0025,3,106.56,5,1,0,1,A,343760.72,1825.4,available
PRJ_0025_U008,PRJ_0025,2,64.79,11,0,1,0,B,206999.53,688.84,available
PRJ_0025_U009,PRJ_0025,2,87.47,11,1,1,0,C,262442.56,956.34,available
PRJ_0025_U010,PRJ_0025,4,159.79,9,1,1,0,B,466794.12,1510.86,available
PRJ_0025_U011,PRJ_0025,4,144.01,1,1,0,1,C,368678.71,1887.44,available
PRJ_0025_U012,PRJ_0025,3,128.36,9,0,0,0,C,362905.88,1716.07,available
PRJ_0025_U013,PRJ_0025,1,44.68,2,0,0,1,C,138275.6,550.0,available
PRJ_0025_U014,PRJ_0025,3,98.87,7,1,1,0,A,289451.67,1551.05,available
PRJ_0025_U015,PRJ_0025,4,124.99,3,1,1,1,B,372520.37,1980.77,available
PRJ_0025_U016,PRJ_0025,4,140.13,0,1,0,1,C,402709.16,1478.75,available
PRJ_0025_U017,PRJ_0025,2,105.48,8,1,1,0,B,328182.19,1517.0,available
PRJ_0025_U018,PRJ_0025,2,63.87,6,1,1,0,B,207610.13,969.52,available
PRJ_0025_U019,PRJ_0025,2,88.0,8,1,0,1,A,246934.3,784.19,available
PRJ_0025_U020,PRJ_0025,3,95.94,6,0,1,1,B,266975.87,1259.17,available
PRJ_0025_U021,PRJ_0025,2,108.64,5,0,1,0,B,333541.01,1222.32,available
PRJ_0025_U022,PRJ_0025,2,71.21,0,1,0,0,B,215086.54,1117.3,available
PRJ_0025_U023,PRJ_0025,2,89.62,3,1,1,0,C,262696.39,1327.49,available
PRJ_0025_U024,PRJ_0025,2,108.83,12,1,0,1,C,359074.63,1868.47,available
PRJ_0025_U025,PRJ_0025,4,161.75,10,1,1,0,D,460251.5,2241.96,available
PRJ_0025_U026,PRJ_0025,2,67.62,6,0,1,1,C,211174.84,747.07,available
PRJ_0025_U027,PRJ_0025,2,75.41,0,0,0,1,B,213730.36,850.2,available
PRJ_0025_U028,PRJ_0025,3,140.38,13,0,0,1,A,423481.88,2016.52,available
PRJ_0025_U029,PRJ_0025,3,119.42,10,0,0,1,C,307925.97,1199.11,available
PRJ_0025_U030,PRJ_0025,3,97.37,0,1,1,1,B,289439.17,1378.96,available
PRJ_0025_U031,PRJ_0025,3,114.21,2,0,1,1,B,343407.94,1347.2,available
PRJ_0025_U032,PRJ_0025,2,70.52,2,0,1,1,A,203836.17,726.99,available
PRJ_0025_U033,PRJ_0025,1,48.27,12,1,1,0,C,156662.21,678.74,available
PRJ_0025_U034,PRJ_0025,1,38.55,13,0,0,1,B,119755.17,564.13,available
PRJ_0025_U035,PRJ_0025,3,157.47,5,1,0,1,A,443153.05,1919.01,available
PRJ_0025_U036,PRJ_0025,4,172.25,2,0,1,1,B,520079.81,2398.02,available
PRJ_0025_U037,PRJ_0025,2,105.16,8,1,0,0,C,299619.04,1244.1,available
PRJ_0025_U038,PRJ_0025,3,114.69,3,0,1,0,B,328656.75,1616.31,available
PRJ_0025_U039,PRJ_0025,3,110.84,1,1,0,1,C,338368.6,1566.34,available
PRJ_0025_U040,PRJ_0025,4,157.2,3,0,1,0,B,430487.13,1919.77,available
PRJ_0025_U041,PRJ_0025,2,62.62,3,0,0,0,B,182358.57,756.1,available
PRJ_0025_U042,PRJ_0025,2,78.27,0,0,0,0,B,213764.61,934.59,available
PRJ_0025_U043,PRJ_0025,3,107.06,9,0,1,1,A,310177.29,1017.83,available
PRJ_0025_U044,PRJ_0025,3,139.89,4,1,0,1,B,428109.29,1997.89,available
PRJ_0025_U045,PRJ_0025,3,126.32,7,0,1,1,C,361169.65,1309.82,available
PRJ_0025_U046,PRJ_0025,3,93.22,7,1,0,1,A,270804.65,1381.65,available
PRJ_0025_U047,PRJ_0025,2,78.09,10,0,1,1,D,245144.15,1224.36,available
PRJ_0026_U001,PRJ_0026,2,96.54,2,0,1,0,D,285205.21,1121.03,available
PRJ_0026_U002,PRJ_0026,2,90.22,11,1,0,0,C,263411.67,1151.19,available
PRJ_0026_U003,PRJ_0026,3,144.74,0,1,1,0,C,446996.65,1739.29,available
PRJ_0026_U004,PRJ_0026,3,104.49,0,0,1,0,B,311207.29,1621.94,available
PRJ_0026_U005,PRJ_0026,2,101.82,0,0,1,1,B,296364.87,1130.36,available
PRJ_0026_U006,PRJ_0026,2,109.2,7,0,1,0,C,363972.59,1720.77,available
PRJ_0026_U007,PRJ_0026,3,87.57,9,0,1,1,C,274517.59,977.43,available
PRJ_0026_U008,PRJ_0026,2,105.84,9,0,1,1,A,343119.54,1167.8,available
PRJ_0026_U009,PRJ_0026,3,84.2,9,1,1,1,B,248569.38,874.18,available
PRJ_0026_U010,PRJ_0026,3,149.26,0,0,0,1,C,404580.07,1763.14,available
PRJ_0026_U011,PRJ_0026,1,67.2,4,0,1,0,D,202045.47,1023.74,available
PRJ_0026_U012,PRJ_0026,3,136.91,8,0,0,0,A,444019.47,2404.39,available
PRJ_0026_U013,PRJ_0026,1,53.03,9,1,0,0,B,155254.59,709.16,available
PRJ_0026_U014,PRJ_0026,4,97.06,4,1,1,1,B,302819.7,1322.5,available
PRJ_0026_U015,PRJ_0026,4,180.0,11,0,1,0,B,510973.39,2522.75,available
PRJ_0026_U016,PRJ_0026,3,107.48,11,1,1,0,A,325453.91,1077.28,available
PRJ_0026_U017,PRJ_0026,4,107.17,10,1,1,1,B,344517.53,1718.39,available
PRJ_0026_U018,PRJ_0026,3,147.98,11,0,0,0,C,428384.81,2087.53,available
PRJ_0026_U019,PRJ_0026,1,63.6,13,0,1,1,B,182439.99,795.1,available
PRJ_0026_U020,PRJ_0026,1,59.97,11,1,0,0,B,172629.94,555.59,available
PRJ_0026_U021,PRJ_0026,1,55.58,8,0,0,1,D,151591.87,550.0,available
PRJ_0026_U022,PRJ_0026,2,87.44,5,1,0,0,B,268268.75,1072.68,available
PRJ_0026_U023,PRJ_0026,3,106.88,5,0,1,0,C,323509.37,1709.56,available
PRJ_0026_U024,PRJ_0026,2,76.95,11,0,0,0,B,235136.8,1082.4,available
PRJ_0026_U025,PRJ_0026,3,142.86,4,0,1,1,C,406701.36,1754.66,available
PRJ_0026_U026,PRJ_0026,2,81.99,8,1,1,1,C,274179.45,1169.55,available
PRJ_0026_U027,PRJ_0026,1,48.44,7,0,0,0,B,148859.21,732.63,available
PRJ_0026_U028,PRJ_0026,2,74.54,5,0,1,1,C,222400.37,866.21,available
PRJ_0026_U029,PRJ_0026,4,163.25,6,0,0,1,C,487728.35,1648.2,available
PRJ_0026_U030,PRJ_0026,2,77.26,1,0,1,0,B,219702.66,1030.41,available
PRJ_0026_U031,PRJ_0026,2,95.46,9,1,0,0,C,297149.16,1160.95,available
PRJ_0026_U032,PRJ_0026,2,112.44,0,1,0,0,B,364203.53,1420.12,available
PRJ_0026_U033,PRJ_0026,4,180.0,1,0,1,1,B,567366.82,2377.14,available
PRJ_0026_U034,PRJ_0026,2,78.59,3,0,1,1,D,231392.18,859.12,available
PRJ_0026_U035,PRJ_0026,3,150.08,7,1,1,0,A,484063.43,2536.73,available
PRJ_0026_U036,PRJ_0026,1,77.5,4,1,0,1,A,222617.06,1129.19,available
PRJ_0026_U037,PRJ_0026,1,77.37,12,1,1,1,A,255350.29,1378.03,available
PRJ_0026_U038,PRJ_0026,3,139.75,12,1,0,1,D,418769.62,2234.93,available
PRJ_0026_U039,PRJ_0026,3,150.13,5,1,1,0,A,474382.0,1837.85,available
PRJ_0026_U040,PRJ_0026,3,102.87,13,0,1,1,B,362562.32,1458.59,available
PRJ_0026_U041,PRJ_0026,2,87.29,1,1,0,0,C,254125.46,1203.98,available
PRJ_0026_U042,PRJ_0026,4,147.12,2,0,0,1,C,493157.64,1579.25,available
PRJ_0026_U043,PRJ_0026,3,115.28,4,1,1,1,B,365850.21,1976.66,available
PRJ_0026_U044,PRJ_0026,4,154.67,13,1,1,0,D,467589.86,1492.11,available
PRJ_0026_U045,PRJ_0026,2,81.08,7,0,0,0,A,231062.65,1008.01,available
PRJ_0026_U046,PRJ_0026,2,81.13,9,1,0,0,C,279714.12,1306.61,available
PRJ_0026_U047,PRJ_0026,2,101.55,9,1,1,0,C,326822.07,1707.15,available
PRJ_0026_U048,PRJ_0026,3,129.04,6,0,1,1,B,384774.41,1776.11,available
PRJ_0026_U049,PRJ_0026,3,104.47,13,1,1,1,D,329257.25,1484.9,available
PRJ_0026_U050,PRJ_0026,2,81.95,13,1,1,1,B,266569.93,1024.29,available
PRJ_0026_U051,PRJ_0026,1,67.48,6,0,1,1,B,206995.76,930.7,available
PRJ_0026_U052,PRJ_0026,2,99.94,9,0,1,0,A,307600.91,1492.94,available
PRJ_0026_U053,PRJ_0026,1,56.94,8,0,0,0,A,183992.35,796.09,available
PRJ_0026_U054,PRJ_0026,3,130.21,8,1,1,1,D,391216.1,1925.11,available
PRJ_0026_U055,PRJ_0026,2,106.78,1,1,0,1,B,335077.14,1113.56,available
PRJ_0026_U056,PRJ_0026,2,99.86,2,0,1,0,D,292435.58,1146.72,available
PRJ_0026_U057,PRJ_0026,2,86.8,13,0,1,0,A,256060.05,1363.84,available
PRJ_0026_U058,PRJ_0026,1,70.64,3,1,1,1,D,230540.44,897.82,available
PRJ_0026_U059,PRJ_0026,4,176.78,9,0,1,1,C,502870.37,2296.03,available
PRJ_0026_U060,PRJ_0026,2,78.59,12,0,0,1,A,208636.22,904.73,available
PRJ_0026_U061,PRJ_0026,4,125.99,8,0,0,1,A,383632.54,2023.31,available
PRJ_0026_U062,PRJ_0026,3,123.9,3,0,0,1,C,359862.67,1271.36,available
PRJ_0026_U063,PRJ_0026,3,132.29,12,0,0,1,A,371407.91,1426.31,available
PRJ_0026_U064,PRJ_0026,2,74.93,0,0,0,1,B,200417.27,1023.53,available
PRJ_0026_U065,PRJ_0026,3,158.79,10,1,0,1,C,544360.93,2539.78,available
PRJ_0026_U066,PRJ_0026,3,110.53,3,0,1,1,D,337266.44,1480.1,available
PRJ_0026_U067,PRJ_0026,1,65.25,8,0,0,1,C,196681.82,797.58,available
PRJ_0026_U068,PRJ_0026,4,99.79,6,0,1,1,D,339865.75,1390.77,available
PRJ_0026_U069,PRJ_0026,2,100.43,7,0,1,0,B,319396.38,1683.3,available
PRJ_0026_U070,PRJ_0026,2,83.72,5,1,0,0,C,273077.73,1277.07,available
PRJ_0026_U071,PRJ_0026,2,48.74,7,0,0,1,B,138111.48,726.07,available
PRJ_0026_U072,PRJ_0026,3,126.05,13,0,1,1,C,363271.97,1944.99,available
PRJ_0026_U073,PRJ_0026,2,53.95,11,0,0,0,C,165064.93,725.86,available
PRJ_0026_U074,PRJ_0026,2,78.67,5,0,1,1,C,239482.77,1086.99,available
PRJ_0026_U075,PRJ_0026,1,64.68,13,1,0,0,D,211887.44,983.9,available
PRJ_0026_U076,PRJ_0026,2,71.49,12,0,0,0,B,194886.24,985.11,available
PRJ_0026_U077,PRJ_0026,2,70.77,8,0,1,1,C,224809.01,1045.27,available
PRJ_0026_U078,PRJ_0026,3,121.71,8,0,0,1,B,384616.25,1317.17,available
PRJ_0027_U001,PRJ_0027,2,75.33,1,1,0,0,C,198282.38,684.13,available
PRJ_0027_U002,PRJ_0027,2,92.11,13,0,1,0,B,260918.97,1219.86,available
PRJ_0027_U003,PRJ_0027,4,165.76,3,1,1,0,D,523853.36,2388.06,available
PRJ_0027_U004,PRJ_0027,2,110.75,6,0,0,1,C,311987.39,1140.81,available
PRJ_0027_U005,PRJ_0027,3,105.57,3,0,1,1,C,314403.32,1577.93,available
PRJ_0027_U006,PRJ_0027,3,141.65,12,0,1,0,A,424678.36,1445.38,available
PRJ_0027_U007,PRJ_0027,4,180.0,12,1,1,0,B,576676.27,2257.66,available
PRJ_0027_U008,PRJ_0027,3,141.67,9,0,1,1,C,457581.03,2209.71,available
PRJ_0027_U009,PRJ_0027,1,66.39,11,1,0,1,C,202708.27,921.91,available
PRJ_0027_U010,PRJ_0027,2,70.22,1,1,1,1,B,190716.09,861.43,available
PRJ_0027_U011,PRJ_0027,3,95.88,13,0,1,0,B,268900.14,1266.73,available
PRJ_0027_U012,PRJ_0027,2,104.56,5,0,1,0,B,327494.5,1513.42,available
PRJ_0027_U013,PRJ_0027,3,108.89,5,1,1,0,B,296913.11,1524.29,available
PRJ_0027_U014,PRJ_0027,2,79.98,2,1,1,0,B,240508.83,1069.4,available
PRJ_0027_U015,PRJ_0027,1,79.63,12,0,1,0,A,202329.92,823.39,available
PRJ_0027_U016,PRJ_0027,4,132.64,2,0,1,1,B,354341.25,1732.86,available
PRJ_0027_U017,PRJ_0027,4,163.63,12,1,1,1,C,522703.26,1960.11,available
PRJ_0027_U018,PRJ_0027,3,126.62,10,1,0,1,C,380965.4,1857.49,available
PRJ_0027_U019,PRJ_0027,2,65.31,10,0,1,0,A,186260.37,707.16,available
PRJ_0027_U020,PRJ_0027,4,115.43,0,1,0,1,A,323372.53,1373.53,available
PRJ_0027_U021,PRJ_0027,3,95.03,10,0,1,1,B,252177.2,1217.98,available
PRJ_0027_U022,PRJ_0027,4,147.56,13,0,1,0,B,443742.5,2031.85,available
PRJ_0027_U023,PRJ_0027,1,48.64,5,0,0,1,C,134709.95,550.0,available
PRJ_0027_U024,PRJ_0027,2,76.8,6,0,0,1,B,205242.5,856.15,available
PRJ_0027_U025,PRJ_0027,3,81.15,1,0,1,0,C,229460.92,1145.78,available
PRJ_0027_U026,PRJ_0027,4,158.21,6,1,1,0,A,491228.23,2657.24,available
PRJ_0027_U027,PRJ_0027,2,71.51,9,0,0,1,D,204779.93,863.55,available
PRJ_0027_U028,PRJ_0027,2,54.49,4,1,1,1,C,163087.01,550.0,available
PRJ_0027_U029,PRJ_0027,3,104.94,10,0,1,0,C,305578.71,1219.44,available
PRJ_0027_U030,PRJ_0027,4,126.53,1,1,1,0,D,358126.99,1528.84,available
PRJ_0027_U031,PRJ_0027,3,116.97,9,0,0,0,B,334395.79,1114.17,available
PRJ_0027_U032,PRJ_0027,4,114.43,8,1,1,1,A,362875.81,1854.75,available
PRJ_0027_U033,PRJ_0027,3,101.81,3,0,1,1,B,306775.03,1343.35,available
PRJ_0027_U034,PRJ_0027,3,116.11,4,0,0,1,C,339106.23,1391.33,available
PRJ_0027_U035,PRJ_0027,3,135.61,3,1,1,1,C,389910.55,1583.17,available
PRJ_0027_U036,PRJ_0027,2,89.21,8,0,0,0,B,262448.5,847.8,available
PRJ_0027_U037,PRJ_0027,3,96.69,8,1,1,0,C,298519.57,1293.82,available
PRJ_0027_U038,PRJ_0027,3,99.27,7,0,0,0,B,272987.53,1156.57,available
PRJ_0027_U039,PRJ_0027,2,71.26,2,1,1,1,B,207117.19,817.06,available
PRJ_0027_U040,PRJ_0027,2,68.19,3,0,1,1,C,201987.97,938.98,available
PRJ_0027_U041,PRJ_0027,3,81.64,11,0,1,0,B,253627.09,1037.71,available
PRJ_0027_U042,PRJ_0027,3,137.48,6,0,0,1,A,361646.45,1610.46,available
PRJ_0027_U043,PRJ_0027,2,100.61,6,0,1,1,C,320907.87,1655.25,available
PRJ_0027_U044,PRJ_0027,4,130.66,4,0,1,1,B,396113.14,1578.67,available
PRJ_0027_U045,PRJ_0027,2,89.47,13,0,1,1,B,266372.61,1082.0,available
PRJ_0027_U046,PRJ_0027,2,96.48,3,1,1,1,B,283629.51,1450.75,available
PRJ_0027_U047,PRJ_0027,2,68.87,10,0,0,1,B,203098.62,806.78,available
PRJ_0027_U048,PRJ_0027,2,80.36,10,1,1,0,C,234697.68,975.22,available
PRJ_0027_U049,PRJ_0027,1,59.35,3,0,1,1,C,168532.94,837.35,available
PRJ_0027_U050,PRJ_0027,3,159.31,0,1,0,1,A,430909.37,1938.39,available
PRJ_0027_U051,PRJ_0027,3,138.43,3,0,1,1,C,362061.15,1907.31,available
PRJ_0027_U052,PRJ_0027,3,117.87,3,0,1,1,C,377081.24,1593.42,available
PRJ_0027_U053,PRJ_0027,4,171.98,10,0,1,1,C,508580.25,2158.66,available
PRJ_0027_U054,PRJ_0027,4,161.2,7,1,1,1,C,498075.66,1625.35,available
PRJ_0027_U055,PRJ_0027,2,71.66,6,1,0,1,B,214882.12,775.85,available
PRJ_0027_U056,PRJ_0027,1,57.56,6,0,1,1,C,162669.14,712.76,available
PRJ_0027_U057,PRJ_0027,2,76.87,13,0,1,0,B,219984.08,789.23,available
PRJ_0027_U058,PRJ_0027,3,130.25,13,0,0,1,B,378467.6,1584.73,available
PRJ_0027_U059,PRJ_0027,2,94.72,0,0,1,1,B,268706.96,1022.2,available
PRJ_0027_U060,PRJ_0027,3,106.29,11,1,0,0,B,302957.44,973.55,available
PRJ_0027_U061,PRJ_0027,3,99.15,5,0,1,0,B,286643.02,1214.12,available
PRJ_0027_U062,PRJ_0027,3,126.0,10,0,0,0,D,362629.66,1675.63,available
PRJ_0027_U063,PRJ_0027,2,53.57,13,1,0,1,B,164054.75,644.36,available
PRJ_0027_U064,PRJ_0027,2,98.91,7,0,0,0,B,291947.72,1434.59,available
PRJ_0027_U065,PRJ_0027,2,59.84,8,1,1,0,D,178995.48,625.64,available
PRJ_0027_U066,PRJ_0027,3,87.74,6,1,0,0,B,257675.33,868.9,available
PRJ_0027_U067,PRJ_0027,3,109.57,1,1,0,0,A,338800.6,1785.5,available
PRJ_0027_U068,PRJ_0027,3,116.56,0,0,1,1,C,318170.7,1667.34,available
PRJ_0027_U069,PRJ_0027,3,102.11,5,0,1,0,D,261278.2,1066.38,available
PRJ_0027_U070,PRJ_0027,3,147.17,11,1,1,0,C,456383.54,1876.43,available
PRJ_0027_U071,PRJ_0027,1,54.89,4,0,0,0,B,147144.86,747.72,available
PRJ_0027_U072,PRJ_0027,2,71.32,6,0,0,1,B,195194.21,851.11,available
PRJ_0027_U073,PRJ_0027,2,93.97,7,0,1,0,C,285210.89,978.32,available
PRJ_0027_U074,PRJ_0027,1,54.32,4,1,1,1,D,160466.56,550.0,available
PRJ_0027_U075,PRJ_0027,2,91.52,6,1,1,0,A,258674.48,895.46,available
PRJ_0027_U076,PRJ_0027,3,97.54,8,1,1,1,C,327220.24,1611.03,available
PRJ_0027_U077,PRJ_0027,2,108.78,11,0,0,0,C,285164.76,1289.21,available
PRJ_0027_U078,PRJ_0027,2,99.26,10,0,1,0,A,287238.68,1103.32,available
PRJ_0027_U079,PRJ_0027,2,58.96,11,1,0,1,A,160354.3,566.26,available
PRJ_0027_U080,PRJ_0027,2,61.52,7,0,1,0,A,181220.88,624.21,available
PRJ_0027_U081,PRJ_0027,2,84.75,9,1,1,0,D,247511.19,1196.66,available
PRJ_0027_U082,PRJ_0027,1,46.21,2,1,0,1,B,140477.82,724.85,available
PRJ_0027_U083,PRJ_0027,2,94.96,2,1,1,1,C,282315.61,1231.35,available
PRJ_0027_U084,PRJ_0027,4,117.19,12,1,0,1,A,375714.78,1842.98,available
PRJ_0027_U085,PRJ_0027,2,100.27,8,1,0,0,C,290608.71,1105.39,available
PRJ_0027_U086,PRJ_0027,2,84.54,1,1,0,1,B,227079.51,1018.32,available
PRJ_0027_U087,PRJ_0027,2,114.69,5,0,0,1,D,326054.56,1353.86,available
PRJ_0027_U088,PRJ_0027,2,96.82,13,0,1,1,B,281825.57,948.06,available
PRJ_0027_U089,PRJ_0027,3,86.77,0,0,1,1,C,225981.65,963.41,available
PRJ_0027_U090,PRJ_0027,2,105.03,6,1,0,1,C,298795.16,1515.47,available
PRJ_0027_U091,PRJ_0027,4,179.57,11,0,1,0,B,502670.08,1650.36,available
PRJ_0027_U092,PRJ_0027,4,148.24,13,0,0,1,D,462156.78,1959.62,available
PRJ_0027_U093,PRJ_0027,3,138.41,5,0,1,0,B,404614.54,2076.28,available
PRJ_0027_U094,PRJ_0027,2,68.81,12,1,0,0,D,200244.5,990.07,available
PRJ_0027_U095,PRJ_0027,2,64.2,10,0,1,0,A,190989.79,816.85,available
PRJ_0027_U096,PRJ_0027,2,84.25,5,1,0,1,C,220945.7,784.84,available
PRJ_0027_U097,PRJ_0027,3,140.9,10,1,1,0,D,413107.33,2096.87,available
PRJ_0027_U098,PRJ_0027,1,56.6,11,0,1,0,D,167789.91,589.15,available
PRJ_0027_U099,PRJ_0027,3,145.63,3,0,0,1,B,412540.4,1563.33,available
PRJ_0027_U100,PRJ_0027,2,115.63,1,0,1,1,B,322342.72,1110.89,available
PRJ_0027_U101,PRJ_0027,2,95.69,10,0,1,1,C,281541.31,1182.32,available
PRJ_0027_U102,PRJ_0027,2,109.71,1,1,1,0,B,327334.71,1499.97,available
PRJ_0028_U001,PRJ_0028,4,170.06,2,1,1,0,C,543819.49,2870.98,available
PRJ_0028_U002,PRJ_0028,2,91.63,7,0,0,1,A,295893.06,1597.16,available
PRJ_0028_U003,PRJ_0028,1,36.39,11,1,0,1,A,131852.11,550.0,available
PRJ_0028_U004,PRJ_0028,3,102.7,0,1,1,1,B,372146.63,1970.85,available
PRJ_0028_U005,PRJ_0028,2,62.28,6,0,0,1,B,212907.51,967.53,available
PRJ_0028_U006,PRJ_0028,2,79.9,4,0,1,0,A,238467.34,1241.51,available
PRJ_0028_U007,PRJ_0028,2,78.31,2,0,1,1,C,267738.24,864.62,available
PRJ_0028_U008,PRJ_0028,4,148.93,3,1,1,0,A,535263.73,1734.95,available
PRJ_0028_U009,PRJ_0028,3,117.56,13,0,1,0,D,396339.09,1321.58,available
PRJ_0028_U010,PRJ_0028,4,145.48,7,1,1,1,C,562360.85,2798.62,available
PRJ_0028_U011,PRJ_0028,2,80.99,1,0,1,1,B,249219.25,866.55,available
PRJ_0028_U012,PRJ_0028,2,78.21,9,1,1,1,C,284522.03,1014.03,available
PRJ_0028_U013,PRJ_0028,2,102.88,8,1,1,1,C,343421.67,1539.84,available
PRJ_0028_U014,PRJ_0028,2,114.63,5,0,0,0,C,384195.94,2044.28,available
PRJ_0028_U015,PRJ_0028,1,51.07,5,1,1,0,B,177593.25,788.99,available
PRJ_0028_U016,PRJ_0028,1,41.37,7,0,1,0,C,150733.99,725.79,available
PRJ_0028_U017,PRJ_0028,2,83.41,13,1,1,1,A,300740.33,1079.38,available
PRJ_0028_U018,PRJ_0028,3,117.91,10,0,0,0,B,378785.35,1978.61,available
PRJ_0028_U019,PRJ_0028,2,85.58,5,1,0,0,A,276373.43,909.93,available
PRJ_0028_U020,PRJ_0028,3,93.39,3,0,1,0,B,299446.04,1138.8,available
PRJ_0028_U021,PRJ_0028,2,95.92,1,1,1,0,C,315399.19,1320.75,available
PRJ_0028_U022,PRJ_0028,3,146.77,2,1,1,0,A,528588.08,1942.85,available
PRJ_0028_U023,PRJ_0028,3,151.78,1,1,1,1,B,552506.45,2574.75,available
PRJ_0028_U024,PRJ_0028,3,137.46,11,0,0,0,C,416966.75,1957.22,available
PRJ_0028_U025,PRJ_0028,3,141.07,8,0,1,1,B,479163.08,1745.76,available
PRJ_0028_U026,PRJ_0028,2,110.26,0,1,0,1,A,371441.04,1183.41,available
PRJ_0028_U027,PRJ_0028,2,104.77,12,1,1,1,B,354133.16,1180.64,available
PRJ_0028_U028,PRJ_0028,3,106.62,2,1,0,1,D,365906.62,1159.06,available
PRJ_0028_U029,PRJ_0028,4,105.74,9,1,1,1,C,399114.95,2076.92,available
PRJ_0028_U030,PRJ_0028,3,106.66,0,0,1,1,C,367080.83,1675.88,available
PRJ_0028_U031,PRJ_0028,2,92.42,8,0,1,0,C,329713.39,1146.79,available
PRJ_0028_U032,PRJ_0028,3,104.33,7,0,1,0,C,336173.43,1134.53,available
PRJ_0028_U033,PRJ_0028,4,96.78,12,0,0,0,C,317895.02,1591.46,available
PRJ_0028_U034,PRJ_0028,2,81.51,8,1,1,0,C,271998.2,1357.68,available
PRJ_0028_U035,PRJ_0028,2,99.22,6,1,0,1,C,346778.79,1821.72,available
PRJ_0028_U036,PRJ_0028,3,111.54,7,1,1,0,C,393373.92,1386.66,available
PRJ_0028_U037,PRJ_0028,3,113.48,8,1,1,0,B,412649.09,1791.63,available
PRJ_0028_U038,PRJ_0028,2,73.18,5,0,1,1,A,256943.14,883.88,available
PRJ_0028_U039,PRJ_0028,2,97.6,9,1,1,0,A,350298.74,1736.38,available
PRJ_0028_U040,PRJ_0028,3,147.52,7,1,0,0,B,480853.75,1968.98,available
PRJ_0028_U041,PRJ_0028,3,109.02,13,1,1,1,D,357535.94,1691.96,available
PRJ_0028_U042,PRJ_0028,3,115.89,2,0,1,0,C,386069.1,1248.88,available
PRJ_0028_U043,PRJ_0028,2,101.97,10,1,1,1,C,385587.4,1895.94,available
PRJ_0028_U044,PRJ_0028,2,95.02,11,0,0,0,C,311153.3,1145.98,available
PRJ_0028_U045,PRJ_0028,3,122.73,10,0,0,0,D,371667.41,1881.74,available
PRJ_0028_U046,PRJ_0028,2,96.1,13,1,0,1,C,366510.96,1313.89,available
PRJ_0028_U047,PRJ_0028,2,42.3,6,0,1,0,B,144856.68,716.23,available
PRJ_0028_U048,PRJ_0028,3,124.49,7,0,1,1,B,425641.28,1476.3,available
PRJ_0028_U049,PRJ_0028,2,94.06,2,0,1,1,B,291789.6,1359.55,available
PRJ_0028_U050,PRJ_0028,3,100.23,5,0,0,0,A,319319.89,1571.05,available
PRJ_0028_U051,PRJ_0028,1,44.02,2,1,1,0,B,153622.69,619.97,available
PRJ_0028_U052,PRJ_0028,3,111.61,11,1,0,1,B,395165.14,1468.6,available
PRJ_0028_U053,PRJ_0028,3,95.59,10,1,0,0,A,314514.88,1239.77,available
PRJ_0028_U054,PRJ_0028,3,137.06,2,0,0,1,B,441585.33,1693.04,available
