customer_id,segment_true,annual_income_eur,savings_eur,green_preference,financing_sensitivity
CUS_000001,premium,100520,74450,0.324,0.18
CUS_000002,first_home,47486,11930,0.762,0.981
CUS_000003,investor,46578,23155,0.39,0.108
CUS_000004,first_home,46319,26880,0.3,0.911
CUS_000005,premium,218397,110490,0.473,0.378
CUS_000006,first_home,41322,16040,0.847,0.774
CUS_000007,first_home,61820,6371,0.911,0.719
CUS_000008,first_home,21408,13723,1.0,0.675
CUS_000009,upsizer,78924,17364,0.5,0.457
CUS_000010,premium,76058,46014,0.52,0.13
CUS_000011,first_home,46922,29559,0.521,0.48
CUS_000012,first_home,16000,3363,0.405,0.801
CUS_000013,first_home,38959,8082,0.397,0.736
CUS_000014,first_home,36834,13232,0.455,0.837
CUS_000015,first_home,47930,28544,1.0,0.683
CUS_000016,upsizer,90579,29204,0.354,0.593
CUS_000017,first_home,17301,7732,0.612,0.604
CUS_000018,upsizer,93721,31830,0.705,0.58
CUS_000019,first_home,29319,16753,1.0,0.596
CUS_000020,premium,64983,20516,0.632,0.288
CUS_000021,first_home,43496,13060,0.493,0.842
CUS_000022,first_home,31551,7704,0.324,0.547
CUS_000023,premium,72067,17196,0.345,0.159
CUS_000024,first_home,26304,16349,0.557,0.562
CUS_000025,upsizer,68396,25005,0.486,0.392
CUS_000026,investor,76078,19691,0.546,0.191
CUS_000027,upsizer,80745,10433,0.699,0.501
CUS_000028,premium,125822,47978,0.403,0.14
CUS_000029,first_home,51195,14450,0.65,0.725
CUS_000030,first_home,39378,9769,0.809,0.718
CUS_000031,investor,40914,11892,0.122,0.303
CUS_000032,first_home,54459,24611,0.602,0.796
CUS_000033,investor,40341,8917,0.905,0.478
CUS_000034,first_home,30012,11251,0.661,0.671
CUS_000035,investor,48646,28672,0.41,0.331
CUS_000036,first_home,27769,9174,0.708,0.625
CUS_000037,first_home,18184,4336,0.434,0.878
CUS_000038,upsizer,88210,54685,0.772,0.566
CUS_000039,premium,152135,63005,0.673,0.0
CUS_000040,first_home,44221,17625,1.0,0.679
CUS_000041,first_home,60807,31850,0.535,0.83
CUS_000042,investor,114846,47597,0.667,0.363
CUS_000043,first_home,38509,17043,0.479,0.568
CUS_000044,investor,88458,13023,0.586,0.321
CUS_000045,investor,78157,21797,0.356,0.614
CUS_000046,first_home,36842,28193,0.878,0.633
CUS_000047,first_home,67673,16428,0.617,0.745
CUS_000048,first_home,37856,16746,0.568,0.822
CUS_000049,first_home,43762,32540,0.779,0.572
CUS_000050,investor,45901,25412,0.928,0.671
CUS_000051,first_home,50770,24485,1.0,0.967
CUS_000052,upsizer,50871,14534,0.358,0.557
CUS_000053,investor,70066,22267,0.728,0.531
CUS_000054,first_home,53738,20117,0.79,1.0
CUS_000055,first_home,41035,20135,0.539,0.773
CUS_000056,first_home,30051,19805,0.407,0.619
CUS_000057,first_home,41663,18797,0.842,0.758
CUS_000058,investor,62373,20411,0.342,0.308
CUS_000059,first_home,61417,25341,0.659,0.749
CUS_000060,first_home,43576,22821,0.393,0.84
CUS_000061,first_home,29630,14538,0.572,0.856
CUS_000062,first_home,26863,10348,0.189,0.459
CUS_000063,investor,87685,20023,0.312,0.212
CUS_000064,upsizer,96780,60378,0.126,0.551
CUS_000065,investor,77388,29630,1.0,0.501
CUS_000066,upsizer,101026,47903,0.215,0.475
CUS_000067,investor,63923,19701,0.772,0.359
CUS_000068,first_home,47723,14488,0.378,0.599
CUS_000069,upsizer,65506,34032,0.0,0.756
CUS_000070,first_home,16000,3233,0.623,0.749
CUS_000071,first_home,18771,4140,1.0,0.959
CUS_000072,upsizer,96010,67358,0.373,0.238
CUS_000073,investor,89130,51580,1.0,0.556
CUS_000074,upsizer,68181,34433,1.0,0.707
CUS_000075,first_home,62501,14810,0.302,0.797
CUS_000076,investor,98592,46310,0.145,0.195
CUS_000077,first_home,38299,15961,0.372,0.804
CUS_000078,first_home,41800,14646,0.822,0.743
CUS_000079,upsizer,60669,25109,0.076,0.85
CUS_000080,first_home,23954,4131,0.679,0.861
CUS_000081,investor,71573,4117,0.583,0.606
CUS_000082,upsizer,87284,42198,0.402,0.561
CUS_000083,upsizer,124339,57082,0.442,0.94
CUS_000084,first_home,41717,19830,0.516,0.866
CUS_000085,first_home,43042,24471,0.581,0.709
CUS_000086,upsizer,62418,32587,0.954,0.697
CUS_000087,investor,16000,11156,0.46,0.211
CUS_000088,first_home,62865,40378,0.537,0.586
CUS_000089,first_home,34470,15185,0.709,0.425
CUS_000090,first_home,36326,16655,0.322,0.579
CUS_000091,upsizer,76315,35900,0.945,0.472
CUS_000092,first_home,31664,4874,0.36,0.945
CUS_000093,premium,107165,63828,0.673,0.0
CUS_000094,first_home,45082,24135,0.496,0.773
CUS_000095,first_home,62537,8233,0.561,0.696
CUS_000096,investor,119656,84827,1.0,0.15
CUS_000097,upsizer,95827,33821,0.623,0.615
CUS_000098,first_home,16000,6522,0.392,0.649
CUS_000099,first_home,16625,6720,0.337,0.663
CUS_000100,investor,88063,35143,0.863,0.577
CUS_000101,first_home,58432,50313,0.667,0.497
CUS_000102,first_home,45645,17482,0.438,0.91
CUS_000103,investor,50542,18781,0.824,0.488
CUS_000104,first_home,55228,23941,0.362,0.699
CUS_000105,investor,51185,14193,0.349,0.163
CUS_000106,first_home,52649,25405,0.525,0.664
CUS_000107,investor,35572,10038,0.487,0.337
CUS_000108,premium,86181,44827,0.138,0.472
CUS_000109,premium,56293,13638,0.436,0.254
CUS_000110,investor,41668,13513,0.694,0.567
CUS_000111,investor,104004,25909,0.467,0.584
CUS_000112,first_home,39436,13181,0.551,0.581
CUS_000113,first_home,40273,4366,0.314,0.76
CUS_000114,first_home,55830,1500,0.627,0.606
CUS_000115,investor,41767,15538,0.677,0.589
CUS_000116,first_home,29788,4573,0.897,0.636
CUS_000117,first_home,33261,24683,0.482,0.513
CUS_000118,first_home,39281,14353,0.497,0.876
CUS_000119,investor,51223,28559,0.712,0.295
CUS_000120,first_home,47773,23200,0.523,0.488
CUS_000121,first_home,37029,8839,0.711,0.831
CUS_000122,investor,68434,24245,0.735,0.352
CUS_000123,upsizer,52255,29436,0.303,0.428
CUS_000124,investor,130818,72158,0.292,0.089
CUS_000125,first_home,55043,32252,0.42,0.928
CUS_000126,premium,162167,50570,0.146,0.538
CUS_000127,first_home,39360,21063,1.0,0.934
CUS_000128,first_home,49382,15858,0.254,0.807
CUS_000129,first_home,54257,33203,0.837,0.773
CUS_000130,first_home,45275,27455,0.313,0.634
CUS_000131,investor,70849,12942,0.819,0.443
CUS_000132,first_home,58883,28245,0.844,0.883
CUS_000133,premium,93292,21721,0.144,0.613
CUS_000134,investor,65023,37649,0.533,0.329
CUS_000135,first_home,54200,12299,0.97,0.883
CUS_000136,first_home,37515,18310,0.584,0.572
CUS_000137,investor,64904,36539,0.777,0.378
CUS_000138,first_home,40283,17809,0.623,0.834
CUS_000139,first_home,50626,29621,0.773,0.526
CUS_000140,first_home,59986,28960,0.864,0.724
CUS_000141,investor,45366,32300,0.516,0.045
CUS_000142,first_home,59775,13850,0.561,0.746
CUS_000143,premium,82515,29779,0.485,0.24
CUS_000144,first_home,55826,4715,0.263,0.887
CUS_000145,first_home,41381,15585,0.729,0.669
CUS_000146,investor,107398,23234,0.579,0.086
CUS_000147,premium,81758,14746,0.862,0.391
CUS_000148,investor,61470,9222,1.0,0.558
CUS_000149,first_home,31142,10739,0.431,0.561
CUS_000150,upsizer,75918,36114,0.461,0.11
CUS_000151,first_home,54207,27973,0.411,0.632
CUS_000152,first_home,57041,34815,0.908,0.728
CUS_000153,investor,95316,57186,0.23,0.361
CUS_000154,first_home,27194,6169,0.642,0.635
CUS_000155,investor,73722,21846,0.204,0.109
CUS_000156,upsizer,52496,24395,0.913,0.45
CUS_000157,first_home,26634,12452,0.735,0.469
CUS_000158,first_home,33133,22478,0.408,0.928
CUS_000159,first_home,45069,17044,0.992,0.721
CUS_000160,first_home,31738,18033,0.368,0.534
CUS_000161,investor,57499,23246,0.589,0.697
CUS_000162,upsizer,78729,38923,0.031,0.592
CUS_000163,investor,108026,54002,0.71,0.428
CUS_000164,upsizer,67271,28656,0.475,0.6
CUS_000165,first_home,49443,12574,0.506,0.723
CUS_000166,first_home,41264,19799,0.329,0.847
CUS_000167,first_home,43830,23921,0.295,0.773
CUS_000168,premium,120553,54160,0.429,0.082
CUS_000169,first_home,29873,1500,0.869,0.874
CUS_000170,first_home,30146,12004,0.658,0.962
CUS_000171,first_home,39304,21701,0.352,0.363
CUS_000172,first_home,54914,13928,0.026,0.555
CUS_000173,investor,53800,33457,1.0,0.549
CUS_000174,upsizer,96019,30698,0.0,0.58
CUS_000175,first_home,40048,14916,0.832,0.523
CUS_000176,investor,76912,35926,0.679,0.266
CUS_000177,first_home,34790,9190,0.512,0.981
CUS_000178,first_home,38815,23061,0.422,0.69
CUS_000179,first_home,48165,31672,0.744,0.769
CUS_000180,investor,111220,25801,0.823,0.217
CUS_000181,investor,67438,26746,0.825,0.733
CUS_000182,investor,89244,68789,0.828,0.0
CUS_000183,premium,142831,89683,0.198,0.207
CUS_000184,first_home,54349,7585,0.397,0.693
CUS_000185,investor,43313,27723,0.408,0.236
CUS_000186,investor,70992,1500,0.574,0.325
CUS_000187,first_home,42460,22955,0.628,0.739
CUS_000188,first_home,32905,9074,0.817,0.599
CUS_000189,first_home,24615,12623,0.554,0.892
CUS_000190,first_home,29530,14010,0.748,0.34
CUS_000191,first_home,35391,16071,0.475,0.961
CUS_000192,first_home,35466,18989,1.0,0.714
CUS_000193,upsizer,85875,29260,0.408,0.241
CUS_000194,upsizer,70296,22649,0.404,0.475
CUS_000195,investor,48979,29265,0.624,0.228
CUS_000196,investor,47715,20566,0.839,0.189
CUS_000197,upsizer,47434,15534,0.375,0.554
CUS_000198,first_home,38780,15432,0.49,0.607
CUS_000199,first_home,33745,12902,0.474,0.64
CUS_000200,investor,76622,28177,0.314,0.307
CUS_000201,upsizer,83541,42586,0.429,0.589
CUS_000202,premium,111108,30372,0.397,0.431
CUS_000203,first_home,48935,34437,0.88,0.626
CUS_000204,investor,70116,32975,0.6,0.125
CUS_000205,first_home,23606,2349,0.44,0.782
CUS_000206,first_home,53020,25424,1.0,0.728
CUS_000207,investor,87405,22947,0.997,0.465
CUS_000208,investor,100890,42883,0.975,0.719
CUS_000209,first_home,24542,9880,0.454,0.839
CUS_000210,first_home,41139,22709,0.809,0.555
CUS_000211,investor,65662,36110,1.0,0.388
CUS_000212,first_home,20032,9412,0.467,0.638
CUS_000213,premium,173275,134068,0.509,0.244
CUS_000214,first_home,48883,14642,0.456,0.851
CUS_000215,investor,90898,61431,0.613,0.627
CUS_000216,first_home,34046,23179,0.999,0.968
CUS_000217,upsizer,65633,32208,0.577,0.637
CUS_000218,upsizer,113322,58086,0.426,0.575
CUS_000219,first_home,49229,29593,0.537,0.734
CUS_000220,investor,67429,25162,0.844,0.187
CUS_000221,premium,215291,72961,0.0,0.262
CUS_000222,first_home,37866,13188,0.653,0.586
CUS_000223,investor,43669,21076,0.506,0.385
CUS_000224,premium,161860,55933,0.404,0.384
CUS_000225,first_home,52345,15704,0.138,0.331
CUS_000226,upsizer,61954,15089,0.708,0.561
CUS_000227,first_home,32948,8333,0.49,0.787
CUS_000228,upsizer,56755,17869,0.67,0.889
CUS_000229,upsizer,41453,13222,0.289,0.329
CUS_000230,first_home,46890,21068,0.104,0.712
CUS_000231,first_home,56868,16507,0.267,0.799
CUS_000232,investor,57227,29672,0.506,0.43
CUS_000233,upsizer,87633,68722,0.124,0.394
CUS_000234,first_home,37260,24402,0.595,0.868
CUS_000235,first_home,35167,8405,0.96,0.665
CUS_000236,premium,116674,43887,0.0,0.143
CUS_000237,first_home,26196,5273,0.389,0.75
CUS_000238,investor,85183,39620,0.518,0.267
CUS_000239,investor,20421,9711,0.513,0.601
CUS_000240,upsizer,67956,31349,0.875,0.653
CUS_000241,first_home,26365,6357,0.457,0.801
CUS_000242,upsizer,53538,16762,0.49,0.727
CUS_000243,investor,78950,47532,0.472,0.756
CUS_000244,upsizer,114144,57236,0.675,0.749
CUS_000245,first_home,58772,16089,0.955,0.53
CUS_000246,investor,71444,14210,0.561,0.25
CUS_000247,premium,73561,30668,0.928,0.365
CUS_000248,premium,154750,63128,0.583,0.392
CUS_000249,first_home,50056,9935,0.257,1.0
CUS_000250,first_home,59456,22267,0.827,0.661
CUS_000251,first_home,44379,15212,0.555,0.696
CUS_000252,first_home,23569,7643,0.903,0.769
CUS_000253,investor,48195,17011,0.758,0.278
CUS_000254,upsizer,62700,30057,0.784,0.393
CUS_000255,investor,52456,23402,0.377,0.455
CUS_000256,first_home,40686,26687,0.329,0.649
CUS_000257,first_home,41887,19503,0.55,0.659
CUS_000258,first_home,20450,11756,0.234,0.821
CUS_000259,first_home,50975,9775,0.3,0.555
CUS_000260,premium,102280,46775,0.38,0.228
CUS_000261,first_home,16000,5807,0.266,0.721
CUS_000262,first_home,23032,12905,0.534,0.828
CUS_000263,investor,61462,29240,0.565,0.394
CUS_000264,first_home,47980,34235,0.434,0.718
CUS_000265,first_home,29987,7865,0.26,0.728
CUS_000266,first_home,43816,13231,0.36,0.735
CUS_000267,first_home,36819,18093,0.615,0.697
CUS_000268,investor,100333,40800,0.5,0.359
CUS_000269,first_home,44951,11695,0.584,0.81
CUS_000270,investor,74888,37233,0.345,0.255
CUS_000271,first_home,38772,13216,0.66,0.617
CUS_000272,first_home,42925,21939,0.747,0.915
CUS_000273,investor,50591,6274,0.246,0.52
CUS_000274,first_home,36484,13761,0.45,0.836
CUS_000275,first_home,33825,15500,0.162,0.473
CUS_000276,first_home,61565,28349,0.757,0.968
CUS_000277,first_home,33688,18724,1.0,0.802
CUS_000278,first_home,55404,21386,0.776,1.0
CUS_000279,upsizer,75502,38549,0.524,0.798
CUS_000280,first_home,48722,20341,0.598,0.453
CUS_000281,first_home,60405,33947,0.697,0.953
CUS_000282,first_home,34950,5355,0.256,0.766
CUS_000283,first_home,30991,1500,0.573,0.83
CUS_000284,investor,65454,42915,0.554,0.426
CUS_000285,investor,65677,21520,0.506,0.57
CUS_000286,upsizer,76727,9468,0.458,0.612
CUS_000287,first_home,38520,15449,0.581,0.839
CUS_000288,first_home,33960,11433,0.318,0.623
CUS_000289,investor,27304,13555,0.379,0.481
CUS_000290,first_home,36595,18978,0.626,0.936
CUS_000291,first_home,31559,11199,0.549,0.569
CUS_000292,first_home,48966,29243,0.563,0.712
CUS_000293,first_home,49157,10423,0.792,0.904
CUS_000294,premium,82557,1500,0.535,0.202
CUS_000295,upsizer,66071,30166,0.509,0.612
CUS_000296,investor,40325,15467,0.716,0.373
CUS_000297,first_home,35541,3163,0.983,0.674
CUS_000298,investor,115418,62288,0.447,0.359
CUS_000299,investor,52114,6478,0.669,0.375
CUS_000300,premium,85422,35002,0.497,0.2
CUS_000301,first_home,24829,14104,0.332,0.747
CUS_000302,upsizer,71815,34200,0.554,0.702
CUS_000303,first_home,39790,18545,0.706,0.86
CUS_000304,investor,122072,42071,0.359,0.325
CUS_000305,premium,141579,65173,0.828,0.261
CUS_000306,upsizer,59420,30990,0.466,0.894
CUS_000307,upsizer,81338,25538,0.453,0.432
CUS_000308,first_home,52791,11954,0.74,0.687
CUS_000309,investor,88457,50588,0.624,0.388
CUS_000310,first_home,70368,53713,0.384,0.638
CUS_000311,investor,50827,35531,0.246,0.565
CUS_000312,first_home,33482,1500,0.971,0.572
CUS_000313,first_home,39742,26041,0.602,1.0
CUS_000314,upsizer,57669,18213,1.0,0.441
CUS_000315,premium,136918,103253,0.442,0.196
CUS_000316,first_home,56372,13702,0.64,0.722
CUS_000317,first_home,36961,8387,0.264,0.56
CUS_000318,first_home,41726,17566,0.318,0.534
CUS_000319,first_home,29308,10483,0.456,0.686
CUS_000320,first_home,23115,8475,0.959,0.923
CUS_000321,upsizer,107870,64696,0.616,0.719
CUS_000322,first_home,54636,35655,0.821,0.913
CUS_000323,first_home,30576,7953,1.0,0.714
CUS_000324,investor,44990,32630,0.788,0.268
CUS_000325,first_home,32126,6698,0.778,0.75
CUS_000326,first_home,26181,8410,0.592,0.848
CUS_000327,first_home,42044,37251,0.908,0.894
CUS_000328,first_home,47149,23411,0.647,0.71
CUS_000329,first_home,41257,12861,0.833,0.811
CUS_000330,investor,52743,25185,0.483,0.572
CUS_000331,first_home,58236,32437,0.727,0.854
CUS_000332,premium,44221,21700,0.663,0.266
CUS_000333,upsizer,91418,60380,0.483,0.835
CUS_000334,premium,108283,29698,0.222,0.084
CUS_000335,upsizer,68195,21298,0.638,0.411
CUS_000336,upsizer,62514,16864,0.669,0.638
CUS_000337,premium,91350,25622,0.32,0.158
CUS_000338,first_home,51623,22592,0.596,0.622
CUS_000339,first_home,63650,15182,0.632,0.719
CUS_000340,investor,49301,23778,0.827,0.304
CUS_000341,premium,115495,62817,0.635,0.326
CUS_000342,premium,107350,22536,0.729,0.206
CUS_000343,investor,52000,16463,0.525,0.449
CUS_000344,premium,101832,34431,0.486,0.202
CUS_000345,investor,62901,24564,0.528,0.338
CUS_000346,investor,96151,38496,0.452,0.376
CUS_000347,first_home,37942,22498,0.503,0.396
CUS_000348,first_home,55312,33538,0.685,0.719
CUS_000349,first_home,37605,10698,0.691,0.592
CUS_000350,first_home,34596,19183,0.667,0.834
CUS_000351,investor,61637,41758,0.635,0.573
CUS_000352,first_home,39259,25428,0.878,0.98
CUS_000353,upsizer,81759,38171,0.876,0.63
CUS_000354,first_home,39403,16558,0.597,0.75
CUS_000355,investor,33664,5970,0.934,0.218
CUS_000356,first_home,42673,15176,0.901,0.841
CUS_000357,premium,81898,13193,0.597,0.322
CUS_000358,first_home,36185,22985,0.413,0.6
CUS_000359,investor,59318,22690,0.474,0.596
CUS_000360,investor,52496,21757,0.581,0.382
CUS_000361,first_home,49591,15812,0.486,0.885
CUS_000362,investor,67311,11857,0.325,0.375
CUS_000363,investor,84985,47444,0.312,0.545
CUS_000364,premium,138054,71838,0.459,0.41
CUS_000365,first_home,50486,30193,0.42,0.732
CUS_000366,upsizer,78347,8979,0.105,0.445
CUS_000367,first_home,54041,36066,0.762,0.847
CUS_000368,first_home,40257,16400,0.809,1.0
CUS_000369,first_home,57483,32761,0.703,0.878
CUS_000370,first_home,31114,1500,0.055,0.908
CUS_000371,first_home,21063,10612,0.514,1.0
CUS_000372,premium,126410,52684,0.669,0.574
CUS_000373,investor,98456,38425,0.859,0.293
CUS_000374,upsizer,95723,39467,1.0,0.467
CUS_000375,first_home,21362,6893,0.563,0.871
CUS_000376,investor,64313,11306,0.597,0.568
CUS_000377,first_home,47831,9682,0.677,0.628
CUS_000378,first_home,21629,9405,0.419,0.969
CUS_000379,first_home,45588,30364,0.376,0.798
CUS_000380,investor,41296,25985,0.772,0.355
CUS_000381,investor,40657,19168,0.723,0.19
CUS_000382,first_home,27015,9240,0.512,0.951
CUS_000383,first_home,41475,33236,0.184,0.876
CUS_000384,first_home,29950,16549,0.047,0.714
CUS_000385,first_home,38940,20912,0.543,0.868
CUS_000386,investor,101247,19253,0.551,0.793
CUS_000387,first_home,46352,22063,0.501,0.862
CUS_000388,premium,97199,20139,0.776,0.382
CUS_000389,upsizer,87605,70496,0.612,0.207
CUS_000390,first_home,26399,7355,0.086,0.498
CUS_000391,upsizer,64331,20636,1.0,0.651
CUS_000392,investor,70793,22168,0.0,0.882
CUS_000393,first_home,36821,13380,0.428,0.639
CUS_000394,premium,63025,34706,0.32,0.412
CUS_000395,first_home,68702,29579,0.677,0.827
CUS_000396,investor,54913,24031,0.251,0.331
CUS_000397,investor,60580,33891,0.719,0.368
CUS_000398,upsizer,79161,12418,0.485,0.621
CUS_000399,investor,91935,51912,0.733,0.289
CUS_000400,premium,29243,13283,0.0,0.432
CUS_000401,first_home,34182,10374,0.512,0.677
CUS_000402,upsizer,93224,42297,0.728,0.442
CUS_000403,investor,68741,30960,0.288,0.697
CUS_000404,investor,71281,1500,0.635,0.371
CUS_000405,premium,118989,80611,0.627,0.0
CUS_000406,first_home,33567,21737,0.62,0.881
CUS_000407,first_home,55530,10823,0.473,0.665
CUS_000408,premium,43487,12783,0.735,0.284
CUS_000409,upsizer,94102,63392,0.644,0.567
CUS_000410,investor,57423,31560,0.63,0.385
CUS_000411,first_home,19799,9899,0.421,0.692
CUS_000412,first_home,44102,22424,0.324,0.742
CUS_000413,first_home,30403,15120,0.675,0.767
CUS_000414,first_home,33768,8048,0.391,0.709
CUS_000415,upsizer,84425,27722,0.906,0.45
CUS_000416,investor,58508,35662,1.0,0.352
CUS_000417,first_home,19169,10507,0.39,0.754
CUS_000418,first_home,43665,21008,0.363,0.751
CUS_000419,upsizer,99584,31207,0.666,0.591
CUS_000420,investor,48407,29434,0.633,0.48
CUS_000421,first_home,48110,12317,0.552,0.923
CUS_000422,first_home,44423,30943,0.698,0.767
CUS_000423,first_home,35798,10719,0.73,0.818
CUS_000424,first_home,75611,20651,0.375,0.896
CUS_000425,investor,34816,15160,0.355,0.295
CUS_000426,first_home,68338,32001,0.112,0.883
CUS_000427,first_home,34021,15223,0.155,0.435
CUS_000428,first_home,41996,8059,0.331,0.659
CUS_000429,first_home,24141,12212,0.48,0.603
CUS_000430,investor,111644,67688,0.752,0.383
CUS_000431,investor,69144,28723,0.707,0.609
CUS_000432,first_home,74946,11369,0.673,0.588
CUS_000433,first_home,30690,12030,0.513,0.621
CUS_000434,investor,45147,10207,1.0,0.638
CUS_000435,upsizer,69169,5692,0.275,0.488
CUS_000436,first_home,45405,15044,0.5,0.785
CUS_000437,first_home,28197,20368,0.642,0.698
CUS_000438,upsizer,81484,33828,0.3,0.658
CUS_000439,first_home,17540,6680,0.488,0.753
CUS_000440,upsizer,55816,31134,0.214,0.671
CUS_000441,premium,212279,114630,0.479,0.383
CUS_000442,first_home,33114,5502,0.914,0.918
CUS_000443,first_home,35553,27249,0.6,0.715
CUS_000444,upsizer,91365,42539,1.0,0.802
CUS_000445,first_home,32997,19574,0.901,0.842
CUS_000446,first_home,50654,16356,0.206,0.753
CUS_000447,first_home,65093,5082,0.284,0.847
CUS_000448,investor,99889,40851,0.904,0.264
CUS_000449,premium,173420,40162,0.537,0.25
CUS_000450,investor,60937,39049,0.206,0.483
CUS_000451,first_home,34749,6079,0.789,0.85
CUS_000452,investor,109850,47761,0.93,0.45
CUS_000453,investor,78306,42120,0.918,0.16
CUS_000454,first_home,20066,10164,0.68,0.58
CUS_000455,investor,57769,19631,0.846,0.604
CUS_000456,investor,41628,4562,0.685,0.249
CUS_000457,first_home,56940,9039,0.329,0.931
CUS_000458,upsizer,65763,19315,0.828,0.46
CUS_000459,first_home,42612,7507,0.509,0.692
CUS_000460,first_home,24783,10320,1.0,0.903
CUS_000461,first_home,38385,11237,0.478,0.86
CUS_000462,first_home,43764,8634,0.504,0.598
CUS_000463,first_home,31367,5455,0.3,0.841
CUS_000464,first_home,43108,6184,0.734,0.664
CUS_000465,premium,147291,61839,1.0,0.235
CUS_000466,investor,48055,14316,0.753,0.313
CUS_000467,first_home,55770,24239,0.581,0.733
CUS_000468,investor,90565,37681,0.453,0.353
CUS_000469,investor,22918,9016,0.403,0.353
CUS_000470,first_home,21397,11694,0.855,0.669
CUS_000471,upsizer,70138,11559,0.409,0.623
CUS_000472,first_home,33277,18219,0.06,0.821
CUS_000473,first_home,50487,25277,1.0,0.641
CUS_000474,first_home,23266,9176,0.631,0.912
CUS_000475,first_home,44168,12569,0.471,0.809
CUS_000476,first_home,16000,6994,0.401,0.845
CUS_000477,first_home,46390,23694,0.693,0.613
CUS_000478,investor,52765,9391,0.285,0.353
CUS_000479,upsizer,55631,30028,0.412,0.599
CUS_000480,premium,88558,65798,0.664,0.224
CUS_000481,investor,57754,24159,0.35,0.174
CUS_000482,investor,38872,25834,0.279,0.499
CUS_000483,investor,74155,38226,0.434,0.51
CUS_000484,first_home,45919,21923,0.493,0.906
CUS_000485,first_home,42646,12959,0.502,0.602
CUS_000486,first_home,27759,10232,0.496,0.969
CUS_000487,first_home,61052,15474,0.628,0.659
CUS_000488,investor,96236,57721,0.394,0.286
CUS_000489,first_home,31532,9333,0.632,0.793
CUS_000490,first_home,44091,32943,0.421,0.717
CUS_000491,first_home,42072,21410,0.532,0.718
CUS_000492,premium,148643,74459,0.408,0.236
CUS_000493,first_home,35487,6805,0.126,1.0
CUS_000494,first_home,50818,27939,0.633,0.833
CUS_000495,first_home,59734,23317,0.817,0.533
CUS_000496,first_home,16000,5255,0.622,0.57
CUS_000497,investor,52436,16357,0.264,0.308
CUS_000498,first_home,39239,8106,0.242,0.759
CUS_000499,first_home,41840,18066,0.764,0.506
CUS_000500,upsizer,66253,26498,0.66,0.58
CUS_000501,first_home,16000,3097,0.598,0.37
CUS_000502,investor,50887,26597,0.765,0.265
CUS_000503,investor,37662,30624,0.722,0.286
CUS_000504,first_home,30737,5338,0.591,0.665
CUS_000505,first_home,22273,9123,0.895,0.88
CUS_000506,first_home,58679,42748,0.973,0.832
CUS_000507,first_home,17923,5199,0.868,0.78
CUS_000508,first_home,44024,22414,0.744,0.75
CUS_000509,investor,74863,37480,0.588,0.336
CUS_000510,first_home,43759,24001,0.572,0.731
CUS_000511,first_home,45776,34784,0.74,0.548
CUS_000512,investor,25198,2717,0.426,0.458
CUS_000513,first_home,44553,20688,0.546,1.0
CUS_000514,investor,113282,38496,0.416,0.544
CUS_000515,first_home,32053,13553,0.543,0.775
CUS_000516,investor,111874,49013,0.363,0.489
CUS_000517,premium,134646,50769,0.508,0.366
CUS_000518,first_home,45924,10760,0.466,0.684
CUS_000519,premium,82132,20249,0.817,0.294
CUS_000520,first_home,43354,35230,0.839,0.796
CUS_000521,first_home,44482,8065,0.698,1.0
CUS_000522,first_home,29466,19176,0.206,0.865
CUS_000523,first_home,24192,5896,0.704,0.704
CUS_000524,upsizer,99409,44452,0.77,0.561
CUS_000525,first_home,46676,36607,0.482,0.733
CUS_000526,first_home,43148,24727,0.744,0.53
CUS_000527,upsizer,92689,15863,0.785,0.337
CUS_000528,first_home,40268,14872,0.172,0.832
CUS_000529,investor,95635,40678,0.791,0.0
CUS_000530,first_home,41635,25626,0.509,0.686
CUS_000531,upsizer,83230,36497,0.231,0.634
CUS_000532,first_home,40868,16405,0.598,0.658
CUS_000533,investor,77994,57684,0.467,0.483
CUS_000534,investor,80318,57384,0.765,0.461
CUS_000535,upsizer,95524,53089,0.707,0.516
CUS_000536,upsizer,27093,8596,0.691,0.657
CUS_000537,premium,126876,1500,0.373,0.503
CUS_000538,first_home,28897,5773,0.466,0.544
CUS_000539,first_home,28935,4401,0.487,0.689
CUS_000540,premium,108906,45630,0.716,0.29
CUS_000541,investor,33866,20280,0.89,0.199
CUS_000542,upsizer,76635,60208,0.692,0.551
CUS_000543,premium,112655,74268,0.361,0.119
CUS_000544,first_home,53054,16036,0.458,0.947
CUS_000545,first_home,20472,9739,0.659,0.942
CUS_000546,first_home,40189,20192,0.839,0.693
CUS_000547,investor,55038,8217,0.534,0.517
CUS_000548,first_home,39450,10760,0.722,0.832
CUS_000549,first_home,40699,14345,0.186,0.903
CUS_000550,investor,74362,60485,0.429,0.269
CUS_000551,first_home,55707,27829,0.734,0.816
CUS_000552,first_home,53928,10428,0.0,0.797
CUS_000553,first_home,64719,22880,0.821,0.712
CUS_000554,first_home,38873,19856,0.653,0.653
CUS_000555,first_home,34072,13111,0.581,0.765
CUS_000556,investor,60411,22104,0.071,0.692
CUS_000557,premium,102695,57690,0.787,0.354
CUS_000558,investor,71751,48953,1.0,0.414
CUS_000559,upsizer,83571,54230,0.5,0.753
CUS_000560,first_home,47106,17710,0.443,0.768
CUS_000561,first_home,31026,12420,0.49,0.649
CUS_000562,first_home,31091,11639,0.74,0.56
CUS_000563,investor,48404,30014,0.803,0.306
CUS_000564,first_home,29016,10446,0.698,0.572
CUS_000565,upsizer,55278,4631,0.498,0.452
CUS_000566,investor,93007,48071,0.823,0.677
CUS_000567,premium,167070,87758,0.286,0.464
CUS_000568,first_home,24786,8850,0.843,1.0
CUS_000569,investor,47951,36614,0.877,0.199
CUS_000570,first_home,44012,14629,0.466,0.655
CUS_000571,first_home,28084,19243,0.982,0.712
CUS_000572,investor,25361,4793,0.8,0.624
CUS_000573,first_home,36506,17513,0.561,0.745
CUS_000574,upsizer,98258,27949,0.478,0.357
CUS_000575,investor,54829,22855,0.748,0.355
CUS_000576,investor,56150,31841,0.407,0.294
CUS_000577,first_home,33744,11050,0.908,0.882
CUS_000578,first_home,40273,12258,0.425,0.595
CUS_000579,first_home,22183,8650,1.0,0.821
CUS_000580,investor,45560,50423,0.632,0.343
CUS_000581,first_home,52680,24570,0.242,0.91
CUS_000582,upsizer,83755,38172,0.874,0.601
CUS_000583,upsizer,72385,36791,0.468,0.267
CUS_000584,first_home,45237,5479,0.112,0.714
CUS_000585,investor,66182,39428,1.0,0.268
CUS_000586,first_home,44469,24816,1.0,0.579
CUS_000587,first_home,21439,2335,0.687,0.63
CUS_000588,first_home,29412,25377,0.716,0.697
CUS_000589,premium,62307,26826,0.672,0.098
CUS_000590,upsizer,94964,21745,0.71,0.327
CUS_000591,first_home,38274,18618,0.487,0.817
CUS_000592,first_home,53461,14242,0.559,0.717
CUS_000593,first_home,37811,5299,0.515,0.903
CUS_000594,first_home,26970,10274,0.562,0.809
CUS_000595,first_home,57712,22452,0.272,0.943
CUS_000596,premium,116123,17021,0.793,0.278
CUS_000597,upsizer,78988,22871,0.586,0.444
CUS_000598,first_home,41611,10155,0.733,0.813
CUS_000599,premium,209484,76603,0.681,0.121
CUS_000600,investor,62613,34223,0.017,0.409
CUS_000601,investor,43293,19717,0.67,0.233
CUS_000602,premium,108867,46173,0.76,0.352
CUS_000603,first_home,31773,3224,0.357,0.854
CUS_000604,investor,71489,30379,0.562,0.311
CUS_000605,first_home,38444,9003,0.48,0.67
CUS_000606,investor,49936,6031,0.657,0.464
CUS_000607,first_home,30258,17791,0.526,0.68
CUS_000608,first_home,52938,10081,0.145,0.811
CUS_000609,first_home,57696,25787,0.326,0.775
CUS_000610,first_home,52712,18044,0.71,0.702
CUS_000611,first_home,50489,13044,0.668,0.577
CUS_000612,first_home,39719,25801,1.0,0.701
CUS_000613,upsizer,50441,16238,0.568,0.43
CUS_000614,investor,16000,5346,0.151,0.316
CUS_000615,first_home,62370,18567,0.91,0.834
CUS_000616,premium,155502,71789,0.812,0.26
CUS_000617,premium,198870,79804,0.378,0.25
CUS_000618,first_home,23828,7236,0.764,0.667
CUS_000619,investor,50431,13310,0.637,0.776
CUS_000620,first_home,18371,7763,0.357,0.715
CUS_000621,investor,74811,23410,0.637,0.285
CUS_000622,investor,73051,54088,0.426,0.256
CUS_000623,first_home,42026,14097,0.218,0.681
CUS_000624,first_home,43254,21201,0.525,0.532
CUS_000625,first_home,68406,28294,0.724,0.746
CUS_000626,first_home,37905,14326,0.555,0.717
CUS_000627,first_home,48270,28570,0.412,0.577
CUS_000628,premium,142831,76334,0.696,0.269
CUS_000629,investor,50095,26599,0.515,0.154
CUS_000630,first_home,40724,21542,0.351,0.751
CUS_000631,investor,123945,17280,0.621,0.455
CUS_000632,first_home,26368,13430,0.513,0.688
CUS_000633,investor,49368,19030,1.0,0.46
CUS_000634,first_home,44009,14861,0.78,0.561
CUS_000635,first_home,17339,18256,0.76,0.948
CUS_000636,first_home,54741,9018,0.142,1.0
CUS_000637,first_home,32423,13413,0.743,0.596
CUS_000638,investor,70336,28076,0.781,0.36
CUS_000639,investor,72928,30284,0.173,0.076
CUS_000640,first_home,38779,9597,0.36,0.865
CUS_000641,first_home,36479,17163,0.381,0.598
CUS_000642,upsizer,66050,15041,0.82,0.579
CUS_000643,first_home,48786,23468,0.854,0.8
CUS_000644,first_home,52670,24133,0.383,0.719
CUS_000645,investor,58327,22517,0.283,0.257
CUS_000646,first_home,45433,18942,0.048,0.691
CUS_000647,upsizer,72923,52151,0.168,0.324
CUS_000648,first_home,27948,14926,0.389,0.57
CUS_000649,premium,114275,52697,0.407,0.192
CUS_000650,first_home,17265,8743,0.559,0.888
CUS_000651,first_home,50075,21895,0.703,0.653
CUS_000652,first_home,35512,18800,0.616,0.902
CUS_000653,upsizer,56738,18209,0.401,0.519
CUS_000654,first_home,37348,30921,0.535,0.725
CUS_000655,first_home,36990,17157,0.362,0.769
CUS_000656,upsizer,91364,85767,0.453,0.284
CUS_000657,first_home,25851,21431,0.499,0.514
CUS_000658,first_home,34414,11677,0.742,0.618
CUS_000659,first_home,36401,17222,0.779,0.607
CUS_000660,premium,197412,97878,0.361,0.227
CUS_000661,first_home,40912,24468,0.564,0.896
CUS_000662,first_home,30314,13751,0.731,0.638
CUS_000663,upsizer,63624,41180,0.527,0.267
CUS_000664,investor,83644,9482,0.474,0.617
CUS_000665,first_home,57567,18433,0.801,0.629
CUS_000666,investor,76744,30363,0.715,0.163
CUS_000667,first_home,37761,11706,0.551,0.894
CUS_000668,first_home,37506,4435,0.338,0.795
CUS_000669,first_home,32809,19327,0.18,0.733
CUS_000670,investor,84933,19598,0.605,0.327
CUS_000671,investor,22095,6819,0.707,0.341
CUS_000672,first_home,16000,9054,0.307,0.635
CUS_000673,first_home,53387,34723,0.797,0.658
CUS_000674,first_home,50446,16557,0.479,0.723
CUS_000675,investor,71185,17325,0.142,0.274
CUS_000676,premium,154245,43746,0.678,0.047
CUS_000677,premium,173768,109585,0.537,0.391
CUS_000678,upsizer,65911,42238,0.525,0.765
CUS_000679,premium,135286,66367,0.762,0.236
CUS_000680,upsizer,50440,23932,0.922,0.44
CUS_000681,investor,65208,12561,0.7,0.516
CUS_000682,first_home,40672,20894,0.462,0.799
CUS_000683,investor,90080,51474,0.145,0.389
CUS_000684,first_home,40941,18824,0.71,0.302
CUS_000685,first_home,39986,18647,0.573,0.897
CUS_000686,first_home,49709,12143,0.373,0.849
CUS_000687,first_home,34217,21910,0.436,0.902
CUS_000688,investor,80830,14981,0.919,0.508
CUS_000689,first_home,39046,16673,0.789,0.742
CUS_000690,first_home,46084,23612,0.832,0.682
CUS_000691,upsizer,93190,59211,0.814,0.67
CUS_000692,investor,16000,9915,0.623,0.479
CUS_000693,first_home,38176,24244,0.312,0.677
CUS_000694,first_home,36944,13877,0.586,0.63
CUS_000695,first_home,31895,27056,0.718,0.55
CUS_000696,upsizer,82913,51888,0.533,0.557
CUS_000697,first_home,19307,7076,0.624,0.552
CUS_000698,upsizer,68387,25856,0.694,0.689
CUS_000699,first_home,73196,41493,0.793,0.896
CUS_000700,premium,117035,40478,0.787,0.231
CUS_000701,first_home,40882,8179,0.472,0.911
CUS_000702,first_home,43534,19367,0.243,0.754
CUS_000703,first_home,45078,1500,0.929,0.946
CUS_000704,first_home,27400,13549,0.638,0.824
CUS_000705,upsizer,99317,54111,0.49,0.508
CUS_000706,investor,68421,26145,0.114,0.001
CUS_000707,first_home,21869,13930,0.732,0.639
CUS_000708,investor,67447,39347,0.679,0.096
CUS_000709,first_home,46975,11584,0.494,0.769
CUS_000710,upsizer,80051,35060,0.653,0.625
CUS_000711,first_home,32474,10928,0.898,1.0
CUS_000712,first_home,32040,11914,0.256,0.845
CUS_000713,first_home,19277,12267,0.83,0.622
CUS_000714,first_home,48149,26125,0.337,0.728
CUS_000715,upsizer,79674,23969,0.277,0.505
CUS_000716,first_home,35009,16466,0.496,0.734
CUS_000717,first_home,38662,11366,0.888,0.556
CUS_000718,premium,117648,40323,0.374,0.126
CUS_000719,first_home,41933,29649,0.527,0.685
CUS_000720,first_home,22830,20283,0.205,0.832
CUS_000721,investor,101162,75894,0.684,0.184
CUS_000722,first_home,24894,11947,0.355,0.684
CUS_000723,premium,124400,57611,0.451,0.0
CUS_000724,investor,45562,27952,0.776,0.293
CUS_000725,first_home,23399,10489,0.397,0.878
CUS_000726,first_home,38664,6702,0.662,0.946
CUS_000727,first_home,38394,29080,0.635,0.943
CUS_000728,first_home,40245,8701,0.617,0.642
CUS_000729,investor,70044,45347,0.314,0.46
CUS_000730,investor,72492,41086,0.603,0.106
CUS_000731,first_home,42564,32551,0.517,0.532
CUS_000732,premium,113904,66663,0.495,0.256
CUS_000733,first_home,41220,13363,0.733,0.536
CUS_000734,upsizer,44445,27794,0.257,0.658
CUS_000735,first_home,22835,8326,0.403,0.855
CUS_000736,premium,69827,17740,0.557,0.404
CUS_000737,first_home,42876,4302,0.925,0.812
CUS_000738,first_home,48518,19783,0.125,0.682
CUS_000739,first_home,28317,3569,0.607,0.714
CUS_000740,upsizer,52673,36270,0.517,0.503
CUS_000741,premium,160949,23697,0.742,0.163
CUS_000742,investor,95725,34613,0.388,0.499
CUS_000743,first_home,49393,18240,0.51,0.728
CUS_000744,investor,48818,22500,0.344,0.618
CUS_000745,first_home,51386,14074,0.46,0.668
CUS_000746,investor,68942,43727,0.711,0.351
CUS_000747,first_home,32624,14986,0.657,0.691
CUS_000748,premium,75238,32113,0.495,0.095
CUS_000749,investor,76109,23818,0.775,0.827
CUS_000750,first_home,32955,17431,1.0,0.541
CUS_000751,investor,80310,54732,0.37,0.515
CUS_000752,first_home,30506,27916,0.686,0.822
CUS_000753,first_home,26518,6911,0.572,0.584
CUS_000754,first_home,55159,22363,0.82,0.692
CUS_000755,first_home,39671,3441,0.428,0.865
CUS_000756,first_home,66034,36475,0.801,0.897
CUS_000757,investor,62046,11432,0.535,0.485
CUS_000758,investor,77428,37133,0.505,0.188
CUS_000759,first_home,26261,17129,0.599,0.627
CUS_000760,upsizer,65601,23344,0.598,0.455
CUS_000761,upsizer,79994,20976,0.344,0.446
CUS_000762,first_home,31353,20921,0.568,0.575
CUS_000763,first_home,33422,18647,0.882,0.493
CUS_000764,upsizer,84878,19237,0.281,0.383
CUS_000765,first_home,44277,20153,0.673,0.667
CUS_000766,first_home,22957,6344,0.805,1.0
CUS_000767,upsizer,70255,43622,0.553,0.341
CUS_000768,investor,69245,31308,0.504,0.154
CUS_000769,premium,66475,46864,0.563,0.351
CUS_000770,upsizer,72579,19039,0.337,0.429
CUS_000771,first_home,44298,20859,0.511,0.754
CUS_000772,investor,81356,34804,0.97,0.257
CUS_000773,premium,67609,32171,0.53,0.647
CUS_000774,first_home,58613,19229,0.563,0.722
CUS_000775,first_home,16000,1500,0.336,0.886
CUS_000776,first_home,48874,26990,0.657,0.894
CUS_000777,investor,63401,27874,0.307,0.583
CUS_000778,investor,19980,5602,0.513,0.418
CUS_000779,upsizer,54303,18445,0.0,0.269
CUS_000780,first_home,51017,11200,0.566,1.0
CUS_000781,investor,16000,1528,0.598,0.372
CUS_000782,first_home,30513,18826,0.38,0.794
CUS_000783,upsizer,71974,38354,0.431,0.54
CUS_000784,investor,91737,17133,0.396,0.424
CUS_000785,investor,70743,62569,0.721,0.496
CUS_000786,first_home,38495,8745,0.43,0.501
CUS_000787,first_home,31021,17329,0.891,0.967
CUS_000788,first_home,39295,16923,0.903,0.452
CUS_000789,premium,86744,17580,0.573,0.272
CUS_000790,first_home,40271,19851,0.93,0.88
CUS_000791,premium,143258,56845,0.908,0.276
CUS_000792,first_home,38607,12175,0.656,0.766
CUS_000793,investor,59929,40000,0.347,0.459
CUS_000794,first_home,27067,14679,0.648,0.722
CUS_000795,first_home,53441,29898,0.614,0.836
CUS_000796,investor,49825,19494,0.43,0.379
CUS_000797,first_home,17502,8635,1.0,0.703
CUS_000798,first_home,45986,19551,0.715,0.741
CUS_000799,investor,66103,34364,0.274,0.655
CUS_000800,first_home,24460,6240,0.658,0.845
CUS_000801,investor,36739,1500,0.574,0.294
CUS_000802,investor,90549,61039,0.667,0.316
CUS_000803,first_home,61811,26415,0.521,0.501
CUS_000804,first_home,58829,31351,0.259,0.905
CUS_000805,first_home,27946,8574,0.816,0.611
CUS_000806,first_home,21489,8375,0.992,0.989
CUS_000807,first_home,48276,33970,0.461,0.622
CUS_000808,investor,61002,30226,0.528,0.506
CUS_000809,first_home,53928,44590,0.831,0.829
CUS_000810,upsizer,107988,63765,0.447,0.489
CUS_000811,investor,76847,23802,0.766,0.441
CUS_000812,first_home,30219,15396,0.544,0.7
CUS_000813,investor,76263,55887,0.366,0.357
CUS_000814,first_home,38555,18107,0.421,0.768
CUS_000815,first_home,61807,33758,0.55,0.724
CUS_000816,upsizer,61917,42370,0.568,0.448
CUS_000817,first_home,35232,1500,0.285,0.899
CUS_000818,first_home,40655,22614,0.607,0.795
CUS_000819,premium,81014,54476,0.031,0.315
CUS_000820,upsizer,84707,24721,0.721,0.618
CUS_000821,investor,52246,32296,0.746,0.497
CUS_000822,investor,56123,24081,0.377,0.378
CUS_000823,premium,190011,23832,0.574,0.123
CUS_000824,investor,92256,52799,0.455,0.491
CUS_000825,first_home,63617,27246,0.464,0.935
CUS_000826,premium,88282,36780,0.498,0.499
CUS_000827,first_home,35311,19291,0.526,1.0
CUS_000828,first_home,37945,9833,0.435,0.862
CUS_000829,first_home,18390,10462,0.621,0.47
CUS_000830,first_home,48297,12837,0.922,0.917
CUS_000831,first_home,53914,37865,0.671,0.496
CUS_000832,first_home,53996,34289,0.514,0.929
CUS_000833,first_home,47412,33511,0.853,0.864
CUS_000834,upsizer,86670,44510,0.836,0.5
CUS_000835,first_home,27026,9560,0.772,0.802
CUS_000836,first_home,42837,12861,0.66,0.78
CUS_000837,premium,141168,40868,0.663,0.291
CUS_000838,first_home,45302,18073,0.72,0.575
CUS_000839,investor,88879,27238,0.842,0.279
CUS_000840,investor,83456,40766,0.396,0.29
CUS_000841,investor,89443,25494,0.526,0.381
CUS_000842,first_home,43526,13842,0.778,0.66
CUS_000843,first_home,42942,15521,0.586,0.762
CUS_000844,investor,76748,22279,0.582,0.426
CUS_000845,first_home,60244,22194,0.77,0.948
CUS_000846,first_home,37713,20180,0.335,0.7
CUS_000847,first_home,45252,12259,0.788,0.689
CUS_000848,investor,59988,12797,0.342,0.546
CUS_000849,first_home,47031,18715,0.473,0.945
CUS_000850,investor,79366,17853,0.184,0.527
CUS_000851,investor,56560,37929,0.45,0.441
CUS_000852,first_home,48013,14607,0.697,0.781
CUS_000853,upsizer,89604,39305,0.606,0.617
CUS_000854,premium,181905,93084,0.502,0.225
CUS_000855,first_home,61295,12432,0.665,0.82
CUS_000856,first_home,31917,8871,0.668,0.968
CUS_000857,first_home,26610,8425,0.303,0.773
CUS_000858,upsizer,70918,40484,0.823,0.408
CUS_000859,first_home,33973,25809,0.699,0.535
CUS_000860,first_home,57433,43883,0.213,0.948
CUS_000861,upsizer,70272,46323,0.949,0.616
CUS_000862,investor,46265,9568,0.493,0.187
CUS_000863,first_home,55654,15151,0.306,1.0
CUS_000864,investor,102502,69675,0.254,0.0
CUS_000865,premium,163128,114940,0.184,0.152
CUS_000866,first_home,37053,21240,0.444,0.97
CUS_000867,first_home,61188,35186,0.381,0.522
CUS_000868,investor,83296,29384,0.291,0.35
CUS_000869,first_home,50379,37226,0.484,0.974
CUS_000870,upsizer,82424,24596,0.926,1.0
CUS_000871,first_home,16900,2368,0.392,0.845
CUS_000872,investor,42520,24416,0.481,0.397
CUS_000873,premium,149531,48612,0.697,0.145
CUS_000874,first_home,37279,7316,0.993,0.868
CUS_000875,first_home,31076,18274,0.605,0.651
CUS_000876,upsizer,80744,8148,0.67,0.331
CUS_000877,investor,70823,36245,0.762,0.372
CUS_000878,first_home,35330,12352,0.677,0.819
CUS_000879,first_home,35229,25303,0.161,0.512
CUS_000880,first_home,26392,13521,0.376,0.795
CUS_000881,first_home,42052,26211,0.729,0.911
CUS_000882,first_home,55535,13040,0.431,0.615
CUS_000883,investor,76424,9558,0.248,0.396
CUS_000884,first_home,31810,11604,0.495,0.64
CUS_000885,investor,65829,35555,0.692,0.146
CUS_000886,upsizer,96726,42833,0.682,0.656
CUS_000887,upsizer,91750,58457,0.571,0.72
CUS_000888,premium,180137,95176,0.117,0.151
CUS_000889,first_home,26085,6289,0.609,0.49
CUS_000890,investor,85111,43716,0.249,0.474
CUS_000891,first_home,35910,16553,0.693,0.747
CUS_000892,first_home,31416,20695,0.649,0.821
CUS_000893,premium,77847,20498,0.429,0.193
CUS_000894,investor,70423,21874,0.237,0.295
CUS_000895,investor,107148,53729,0.832,0.511
CUS_000896,first_home,51185,35035,0.63,0.867
CUS_000897,first_home,60640,23899,0.336,0.914
CUS_000898,upsizer,81090,43576,0.914,0.244
CUS_000899,first_home,47245,20615,0.571,0.508
CUS_000900,first_home,33093,13977,0.405,0.617
CUS_000901,investor,42271,26941,0.814,0.341
CUS_000902,investor,71762,32277,0.752,0.578
CUS_000903,first_home,36044,12628,0.701,0.728
CUS_000904,first_home,43943,14927,0.619,0.715
CUS_000905,premium,45291,16972,0.292,0.143
CUS_000906,upsizer,79688,24339,0.304,0.569
CUS_000907,first_home,66334,25683,0.464,0.592
CUS_000908,premium,210752,92856,0.084,0.481
CUS_000909,first_home,44369,21369,0.628,0.729
CUS_000910,investor,87475,22102,0.541,0.728
CUS_000911,investor,63195,22390,0.572,0.416
CUS_000912,premium,98431,35741,0.936,0.289
CUS_000913,investor,49562,14502,0.285,0.578
CUS_000914,first_home,65432,21312,0.593,0.695
CUS_000915,first_home,43935,26016,0.287,0.741
CUS_000916,premium,67295,45459,0.866,0.229
CUS_000917,first_home,44724,16711,0.313,0.827
CUS_000918,investor,67129,20274,1.0,0.248
CUS_000919,first_home,36178,15027,0.328,0.9
CUS_000920,first_home,41581,18511,0.634,0.612
CUS_000921,investor,53226,29517,0.682,0.0
CUS_000922,first_home,37396,13412,0.767,0.837
CUS_000923,upsizer,92187,30646,0.303,0.507
CUS_000924,first_home,55668,48503,0.275,0.548
CUS_000925,first_home,23751,4683,0.448,0.619
CUS_000926,first_home,32864,19462,0.726,0.627
CUS_000927,first_home,19939,13920,0.561,0.807
CUS_000928,investor,50331,19343,0.819,0.433
CUS_000929,first_home,49449,25179,0.36,0.819
CUS_000930,first_home,16000,2051,0.499,0.445
CUS_000931,upsizer,82871,36006,0.542,0.185
CUS_000932,first_home,35598,22737,0.529,0.773
CUS_000933,first_home,29929,13518,0.701,0.817
CUS_000934,upsizer,97758,42709,0.857,0.63
CUS_000935,investor,54634,40548,0.419,0.502
CUS_000936,first_home,42233,24387,0.449,0.813
CUS_000937,upsizer,92682,51669,0.632,0.462
CUS_000938,first_home,31401,8921,0.64,0.749
CUS_000939,first_home,39527,1500,0.819,0.809
CUS_000940,first_home,33514,16662,0.583,0.726
CUS_000941,upsizer,82086,35379,0.511,0.168
CUS_000942,first_home,45697,25922,0.98,0.715
CUS_000943,premium,50842,23003,0.639,0.041
CUS_000944,first_home,29902,13097,0.732,0.663
CUS_000945,first_home,38596,16809,0.181,0.753
CUS_000946,premium,224197,51622,0.527,0.031
CUS_000947,upsizer,82820,8108,0.831,0.404
CUS_000948,first_home,38957,10541,0.588,0.704
CUS_000949,first_home,43828,10147,0.544,0.568
CUS_000950,investor,63275,26687,0.107,0.355
CUS_000951,first_home,51927,7065,0.529,0.626
CUS_000952,first_home,44205,15222,0.861,0.781
CUS_000953,first_home,54346,42243,0.563,0.825
CUS_000954,upsizer,72043,30011,0.675,0.437
CUS_000955,first_home,29326,12864,0.484,0.702
CUS_000956,first_home,42295,18305,0.482,0.855
CUS_000957,first_home,44922,21030,0.575,0.893
CUS_000958,first_home,67804,22731,0.681,0.746
CUS_000959,first_home,17307,6928,0.748,0.764
CUS_000960,first_home,38603,12833,0.732,0.583
CUS_000961,investor,49958,8057,0.481,0.274
CUS_000962,first_home,41854,26834,0.612,0.685
CUS_000963,first_home,59799,16218,0.257,0.751
CUS_000964,upsizer,95977,68922,0.623,0.507
CUS_000965,first_home,19752,5774,0.081,0.582
CUS_000966,first_home,57405,10646,0.198,0.905
CUS_000967,first_home,57070,44427,0.609,0.767
CUS_000968,investor,55931,9154,0.69,0.368
CUS_000969,premium,153605,3436,0.27,0.23
CUS_000970,investor,62696,10637,0.694,0.305
CUS_000971,premium,89826,36396,0.521,0.132
CUS_000972,first_home,50959,9641,0.833,0.383
CUS_000973,upsizer,72906,23967,0.91,0.562
CUS_000974,first_home,29771,1905,0.024,0.715
CUS_000975,first_home,52176,32649,1.0,0.786
CUS_000976,first_home,57021,28829,0.78,0.872
CUS_000977,first_home,44166,8928,0.706,0.803
CUS_000978,first_home,52782,1500,0.481,0.511
CUS_000979,first_home,44463,11886,0.685,0.826
CUS_000980,investor,69408,37968,0.649,0.298
CUS_000981,investor,73216,45673,0.767,0.305
CUS_000982,investor,80008,31010,0.649,0.467
CUS_000983,first_home,24339,8269,0.696,0.526
CUS_000984,first_home,47666,15532,0.741,0.677
CUS_000985,premium,148073,71783,0.098,0.137
CUS_000986,first_home,47652,28052,0.495,0.794
CUS_000987,first_home,33732,13636,0.564,0.742
CUS_000988,first_home,43440,15756,0.472,0.654
CUS_000989,first_home,27566,15728,0.834,0.722
CUS_000990,first_home,32957,23036,0.952,0.947
CUS_000991,investor,62255,23558,0.598,0.079
CUS_000992,premium,45756,20374,0.597,0.027
CUS_000993,upsizer,73622,21699,0.591,0.733
CUS_000994,first_home,25199,11200,0.188,0.638
CUS_000995,first_home,20986,5524,0.353,0.929
CUS_000996,investor,59700,40951,0.355,0.439
CUS_000997,first_home,26213,15453,0.757,0.563
CUS_000998,investor,75448,56032,0.468,0.433
CUS_000999,investor,54318,17882,0.545,0.25
CUS_001000,first_home,27041,21705,0.522,0.935
CUS_001001,first_home,59524,28215,0.5,0.856
CUS_001002,first_home,54366,22068,1.0,0.559
CUS_001003,investor,63683,41805,0.588,0.208
CUS_001004,first_home,26637,6561,0.899,0.614
CUS_001005,first_home,19089,8323,0.393,0.917
CUS_001006,first_home,37961,15255,0.295,0.752
CUS_001007,premium,177969,89903,0.776,0.354
CUS_001008,upsizer,81298,28465,0.599,0.875
CUS_001009,upsizer,63881,21266,0.713,0.52
CUS_001010,premium,141581,51177,0.995,0.207
CUS_001011,first_home,42122,15910,0.606,0.703
CUS_001012,first_home,46467,20639,0.655,0.808
CUS_001013,first_home,16000,10589,0.481,0.616
CUS_001014,first_home,23626,1500,0.593,0.527
CUS_001015,investor,69802,39645,0.625,0.387
CUS_001016,first_home,24308,8386,0.679,0.61
CUS_001017,upsizer,108263,43067,0.631,0.437
CUS_001018,first_home,23165,5430,0.189,0.619
CUS_001019,investor,67405,29544,0.927,0.383
CUS_001020,upsizer,91538,32913,0.581,0.248
CUS_001021,first_home,35346,13768,0.941,0.754
CUS_001022,investor,77283,41344,0.362,0.555
CUS_001023,investor,52491,28574,0.44,0.31
CUS_001024,premium,140397,96256,0.511,0.329
CUS_001025,premium,74111,23967,0.462,0.203
CUS_001026,first_home,36205,20015,0.647,0.665
CUS_001027,first_home,23528,12800,0.822,0.855
CUS_001028,premium,127542,56858,0.89,0.13
CUS_001029,investor,80580,59095,0.448,0.403
CUS_001030,investor,98308,30978,0.416,0.453
CUS_001031,first_home,51004,23317,0.745,0.801
CUS_001032,first_home,26154,12682,0.307,0.828
CUS_001033,first_home,18547,3976,0.721,0.532
CUS_001034,upsizer,132303,87014,0.503,0.388
CUS_001035,first_home,40488,16633,0.454,0.835
CUS_001036,first_home,37719,19188,0.0,0.684
CUS_001037,first_home,37186,26564,0.624,0.822
CUS_001038,first_home,25484,11944,0.84,0.893
CUS_001039,first_home,27210,11898,0.276,0.637
CUS_001040,investor,40117,17730,0.628,0.676
CUS_001041,first_home,32194,8020,0.68,0.7
CUS_001042,first_home,52177,18862,0.433,0.429
CUS_001043,first_home,42167,16982,0.664,0.786
CUS_001044,first_home,32609,14598,0.775,0.868
CUS_001045,premium,156034,105815,0.604,0.111
CUS_001046,upsizer,49431,29522,0.693,0.467
CUS_001047,investor,76326,24747,0.497,0.574
CUS_001048,upsizer,97267,41414,0.755,0.329
CUS_001049,first_home,23085,15747,0.149,0.52
CUS_001050,upsizer,88710,10617,0.745,0.715
CUS_001051,first_home,49698,19335,0.856,0.922
CUS_001052,investor,75683,14750,0.38,0.541
CUS_001053,investor,59608,51848,0.374,0.392
CUS_001054,first_home,46449,26430,0.948,0.85
CUS_001055,first_home,55741,18989,0.653,0.794
CUS_001056,first_home,50405,21349,0.194,0.71
CUS_001057,first_home,55223,15577,0.507,0.757
CUS_001058,first_home,44860,35370,0.147,0.696
CUS_001059,upsizer,56916,1500,0.506,0.462
CUS_001060,first_home,34953,17090,0.553,0.614
CUS_001061,investor,86690,36166,0.707,0.193
CUS_001062,first_home,23011,5634,0.567,0.862
CUS_001063,first_home,37336,14366,0.943,0.773
CUS_001064,first_home,45479,6288,0.587,0.775
CUS_001065,first_home,55899,39832,0.102,0.75
CUS_001066,first_home,33265,14457,0.708,0.815
CUS_001067,first_home,50599,30092,0.586,0.69
CUS_001068,first_home,36634,12557,0.519,0.722
CUS_001069,first_home,50845,34169,0.813,0.614
CUS_001070,premium,136157,59399,0.76,0.235
CUS_001071,premium,151755,94563,0.353,0.23
CUS_001072,first_home,37856,20145,0.625,0.744
CUS_001073,investor,90472,38355,0.925,0.226
CUS_001074,upsizer,66357,40474,0.579,0.633
CUS_001075,first_home,54861,64920,0.251,0.869
CUS_001076,first_home,26770,6060,0.655,0.927
CUS_001077,first_home,21188,8650,0.485,0.738
CUS_001078,first_home,43785,8632,0.568,0.6
CUS_001079,premium,86365,43584,0.33,0.26
CUS_001080,premium,97183,45738,0.641,0.474
CUS_001081,investor,76067,59307,0.421,0.456
CUS_001082,first_home,51459,19751,0.754,0.667
CUS_001083,premium,171154,102921,0.884,0.36
CUS_001084,first_home,58976,3283,0.605,0.696
CUS_001085,first_home,55145,25219,0.332,0.637
CUS_001086,first_home,32607,8916,0.379,0.79
CUS_001087,premium,111074,59603,0.603,0.309
CUS_001088,investor,67618,43089,0.637,0.582
CUS_001089,investor,40382,13003,0.434,0.36
CUS_001090,investor,66965,35311,0.512,0.329
CUS_001091,first_home,40751,14905,0.699,0.734
CUS_001092,first_home,35466,15552,0.817,0.59
CUS_001093,premium,119113,60037,0.558,0.195
CUS_001094,upsizer,81748,20378,0.707,0.473
CUS_001095,first_home,32045,8017,0.559,0.719
CUS_001096,first_home,39500,23151,0.635,0.541
CUS_001097,upsizer,75005,23107,0.404,0.538
CUS_001098,first_home,26258,17339,0.654,0.597
CUS_001099,first_home,49350,5452,0.888,0.821
CUS_001100,first_home,41583,24882,0.648,0.946
CUS_001101,first_home,43490,18765,0.661,0.71
CUS_001102,investor,89803,37103,0.346,0.325
CUS_001103,investor,79342,36222,0.642,0.275
CUS_001104,first_home,44338,7526,0.067,0.96
CUS_001105,first_home,45226,28582,0.717,0.821
CUS_001106,first_home,29394,10363,0.905,0.666
CUS_001107,first_home,22938,6419,0.433,0.448
CUS_001108,first_home,40024,32804,0.503,0.629
CUS_001109,first_home,48057,17646,0.789,0.67
CUS_001110,premium,79785,21905,0.363,0.137
CUS_001111,upsizer,63444,36564,0.672,0.698
CUS_001112,first_home,43457,20747,0.38,0.587
CUS_001113,investor,16705,10220,0.698,0.514
CUS_001114,upsizer,118243,52620,0.502,0.605
CUS_001115,first_home,24082,14495,0.0,0.623
CUS_001116,upsizer,50176,40113,0.308,0.433
CUS_001117,first_home,38361,11262,0.538,0.787
CUS_001118,investor,63081,21915,1.0,0.293
CUS_001119,first_home,40104,5676,0.501,0.924
CUS_001120,first_home,22502,11215,0.388,0.613
CUS_001121,premium,141844,64188,0.635,0.301
CUS_001122,investor,69945,45975,0.0,0.32
CUS_001123,first_home,29000,12321,0.866,0.884
CUS_001124,investor,69105,28668,0.708,0.133
CUS_001125,upsizer,81613,37969,0.439,0.692
CUS_001126,upsizer,81207,31496,0.733,0.495
CUS_001127,investor,68530,34008,0.632,0.436
CUS_001128,first_home,23918,11260,0.528,0.81
CUS_001129,first_home,39018,20563,0.691,0.993
CUS_001130,first_home,30017,11676,0.539,0.593
CUS_001131,premium,46129,24403,0.601,0.22
CUS_001132,investor,85554,46292,0.693,0.482
CUS_001133,upsizer,74333,27597,0.47,0.369
CUS_001134,first_home,53655,22283,0.53,0.527
CUS_001135,upsizer,73016,29085,0.279,0.286
CUS_001136,upsizer,75569,15804,0.252,0.679
CUS_001137,investor,72056,24683,0.152,0.354
CUS_001138,upsizer,71762,40683,0.647,0.389
CUS_001139,first_home,37923,22083,0.485,0.625
CUS_001140,first_home,53810,26418,0.278,0.848
CUS_001141,first_home,36877,9131,0.468,0.628
CUS_001142,first_home,53276,32294,0.305,0.728
CUS_001143,first_home,43889,33503,0.604,0.785
CUS_001144,investor,42842,22998,0.797,0.18
CUS_001145,first_home,21771,9351,0.879,0.778
CUS_001146,first_home,19990,5487,0.523,0.533
CUS_001147,first_home,51842,22162,0.518,0.844
CUS_001148,investor,93589,31907,0.127,0.621
CUS_001149,upsizer,74210,29251,0.209,0.438
CUS_001150,first_home,21169,14015,0.881,0.601
CUS_001151,investor,58185,34269,0.602,0.432
CUS_001152,upsizer,79169,29156,0.83,0.235
CUS_001153,investor,74280,33115,0.108,0.265
CUS_001154,investor,77562,33284,0.542,0.299
CUS_001155,investor,85732,30178,0.144,0.405
CUS_001156,upsizer,108943,20500,0.039,0.366
CUS_001157,first_home,39404,22817,0.345,0.71
CUS_001158,premium,113005,72633,0.997,0.155
CUS_001159,first_home,52536,16846,0.367,0.877
CUS_001160,first_home,47311,14782,0.86,0.9
CUS_001161,investor,105058,62341,0.498,0.492
CUS_001162,premium,191204,59298,0.855,0.375
CUS_001163,upsizer,114671,20687,0.724,0.711
CUS_001164,upsizer,52373,18334,0.876,0.747
CUS_001165,investor,39801,26829,0.446,0.303
CUS_001166,first_home,40430,13576,0.624,0.694
CUS_001167,upsizer,105701,33117,0.589,0.871
CUS_001168,first_home,38505,13293,1.0,0.649
CUS_001169,first_home,26355,5873,0.776,0.621
CUS_001170,first_home,34193,6594,0.525,0.516
CUS_001171,investor,42091,16111,1.0,0.556
CUS_001172,investor,78897,14004,1.0,0.496
CUS_001173,premium,177660,63653,0.406,0.124
CUS_001174,first_home,16000,7639,0.627,0.785
CUS_001175,premium,178746,88984,0.468,0.362
CUS_001176,investor,54502,22056,0.182,0.587
CUS_001177,upsizer,61271,13131,0.604,0.518
CUS_001178,first_home,30320,10793,0.0,1.0
CUS_001179,investor,92876,45708,0.579,0.241
CUS_001180,investor,63280,34280,0.548,0.501
CUS_001181,first_home,32044,12204,0.545,0.738
CUS_001182,first_home,29599,8977,0.509,0.881
CUS_001183,first_home,61879,27534,0.456,0.851
CUS_001184,first_home,41821,15320,0.15,0.491
CUS_001185,first_home,41349,10200,0.224,0.624
CUS_001186,investor,68758,33365,0.546,0.483
CUS_001187,investor,67925,29433,0.548,0.412
CUS_001188,investor,75564,17428,0.766,0.494
CUS_001189,first_home,44460,14066,0.446,0.502
CUS_001190,first_home,38951,15419,0.302,0.818
CUS_001191,investor,78386,12203,0.485,0.31
CUS_001192,premium,133816,40031,0.032,0.184
CUS_001193,investor,16000,8700,0.602,0.375
CUS_001194,investor,111483,38107,0.697,0.376
CUS_001195,upsizer,77267,22120,0.877,0.471
CUS_001196,upsizer,98139,61326,0.626,0.367
CUS_001197,investor,70101,34554,0.289,0.306
CUS_001198,first_home,16000,8883,0.394,0.728
CUS_001199,first_home,43190,12467,0.516,0.816
CUS_001200,investor,107553,40742,0.391,0.357
CUS_001201,first_home,46028,19702,0.278,0.756
CUS_001202,first_home,39757,18719,0.414,0.633
CUS_001203,first_home,50645,42615,0.792,0.675
CUS_001204,upsizer,91222,40607,0.649,0.725
CUS_001205,first_home,56621,35393,0.764,0.653
CUS_001206,premium,121133,101981,0.371,0.171
CUS_001207,upsizer,53379,39442,0.889,0.557
CUS_001208,investor,69378,31798,0.643,0.555
CUS_001209,first_home,32821,20893,0.656,0.702
CUS_001210,premium,94377,42749,0.546,0.062
CUS_001211,investor,52308,22126,0.0,0.479
CUS_001212,first_home,40418,23498,0.89,0.634
CUS_001213,investor,135055,79554,0.633,0.425
CUS_001214,first_home,32078,16722,0.315,0.712
CUS_001215,investor,84533,33800,1.0,0.396
CUS_001216,upsizer,117878,40441,0.564,0.509
CUS_001217,first_home,16000,3404,0.47,0.893
CUS_001218,upsizer,63717,29260,0.325,0.41
CUS_001219,first_home,40576,19175,0.408,0.793
CUS_001220,premium,142061,82321,0.174,0.224
CUS_001221,investor,56460,9448,0.452,0.461
CUS_001222,first_home,50786,22790,0.529,0.736
CUS_001223,upsizer,78902,31052,0.693,0.487
CUS_001224,upsizer,76382,32054,0.123,0.777
CUS_001225,first_home,23602,15439,0.366,0.583
CUS_001226,premium,174327,115177,0.263,0.231
CUS_001227,first_home,20226,12395,0.777,0.801
CUS_001228,first_home,34587,15456,0.721,0.608
CUS_001229,first_home,56056,22193,0.101,0.766
CUS_001230,first_home,43114,27883,0.493,0.795
CUS_001231,first_home,39548,29180,0.896,0.808
CUS_001232,first_home,26511,19029,0.737,0.791
CUS_001233,upsizer,62823,32546,0.476,0.228
CUS_001234,first_home,35898,15694,0.662,0.868
CUS_001235,premium,132770,73621,0.751,0.169
CUS_001236,first_home,47725,27009,0.983,0.845
CUS_001237,first_home,49777,17819,0.456,0.491
CUS_001238,premium,181885,71914,0.887,0.327
CUS_001239,first_home,45143,44174,0.428,0.629
CUS_001240,first_home,32856,11760,0.416,0.705
CUS_001241,upsizer,56080,32714,0.516,0.51
CUS_001242,first_home,28355,9567,0.598,0.598
CUS_001243,first_home,36510,14882,0.741,0.773
CUS_001244,investor,47440,12527,0.537,0.288
CUS_001245,first_home,33220,8787,0.438,0.404
CUS_001246,investor,53856,29144,0.354,0.253
CUS_001247,first_home,34071,17706,0.702,0.655
CUS_001248,first_home,55701,42403,0.569,0.704
CUS_001249,first_home,16000,6955,0.631,0.866
CUS_001250,first_home,40229,18424,0.655,0.801
CUS_001251,investor,62226,26277,0.895,0.192
CUS_001252,upsizer,127389,32473,0.829,0.547
CUS_001253,investor,17055,9143,0.74,0.654
CUS_001254,first_home,50526,20187,0.524,0.75
CUS_001255,upsizer,94046,16138,0.253,0.527
CUS_001256,premium,89166,56114,0.445,0.211
CUS_001257,first_home,54410,17770,0.538,0.819
CUS_001258,first_home,39359,19266,0.396,0.467
CUS_001259,first_home,34686,17201,0.696,0.928
CUS_001260,first_home,43526,20363,0.576,0.766
CUS_001261,first_home,45842,11425,0.344,0.791
CUS_001262,first_home,25161,17142,0.886,0.814
CUS_001263,upsizer,102428,30609,0.666,0.7
CUS_001264,first_home,35957,1500,0.584,0.918
CUS_001265,first_home,33956,19787,0.821,0.638
CUS_001266,upsizer,55934,32265,0.371,0.64
CUS_001267,first_home,31491,6768,0.411,0.761
CUS_001268,first_home,54068,23194,0.474,0.547
CUS_001269,first_home,34632,21624,0.686,0.661
CUS_001270,investor,81491,55752,0.639,0.419
CUS_001271,first_home,40572,21919,1.0,0.843
CUS_001272,investor,102273,59200,0.327,0.354
CUS_001273,premium,199369,111454,0.581,0.284
CUS_001274,investor,105765,42868,0.496,0.456
CUS_001275,upsizer,62428,14607,0.666,0.351
CUS_001276,investor,84056,32192,0.768,0.345
CUS_001277,investor,48521,30683,0.616,0.331
CUS_001278,first_home,56203,35445,0.648,0.603
CUS_001279,first_home,18176,8481,0.474,0.586
CUS_001280,first_home,33466,12382,0.952,0.483
CUS_001281,investor,128740,95557,0.447,0.0
CUS_001282,first_home,64899,29355,0.0,0.84
CUS_001283,investor,52997,28869,0.416,0.472
CUS_001284,first_home,23219,4941,1.0,0.831
CUS_001285,investor,63544,26683,0.276,0.255
CUS_001286,first_home,30287,18945,0.676,0.559
CUS_001287,upsizer,82799,15194,0.368,0.663
CUS_001288,first_home,25099,10618,0.672,0.719
CUS_001289,investor,73564,37047,0.825,0.198
CUS_001290,investor,70804,48651,0.45,0.53
CUS_001291,first_home,28968,17545,0.867,0.665
CUS_001292,premium,65771,48326,0.82,0.128
CUS_001293,upsizer,84861,49196,0.637,0.538
CUS_001294,investor,52873,31202,0.543,0.405
CUS_001295,upsizer,86425,22301,0.507,0.684
CUS_001296,first_home,32242,8153,0.365,0.762
CUS_001297,upsizer,93444,68449,0.29,0.415
CUS_001298,upsizer,60628,21121,0.7,0.634
CUS_001299,investor,76759,25520,0.643,0.519
CUS_001300,premium,77008,1500,0.66,0.181
CUS_001301,investor,59591,36997,0.802,0.598
CUS_001302,first_home,35247,8057,0.554,0.709
CUS_001303,investor,60459,17071,0.881,0.208
CUS_001304,first_home,17133,10742,0.169,0.768
CUS_001305,investor,61074,1980,0.991,0.334
CUS_001306,first_home,56440,38073,0.553,0.791
CUS_001307,investor,16000,4492,0.391,0.378
CUS_001308,first_home,36454,14711,0.533,0.711
CUS_001309,first_home,17612,5114,0.94,0.961
CUS_001310,first_home,48144,9177,0.401,0.791
CUS_001311,first_home,38659,11343,0.584,0.691
CUS_001312,investor,86520,24320,0.312,0.287
CUS_001313,first_home,41457,8641,0.656,0.639
CUS_001314,first_home,22327,15800,0.861,0.602
CUS_001315,first_home,45690,11673,0.629,0.689
CUS_001316,first_home,26006,2349,0.473,0.894
CUS_001317,first_home,43045,2514,0.462,0.886
CUS_001318,first_home,31164,15844,0.587,0.67
CUS_001319,investor,56048,6606,0.691,0.478
CUS_001320,investor,66192,26339,0.769,0.31
CUS_001321,upsizer,90503,71001,0.31,0.617
CUS_001322,first_home,32739,15150,0.444,0.707
CUS_001323,first_home,42293,20653,0.908,0.934
CUS_001324,first_home,44258,14811,0.68,0.775
CUS_001325,investor,98957,42313,0.595,0.332
CUS_001326,first_home,59707,23355,0.748,0.882
CUS_001327,first_home,44002,21366,0.0,0.765
CUS_001328,investor,55445,40380,0.722,0.347
CUS_001329,first_home,44135,15586,1.0,0.711
CUS_001330,investor,37342,10761,0.578,0.46
CUS_001331,investor,123383,51377,0.627,0.439
CUS_001332,premium,189708,114361,0.482,0.363
CUS_001333,first_home,45410,16760,0.331,0.909
CUS_001334,first_home,16661,7963,0.441,0.675
CUS_001335,first_home,30796,16077,0.775,0.66
CUS_001336,first_home,48092,39313,0.696,0.624
CUS_001337,first_home,20234,12061,0.351,0.762
CUS_001338,first_home,29965,8178,0.408,0.871
CUS_001339,first_home,70938,2524,0.413,0.661
CUS_001340,first_home,35027,16010,0.6,0.714
CUS_001341,investor,70710,21430,0.512,0.523
CUS_001342,premium,146463,50172,0.543,0.272
CUS_001343,first_home,28098,7045,0.302,0.713
CUS_001344,investor,60308,20447,0.95,0.077
CUS_001345,upsizer,59372,19917,0.632,0.572
CUS_001346,first_home,44514,18214,0.435,0.639
CUS_001347,investor,42434,13108,0.369,0.421
CUS_001348,first_home,31357,9436,0.468,0.801
CUS_001349,upsizer,71362,37494,0.841,0.495
CUS_001350,first_home,39200,16838,0.922,0.953
CUS_001351,first_home,35070,15108,0.408,1.0
CUS_001352,upsizer,67740,28526,0.455,0.691
CUS_001353,investor,70264,18894,0.159,0.435
CUS_001354,first_home,37985,26158,0.173,0.957
CUS_001355,premium,72641,57809,0.592,0.431
CUS_001356,upsizer,94392,61632,0.485,0.552
CUS_001357,first_home,29416,3308,0.474,0.843
CUS_001358,first_home,47672,14821,0.441,0.694
CUS_001359,first_home,50898,28373,0.637,0.58
CUS_001360,upsizer,91925,27116,0.591,0.347
CUS_001361,first_home,42310,12854,0.81,0.53
CUS_001362,first_home,43828,8028,1.0,0.773
CUS_001363,first_home,50494,18419,0.303,0.834
CUS_001364,first_home,21885,6174,0.263,0.604
CUS_001365,first_home,32886,1500,0.948,0.808
CUS_001366,first_home,38107,24284,0.546,0.807
CUS_001367,first_home,41349,20882,0.754,0.789
CUS_001368,first_home,16000,3033,0.291,0.835
CUS_001369,first_home,23911,14017,0.306,0.77
CUS_001370,first_home,38800,17570,0.768,0.927
CUS_001371,first_home,51158,32673,0.26,0.827
CUS_001372,investor,63016,35426,0.905,0.329
CUS_001373,first_home,30997,9003,0.763,0.998
CUS_001374,first_home,45344,24957,0.395,0.605
CUS_001375,investor,61103,34096,0.934,0.542
CUS_001376,investor,78166,48463,0.691,0.419
CUS_001377,investor,61302,37366,0.512,0.258
CUS_001378,upsizer,101199,81374,0.583,0.568
CUS_001379,first_home,56047,33711,0.096,0.787
CUS_001380,first_home,53847,15550,0.24,0.813
CUS_001381,first_home,27534,12718,0.746,0.768
CUS_001382,first_home,43748,10551,0.613,0.669
CUS_001383,upsizer,68299,44237,0.912,0.691
CUS_001384,investor,73051,20152,0.656,0.405
CUS_001385,premium,119722,99561,0.273,0.309
CUS_001386,upsizer,73414,27704,0.312,0.9
CUS_001387,premium,160024,67545,0.364,0.269
CUS_001388,first_home,27632,9570,0.42,0.762
CUS_001389,upsizer,51621,15536,0.597,0.543
CUS_001390,first_home,53592,17928,0.846,0.831
CUS_001391,first_home,26984,12728,0.711,0.939
CUS_001392,investor,73964,32040,0.863,0.453
CUS_001393,upsizer,62261,21987,0.657,0.647
CUS_001394,premium,130699,63411,0.459,0.212
CUS_001395,first_home,20097,6678,0.227,0.872
CUS_001396,premium,71073,30498,0.711,0.387
CUS_001397,first_home,59957,44839,0.537,0.573
CUS_001398,investor,82414,26937,0.75,0.45
CUS_001399,first_home,31355,11770,0.415,0.808
CUS_001400,first_home,28040,6229,0.952,0.719
CUS_001401,first_home,33504,12366,0.953,0.655
CUS_001402,upsizer,62827,31252,0.351,0.502
CUS_001403,upsizer,23938,8016,0.639,0.616
CUS_001404,first_home,56569,12776,0.183,0.68
CUS_001405,first_home,50984,25241,0.363,0.872
CUS_001406,first_home,23168,11911,0.35,0.886
CUS_001407,investor,46874,25336,0.415,0.401
CUS_001408,first_home,30646,6342,0.495,0.676
CUS_001409,investor,52058,35228,0.373,0.054
CUS_001410,first_home,30860,10560,0.597,0.631
CUS_001411,first_home,32256,8019,0.193,0.92
CUS_001412,upsizer,76688,47119,0.798,0.756
CUS_001413,investor,92449,61973,0.305,0.159
CUS_001414,first_home,53637,20020,0.522,0.763
CUS_001415,first_home,42022,11771,0.458,0.836
CUS_001416,first_home,30885,15739,0.807,0.596
CUS_001417,first_home,41262,7846,0.481,0.672
CUS_001418,first_home,20864,18554,0.91,0.83
CUS_001419,investor,91683,22391,0.646,0.18
CUS_001420,first_home,46719,23084,0.336,0.895
CUS_001421,first_home,51220,20543,0.509,0.845
CUS_001422,first_home,39866,10542,0.549,0.632
CUS_001423,first_home,34304,8973,0.736,0.273
CUS_001424,first_home,22898,14494,0.6,0.769
CUS_001425,upsizer,86808,43066,0.507,0.23
CUS_001426,first_home,44910,13684,0.377,0.811
CUS_001427,premium,141430,46561,0.675,0.214
CUS_001428,first_home,38942,11042,0.475,0.596
CUS_001429,first_home,33365,19638,0.387,0.831
CUS_001430,first_home,25641,15282,0.313,0.862
CUS_001431,investor,54705,28716,0.806,0.462
CUS_001432,first_home,32538,15477,0.203,0.786
CUS_001433,investor,29089,15789,0.675,0.295
CUS_001434,first_home,59614,7940,0.565,0.749
CUS_001435,investor,72633,34829,0.429,0.326
CUS_001436,first_home,16000,9957,0.388,0.887
CUS_001437,first_home,32574,15361,0.564,0.874
CUS_001438,investor,59655,26220,0.431,0.545
CUS_001439,first_home,37329,11778,0.422,0.474
CUS_001440,first_home,21907,7175,0.799,0.517
CUS_001441,investor,68685,23065,0.523,0.357
CUS_001442,investor,55598,26139,0.562,0.59
CUS_001443,investor,57466,19693,0.367,0.518
CUS_001444,first_home,40795,4152,0.799,0.555
CUS_001445,first_home,38080,21843,0.853,0.772
CUS_001446,first_home,37383,19589,0.612,0.757
CUS_001447,first_home,36310,17935,0.903,0.972
CUS_001448,first_home,38756,10130,0.429,0.729
CUS_001449,first_home,43118,14720,0.781,0.794
CUS_001450,first_home,41616,21782,0.469,0.734
CUS_001451,first_home,52523,22835,0.444,0.855
CUS_001452,first_home,32440,9874,0.896,0.986
CUS_001453,first_home,41858,27791,0.473,0.872
CUS_001454,first_home,68353,18969,0.331,1.0
CUS_001455,first_home,38509,1500,0.124,0.816
CUS_001456,premium,168123,74935,0.562,0.168
CUS_001457,first_home,23839,10808,0.314,0.625
CUS_001458,first_home,30441,13408,1.0,0.855
CUS_001459,premium,151279,75991,0.978,0.24
CUS_001460,first_home,45401,14971,0.0,0.74
CUS_001461,first_home,46790,28762,0.952,0.627
CUS_001462,investor,76441,14072,0.372,0.557
CUS_001463,investor,37218,15860,0.861,0.509
CUS_001464,upsizer,89963,28550,0.814,0.515
CUS_001465,upsizer,50532,30886,0.882,0.78
CUS_001466,investor,67810,19461,0.992,0.272
CUS_001467,first_home,40499,17932,0.282,0.886
CUS_001468,first_home,34652,15431,0.309,0.512
CUS_001469,first_home,27564,12824,0.754,0.835
CUS_001470,investor,53390,15943,0.587,0.429
CUS_001471,upsizer,88839,44048,0.722,0.864
CUS_001472,first_home,44974,19571,0.476,0.617
CUS_001473,upsizer,92116,45304,0.772,0.389
CUS_001474,first_home,38822,27696,0.249,0.306
CUS_001475,first_home,30357,13688,1.0,0.648
CUS_001476,premium,171969,43145,1.0,0.241
CUS_001477,first_home,39728,31106,0.127,0.664
CUS_001478,first_home,34613,20984,0.935,0.796
CUS_001479,first_home,49393,27054,0.143,0.577
CUS_001480,first_home,46740,18562,0.7,0.926
CUS_001481,first_home,20570,11584,0.331,1.0
CUS_001482,investor,40963,2444,0.67,0.578
CUS_001483,upsizer,92723,65678,0.26,0.643
CUS_001484,investor,95685,56582,0.658,0.338
CUS_001485,premium,209900,83567,0.515,0.297
CUS_001486,premium,64264,37708,0.496,0.055
CUS_001487,first_home,47544,25740,0.646,0.499
CUS_001488,investor,62605,15546,0.15,0.474
CUS_001489,investor,85053,39312,0.709,0.446
CUS_001490,first_home,62476,31082,0.485,0.734
CUS_001491,first_home,52872,21461,0.188,0.73
CUS_001492,investor,89358,34897,0.723,0.494
CUS_001493,upsizer,96467,57130,0.411,0.868
CUS_001494,upsizer,92919,42899,0.547,0.556
CUS_001495,first_home,44681,34315,0.638,0.758
CUS_001496,premium,52252,16325,0.544,0.0
CUS_001497,first_home,46996,23672,0.552,0.488
CUS_001498,upsizer,70637,18670,0.701,0.494
CUS_001499,investor,75117,41460,0.494,0.594
CUS_001500,upsizer,51574,11832,0.805,0.633
CUS_001501,upsizer,87074,41959,0.835,0.745
CUS_001502,first_home,39026,25075,0.42,0.633
CUS_001503,upsizer,72546,31873,0.426,0.33
CUS_001504,investor,58128,14630,0.71,0.538
CUS_001505,first_home,41317,24795,0.962,0.806
CUS_001506,first_home,36565,18094,0.823,0.561
CUS_001507,investor,73285,30389,0.344,0.0
CUS_001508,first_home,55080,14090,0.49,0.918
CUS_001509,first_home,60110,8423,0.364,0.77
CUS_001510,investor,103803,86705,0.913,0.249
CUS_001511,first_home,49426,16154,0.662,0.859
CUS_001512,first_home,60181,15122,0.32,0.766
CUS_001513,premium,126175,61402,0.455,0.151
CUS_001514,first_home,26286,6486,0.333,0.865
CUS_001515,investor,65463,34019,0.464,0.231
CUS_001516,first_home,42574,28661,0.696,0.751
CUS_001517,upsizer,62091,14876,0.411,0.672
CUS_001518,first_home,26760,10068,0.582,0.67
CUS_001519,premium,103470,52517,0.634,0.382
CUS_001520,investor,91034,19184,0.102,0.388
CUS_001521,upsizer,84265,22418,0.151,0.529
CUS_001522,first_home,39534,16169,0.445,0.422
CUS_001523,first_home,16145,12641,0.346,0.843
CUS_001524,first_home,43626,12062,0.659,0.745
CUS_001525,first_home,57981,21981,0.477,0.665
CUS_001526,first_home,39347,34481,0.732,0.65
CUS_001527,investor,16000,9170,0.68,0.256
CUS_001528,first_home,32939,4118,0.767,0.835
CUS_001529,first_home,45789,17764,0.433,0.595
CUS_001530,first_home,30065,16094,0.507,0.783
CUS_001531,investor,58021,40058,1.0,0.344
CUS_001532,investor,68242,46454,0.309,0.365
CUS_001533,first_home,44720,23738,0.72,0.506
CUS_001534,first_home,29110,16274,0.803,0.83
CUS_001535,first_home,21421,4202,0.674,0.565
CUS_001536,investor,68718,20982,0.775,0.339
CUS_001537,premium,105832,20795,0.56,0.198
CUS_001538,first_home,40350,24835,0.676,0.796
CUS_001539,first_home,50195,24986,0.613,0.646
CUS_001540,investor,64963,29177,0.222,0.331
CUS_001541,investor,87468,61913,0.508,0.25
CUS_001542,first_home,34801,18336,0.195,0.756
CUS_001543,first_home,35897,22789,0.712,0.855
CUS_001544,first_home,43083,24391,0.614,0.666
CUS_001545,investor,92575,54035,0.789,0.623
CUS_001546,first_home,47908,11609,0.287,0.835
CUS_001547,investor,120913,73196,0.584,0.034
CUS_001548,investor,70368,36251,0.592,0.509
CUS_001549,premium,140822,50189,1.0,0.183
CUS_001550,upsizer,79045,43728,0.513,0.399
CUS_001551,first_home,49926,33023,0.428,1.0
CUS_001552,investor,102122,42108,0.568,0.537
CUS_001553,investor,44876,13242,0.956,0.424
CUS_001554,premium,146179,44349,0.766,0.529
CUS_001555,first_home,33799,6045,0.717,0.96
CUS_001556,first_home,28998,11589,0.504,0.665
CUS_001557,upsizer,91113,48858,0.507,0.641
CUS_001558,first_home,57020,42313,0.918,0.646
CUS_001559,upsizer,85567,24383,0.459,0.682
CUS_001560,first_home,28800,14246,0.441,0.631
CUS_001561,first_home,30979,13447,0.157,0.609
CUS_001562,upsizer,40241,17241,0.186,0.465
CUS_001563,investor,64611,9991,0.833,0.484
CUS_001564,investor,48951,12142,0.074,0.33
CUS_001565,first_home,32814,24828,0.946,0.527
CUS_001566,first_home,49494,30274,0.499,0.78
CUS_001567,first_home,30386,14613,0.648,0.466
CUS_001568,investor,65964,33848,0.815,0.347
CUS_001569,first_home,55410,31241,0.415,0.519
CUS_001570,first_home,42421,14818,0.704,0.866
CUS_001571,first_home,53750,19174,0.314,0.912
CUS_001572,upsizer,97563,31137,0.406,0.546
CUS_001573,premium,149866,68998,0.665,0.172
CUS_001574,first_home,41273,9199,0.66,0.636
CUS_001575,upsizer,76271,23681,0.647,0.591
CUS_001576,first_home,56151,29260,0.915,0.732
CUS_001577,first_home,27014,9900,0.541,0.808
CUS_001578,first_home,32557,3741,0.946,0.796
CUS_001579,upsizer,61378,22203,0.574,0.482
CUS_001580,first_home,32777,17312,0.705,0.833
CUS_001581,first_home,26488,11943,0.736,0.794
CUS_001582,upsizer,83212,10472,0.439,0.763
CUS_001583,investor,61173,37671,0.61,0.393
CUS_001584,investor,79315,30587,0.211,0.288
CUS_001585,investor,66182,32497,0.586,0.638
CUS_001586,investor,114822,70965,0.577,0.35
CUS_001587,first_home,54266,22125,0.689,0.748
CUS_001588,investor,90074,7780,0.53,0.386
CUS_001589,first_home,42119,31420,0.988,0.86
CUS_001590,first_home,45911,1500,0.152,0.724
CUS_001591,upsizer,73084,27051,0.278,0.883
CUS_001592,first_home,39986,26519,0.33,0.775
CUS_001593,first_home,30854,9395,0.55,0.503
CUS_001594,first_home,46949,14795,0.373,0.621
CUS_001595,premium,202144,79036,0.279,0.412
CUS_001596,upsizer,76977,30597,0.439,0.809
CUS_001597,first_home,41110,11311,0.207,0.588
CUS_001598,first_home,49272,15547,0.647,0.88
CUS_001599,investor,73688,45941,0.634,0.527
CUS_001600,investor,39716,13281,0.255,0.511
CUS_001601,first_home,39631,20626,0.769,0.691
CUS_001602,first_home,21187,5629,0.24,0.554
CUS_001603,investor,85874,58326,0.431,0.205
CUS_001604,first_home,39526,23667,0.614,0.645
CUS_001605,investor,55953,23157,0.576,0.354
CUS_001606,first_home,39627,21614,0.185,0.697
CUS_001607,premium,100878,71012,0.667,0.2
CUS_001608,investor,100656,25131,0.549,0.436
CUS_001609,investor,88457,21224,1.0,0.134
CUS_001610,investor,57967,28828,0.703,0.353
CUS_001611,first_home,48410,9551,0.913,0.313
CUS_001612,first_home,30840,4645,0.334,0.776
CUS_001613,first_home,30191,4270,0.181,0.597
CUS_001614,investor,69515,31749,0.878,0.133
CUS_001615,premium,124422,7915,0.644,0.058
CUS_001616,first_home,45020,16090,0.999,0.666
CUS_001617,premium,166156,1500,0.83,0.195
CUS_001618,first_home,47013,23921,0.816,0.797
CUS_001619,first_home,27335,14238,0.669,0.689
CUS_001620,first_home,31061,12168,0.354,0.719
CUS_001621,upsizer,115332,74123,0.317,0.554
CUS_001622,investor,67066,38442,0.074,0.464
CUS_001623,first_home,27438,7890,0.434,0.923
CUS_001624,investor,43497,11834,0.558,0.381
CUS_001625,first_home,55395,32631,0.536,0.74
CUS_001626,first_home,66477,36779,0.564,0.626
CUS_001627,first_home,44407,16944,0.049,0.566
CUS_001628,first_home,46737,5295,0.607,0.292
CUS_001629,first_home,37141,22183,0.927,0.694
CUS_001630,first_home,34795,15380,0.369,0.705
CUS_001631,premium,128823,54050,0.216,0.229
CUS_001632,premium,148984,1500,0.182,0.302
CUS_001633,upsizer,53309,28035,0.408,0.442
CUS_001634,first_home,28922,12119,0.47,0.843
CUS_001635,first_home,43699,14542,0.605,0.859
CUS_001636,first_home,29758,8315,0.744,0.808
CUS_001637,first_home,35106,15796,0.327,0.934
CUS_001638,investor,95212,48961,0.435,0.279
CUS_001639,first_home,24605,8888,0.165,0.672
CUS_001640,investor,98217,52121,0.696,0.451
CUS_001641,premium,139014,30943,0.465,0.137
CUS_001642,first_home,33407,10442,0.501,0.719
CUS_001643,upsizer,64656,35789,0.871,0.773
CUS_001644,first_home,30780,10995,0.583,0.865
CUS_001645,upsizer,88534,65429,0.964,0.363
CUS_001646,investor,53767,25800,0.736,0.336
CUS_001647,first_home,35053,7703,0.454,0.723
CUS_001648,first_home,27804,4103,0.289,0.821
CUS_001649,first_home,36343,20759,0.519,0.8
CUS_001650,premium,178186,57146,0.802,0.406
CUS_001651,first_home,23738,14125,0.224,1.0
CUS_001652,premium,94083,31306,0.412,0.365
CUS_001653,first_home,59056,27966,0.358,0.63
CUS_001654,upsizer,64788,23947,0.456,0.156
CUS_001655,first_home,46150,21967,0.653,0.858
CUS_001656,investor,80606,45243,0.605,0.27
CUS_001657,premium,125292,54307,0.601,0.0
CUS_001658,first_home,53110,29156,0.224,0.813
CUS_001659,first_home,43894,5454,0.729,0.594
CUS_001660,investor,110278,55670,0.798,0.28
CUS_001661,investor,68356,29676,0.501,0.453
CUS_001662,premium,186537,71410,0.344,0.218
CUS_001663,first_home,47448,1500,0.755,0.791
CUS_001664,upsizer,102350,13269,0.88,0.489
CUS_001665,upsizer,81678,38464,0.65,0.752
CUS_001666,investor,49250,24311,0.385,0.656
CUS_001667,first_home,37442,18859,0.305,0.82
CUS_001668,first_home,35651,15283,0.696,0.531
CUS_001669,upsizer,58295,12490,0.184,0.458
CUS_001670,investor,68203,16706,0.225,0.248
CUS_001671,investor,71035,3577,0.61,0.437
CUS_001672,upsizer,81424,36839,0.937,0.557
CUS_001673,first_home,61320,47402,0.836,0.699
CUS_001674,investor,92423,38213,0.651,0.351
CUS_001675,investor,38346,11241,0.059,0.387
CUS_001676,premium,86830,37737,0.0,0.222
CUS_001677,investor,85738,34774,0.518,0.294
CUS_001678,first_home,43429,5101,0.984,0.685
CUS_001679,first_home,26930,12812,0.346,0.683
CUS_001680,upsizer,72359,29700,0.767,0.665
CUS_001681,investor,50809,20288,0.634,0.751
CUS_001682,first_home,24029,18932,0.422,0.854
CUS_001683,upsizer,98666,40628,0.461,0.406
CUS_001684,first_home,36356,27560,0.156,0.781
CUS_001685,first_home,39077,10985,0.666,1.0
CUS_001686,upsizer,77031,12185,0.403,0.728
CUS_001687,investor,70813,20127,0.764,0.702
CUS_001688,upsizer,72092,46224,0.506,0.698
CUS_001689,upsizer,98641,28947,0.489,0.284
CUS_001690,first_home,43649,7565,0.053,0.826
CUS_001691,first_home,33280,16349,0.629,0.413
CUS_001692,premium,100172,36159,0.683,0.37
CUS_001693,first_home,48843,26053,0.862,0.643
CUS_001694,investor,44112,13635,0.357,0.379
CUS_001695,investor,45566,12020,0.624,0.0
CUS_001696,first_home,23945,17448,0.656,0.554
CUS_001697,first_home,29126,8159,0.254,0.724
CUS_001698,investor,47155,13185,0.41,0.274
CUS_001699,premium,16000,8210,0.275,0.207
CUS_001700,first_home,29326,1500,0.295,0.709
CUS_001701,first_home,46318,26026,0.465,0.911
CUS_001702,first_home,40263,30274,0.394,0.841
CUS_001703,investor,90401,52952,0.556,0.362
CUS_001704,first_home,41095,9970,0.71,0.717
CUS_001705,investor,112467,33718,0.702,0.7
CUS_001706,investor,41080,18140,0.749,0.544
CUS_001707,first_home,63062,31262,0.496,0.593
CUS_001708,investor,51979,37451,0.436,0.305
CUS_001709,upsizer,81290,57911,0.265,0.935
CUS_001710,first_home,40661,15909,0.728,0.732
CUS_001711,first_home,48973,16375,0.794,0.597
CUS_001712,first_home,35635,10309,0.861,0.851
CUS_001713,investor,93884,51261,0.635,0.424
CUS_001714,upsizer,88347,55162,0.448,0.539
CUS_001715,investor,96210,42553,0.299,0.507
CUS_001716,upsizer,104392,44866,0.238,0.837
CUS_001717,investor,56010,45388,0.089,0.688
CUS_001718,first_home,39618,21885,0.807,0.789
CUS_001719,first_home,42498,2570,0.652,0.616
CUS_001720,investor,80884,34281,1.0,0.573
CUS_001721,investor,98542,45947,0.531,0.57
CUS_001722,first_home,45739,17449,0.574,0.868
CUS_001723,first_home,34150,22441,0.647,0.872
CUS_001724,first_home,22440,8317,0.704,0.697
CUS_001725,first_home,54855,13865,0.398,0.484
CUS_001726,investor,68059,20565,0.55,0.128
CUS_001727,investor,43665,24078,0.745,0.41
CUS_001728,premium,168975,31449,0.942,0.24
CUS_001729,first_home,51325,17515,0.34,0.721
CUS_001730,premium,84621,49291,0.607,0.258
CUS_001731,first_home,30672,5679,0.582,0.653
CUS_001732,first_home,50785,12356,0.494,0.583
CUS_001733,premium,134534,16801,0.803,0.016
CUS_001734,upsizer,62390,16770,1.0,0.548
CUS_001735,upsizer,103797,34872,0.648,0.212
CUS_001736,first_home,16000,6197,0.373,0.722
CUS_001737,first_home,29672,7863,0.218,0.574
CUS_001738,investor,78935,28511,0.542,0.621
CUS_001739,premium,113865,69041,0.786,0.277
CUS_001740,first_home,46802,22938,0.51,0.725
CUS_001741,first_home,52274,42561,0.622,0.604
CUS_001742,first_home,35034,10820,1.0,0.751
CUS_001743,first_home,33853,11819,0.716,0.763
CUS_001744,first_home,16000,7324,0.574,0.734
CUS_001745,investor,27454,9263,0.237,0.302
CUS_001746,first_home,22921,9746,0.753,0.776
CUS_001747,investor,51093,4334,0.694,0.437
CUS_001748,investor,67472,24511,0.758,0.217
CUS_001749,first_home,32589,19162,0.259,0.721
CUS_001750,first_home,31215,24119,0.552,0.92
CUS_001751,upsizer,112120,77451,0.699,0.516
CUS_001752,investor,84493,38247,0.208,0.11
CUS_001753,upsizer,75859,39190,0.592,0.449
CUS_001754,first_home,50896,24913,0.821,0.578
CUS_001755,investor,16000,5284,0.406,0.368
CUS_001756,upsizer,57923,14906,0.814,0.581
CUS_001757,first_home,33194,15757,0.567,0.678
CUS_001758,first_home,35622,14612,0.583,0.885
CUS_001759,upsizer,81477,47344,0.796,0.562
CUS_001760,first_home,34322,1500,0.396,0.495
CUS_001761,first_home,44903,17906,0.25,0.709
CUS_001762,upsizer,64222,41594,0.496,0.527
CUS_001763,first_home,39433,21048,0.639,0.861
CUS_001764,investor,42238,10689,0.644,0.342
CUS_001765,premium,116974,22737,0.636,0.09
CUS_001766,premium,78225,32987,0.381,0.155
CUS_001767,first_home,52276,29867,0.674,0.564
CUS_001768,first_home,29185,15262,0.535,0.476
CUS_001769,premium,52624,23722,0.926,0.421
CUS_001770,premium,136535,74489,0.773,0.256
CUS_001771,first_home,35952,17125,0.685,0.876
CUS_001772,first_home,27433,14756,0.516,0.809
CUS_001773,first_home,16000,9580,0.475,0.662
CUS_001774,first_home,26487,9269,0.506,0.892
CUS_001775,premium,181606,49134,0.626,0.088
CUS_001776,upsizer,71986,40399,0.795,0.603
CUS_001777,first_home,45625,15424,0.208,0.647
CUS_001778,upsizer,94582,7533,0.44,0.481
CUS_001779,premium,85953,59043,0.859,0.343
CUS_001780,investor,37138,17667,0.423,0.184
CUS_001781,upsizer,84320,39436,0.357,0.965
CUS_001782,first_home,38882,15425,0.816,0.763
CUS_001783,upsizer,23708,13767,0.68,0.359
CUS_001784,first_home,53645,10676,0.613,0.641
CUS_001785,first_home,44407,19123,0.706,0.839
CUS_001786,investor,58938,28338,0.492,0.348
CUS_001787,first_home,40967,21679,0.568,0.816
CUS_001788,investor,72822,8918,0.582,0.561
CUS_001789,first_home,30725,16496,0.482,0.595
CUS_001790,first_home,28437,10085,0.48,0.896
CUS_001791,investor,55463,17344,0.349,0.327
CUS_001792,first_home,24865,3703,0.44,0.66
CUS_001793,first_home,38455,31989,0.455,0.943
CUS_001794,first_home,40163,16344,0.112,0.502
CUS_001795,upsizer,75475,35792,0.704,0.723
CUS_001796,investor,54879,13208,0.624,0.331
CUS_001797,first_home,58836,9103,0.916,0.87
CUS_001798,investor,65451,37741,0.244,0.438
CUS_001799,investor,66691,12472,0.317,0.411
CUS_001800,first_home,40116,26663,0.784,0.777
CUS_001801,first_home,55516,41864,0.27,0.885
CUS_001802,investor,76764,22294,0.549,0.117
CUS_001803,first_home,27413,9512,0.501,0.759
CUS_001804,upsizer,79277,1500,0.927,0.223
CUS_001805,first_home,43967,5111,0.547,0.607
CUS_001806,investor,73067,39729,0.546,0.34
CUS_001807,first_home,48933,32091,0.612,0.892
CUS_001808,investor,78497,22708,0.353,0.547
CUS_001809,upsizer,72549,22963,0.437,0.981
CUS_001810,first_home,31985,4650,0.296,0.559
CUS_001811,first_home,45982,10418,0.715,0.49
CUS_001812,investor,62422,41770,0.725,0.448
CUS_001813,first_home,16000,7773,0.357,0.839
CUS_001814,first_home,40731,4353,0.498,0.908
CUS_001815,investor,77967,41476,0.598,0.444
CUS_001816,first_home,18275,15658,0.227,0.818
CUS_001817,first_home,39893,14325,0.688,0.915
CUS_001818,first_home,34365,10655,0.303,0.655
CUS_001819,first_home,59112,31606,0.154,0.462
CUS_001820,upsizer,34229,20919,0.574,0.983
CUS_001821,first_home,46033,26602,0.705,0.537
CUS_001822,first_home,38793,14467,0.775,0.469
CUS_001823,investor,82967,29396,0.671,0.451
CUS_001824,premium,168437,20150,0.396,0.322
CUS_001825,first_home,51972,10843,1.0,0.825
CUS_001826,investor,100432,49706,0.575,0.598
CUS_001827,investor,35717,11922,0.337,0.5
CUS_001828,first_home,24017,11392,0.792,0.566
CUS_001829,first_home,24683,9554,0.63,0.792
CUS_001830,investor,71254,31432,1.0,0.55
CUS_001831,first_home,18224,7900,0.931,0.668
CUS_001832,first_home,48438,27333,0.465,0.678
CUS_001833,investor,78340,45654,0.267,0.526
CUS_001834,first_home,40762,17402,0.44,0.69
CUS_001835,first_home,33324,13104,0.004,0.941
CUS_001836,first_home,53263,22559,0.568,0.533
CUS_001837,upsizer,85119,24589,0.796,0.729
CUS_001838,investor,91777,57409,0.566,0.304
CUS_001839,first_home,24464,8044,0.675,0.606
CUS_001840,first_home,19263,7729,0.745,0.697
CUS_001841,upsizer,74406,34354,0.919,0.451
CUS_001842,investor,85829,41696,0.6,0.123
CUS_001843,investor,97348,46572,0.508,0.72
CUS_001844,first_home,37282,15114,0.423,0.491
CUS_001845,first_home,21883,15889,0.945,0.564
CUS_001846,first_home,26352,11688,0.418,0.885
CUS_001847,premium,16000,6156,1.0,0.321
CUS_001848,upsizer,106008,79883,0.481,0.61
CUS_001849,first_home,55649,16139,0.359,0.868
CUS_001850,investor,16000,12049,0.663,0.338
CUS_001851,upsizer,61800,4377,0.619,0.674
CUS_001852,upsizer,91791,32833,0.162,0.548
CUS_001853,first_home,24996,3236,0.728,0.539
CUS_001854,first_home,53263,9844,0.118,0.932
CUS_001855,upsizer,61919,31672,0.995,0.41
CUS_001856,first_home,34732,16720,0.219,0.703
CUS_001857,first_home,33896,10864,0.631,0.732
CUS_001858,first_home,29990,21715,0.69,0.611
CUS_001859,first_home,24555,15572,0.791,0.749
CUS_001860,first_home,63865,26869,0.215,0.766
CUS_001861,investor,78278,8177,0.685,0.341
CUS_001862,upsizer,80114,48276,0.303,0.709
CUS_001863,first_home,17954,6160,0.62,0.895
CUS_001864,upsizer,86740,41861,0.095,0.525
CUS_001865,upsizer,84203,48298,0.686,0.573
CUS_001866,premium,107778,38560,0.874,0.233
CUS_001867,investor,63740,42080,0.492,0.0
CUS_001868,upsizer,98634,35675,0.582,0.64
CUS_001869,investor,83420,43961,0.708,0.13
CUS_001870,first_home,34762,19673,0.642,1.0
CUS_001871,upsizer,103540,61525,0.176,0.605
CUS_001872,first_home,35862,26680,0.267,0.665
CUS_001873,upsizer,77144,21755,0.463,0.502
CUS_001874,first_home,16000,3617,0.587,0.756
CUS_001875,first_home,47860,17811,0.446,0.968
CUS_001876,investor,62844,61452,0.583,0.641
CUS_001877,investor,16000,10770,0.802,0.275
CUS_001878,first_home,53936,17852,0.473,0.713
CUS_001879,upsizer,83271,30595,0.295,0.764
CUS_001880,first_home,27480,11742,0.68,0.618
CUS_001881,first_home,34536,16548,0.854,0.283
CUS_001882,investor,30153,16446,0.629,0.184
CUS_001883,first_home,26398,14596,0.448,0.646
CUS_001884,first_home,40275,25994,0.518,0.678
CUS_001885,first_home,40898,32331,0.445,1.0
CUS_001886,first_home,44556,18088,0.629,0.65
CUS_001887,upsizer,68545,26838,0.054,0.421
CUS_001888,first_home,27672,10085,0.583,0.777
CUS_001889,investor,29322,11147,0.518,0.11
CUS_001890,investor,95462,47388,0.776,0.476
CUS_001891,first_home,36290,19756,0.219,0.897
CUS_001892,upsizer,62112,46007,0.284,0.519
CUS_001893,first_home,42960,12991,0.645,0.756
CUS_001894,first_home,27690,13694,0.873,0.646
CUS_001895,premium,121206,33778,0.525,0.224
CUS_001896,investor,56839,28583,0.504,0.377
CUS_001897,first_home,38599,35166,0.372,0.877
CUS_001898,premium,188231,76304,0.569,0.212
CUS_001899,upsizer,47419,41323,0.328,0.446
CUS_001900,first_home,16000,4470,0.241,0.863
CUS_001901,investor,131239,45559,0.69,0.33
CUS_001902,first_home,25184,9276,0.351,0.863
CUS_001903,first_home,16000,7384,0.72,0.604
CUS_001904,first_home,59956,24118,0.545,0.737
CUS_001905,first_home,45717,25945,0.795,0.863
CUS_001906,investor,62169,1500,0.3,0.261
CUS_001907,first_home,35574,9023,0.751,1.0
CUS_001908,first_home,44050,33963,0.562,0.968
CUS_001909,first_home,33928,5993,0.205,0.711
CUS_001910,first_home,48772,17841,0.387,0.712
CUS_001911,investor,81510,44036,0.394,0.171
CUS_001912,first_home,38562,16266,0.654,0.764
CUS_001913,first_home,39467,10933,0.331,0.91
CUS_001914,first_home,56585,28865,0.264,0.617
CUS_001915,first_home,41008,23803,0.463,0.618
CUS_001916,investor,99005,31934,0.782,0.185
CUS_001917,first_home,43034,21661,0.59,0.809
CUS_001918,investor,26585,15551,0.491,0.461
CUS_001919,investor,93720,58527,0.701,0.495
CUS_001920,first_home,38375,19057,0.326,0.931
CUS_001921,first_home,26205,19332,0.989,0.845
CUS_001922,first_home,40165,17613,0.959,0.792
CUS_001923,first_home,24426,6181,0.446,0.71
CUS_001924,first_home,35991,14061,0.58,0.751
CUS_001925,upsizer,83645,54217,0.531,0.53
CUS_001926,first_home,50795,13673,0.431,0.573
CUS_001927,first_home,57599,1524,0.777,0.916
CUS_001928,premium,89025,45648,0.206,0.0
CUS_001929,upsizer,75419,26404,0.467,0.761
CUS_001930,first_home,35276,29443,0.679,0.817
CUS_001931,investor,49557,23686,0.929,0.325
CUS_001932,first_home,40155,26209,0.882,0.971
CUS_001933,premium,114490,39122,0.391,0.012
CUS_001934,investor,66814,35873,0.367,0.297
CUS_001935,first_home,36424,18098,0.455,0.651
CUS_001936,first_home,58070,39389,0.898,0.669
CUS_001937,first_home,29476,13690,0.652,0.796
CUS_001938,investor,65731,22069,1.0,0.396
CUS_001939,first_home,45116,27834,0.706,0.854
CUS_001940,first_home,44262,13342,0.959,0.876
CUS_001941,first_home,35425,10021,0.532,0.708
CUS_001942,investor,39171,16533,0.357,0.478
CUS_001943,first_home,16000,5941,1.0,1.0
CUS_001944,upsizer,114403,49538,0.238,0.753
CUS_001945,first_home,46963,14548,0.621,0.625
CUS_001946,first_home,28439,17962,0.583,0.8
CUS_001947,first_home,27738,17447,0.413,0.466
CUS_001948,first_home,33394,19352,0.641,0.838
CUS_001949,first_home,29572,16612,0.519,0.507
CUS_001950,first_home,46645,4541,0.346,0.841
CUS_001951,first_home,49853,22480,0.246,0.734
CUS_001952,first_home,40060,23411,0.66,0.881
CUS_001953,premium,187302,125740,0.367,0.221
CUS_001954,first_home,22363,8795,0.429,0.938
CUS_001955,premium,196902,130868,0.357,0.284
CUS_001956,upsizer,59023,28645,0.363,0.58
CUS_001957,investor,51501,1500,0.519,0.176
CUS_001958,first_home,56236,23177,0.256,0.679
CUS_001959,investor,94453,26331,0.479,0.354
CUS_001960,premium,151931,48590,0.692,0.382
CUS_001961,first_home,33879,20983,0.7,0.754
CUS_001962,first_home,46142,22312,0.434,0.749
CUS_001963,first_home,54731,18427,0.378,0.796
CUS_001964,first_home,29471,9083,0.839,0.644
CUS_001965,first_home,16731,8513,0.651,0.764
CUS_001966,first_home,61171,24274,0.677,0.929
CUS_001967,investor,21723,12065,0.855,0.276
CUS_001968,first_home,37715,10608,0.805,0.746
CUS_001969,first_home,37056,13396,0.766,0.78
CUS_001970,upsizer,117841,26924,0.13,0.762
CUS_001971,first_home,41505,13712,0.417,0.764
CUS_001972,first_home,32633,26824,0.229,0.667
CUS_001973,first_home,39630,11787,0.878,0.669
CUS_001974,first_home,39364,13572,0.47,0.664
CUS_001975,first_home,16000,4507,0.371,0.66
CUS_001976,first_home,44880,17818,0.629,0.851
CUS_001977,premium,145447,60647,0.705,0.228
CUS_001978,upsizer,54889,35639,0.669,0.538
CUS_001979,first_home,36799,13136,0.559,0.614
CUS_001980,investor,81441,36694,0.842,0.574
CUS_001981,investor,41046,3803,0.475,0.492
CUS_001982,premium,209585,57498,0.194,0.181
CUS_001983,first_home,44707,27961,0.46,0.645
CUS_001984,investor,61352,16930,0.451,0.232
CUS_001985,first_home,61197,34770,0.709,0.936
CUS_001986,first_home,30288,7977,0.779,0.731
CUS_001987,upsizer,74767,29823,0.374,0.666
CUS_001988,first_home,59315,43815,0.041,0.718
CUS_001989,first_home,37145,20954,1.0,0.699
CUS_001990,first_home,50180,3945,0.604,0.369
CUS_001991,upsizer,73910,74638,0.063,0.646
CUS_001992,first_home,36266,8815,0.165,0.665
CUS_001993,first_home,50835,38936,0.612,0.813
CUS_001994,investor,16000,5595,0.434,0.203
CUS_001995,first_home,20592,4300,0.856,0.768
CUS_001996,first_home,41082,14329,0.435,0.873
CUS_001997,investor,96535,30158,0.54,0.239
CUS_001998,upsizer,72610,24058,0.414,0.492
CUS_001999,investor,67219,29627,0.525,0.094
CUS_002000,first_home,61488,31731,0.573,0.565
CUS_002001,first_home,43290,29683,0.88,0.699
CUS_002002,premium,54729,25646,0.631,0.127
CUS_002003,first_home,42861,19028,0.58,0.81
CUS_002004,investor,80576,24167,0.738,0.412
CUS_002005,first_home,67146,25485,0.874,0.624
CUS_002006,upsizer,69400,23544,0.24,0.492
CUS_002007,first_home,42654,7798,0.4,0.941
CUS_002008,upsizer,79126,70356,0.609,0.599
CUS_002009,first_home,33099,15677,0.559,0.697
CUS_002010,investor,117200,55776,0.412,0.611
CUS_002011,first_home,16000,10387,0.09,0.615
CUS_002012,first_home,39997,1500,0.492,0.884
CUS_002013,first_home,36502,30405,0.65,1.0
CUS_002014,first_home,45231,12457,0.906,0.665
CUS_002015,first_home,39157,10611,0.567,0.905
CUS_002016,first_home,44687,14849,0.562,0.843
CUS_002017,upsizer,102286,62106,0.372,0.203
CUS_002018,premium,116194,94812,0.56,0.44
CUS_002019,investor,78506,56926,0.44,0.777
CUS_002020,first_home,34121,11712,0.695,0.847
CUS_002021,first_home,45211,4806,0.67,0.874
CUS_002022,first_home,51267,18221,0.899,0.71
CUS_002023,first_home,51349,16169,0.628,0.749
CUS_002024,investor,75149,10065,0.69,0.578
CUS_002025,premium,164526,88007,0.231,0.438
CUS_002026,first_home,49703,21412,0.641,0.688
CUS_002027,first_home,20986,10915,0.737,0.596
CUS_002028,first_home,27581,15492,0.588,0.62
CUS_002029,first_home,35649,19723,0.549,1.0
CUS_002030,first_home,23006,9626,0.517,0.698
CUS_002031,first_home,35739,25918,0.955,0.792
CUS_002032,first_home,35084,11992,0.169,0.573
CUS_002033,first_home,40045,12617,0.862,0.714
CUS_002034,investor,96769,37574,0.657,0.243
CUS_002035,upsizer,53167,28010,0.443,0.45
CUS_002036,first_home,45876,25361,0.689,0.613
CUS_002037,first_home,38148,14067,0.659,0.852
CUS_002038,first_home,35001,13038,0.323,0.489
CUS_002039,premium,158529,105399,0.814,0.283
CUS_002040,first_home,38642,7521,0.61,0.905
CUS_002041,investor,52578,48607,0.373,0.423
CUS_002042,investor,68447,25728,0.93,0.414
CUS_002043,upsizer,100410,39481,0.706,0.375
CUS_002044,first_home,26125,12973,0.654,0.756
CUS_002045,first_home,42231,22203,0.81,1.0
CUS_002046,first_home,41756,13033,0.568,0.702
CUS_002047,first_home,32123,15770,0.768,0.74
CUS_002048,first_home,49753,13032,0.754,0.593
CUS_002049,upsizer,84974,27379,0.43,0.632
CUS_002050,investor,83492,11784,0.523,0.037
CUS_002051,upsizer,49693,22627,0.45,0.464
CUS_002052,upsizer,55338,22039,0.896,0.754
CUS_002053,first_home,47227,3189,0.206,0.856
CUS_002054,premium,135277,41587,0.646,0.429
CUS_002055,investor,101223,43002,0.889,0.631
CUS_002056,first_home,38125,22291,0.269,0.851
CUS_002057,investor,39202,7811,0.576,0.423
CUS_002058,upsizer,51079,19197,0.851,0.494
CUS_002059,investor,79179,18367,0.475,0.361
CUS_002060,investor,95861,53733,0.596,0.346
CUS_002061,first_home,48006,14868,0.508,0.713
CUS_002062,premium,150448,78742,0.333,0.179
CUS_002063,first_home,38786,14176,0.47,1.0
CUS_002064,investor,62821,7746,0.406,0.209
CUS_002065,investor,127095,53050,0.191,0.273
CUS_002066,first_home,19575,4244,0.907,0.933
CUS_002067,first_home,30546,19289,0.667,0.762
CUS_002068,investor,52832,40009,0.468,0.414
CUS_002069,first_home,66061,35989,0.446,0.658
CUS_002070,first_home,38180,12015,0.459,0.63
CUS_002071,first_home,51896,22523,0.38,0.87
CUS_002072,investor,72332,34880,0.467,0.491
CUS_002073,first_home,24609,15387,0.342,0.657
CUS_002074,first_home,16682,6608,0.728,0.69
CUS_002075,upsizer,55854,28121,0.113,0.276
CUS_002076,first_home,66802,8534,0.608,0.685
CUS_002077,upsizer,125583,59466,0.348,0.448
CUS_002078,first_home,51652,14211,0.779,0.884
CUS_002079,first_home,21981,9621,0.519,0.669
CUS_002080,investor,75201,18284,0.645,0.239
CUS_002081,first_home,48346,24370,0.411,0.531
CUS_002082,upsizer,59883,32627,0.872,0.654
CUS_002083,first_home,38232,14836,0.262,0.473
CUS_002084,premium,162779,44620,0.4,0.256
CUS_002085,first_home,48917,26088,0.324,0.694
CUS_002086,premium,132896,94397,0.544,0.247
CUS_002087,first_home,47201,36623,0.582,0.813
CUS_002088,investor,60081,30116,0.257,0.254
CUS_002089,first_home,36268,17411,0.307,1.0
CUS_002090,premium,99150,19162,0.294,0.213
CUS_002091,first_home,31922,21276,0.208,0.64
CUS_002092,first_home,46509,1500,0.395,0.838
CUS_002093,investor,86549,55780,0.977,0.404
CUS_002094,first_home,30044,13063,0.594,0.665
CUS_002095,investor,61930,1500,0.401,0.323
CUS_002096,investor,63104,30958,0.496,0.493
CUS_002097,first_home,46336,18620,0.186,0.451
CUS_002098,investor,71067,24819,0.2,0.243
CUS_002099,first_home,25869,9867,0.355,0.716
CUS_002100,investor,47548,20283,0.255,0.618
CUS_002101,first_home,38194,16273,0.766,0.74
CUS_002102,first_home,61974,10187,1.0,1.0
CUS_002103,premium,118388,59493,0.767,0.014
CUS_002104,upsizer,41445,14989,0.37,0.596
CUS_002105,upsizer,76641,54847,0.562,0.793
CUS_002106,investor,103579,60574,0.683,0.201
CUS_002107,first_home,23174,14022,0.656,0.661
CUS_002108,first_home,16000,12241,0.918,0.632
CUS_002109,first_home,47921,26954,0.272,0.608
CUS_002110,investor,76701,30962,0.596,0.315
CUS_002111,first_home,23255,1500,0.547,0.877
CUS_002112,upsizer,82322,38968,0.479,0.765
CUS_002113,first_home,49726,36874,0.186,0.89
CUS_002114,first_home,32741,19351,0.21,0.64
CUS_002115,premium,139101,47106,0.87,0.31
CUS_002116,first_home,35835,15795,0.765,0.666
CUS_002117,first_home,38589,12732,0.286,0.994
CUS_002118,investor,98145,47604,0.126,0.275
CUS_002119,upsizer,88311,29860,0.567,0.429
CUS_002120,first_home,45925,31646,0.541,0.701
CUS_002121,first_home,35691,16120,0.172,0.658
CUS_002122,first_home,35006,16676,1.0,0.599
CUS_002123,investor,32720,9191,0.858,0.414
CUS_002124,first_home,47090,16708,0.301,0.514
CUS_002125,investor,102207,22690,0.875,0.409
CUS_002126,first_home,38653,26481,0.615,0.864
CUS_002127,upsizer,86819,29311,0.734,0.569
CUS_002128,investor,81518,37396,0.358,0.467
CUS_002129,investor,56298,8511,0.709,0.504
CUS_002130,first_home,43308,9019,1.0,0.744
CUS_002131,first_home,64971,25010,0.843,0.716
CUS_002132,first_home,41635,15570,0.737,0.424
CUS_002133,first_home,37002,17541,0.115,0.829
CUS_002134,first_home,38764,30701,0.765,0.602
CUS_002135,first_home,40712,2723,0.67,0.663
CUS_002136,first_home,42874,25987,0.364,0.747
CUS_002137,first_home,27096,14081,0.482,0.793
CUS_002138,first_home,36202,11539,0.539,0.803
CUS_002139,first_home,30307,10666,0.689,0.851
CUS_002140,premium,234159,147898,0.214,0.341
CUS_002141,first_home,16000,6701,0.573,0.808
CUS_002142,premium,172680,64245,0.932,0.275
CUS_002143,first_home,20782,5013,0.688,0.663
CUS_002144,upsizer,116400,32535,0.302,0.436
CUS_002145,first_home,34213,7221,0.625,0.869
CUS_002146,first_home,17198,10134,0.676,0.617
CUS_002147,investor,51258,14806,0.064,0.363
CUS_002148,first_home,16000,3441,0.633,0.9
CUS_002149,first_home,38623,17822,0.564,0.792
CUS_002150,first_home,47294,13388,0.183,0.569
CUS_002151,upsizer,90014,63767,1.0,0.51
CUS_002152,upsizer,99249,43411,0.634,0.683
CUS_002153,first_home,32808,15318,0.511,0.761
CUS_002154,premium,93586,43743,0.353,0.194
CUS_002155,first_home,52815,28138,0.587,0.817
CUS_002156,first_home,54369,30331,0.66,0.87
CUS_002157,first_home,69739,30356,0.879,0.736
CUS_002158,first_home,32896,8130,0.532,0.566
CUS_002159,upsizer,105844,42586,0.236,0.502
CUS_002160,premium,132030,58183,0.541,0.205
CUS_002161,upsizer,91762,12499,0.539,0.891
CUS_002162,investor,62592,3201,0.954,0.408
CUS_002163,first_home,16000,3387,0.63,0.676
CUS_002164,investor,64990,5123,0.652,0.446
CUS_002165,first_home,21382,7322,0.428,0.82
CUS_002166,premium,136909,39824,0.645,0.279
CUS_002167,first_home,29658,13226,0.358,0.757
CUS_002168,premium,32356,18044,0.599,0.313
CUS_002169,investor,24136,11636,0.75,0.677
CUS_002170,first_home,31755,16138,0.557,0.809
CUS_002171,first_home,33815,20298,0.825,0.84
CUS_002172,first_home,27267,10124,0.894,0.7
CUS_002173,first_home,52789,1500,0.833,0.776
CUS_002174,upsizer,72132,8368,0.575,0.401
CUS_002175,first_home,31643,16445,0.336,0.845
CUS_002176,first_home,16032,7460,0.321,0.833
CUS_002177,first_home,69128,38374,0.69,0.723
CUS_002178,first_home,62752,59091,0.624,0.579
CUS_002179,first_home,56317,26440,0.546,0.81
CUS_002180,premium,174832,72172,0.433,0.464
CUS_002181,investor,81136,39943,0.563,0.421
CUS_002182,upsizer,108615,23435,0.229,0.502
CUS_002183,first_home,28274,16000,0.405,0.762
CUS_002184,first_home,27127,10828,0.511,0.722
CUS_002185,first_home,56503,41411,0.728,0.77
CUS_002186,first_home,38338,5440,0.794,0.87
CUS_002187,first_home,25562,11012,0.094,0.958
CUS_002188,first_home,50432,15989,0.179,0.732
CUS_002189,investor,52674,12538,0.732,0.274
CUS_002190,first_home,16000,8673,0.585,0.825
CUS_002191,investor,76613,28564,0.711,0.232
CUS_002192,investor,70114,46941,0.411,0.68
CUS_002193,investor,62737,20982,0.424,0.172
CUS_002194,first_home,41061,14755,0.383,0.548
CUS_002195,investor,105086,83295,0.0,0.581
CUS_002196,first_home,36156,6755,0.291,0.448
CUS_002197,first_home,33412,9654,0.304,0.923
CUS_002198,first_home,53941,1500,0.338,0.958
CUS_002199,first_home,50744,17738,0.326,0.788
CUS_002200,first_home,36439,20199,0.339,0.825
CUS_002201,investor,32354,16299,0.503,0.131
CUS_002202,premium,153677,70071,0.692,0.453
CUS_002203,first_home,25054,6821,0.0,0.79
CUS_002204,first_home,65367,25868,0.334,0.786
CUS_002205,first_home,32497,11648,0.343,0.802
CUS_002206,upsizer,82681,35471,0.192,0.357
CUS_002207,first_home,20816,9604,0.826,0.743
CUS_002208,first_home,47837,17550,0.293,0.569
CUS_002209,first_home,24530,10653,0.659,0.789
CUS_002210,premium,154135,63565,0.37,0.409
CUS_002211,first_home,60569,18686,0.864,0.689
CUS_002212,first_home,45788,20344,0.356,0.935
CUS_002213,first_home,40379,8081,0.339,0.521
CUS_002214,investor,51423,23791,0.515,0.362
CUS_002215,first_home,38429,8841,0.919,0.862
CUS_002216,upsizer,80781,34365,0.677,0.711
CUS_002217,upsizer,95394,49011,0.4,0.642
CUS_002218,first_home,50780,13372,0.602,0.645
CUS_002219,upsizer,77033,47446,0.421,0.546
CUS_002220,premium,78069,58699,0.915,0.211
CUS_002221,first_home,33928,10619,0.746,0.837
CUS_002222,investor,95488,38572,0.55,0.383
CUS_002223,first_home,43351,28098,0.605,0.63
CUS_002224,first_home,44119,4692,0.406,0.686
CUS_002225,first_home,18160,7918,0.56,0.994
CUS_002226,premium,147142,55271,0.698,0.245
CUS_002227,upsizer,80366,47584,0.772,0.463
CUS_002228,first_home,30892,11920,0.457,0.651
CUS_002229,investor,43999,22499,0.043,0.529
CUS_002230,investor,47204,13304,0.726,0.513
CUS_002231,upsizer,101608,61095,0.409,0.595
CUS_002232,first_home,32387,7388,0.762,0.512
CUS_002233,first_home,54647,32064,0.194,0.753
CUS_002234,first_home,63770,28296,0.637,0.86
CUS_002235,first_home,27949,1500,0.51,0.785
CUS_002236,first_home,51231,22611,0.452,0.809
CUS_002237,first_home,43654,23540,0.908,0.478
CUS_002238,first_home,18135,3785,0.385,0.552
CUS_002239,upsizer,84777,23529,0.886,0.267
CUS_002240,first_home,16000,7136,1.0,0.899
CUS_002241,first_home,42883,14491,0.257,0.629
CUS_002242,investor,69486,34001,0.341,0.555
CUS_002243,first_home,40607,15932,0.521,0.763
CUS_002244,investor,103893,19995,0.506,0.408
CUS_002245,premium,110083,93473,0.825,0.237
CUS_002246,first_home,29796,10990,0.824,0.736
CUS_002247,first_home,26895,12166,0.442,0.689
CUS_002248,first_home,54516,40834,0.372,0.855
CUS_002249,first_home,26942,15770,0.48,0.681
CUS_002250,investor,86603,45774,0.612,0.677
CUS_002251,first_home,71830,44564,0.285,0.689
CUS_002252,first_home,47105,24931,0.258,0.743
CUS_002253,first_home,53208,28161,0.379,0.852
CUS_002254,first_home,51816,27571,0.45,0.725
CUS_002255,first_home,32315,12914,0.47,0.68
CUS_002256,investor,57465,35827,0.078,0.405
CUS_002257,first_home,27523,15176,0.457,0.865
CUS_002258,investor,44669,1500,0.246,0.43
CUS_002259,upsizer,91201,53184,0.576,0.63
CUS_002260,investor,44763,12855,0.256,0.298
CUS_002261,first_home,52581,24909,0.638,0.64
CUS_002262,first_home,33100,4270,0.518,0.822
CUS_002263,investor,91194,29639,0.901,0.287
CUS_002264,investor,80721,29416,0.628,0.232
CUS_002265,upsizer,83744,44100,0.513,0.387
CUS_002266,first_home,40877,13253,0.546,0.829
CUS_002267,first_home,27996,1500,0.572,0.728
CUS_002268,first_home,28865,9865,0.417,0.514
CUS_002269,upsizer,79114,28600,0.498,0.674
CUS_002270,investor,45428,24710,0.437,0.203
CUS_002271,upsizer,38646,17648,0.473,0.376
CUS_002272,investor,78655,22967,0.449,0.366
CUS_002273,upsizer,95309,45736,0.47,0.412
CUS_002274,first_home,33619,25553,0.548,0.72
CUS_002275,upsizer,104710,67084,0.692,0.745
CUS_002276,upsizer,90926,7846,0.779,0.441
CUS_002277,premium,102627,89852,0.408,0.074
CUS_002278,upsizer,92888,59735,0.22,0.764
CUS_002279,first_home,41921,29989,0.747,1.0
CUS_002280,investor,69728,10907,1.0,0.236
CUS_002281,investor,20006,7111,0.685,0.421
CUS_002282,investor,30811,16513,0.478,0.407
CUS_002283,investor,70896,16172,0.612,0.326
CUS_002284,investor,79712,41849,0.596,0.304
CUS_002285,first_home,16000,11584,0.549,0.883
CUS_002286,premium,170136,62955,0.343,0.013
CUS_002287,upsizer,109386,80574,0.796,0.907
CUS_002288,investor,43465,24186,0.368,0.409
CUS_002289,first_home,49840,4757,0.789,0.611
CUS_002290,premium,63793,17454,0.688,0.252
CUS_002291,investor,52749,33205,0.899,0.482
CUS_002292,first_home,16000,3907,0.731,0.785
CUS_002293,investor,71660,44734,0.001,0.515
CUS_002294,investor,60934,32910,0.22,0.286
CUS_002295,investor,47419,23057,0.574,0.589
CUS_002296,first_home,32577,10623,0.961,0.646
CUS_002297,first_home,56574,27393,0.463,0.847
CUS_002298,upsizer,83767,61388,0.228,0.478
CUS_002299,upsizer,93021,33468,0.749,0.545
CUS_002300,first_home,34984,18885,0.951,0.75
CUS_002301,upsizer,78446,62061,0.368,0.662
CUS_002302,first_home,49815,23773,0.431,0.573
CUS_002303,first_home,52236,17848,0.951,0.436
CUS_002304,investor,68652,23323,0.252,0.282
CUS_002305,first_home,38547,2117,0.302,0.504
CUS_002306,first_home,40164,8512,0.299,0.721
CUS_002307,upsizer,54541,26774,0.599,0.691
CUS_002308,first_home,62655,37880,0.49,0.59
CUS_002309,first_home,35114,12406,0.414,0.723
CUS_002310,first_home,35039,21103,0.769,0.785
CUS_002311,investor,64100,37879,0.756,0.182
CUS_002312,investor,30705,8943,0.906,0.345
CUS_002313,first_home,18334,5917,0.573,0.678
CUS_002314,first_home,40605,7621,0.744,0.701
CUS_002315,investor,38818,21890,0.284,0.307
CUS_002316,investor,112655,48518,0.732,0.288
CUS_002317,upsizer,93493,55141,0.743,0.584
CUS_002318,first_home,28215,11829,0.369,0.611
CUS_002319,upsizer,72384,18870,0.704,0.793
CUS_002320,upsizer,92476,52744,0.617,0.259
CUS_002321,first_home,44699,3278,0.67,0.891
CUS_002322,first_home,42884,15838,0.787,0.542
CUS_002323,investor,94401,27435,0.601,0.607
CUS_002324,upsizer,79616,56097,0.837,0.538
CUS_002325,first_home,45866,34168,0.292,0.882
CUS_002326,first_home,44767,22660,0.352,0.582
CUS_002327,investor,93232,30376,0.521,0.369
CUS_002328,premium,111627,82583,0.374,0.008
CUS_002329,first_home,35426,10780,0.622,0.8
CUS_002330,first_home,39951,7226,0.479,0.858
CUS_002331,first_home,23725,1716,0.488,0.831
CUS_002332,upsizer,99373,44561,0.481,0.491
CUS_002333,investor,74687,9060,0.617,0.447
CUS_002334,first_home,56857,38970,0.558,0.836
CUS_002335,upsizer,95121,30964,0.648,0.586
CUS_002336,first_home,16136,3202,0.466,0.9
CUS_002337,upsizer,71008,44793,0.117,0.696
CUS_002338,first_home,45165,26542,0.737,0.503
CUS_002339,first_home,16000,11671,0.372,0.914
CUS_002340,first_home,33931,4210,0.627,0.806
CUS_002341,first_home,45414,3914,0.559,0.719
CUS_002342,premium,61129,43458,1.0,0.013
CUS_002343,first_home,34089,1500,0.0,0.951
CUS_002344,first_home,16000,3379,0.402,0.754
CUS_002345,investor,42695,18784,0.65,0.757
CUS_002346,first_home,44978,8577,0.175,0.806
CUS_002347,first_home,16000,7489,0.549,0.689
CUS_002348,first_home,43112,9624,0.157,0.557
CUS_002349,upsizer,107858,71425,0.557,0.479
CUS_002350,investor,86279,48248,0.568,0.42
CUS_002351,premium,81373,39019,0.73,0.311
CUS_002352,investor,74005,27093,0.624,0.281
CUS_002353,first_home,35096,8562,0.327,0.955
CUS_002354,first_home,43257,17552,0.573,0.492
CUS_002355,investor,27297,5685,0.635,0.278
CUS_002356,first_home,16000,12401,0.341,0.818
CUS_002357,upsizer,92483,45083,0.792,0.307
CUS_002358,first_home,44855,12263,0.694,0.501
CUS_002359,first_home,41030,29207,0.168,0.634
CUS_002360,investor,34799,14675,0.564,0.451
CUS_002361,first_home,56038,38205,0.311,0.556
CUS_002362,investor,18498,12511,0.082,0.438
CUS_002363,premium,144333,73403,0.421,0.125
CUS_002364,investor,57782,11643,0.468,0.227
CUS_002365,upsizer,70762,23034,1.0,0.665
CUS_002366,first_home,54392,58527,0.427,0.583
CUS_002367,first_home,29214,9664,0.567,0.764
CUS_002368,upsizer,69543,26682,0.631,0.56
CUS_002369,first_home,42290,14593,0.47,0.778
CUS_002370,first_home,25517,6657,0.622,0.799
CUS_002371,first_home,16000,8907,0.385,0.708
CUS_002372,investor,41853,7910,0.293,0.169
CUS_002373,investor,95356,26743,0.416,0.355
CUS_002374,first_home,57643,27989,0.248,1.0
CUS_002375,first_home,30495,11737,0.699,0.827
CUS_002376,first_home,37509,17230,0.537,0.701
CUS_002377,first_home,40867,17344,0.436,0.874
CUS_002378,first_home,31217,6837,0.692,0.946
CUS_002379,premium,120701,83721,0.409,0.409
CUS_002380,upsizer,63459,40343,0.0,0.213
CUS_002381,investor,37665,9717,0.423,0.593
CUS_002382,premium,125592,64783,0.734,0.164
CUS_002383,upsizer,70567,24112,0.792,0.367
CUS_002384,investor,63601,39751,0.257,0.416
CUS_002385,investor,63278,36993,0.41,0.439
CUS_002386,premium,145374,95379,0.726,0.003
CUS_002387,investor,40114,10409,0.193,0.207
CUS_002388,first_home,30790,5731,0.476,0.558
CUS_002389,first_home,48464,4627,0.625,0.76
CUS_002390,investor,61822,56353,0.887,0.397
CUS_002391,upsizer,56859,33723,0.439,0.703
CUS_002392,investor,64973,42498,0.212,0.512
CUS_002393,first_home,50616,8702,0.362,0.908
CUS_002394,investor,21734,11832,1.0,0.608
CUS_002395,premium,109954,13206,0.625,0.022
CUS_002396,investor,70252,35964,0.842,0.526
CUS_002397,first_home,37738,16367,0.547,0.415
CUS_002398,first_home,32607,12270,0.359,0.731
CUS_002399,first_home,32143,10685,0.293,0.546
CUS_002400,upsizer,41585,26682,0.438,0.57
CUS_002401,first_home,21605,7257,0.723,0.755
CUS_002402,upsizer,27376,18441,0.235,0.231
CUS_002403,first_home,26855,11319,0.723,0.94
CUS_002404,upsizer,65376,32509,0.271,0.503
CUS_002405,first_home,29782,15756,0.477,0.902
CUS_002406,investor,95068,48745,0.535,0.46
CUS_002407,investor,75629,35631,0.694,0.262
CUS_002408,investor,41376,33824,0.479,0.345
CUS_002409,premium,181296,114793,0.675,0.403
CUS_002410,first_home,25612,1500,0.473,0.504
CUS_002411,first_home,29059,11406,0.642,0.729
CUS_002412,first_home,63490,44284,0.543,0.635
CUS_002413,investor,85912,24368,0.595,0.271
CUS_002414,investor,93817,40420,0.592,0.441
CUS_002415,first_home,43106,19151,0.524,0.805
CUS_002416,premium,158367,113481,0.828,0.308
CUS_002417,first_home,41926,10129,0.691,0.709
CUS_002418,first_home,37926,10142,0.59,0.685
CUS_002419,first_home,45599,23757,0.418,0.794
CUS_002420,investor,76157,37473,1.0,0.489
CUS_002421,first_home,36281,19010,0.918,0.871
CUS_002422,upsizer,62187,30348,0.31,0.665
CUS_002423,investor,72512,29634,0.694,0.032
CUS_002424,investor,67444,35803,0.849,0.57
CUS_002425,first_home,29099,13588,0.669,0.579
CUS_002426,premium,210287,80995,0.548,0.196
CUS_002427,upsizer,64382,26950,0.403,0.415
CUS_002428,first_home,32063,10673,0.664,0.846
CUS_002429,first_home,50696,15339,0.333,0.859
CUS_002430,first_home,37941,20122,0.46,0.729
CUS_002431,first_home,36444,7098,0.425,0.76
CUS_002432,first_home,34442,19081,0.674,0.519
CUS_002433,investor,86245,32990,0.878,0.18
CUS_002434,first_home,49690,20444,0.435,0.39
CUS_002435,premium,132046,52567,0.459,0.247
CUS_002436,first_home,24454,12730,0.861,1.0
CUS_002437,investor,37485,26106,0.423,0.545
CUS_002438,upsizer,75516,56987,0.0,0.717
CUS_002439,first_home,29970,18538,0.996,0.798
CUS_002440,first_home,44674,19841,0.792,0.581
CUS_002441,investor,89946,51619,0.744,0.23
CUS_002442,first_home,38145,2519,0.641,0.805
CUS_002443,premium,86540,46682,0.532,0.243
CUS_002444,upsizer,81916,40970,0.103,0.251
CUS_002445,investor,78301,11898,0.499,0.689
CUS_002446,upsizer,58577,19061,0.493,0.586
CUS_002447,first_home,59325,28474,0.519,0.835
CUS_002448,first_home,22955,11448,0.689,0.986
CUS_002449,first_home,33496,20175,0.912,0.459
CUS_002450,investor,42678,31179,0.532,0.349
CUS_002451,first_home,45336,18277,0.501,0.57
CUS_002452,first_home,49728,11197,0.911,0.678
CUS_002453,upsizer,44020,25441,0.36,0.517
CUS_002454,first_home,42853,28361,0.543,0.758
CUS_002455,first_home,35578,23416,0.557,0.75
CUS_002456,first_home,66269,34111,0.36,0.721
CUS_002457,first_home,48713,38482,0.468,0.918
CUS_002458,first_home,38732,14745,0.471,0.61
CUS_002459,first_home,42431,30460,0.736,0.867
CUS_002460,first_home,39651,8769,0.481,1.0
CUS_002461,premium,138876,3069,0.487,0.627
CUS_002462,first_home,28724,6267,0.664,0.467
CUS_002463,investor,105032,34301,0.433,0.467
CUS_002464,investor,47896,20601,0.332,0.579
CUS_002465,premium,179194,46971,1.0,0.262
CUS_002466,upsizer,99735,45180,0.537,0.791
CUS_002467,first_home,39514,21591,0.605,0.504
CUS_002468,first_home,50856,25097,0.486,0.669
CUS_002469,first_home,18452,7477,0.19,0.798
CUS_002470,first_home,36966,23898,0.427,0.69
CUS_002471,premium,116488,33306,0.283,0.0
CUS_002472,investor,91227,35267,0.681,0.391
CUS_002473,first_home,21691,7180,0.651,0.87
CUS_002474,first_home,40941,22415,0.69,0.577
CUS_002475,upsizer,80867,28580,0.315,0.471
CUS_002476,first_home,47965,24080,0.071,0.941
CUS_002477,first_home,53743,31006,0.006,0.629
CUS_002478,upsizer,66035,22370,0.647,1.0
CUS_002479,investor,36785,5234,0.456,0.352
CUS_002480,first_home,55590,21650,0.244,0.592
CUS_002481,first_home,27935,8011,0.682,0.577
CUS_002482,investor,77633,24405,0.759,0.471
CUS_002483,first_home,38557,1500,0.536,0.706
CUS_002484,upsizer,107403,14857,0.41,0.352
CUS_002485,premium,16000,9184,0.497,0.29
CUS_002486,investor,103173,26955,0.831,0.414
CUS_002487,investor,75732,48322,0.804,0.453
CUS_002488,upsizer,81058,24414,0.496,0.777
CUS_002489,first_home,58648,30352,0.583,0.725
CUS_002490,first_home,42343,16278,1.0,0.766
CUS_002491,premium,182440,99783,1.0,0.068
CUS_002492,first_home,34001,13069,0.561,0.78
CUS_002493,investor,87299,40890,0.894,0.495
CUS_002494,first_home,18800,12249,0.643,0.922
CUS_002495,first_home,50616,26056,0.906,0.737
CUS_002496,first_home,43928,13447,0.379,0.788
CUS_002497,investor,48570,4509,0.729,0.385
CUS_002498,first_home,29488,12102,0.796,0.61
CUS_002499,first_home,52522,26653,0.546,0.689
CUS_002500,first_home,36873,16877,0.449,0.778
CUS_002501,first_home,37002,10064,0.606,0.841
CUS_002502,investor,63645,29105,0.227,0.368
CUS_002503,upsizer,75061,41191,0.458,0.133
CUS_002504,investor,50601,34451,0.42,0.2
CUS_002505,investor,103536,40309,0.757,0.347
CUS_002506,first_home,39969,34863,0.676,0.653
CUS_002507,upsizer,34036,23539,0.707,0.45
CUS_002508,upsizer,83990,38660,0.835,0.541
CUS_002509,premium,199610,95232,0.284,0.35
CUS_002510,first_home,55087,37460,0.941,0.738
CUS_002511,first_home,49843,12790,0.772,0.863
CUS_002512,first_home,32553,9297,0.223,0.682
CUS_002513,first_home,38575,7644,0.739,1.0
CUS_002514,first_home,43149,16572,0.689,0.519
CUS_002515,upsizer,60129,16547,0.651,0.785
CUS_002516,first_home,32963,12068,0.33,0.845
CUS_002517,first_home,32240,13662,0.55,0.736
CUS_002518,upsizer,105270,19146,0.712,0.906
CUS_002519,upsizer,98746,66745,0.563,0.601
CUS_002520,first_home,51824,33403,0.237,0.724
CUS_002521,first_home,28567,9919,0.468,0.705
CUS_002522,premium,62962,43868,0.64,0.335
CUS_002523,upsizer,80775,40381,0.511,0.345
CUS_002524,investor,72264,45371,1.0,0.365
CUS_002525,first_home,17007,3160,0.735,0.693
CUS_002526,investor,73910,27307,0.726,0.482
CUS_002527,premium,137351,74592,0.599,0.293
CUS_002528,first_home,24753,9913,0.45,0.756
CUS_002529,first_home,53098,21151,0.963,0.798
CUS_002530,premium,129902,53270,0.468,0.361
CUS_002531,investor,94841,47157,0.574,0.531
CUS_002532,first_home,35544,15997,0.537,0.406
CUS_002533,investor,57410,40787,0.226,0.451
CUS_002534,investor,79161,19941,0.664,0.279
CUS_002535,first_home,50178,22430,0.792,0.703
CUS_002536,first_home,53853,29980,0.421,0.676
CUS_002537,first_home,35508,7320,0.487,0.582
CUS_002538,upsizer,82185,30255,0.361,0.882
CUS_002539,first_home,25666,11840,0.989,0.859
CUS_002540,premium,140346,98315,0.662,0.226
CUS_002541,first_home,62125,28239,0.874,0.726
CUS_002542,upsizer,78462,44444,0.46,0.567
CUS_002543,upsizer,68776,39768,0.692,0.671
CUS_002544,upsizer,106095,1500,0.183,0.122
CUS_002545,premium,132276,58793,0.415,0.008
CUS_002546,first_home,48965,17215,1.0,0.706
CUS_002547,first_home,44886,31446,0.657,0.801
CUS_002548,first_home,44037,24474,0.481,0.766
CUS_002549,investor,66592,39120,0.118,0.413
CUS_002550,first_home,52284,27372,0.603,0.518
CUS_002551,first_home,16000,7182,0.459,0.924
CUS_002552,first_home,51192,29712,0.763,0.667
CUS_002553,investor,19277,8215,0.211,0.742
CUS_002554,first_home,49026,32414,0.774,0.494
CUS_002555,first_home,40901,9717,0.451,0.726
CUS_002556,investor,55045,33952,0.311,0.318
CUS_002557,first_home,39194,14294,0.604,0.729
CUS_002558,upsizer,120991,66823,0.996,0.598
CUS_002559,investor,92763,13644,0.733,0.205
CUS_002560,premium,148453,71041,0.634,0.177
CUS_002561,first_home,46203,18611,0.431,0.497
CUS_002562,first_home,23198,9786,0.9,0.853
CUS_002563,investor,101402,11341,0.643,0.258
CUS_002564,first_home,46176,20129,0.086,1.0
CUS_002565,premium,157451,71380,0.743,0.315
CUS_002566,upsizer,104571,11431,0.617,0.723
CUS_002567,first_home,65879,14683,0.53,0.661
CUS_002568,investor,80500,36900,0.857,0.348
CUS_002569,first_home,44047,22166,0.382,0.795
CUS_002570,first_home,23951,10081,0.433,0.699
CUS_002571,first_home,52386,22950,0.516,0.613
CUS_002572,investor,60822,26448,0.658,0.41
CUS_002573,upsizer,26614,8834,0.412,0.687
CUS_002574,first_home,35194,14004,0.32,0.737
CUS_002575,investor,79709,14166,0.509,0.106
CUS_002576,first_home,44589,14481,0.437,0.662
CUS_002577,first_home,28331,11966,0.954,0.65
CUS_002578,investor,66154,43164,0.064,0.237
CUS_002579,investor,37189,15177,0.769,0.348
CUS_002580,investor,43742,35040,0.066,0.388
CUS_002581,upsizer,90559,70400,0.537,0.249
CUS_002582,first_home,48662,21535,0.296,0.619
CUS_002583,investor,87580,31137,0.183,0.052
CUS_002584,first_home,54173,45390,0.872,0.608
CUS_002585,premium,144146,81339,0.73,0.246
CUS_002586,first_home,34673,17647,0.57,0.802
CUS_002587,first_home,57472,17249,0.586,0.647
CUS_002588,investor,61180,21599,0.371,0.272
CUS_002589,first_home,44913,11224,0.444,0.701
CUS_002590,investor,113332,79088,0.389,0.254
CUS_002591,upsizer,90480,47075,0.429,0.622
CUS_002592,first_home,56161,21013,0.504,0.621
CUS_002593,first_home,57689,19902,0.874,0.761
CUS_002594,upsizer,51568,12973,0.697,0.615
CUS_002595,investor,102335,42718,0.629,0.413
CUS_002596,first_home,35938,16558,0.317,0.681
CUS_002597,premium,160724,3280,0.662,0.246
CUS_002598,first_home,38363,9838,0.0,0.481
CUS_002599,premium,118128,36409,0.388,0.365
CUS_002600,investor,40236,25163,0.259,0.405
CUS_002601,first_home,20187,6668,0.465,0.49
CUS_002602,premium,63179,6761,0.486,0.392
CUS_002603,first_home,40794,9457,0.45,0.61
CUS_002604,upsizer,58050,42980,0.55,0.335
CUS_002605,premium,122395,44417,0.59,0.123
CUS_002606,upsizer,76375,18565,0.876,0.691
CUS_002607,first_home,65672,8456,0.36,0.66
CUS_002608,first_home,32787,14243,0.354,0.835
CUS_002609,first_home,42352,19200,0.528,0.956
CUS_002610,first_home,41583,21182,0.627,0.699
CUS_002611,first_home,41018,37770,0.563,0.717
CUS_002612,investor,83707,17367,0.993,0.512
CUS_002613,first_home,24798,9015,0.758,0.341
CUS_002614,upsizer,61560,29711,0.884,0.507
CUS_002615,first_home,20089,7056,0.663,0.881
CUS_002616,first_home,34990,2036,0.575,0.762
CUS_002617,investor,40124,20946,0.0,0.242
CUS_002618,first_home,35424,11207,0.565,0.608
CUS_002619,investor,16000,3816,0.475,0.391
CUS_002620,investor,64132,17263,0.481,0.379
CUS_002621,investor,88460,62736,0.79,0.595
CUS_002622,investor,78123,51860,0.234,0.476
CUS_002623,premium,184491,43096,0.813,0.146
CUS_002624,upsizer,76876,9093,0.703,0.447
CUS_002625,first_home,35710,21130,0.604,0.49
CUS_002626,first_home,28290,22646,0.746,0.665
CUS_002627,premium,144086,122456,0.119,0.293
CUS_002628,first_home,17680,3096,0.64,0.87
CUS_002629,investor,102652,69230,0.192,0.439
CUS_002630,investor,52034,22325,0.633,0.572
CUS_002631,first_home,49656,4103,0.259,0.744
CUS_002632,first_home,46383,12768,0.355,0.811
CUS_002633,premium,95845,27657,0.437,0.244
CUS_002634,first_home,65185,33608,0.478,0.775
CUS_002635,first_home,50229,9240,0.591,0.847
CUS_002636,premium,72171,43297,0.715,0.205
CUS_002637,premium,162898,83988,1.0,0.122
CUS_002638,investor,73769,45266,0.382,0.526
CUS_002639,first_home,16168,5031,0.574,0.782
CUS_002640,first_home,61230,30699,0.522,0.965
CUS_002641,premium,85619,20852,0.287,0.155
CUS_002642,first_home,16490,9099,0.071,0.659
CUS_002643,upsizer,92294,35744,0.314,0.808
CUS_002644,investor,38800,15712,0.408,0.301
CUS_002645,first_home,28560,12113,0.45,0.823
CUS_002646,investor,48478,5650,0.198,0.452
CUS_002647,upsizer,71367,45973,0.468,0.654
CUS_002648,upsizer,56124,24970,0.499,0.744
CUS_002649,investor,87269,56280,0.325,0.269
CUS_002650,first_home,37194,23493,0.723,0.773
CUS_002651,investor,54551,15471,0.131,0.214
CUS_002652,investor,72133,27513,0.608,0.414
CUS_002653,investor,79419,11981,0.486,0.557
CUS_002654,first_home,16000,10411,0.562,1.0
CUS_002655,upsizer,83313,40693,0.641,0.522
CUS_002656,first_home,49583,23116,0.612,0.717
CUS_002657,first_home,39192,14905,0.072,0.616
CUS_002658,first_home,48720,12445,0.48,0.667
CUS_002659,first_home,49918,32990,0.654,0.712
CUS_002660,first_home,55632,44005,0.662,0.759
CUS_002661,first_home,41235,27540,0.35,0.816
CUS_002662,first_home,42311,16919,0.282,0.711
CUS_002663,first_home,38558,19288,0.679,0.815
CUS_002664,first_home,35899,22350,0.659,0.906
CUS_002665,first_home,20136,8999,0.283,0.888
CUS_002666,first_home,53064,41391,0.233,0.828
CUS_002667,first_home,34395,22519,0.443,0.81
CUS_002668,first_home,33707,31395,0.351,0.592
CUS_002669,investor,79049,36755,0.567,0.515
CUS_002670,first_home,22915,1500,0.86,0.588
CUS_002671,investor,79259,35106,0.235,0.324
CUS_002672,first_home,45197,16346,0.501,0.78
CUS_002673,first_home,30537,14080,0.347,0.898
CUS_002674,first_home,51451,38637,0.713,0.905
CUS_002675,first_home,34579,11496,0.729,0.802
CUS_002676,investor,74003,20744,0.314,0.133
CUS_002677,premium,40268,12627,0.793,0.24
CUS_002678,investor,104434,85400,0.73,0.658
CUS_002679,first_home,49359,17131,0.489,0.716
CUS_002680,first_home,49642,23665,0.708,0.852
CUS_002681,upsizer,74108,56497,0.201,0.594
CUS_002682,first_home,32737,17987,0.986,0.824
CUS_002683,first_home,51411,1500,0.542,0.775
CUS_002684,first_home,61023,20932,0.83,0.508
CUS_002685,upsizer,64021,20006,0.384,0.63
CUS_002686,upsizer,70162,8160,0.148,0.591
CUS_002687,first_home,59188,20377,0.64,0.649
CUS_002688,first_home,31480,1500,0.35,0.694
CUS_002689,investor,40823,19942,0.376,0.012
CUS_002690,first_home,33867,14608,0.585,0.695
CUS_002691,first_home,42229,12776,0.728,0.662
CUS_002692,first_home,27655,2884,0.613,0.852
CUS_002693,first_home,34504,23498,0.781,0.554
CUS_002694,first_home,31472,10313,0.479,0.682
CUS_002695,investor,70285,44108,0.854,0.143
CUS_002696,investor,33133,13497,0.725,0.398
CUS_002697,investor,84474,58514,0.267,0.473
CUS_002698,first_home,29091,15569,0.68,0.843
CUS_002699,first_home,36499,16427,0.533,0.766
CUS_002700,upsizer,64537,17996,0.336,0.574
CUS_002701,first_home,49304,32730,0.664,0.292
CUS_002702,first_home,21651,8509,0.628,0.526
CUS_002703,first_home,42814,12130,0.686,0.586
CUS_002704,first_home,29241,11746,0.262,0.69
CUS_002705,first_home,49912,21047,0.0,0.846
CUS_002706,first_home,61326,36020,0.443,0.539
CUS_002707,investor,92493,8437,0.458,0.631
CUS_002708,first_home,31129,26738,0.639,0.505
CUS_002709,premium,91956,47210,0.0,0.28
CUS_002710,investor,65594,28018,0.677,0.595
CUS_002711,first_home,50276,25637,0.721,0.493
CUS_002712,premium,66153,10210,0.736,0.267
CUS_002713,upsizer,72839,32947,0.726,0.629
CUS_002714,first_home,26756,14637,0.262,0.749
CUS_002715,investor,66432,25043,0.315,0.216
CUS_002716,investor,78635,41224,0.477,0.284
CUS_002717,investor,87357,50035,0.488,0.42
CUS_002718,first_home,43605,13033,0.298,0.667
CUS_002719,first_home,37119,24305,0.568,0.665
CUS_002720,first_home,31189,13073,0.638,0.95
CUS_002721,first_home,26888,20789,0.61,0.815
CUS_002722,first_home,30568,20349,0.565,0.814
CUS_002723,upsizer,93218,46903,0.626,0.512
CUS_002724,first_home,30022,8523,0.473,0.676
CUS_002725,first_home,47077,19298,0.662,0.695
CUS_002726,first_home,55417,33882,0.633,0.605
CUS_002727,first_home,24887,8195,0.347,0.685
CUS_002728,premium,100633,51124,0.979,0.101
CUS_002729,premium,23526,12430,0.903,0.273
CUS_002730,first_home,41158,16865,0.704,0.853
CUS_002731,first_home,57320,16170,0.811,0.777
CUS_002732,first_home,36957,26519,0.614,0.767
CUS_002733,upsizer,92755,47816,0.458,0.74
CUS_002734,first_home,40485,15209,0.811,0.568
CUS_002735,first_home,39592,11393,0.611,0.582
CUS_002736,first_home,44508,26337,0.715,0.892
CUS_002737,first_home,39557,16515,0.914,0.498
CUS_002738,first_home,44593,27021,0.174,0.767
CUS_002739,upsizer,49570,13087,0.656,0.484
CUS_002740,first_home,31337,15182,0.33,0.644
CUS_002741,first_home,30908,10621,0.507,0.735
CUS_002742,first_home,34622,25741,0.363,0.764
CUS_002743,first_home,51159,25389,0.828,0.578
CUS_002744,upsizer,95012,23825,0.66,0.592
CUS_002745,investor,18592,11124,0.563,0.359
CUS_002746,upsizer,69280,45188,0.177,0.525
CUS_002747,premium,104132,38459,0.421,0.116
CUS_002748,investor,55355,15734,0.435,0.368
CUS_002749,investor,48474,1623,0.621,0.219
CUS_002750,first_home,39021,24511,0.445,0.868
CUS_002751,investor,60657,6943,0.472,0.408
CUS_002752,investor,48870,20589,0.0,0.158
CUS_002753,investor,91181,10893,0.771,0.327
CUS_002754,first_home,29100,21947,0.264,0.884
CUS_002755,investor,57856,38776,0.38,0.441
CUS_002756,first_home,20005,9683,0.673,0.655
CUS_002757,investor,66528,41153,0.757,0.322
CUS_002758,first_home,34289,13928,0.551,0.593
CUS_002759,first_home,73844,20790,0.634,0.936
CUS_002760,first_home,47085,6038,0.775,0.577
CUS_002761,investor,83812,47988,0.0,0.201
CUS_002762,investor,62135,15429,0.757,0.612
CUS_002763,first_home,43345,38350,0.028,0.646
CUS_002764,first_home,17878,4108,0.468,0.664
CUS_002765,first_home,35033,21446,0.646,0.922
CUS_002766,first_home,45064,29728,0.312,0.859
CUS_002767,first_home,21989,4152,0.497,1.0
CUS_002768,investor,44272,15454,0.0,0.461
CUS_002769,premium,104912,40770,0.232,0.07
CUS_002770,first_home,31770,33577,0.351,0.393
CUS_002771,upsizer,71768,27691,0.306,0.562
CUS_002772,first_home,30417,6848,0.507,0.696
CUS_002773,premium,157976,81913,0.956,0.158
CUS_002774,first_home,35199,8499,0.748,0.642
CUS_002775,investor,66582,27893,0.757,0.427
CUS_002776,first_home,32587,11344,0.654,0.788
CUS_002777,first_home,58226,30466,0.201,0.566
CUS_002778,first_home,58138,19127,0.828,0.623
CUS_002779,investor,73456,22382,0.634,0.515
CUS_002780,upsizer,64533,40283,0.669,0.615
CUS_002781,investor,36142,17421,0.737,0.316
CUS_002782,investor,77981,33928,0.666,0.296
CUS_002783,first_home,44901,3750,0.632,0.815
CUS_002784,investor,78072,42309,0.347,0.366
CUS_002785,premium,33555,11586,0.298,0.476
CUS_002786,first_home,43233,20757,0.3,0.596
CUS_002787,first_home,39828,3904,0.0,0.717
CUS_002788,first_home,32135,15421,0.422,0.761
CUS_002789,first_home,40356,18756,0.674,0.794
CUS_002790,first_home,31737,12336,0.813,0.857
CUS_002791,investor,16720,4523,0.369,0.511
CUS_002792,premium,94394,60401,0.519,0.307
CUS_002793,first_home,32104,9491,0.422,0.528
CUS_002794,upsizer,99695,59203,0.598,0.619
CUS_002795,premium,67630,41828,0.216,0.084
CUS_002796,investor,73276,20532,0.418,0.423
CUS_002797,upsizer,109073,61588,0.353,0.526
CUS_002798,upsizer,69948,24667,0.698,0.301
CUS_002799,first_home,29152,15886,0.136,0.659
CUS_002800,upsizer,80185,20972,0.636,0.484
CUS_002801,first_home,30401,12442,0.768,0.719
CUS_002802,first_home,62680,27822,0.199,0.569
CUS_002803,first_home,41714,17716,0.396,0.468
CUS_002804,investor,25482,12706,0.345,0.269
CUS_002805,upsizer,94117,26769,0.935,0.62
CUS_002806,first_home,42191,13947,0.881,0.69
CUS_002807,investor,59059,32984,0.777,0.481
CUS_002808,first_home,27890,9923,0.654,0.921
CUS_002809,premium,198160,67472,0.77,0.304
CUS_002810,first_home,51298,14285,0.701,0.682
CUS_002811,investor,60219,20908,0.942,0.531
CUS_002812,investor,70971,17397,0.57,0.221
CUS_002813,first_home,46214,25939,0.0,0.854
CUS_002814,upsizer,77917,27206,0.442,0.308
CUS_002815,upsizer,101284,23796,0.691,0.683
CUS_002816,first_home,61370,24145,0.482,0.885
CUS_002817,investor,68542,12244,0.846,0.354
CUS_002818,premium,122026,33674,0.359,0.333
CUS_002819,first_home,35987,24249,0.776,1.0
CUS_002820,first_home,45666,10692,0.209,0.845
CUS_002821,investor,38187,15434,0.641,0.357
CUS_002822,investor,102554,84828,0.366,0.43
CUS_002823,investor,87691,41641,0.239,0.488
CUS_002824,investor,54509,18427,0.546,0.36
CUS_002825,investor,68560,4951,0.268,0.525
CUS_002826,first_home,35982,16553,0.745,0.634
CUS_002827,first_home,23243,6783,0.473,0.571
CUS_002828,first_home,58723,31147,0.582,0.7
CUS_002829,first_home,58874,18149,0.547,0.74
CUS_002830,investor,96347,46236,0.695,0.558
CUS_002831,premium,102195,70550,0.393,0.374
CUS_002832,first_home,42931,23648,0.829,0.865
CUS_002833,investor,107743,20762,1.0,0.266
CUS_002834,first_home,23254,10372,0.294,0.793
CUS_002835,first_home,23140,13963,0.943,0.727
CUS_002836,upsizer,65042,10177,0.428,0.701
CUS_002837,first_home,33405,24509,0.439,0.63
CUS_002838,premium,82105,37388,0.763,0.368
CUS_002839,first_home,37717,20132,0.295,0.756
CUS_002840,first_home,49296,18146,0.704,0.795
CUS_002841,investor,58217,25519,0.692,0.28
CUS_002842,investor,91936,24731,0.543,0.284
CUS_002843,investor,50960,36104,0.533,0.452
CUS_002844,upsizer,72821,54816,0.431,0.805
CUS_002845,premium,140915,115043,0.734,0.0
CUS_002846,investor,54977,6167,0.467,0.342
CUS_002847,first_home,57636,28202,0.827,0.802
CUS_002848,first_home,73119,37129,0.835,0.701
CUS_002849,investor,82178,24900,0.211,0.455
CUS_002850,investor,69654,34625,0.243,0.253
CUS_002851,first_home,24786,4249,0.515,0.582
CUS_002852,first_home,43422,30174,0.334,0.711
CUS_002853,first_home,39744,6122,0.395,0.575
CUS_002854,first_home,49707,23615,0.364,0.852
CUS_002855,first_home,34298,19620,1.0,0.848
CUS_002856,premium,147108,47382,0.835,0.388
CUS_002857,investor,42876,29030,0.358,0.374
CUS_002858,upsizer,83442,8469,0.097,0.543
CUS_002859,investor,68031,28878,0.423,0.142
CUS_002860,first_home,54193,6850,0.252,0.763
CUS_002861,investor,57317,16668,0.73,0.434
CUS_002862,premium,75801,25857,0.574,0.0
CUS_002863,investor,62384,20595,0.422,0.349
CUS_002864,first_home,29733,19587,0.539,0.633
CUS_002865,investor,90227,19757,0.283,0.341
CUS_002866,first_home,60340,9065,0.504,0.687
CUS_002867,first_home,45456,16019,0.952,0.728
CUS_002868,first_home,41724,18793,0.395,0.801
CUS_002869,first_home,43269,22525,0.584,0.803
CUS_002870,upsizer,72804,46426,0.372,0.603
CUS_002871,first_home,16000,1500,0.368,0.6
CUS_002872,first_home,23827,17488,0.759,0.968
CUS_002873,investor,95204,26912,0.263,0.276
CUS_002874,upsizer,61781,23469,0.516,0.623
CUS_002875,first_home,37709,16372,0.349,0.785
CUS_002876,first_home,24271,1500,0.89,0.604
CUS_002877,first_home,30376,10697,0.394,0.64
CUS_002878,investor,50096,30487,0.255,0.615
CUS_002879,premium,16000,8699,0.521,0.239
CUS_002880,first_home,52492,17843,0.522,0.554
CUS_002881,upsizer,56551,26485,0.823,0.567
CUS_002882,investor,80043,41068,0.428,0.24
CUS_002883,investor,99048,37977,0.661,0.723
CUS_002884,first_home,39677,20578,0.32,0.788
CUS_002885,upsizer,54635,15621,0.821,0.478
CUS_002886,first_home,38195,9925,0.772,0.597
CUS_002887,first_home,54788,20630,0.693,0.766
CUS_002888,first_home,49043,1500,0.76,0.583
CUS_002889,first_home,41896,23243,0.622,0.868
CUS_002890,first_home,36004,16020,0.587,0.756
CUS_002891,first_home,32588,12710,0.284,0.733
CUS_002892,first_home,21504,12330,0.399,0.811
CUS_002893,first_home,23458,11722,0.762,0.671
CUS_002894,investor,100119,62222,0.753,0.1
CUS_002895,investor,45494,32499,0.773,0.157
CUS_002896,investor,72180,35332,0.457,0.531
CUS_002897,first_home,39818,11963,0.963,0.708
CUS_002898,first_home,20106,11269,0.519,0.696
CUS_002899,investor,71294,21462,0.67,0.453
CUS_002900,investor,86122,25216,1.0,0.561
CUS_002901,first_home,32776,12367,0.437,0.415
CUS_002902,upsizer,69299,44245,0.732,0.77
CUS_002903,premium,146957,83036,0.197,0.379
CUS_002904,premium,146250,86207,0.471,0.294
CUS_002905,investor,63599,28754,0.703,0.493
CUS_002906,first_home,40536,21585,0.412,0.668
CUS_002907,upsizer,95211,51239,0.569,0.394
CUS_002908,upsizer,38211,11697,0.614,0.7
CUS_002909,premium,174382,93450,0.599,0.366
CUS_002910,upsizer,89037,38223,0.031,0.69
CUS_002911,upsizer,107530,38400,1.0,0.914
CUS_002912,investor,70936,25944,0.294,0.496
CUS_002913,first_home,30681,10142,0.367,0.804
CUS_002914,first_home,49071,18619,0.17,0.62
CUS_002915,investor,70589,30250,0.313,0.179
CUS_002916,investor,84828,46630,0.543,0.384
CUS_002917,first_home,33355,23404,0.796,0.861
CUS_002918,first_home,34104,18154,0.405,0.786
CUS_002919,upsizer,76068,34313,0.584,0.417
CUS_002920,first_home,23896,1672,0.628,0.749
CUS_002921,first_home,44510,38520,0.28,0.809
CUS_002922,investor,90180,27286,0.104,0.537
CUS_002923,first_home,36882,11374,0.319,0.622
CUS_002924,first_home,50394,33136,0.869,0.73
CUS_002925,investor,84276,19534,0.355,0.49
CUS_002926,upsizer,67762,33673,0.37,0.66
CUS_002927,first_home,43928,15229,0.627,0.774
CUS_002928,first_home,44128,16968,0.697,0.564
CUS_002929,first_home,37647,16525,0.269,0.778
CUS_002930,investor,62020,13343,0.72,0.287
CUS_002931,first_home,23556,9606,0.66,0.783
CUS_002932,first_home,35352,21730,0.403,0.863
CUS_002933,investor,92003,38325,0.092,0.491
CUS_002934,upsizer,63547,67344,0.732,0.27
CUS_002935,first_home,49032,21892,0.625,0.774
CUS_002936,investor,46746,10032,0.584,0.572
CUS_002937,premium,160895,54080,0.207,0.188
CUS_002938,first_home,18538,1516,1.0,0.689
CUS_002939,premium,38862,24249,0.296,0.021
CUS_002940,first_home,46632,33528,0.408,0.63
CUS_002941,first_home,48593,28268,0.773,0.569
CUS_002942,first_home,32685,9112,0.563,0.34
CUS_002943,first_home,27384,7475,0.587,0.974
CUS_002944,premium,148611,83608,0.252,0.0
CUS_002945,investor,21035,7073,0.234,0.42
CUS_002946,premium,136717,37609,0.634,0.358
CUS_002947,investor,69867,17813,0.444,0.341
CUS_002948,first_home,39575,30331,0.999,0.443
CUS_002949,upsizer,113685,39387,0.262,0.502
CUS_002950,upsizer,64534,37411,0.448,0.381
CUS_002951,first_home,30729,16253,0.591,0.691
CUS_002952,investor,38788,10754,0.439,0.75
CUS_002953,premium,125401,54838,0.356,0.247
CUS_002954,first_home,47466,11857,0.565,0.858
CUS_002955,first_home,38989,26927,1.0,0.705
CUS_002956,first_home,77002,20487,0.392,0.57
CUS_002957,upsizer,71990,35689,0.16,0.481
CUS_002958,investor,80550,27471,0.681,0.498
CUS_002959,investor,68177,17966,0.461,0.322
CUS_002960,upsizer,71502,44611,0.302,0.726
CUS_002961,first_home,57748,19414,0.699,0.914
CUS_002962,upsizer,47829,4815,0.663,0.544
CUS_002963,first_home,17944,9086,0.386,0.942
CUS_002964,investor,115573,34978,0.151,0.561
CUS_002965,first_home,37365,17127,0.771,0.728
CUS_002966,first_home,32795,19155,0.387,0.717
CUS_002967,first_home,20900,10329,0.615,0.738
CUS_002968,first_home,40390,23829,0.52,0.522
CUS_002969,first_home,16462,3232,0.674,0.797
CUS_002970,first_home,40521,26165,0.609,0.769
CUS_002971,investor,61248,23057,0.868,0.116
CUS_002972,upsizer,63687,11031,0.712,0.434
CUS_002973,first_home,37268,1500,0.082,0.711
CUS_002974,first_home,57130,21395,0.47,0.73
CUS_002975,investor,131358,37895,0.59,0.265
CUS_002976,investor,87143,25382,0.46,0.264
CUS_002977,investor,70070,34347,0.841,0.253
CUS_002978,upsizer,83628,61855,0.667,0.629
CUS_002979,first_home,38965,10431,0.102,0.589
CUS_002980,first_home,57921,25866,0.47,0.887
CUS_002981,upsizer,62594,20518,0.564,0.586
CUS_002982,investor,16000,4038,0.367,0.824
CUS_002983,investor,100826,24917,0.722,0.305
CUS_002984,upsizer,116336,84414,0.692,0.476
CUS_002985,first_home,29170,12613,0.652,0.862
CUS_002986,first_home,46142,18262,0.734,0.828
CUS_002987,first_home,45529,13961,0.881,0.766
CUS_002988,premium,142327,62923,0.758,0.276
CUS_002989,premium,116066,36579,0.753,0.177
CUS_002990,first_home,49416,38416,0.555,0.97
CUS_002991,first_home,56589,26898,0.421,0.752
CUS_002992,investor,63279,28799,1.0,0.373
CUS_002993,first_home,20793,9378,0.659,0.679
CUS_002994,premium,76447,50868,0.328,0.228
CUS_002995,first_home,34848,14846,0.541,0.611
CUS_002996,upsizer,73408,25270,0.476,0.299
CUS_002997,investor,99352,45601,0.759,0.615
CUS_002998,first_home,51703,29597,0.485,0.568
CUS_002999,investor,84246,54165,0.19,0.351
CUS_003000,investor,75033,35168,0.7,0.076
CUS_003001,first_home,27720,13064,0.432,0.623
CUS_003002,first_home,36674,22323,0.006,0.674
CUS_003003,premium,96439,1500,0.777,0.315
CUS_003004,investor,46918,20920,0.245,0.482
CUS_003005,investor,21858,7100,0.323,0.299
CUS_003006,first_home,20434,9000,0.579,0.799
CUS_003007,investor,95957,47405,0.594,0.362
CUS_003008,investor,68306,44679,0.43,0.448
CUS_003009,first_home,33503,6057,0.648,0.667
CUS_003010,first_home,46785,14060,0.761,0.895
CUS_003011,first_home,36179,9765,0.339,0.691
CUS_003012,investor,83107,26658,0.577,0.237
CUS_003013,first_home,34375,6303,0.591,0.651
CUS_003014,upsizer,99285,80891,0.847,0.551
CUS_003015,first_home,27569,16176,0.611,0.783
CUS_003016,premium,145363,42218,0.117,0.375
CUS_003017,first_home,29120,12603,1.0,0.876
CUS_003018,investor,67022,23575,0.585,0.226
CUS_003019,investor,94229,43167,0.62,0.453
CUS_003020,investor,65457,19101,0.532,0.318
CUS_003021,upsizer,112078,17468,0.623,0.669
CUS_003022,first_home,40701,13309,0.66,1.0
CUS_003023,first_home,45331,30763,0.743,0.606
CUS_003024,first_home,18772,3054,0.52,0.661
CUS_003025,first_home,45839,28763,0.0,0.547
CUS_003026,premium,80126,42530,0.452,0.234
CUS_003027,first_home,32078,11486,0.505,0.574
CUS_003028,investor,98115,55436,0.392,0.727
CUS_003029,first_home,46855,21907,0.296,0.785
CUS_003030,upsizer,86122,3898,0.441,0.71
CUS_003031,first_home,24599,8786,0.762,0.789
CUS_003032,upsizer,84970,30798,0.632,0.568
CUS_003033,investor,72718,50183,0.231,0.299
CUS_003034,upsizer,64661,23139,0.135,0.694
CUS_003035,investor,87156,34169,0.132,0.463
CUS_003036,first_home,37745,8341,0.614,0.596
CUS_003037,premium,50536,21155,0.193,0.202
CUS_003038,first_home,43552,9407,0.534,0.777
CUS_003039,first_home,27654,17297,0.711,0.686
CUS_003040,first_home,30994,10981,0.649,0.962
CUS_003041,upsizer,81052,17472,0.471,0.739
CUS_003042,investor,50088,32587,0.927,0.442
CUS_003043,first_home,48889,9529,0.407,0.472
CUS_003044,premium,81725,38898,0.586,0.072
CUS_003045,first_home,44582,7235,0.461,0.703
CUS_003046,first_home,43021,20768,0.506,0.836
CUS_003047,first_home,39597,24635,0.75,0.553
CUS_003048,first_home,59386,18607,0.708,0.513
CUS_003049,investor,53542,11653,0.117,0.065
CUS_003050,first_home,41884,9350,0.306,0.663
CUS_003051,first_home,18501,7771,0.751,0.661
CUS_003052,first_home,21831,16964,0.239,0.617
CUS_003053,upsizer,102583,63831,0.309,0.303
CUS_003054,investor,90342,57881,0.635,0.241
CUS_003055,first_home,36448,8653,0.786,0.404
CUS_003056,investor,44367,27838,0.756,0.318
CUS_003057,first_home,22703,13796,0.166,0.836
CUS_003058,upsizer,66318,32158,0.487,0.57
CUS_003059,first_home,21502,6802,0.461,1.0
CUS_003060,first_home,35456,21451,0.408,0.679
CUS_003061,first_home,47164,14526,0.175,0.727
CUS_003062,first_home,44440,24366,0.881,0.918
CUS_003063,first_home,58069,20991,0.525,0.748
CUS_003064,investor,101384,25610,0.318,0.472
CUS_003065,first_home,16000,5713,0.639,0.854
CUS_003066,first_home,62408,48942,0.512,0.76
CUS_003067,investor,49897,10984,0.754,0.239
CUS_003068,investor,90825,55265,0.435,0.671
CUS_003069,upsizer,83806,48712,0.448,0.277
CUS_003070,first_home,41891,16623,0.559,0.622
CUS_003071,premium,119810,39612,0.719,0.222
CUS_003072,investor,43824,8997,0.318,0.431
CUS_003073,investor,68659,45449,0.218,0.502
CUS_003074,first_home,70044,15120,0.677,0.905
CUS_003075,first_home,46817,1500,0.622,0.774
CUS_003076,first_home,39623,19234,0.567,0.886
CUS_003077,investor,106623,19924,0.574,0.244
CUS_003078,investor,62003,25436,0.562,0.498
CUS_003079,first_home,49421,9297,0.879,0.917
CUS_003080,first_home,32338,10522,0.605,0.733
CUS_003081,upsizer,68538,30327,0.508,0.223
CUS_003082,first_home,44093,21115,0.306,0.658
CUS_003083,investor,33244,22306,0.463,0.599
CUS_003084,upsizer,96063,41331,0.688,0.758
CUS_003085,first_home,58037,26076,0.733,0.797
CUS_003086,investor,32658,12633,0.204,0.54
CUS_003087,investor,37126,22139,0.768,0.518
CUS_003088,first_home,54722,12390,0.526,0.74
CUS_003089,first_home,36357,12770,1.0,0.876
CUS_003090,upsizer,95191,40910,0.847,0.506
CUS_003091,first_home,58781,15688,0.511,0.623
CUS_003092,first_home,64236,43760,0.274,0.906
CUS_003093,first_home,35561,17330,0.306,0.632
CUS_003094,premium,145098,30381,0.425,0.155
CUS_003095,first_home,51360,25860,0.984,0.78
CUS_003096,first_home,53431,35575,0.478,0.672
CUS_003097,first_home,40214,12083,0.604,0.715
CUS_003098,first_home,30931,20881,0.517,0.492
CUS_003099,investor,48085,22900,0.504,0.348
CUS_003100,upsizer,75945,35413,0.451,0.514
CUS_003101,first_home,61931,39989,0.902,0.734
CUS_003102,investor,56351,26297,0.758,0.318
CUS_003103,investor,78783,39411,0.208,0.375
CUS_003104,investor,79136,35343,0.154,0.093
CUS_003105,investor,84871,9702,0.746,0.378
CUS_003106,first_home,31188,15721,0.81,0.724
CUS_003107,investor,80860,38440,0.33,0.511
CUS_003108,investor,47024,17004,0.448,0.179
CUS_003109,investor,85361,1500,0.816,0.366
CUS_003110,first_home,31909,17294,0.705,0.767
CUS_003111,first_home,29994,8252,0.553,0.801
CUS_003112,first_home,21434,4869,0.69,0.888
CUS_003113,first_home,39715,8343,0.494,0.625
CUS_003114,first_home,28513,2206,0.456,0.679
CUS_003115,first_home,46097,23652,0.81,0.488
CUS_003116,first_home,38436,32827,0.395,0.687
CUS_003117,first_home,35248,11478,0.442,0.654
CUS_003118,upsizer,63595,36744,0.962,0.747
CUS_003119,first_home,56168,23206,0.348,0.805
CUS_003120,first_home,47828,22940,0.954,0.95
CUS_003121,investor,54865,22934,0.597,0.548
CUS_003122,first_home,22690,12952,0.556,0.796
CUS_003123,first_home,16344,3474,0.68,0.844
CUS_003124,investor,71488,32021,0.756,0.55
CUS_003125,first_home,49910,31656,0.882,0.801
CUS_003126,investor,46407,25812,0.501,0.389
CUS_003127,first_home,37557,18355,0.662,0.758
CUS_003128,first_home,48672,21783,0.448,0.805
CUS_003129,first_home,51326,18736,0.423,0.932
CUS_003130,first_home,38162,13987,0.584,0.68
CUS_003131,investor,68373,10284,0.731,0.363
CUS_003132,first_home,27285,14204,0.334,1.0
CUS_003133,first_home,44114,29806,0.171,0.582
CUS_003134,first_home,45711,22075,0.309,0.86
CUS_003135,investor,47562,20594,0.439,0.306
CUS_003136,first_home,35535,19112,0.863,0.785
CUS_003137,premium,95351,4641,0.352,0.295
CUS_003138,first_home,48495,16426,0.674,1.0
CUS_003139,upsizer,49189,20498,0.827,0.395
CUS_003140,first_home,25737,3160,0.37,0.668
CUS_003141,investor,45430,20847,0.881,0.545
CUS_003142,first_home,37218,3605,0.693,0.458
CUS_003143,first_home,42783,23719,0.322,0.839
CUS_003144,investor,62615,29470,0.46,0.567
CUS_003145,upsizer,67349,26646,0.364,0.549
CUS_003146,investor,59757,33886,0.492,0.007
CUS_003147,first_home,43966,20069,0.649,0.815
CUS_003148,first_home,52473,27054,0.397,0.795
CUS_003149,first_home,28018,13478,0.642,0.845
CUS_003150,investor,55389,15243,0.596,0.362
CUS_003151,first_home,45175,32178,0.299,0.64
CUS_003152,first_home,38539,25214,0.643,0.551
CUS_003153,first_home,28281,14343,0.812,0.719
CUS_003154,upsizer,75622,34564,0.496,0.637
CUS_003155,first_home,42585,24063,0.731,0.755
CUS_003156,first_home,47426,31151,0.308,0.478
CUS_003157,first_home,30909,23884,0.924,0.748
CUS_003158,first_home,59159,19672,0.7,0.6
CUS_003159,first_home,37129,22955,0.723,0.743
CUS_003160,investor,58902,24403,0.396,0.407
CUS_003161,first_home,32006,4492,0.724,0.391
CUS_003162,first_home,41024,23829,0.654,0.951
CUS_003163,first_home,45694,31717,0.733,0.594
CUS_003164,first_home,62945,38091,0.867,0.879
CUS_003165,investor,75558,30190,0.438,0.628
CUS_003166,first_home,41431,20705,0.867,0.698
CUS_003167,investor,61652,34266,0.738,0.178
CUS_003168,first_home,22022,11741,0.274,0.642
CUS_003169,first_home,16000,10423,0.953,0.498
CUS_003170,first_home,27050,16223,0.43,0.899
CUS_003171,first_home,50606,16488,0.607,0.644
CUS_003172,first_home,59597,25911,0.617,0.992
CUS_003173,first_home,27924,9470,0.329,0.864
CUS_003174,premium,59342,27239,0.766,0.147
CUS_003175,first_home,57417,5375,0.454,0.822
CUS_003176,first_home,32215,25034,0.253,0.814
CUS_003177,first_home,34539,10004,0.362,0.981
CUS_003178,first_home,56510,19079,0.124,0.672
CUS_003179,first_home,54536,24263,0.239,0.707
CUS_003180,investor,48080,8751,0.797,0.435
CUS_003181,investor,82788,30601,0.191,0.348
CUS_003182,investor,57596,26514,0.641,0.309
CUS_003183,first_home,52446,38116,0.419,0.882
CUS_003184,first_home,42815,19505,0.818,0.964
CUS_003185,investor,60966,21764,0.554,0.091
CUS_003186,first_home,34865,7928,0.27,0.562
CUS_003187,investor,76840,62617,0.699,0.654
CUS_003188,investor,48212,21397,0.467,0.339
CUS_003189,first_home,38928,17317,0.72,0.704
CUS_003190,first_home,30757,5633,0.637,0.766
CUS_003191,investor,78853,41355,0.305,0.532
CUS_003192,first_home,55117,17866,0.528,0.937
CUS_003193,first_home,54882,38138,0.422,0.828
CUS_003194,first_home,41331,21227,0.497,0.592
CUS_003195,first_home,32646,14772,0.526,0.835
CUS_003196,investor,84837,16280,0.176,0.296
CUS_003197,first_home,58475,24111,0.63,0.716
CUS_003198,premium,176174,68974,0.479,0.166
CUS_003199,upsizer,71745,32438,0.252,0.61
CUS_003200,upsizer,53323,4020,0.279,0.632
CUS_003201,first_home,39884,10620,0.141,0.81
CUS_003202,first_home,33137,11291,1.0,0.574
CUS_003203,upsizer,46135,23992,0.55,0.542
CUS_003204,investor,66791,5512,0.647,0.634
CUS_003205,first_home,25478,17292,0.904,0.815
CUS_003206,premium,117196,76594,1.0,0.298
CUS_003207,investor,56191,14104,0.388,0.554
CUS_003208,investor,59762,52258,0.433,0.424
CUS_003209,upsizer,73202,34617,0.317,0.619
CUS_003210,upsizer,65109,26720,0.522,0.422
CUS_003211,first_home,27349,14685,0.124,0.514
CUS_003212,first_home,49207,24862,0.872,0.843
CUS_003213,investor,71101,32073,0.678,0.282
CUS_003214,investor,82838,19449,0.509,0.438
CUS_003215,investor,82414,28953,0.208,0.46
CUS_003216,first_home,30526,15089,0.904,0.698
CUS_003217,investor,101383,58816,0.453,0.383
CUS_003218,first_home,37431,25794,0.976,0.55
CUS_003219,upsizer,40847,14203,0.487,0.468
CUS_003220,premium,62418,27730,0.577,0.101
CUS_003221,first_home,43069,13401,0.26,0.604
CUS_003222,investor,123277,77281,0.849,0.69
CUS_003223,investor,111922,41854,0.158,0.674
CUS_003224,first_home,36988,11991,0.746,0.733
CUS_003225,first_home,36267,15999,0.891,0.711
CUS_003226,investor,103294,13310,0.16,0.345
CUS_003227,investor,63463,33469,0.783,0.318
CUS_003228,first_home,29735,11128,0.905,0.838
CUS_003229,upsizer,118667,110142,0.664,0.683
CUS_003230,upsizer,76722,24453,0.701,0.614
CUS_003231,premium,173235,66155,0.652,0.239
CUS_003232,upsizer,60782,37265,0.576,0.572
CUS_003233,first_home,43847,25026,0.314,0.763
CUS_003234,upsizer,78750,48546,0.547,0.631
CUS_003235,upsizer,59595,22625,0.487,0.525
CUS_003236,investor,62437,13957,1.0,0.313
CUS_003237,first_home,58046,52838,0.544,1.0
CUS_003238,first_home,40884,21380,0.552,0.881
CUS_003239,first_home,34598,16283,0.605,0.949
CUS_003240,investor,35802,20588,0.668,0.409
CUS_003241,first_home,33032,6455,0.374,0.701
CUS_003242,premium,116837,40641,0.788,0.302
CUS_003243,investor,92969,22523,0.541,0.171
CUS_003244,first_home,36028,16574,0.736,0.689
CUS_003245,first_home,46469,8454,0.343,0.863
CUS_003246,investor,33827,18648,0.527,0.408
CUS_003247,first_home,42272,27182,0.917,0.591
CUS_003248,upsizer,60680,38618,1.0,0.695
CUS_003249,upsizer,77592,39516,0.721,0.395
CUS_003250,first_home,59089,27453,0.292,0.674
CUS_003251,investor,40946,14526,0.118,0.4
CUS_003252,premium,172520,88112,0.721,0.157
CUS_003253,upsizer,81577,33466,1.0,0.452
CUS_003254,investor,43059,4024,0.467,0.352
CUS_003255,upsizer,73711,23513,0.515,0.714
CUS_003256,first_home,54931,31454,0.627,0.576
CUS_003257,first_home,43218,9826,1.0,0.65
CUS_003258,investor,69008,15446,0.606,0.666
CUS_003259,investor,47703,18798,0.61,0.299
CUS_003260,upsizer,67568,2675,0.472,0.748
CUS_003261,first_home,35807,20100,0.587,0.515
CUS_003262,first_home,50237,27400,0.833,0.808
CUS_003263,investor,90967,54625,0.407,0.46
CUS_003264,upsizer,72261,33950,0.792,0.528
CUS_003265,investor,47406,13107,0.802,0.309
CUS_003266,first_home,45573,9506,0.372,0.941
CUS_003267,premium,49429,26157,0.754,0.45
CUS_003268,investor,71008,39678,1.0,0.075
CUS_003269,upsizer,56266,12884,0.269,0.513
CUS_003270,premium,171141,35063,0.527,0.357
CUS_003271,first_home,33267,14191,0.624,0.568
CUS_003272,upsizer,117795,53548,0.655,0.604
CUS_003273,first_home,26073,15599,0.334,0.868
CUS_003274,upsizer,103988,57113,0.261,0.692
CUS_003275,first_home,54627,22703,0.385,0.733
CUS_003276,premium,168783,104036,0.586,0.171
CUS_003277,first_home,54787,20111,0.449,0.621
CUS_003278,first_home,34512,12923,0.77,0.86
CUS_003279,upsizer,80555,46938,0.852,0.503
CUS_003280,first_home,55224,33265,0.355,0.505
CUS_003281,first_home,37106,22526,0.641,0.599
CUS_003282,upsizer,96061,38202,0.585,0.758
CUS_003283,first_home,34506,15282,1.0,0.771
CUS_003284,investor,32369,8871,0.46,0.358
CUS_003285,upsizer,39452,23355,0.66,0.451
CUS_003286,first_home,43215,13983,1.0,0.77
CUS_003287,first_home,36247,2560,0.083,0.828
CUS_003288,investor,49370,17309,0.916,0.584
CUS_003289,investor,92229,25451,0.413,0.116
CUS_003290,first_home,36697,1500,0.213,0.883
CUS_003291,investor,105910,34609,0.637,0.071
CUS_003292,first_home,40402,23063,0.61,0.757
CUS_003293,first_home,57869,29193,0.71,0.558
CUS_003294,first_home,30643,15448,0.743,0.935
CUS_003295,upsizer,74014,50819,0.536,0.563
CUS_003296,first_home,25290,8240,0.984,0.657
CUS_003297,first_home,31397,7027,0.897,0.616
CUS_003298,upsizer,31636,16417,0.671,0.651
CUS_003299,first_home,23433,11582,0.649,0.609
CUS_003300,upsizer,72969,14745,0.847,0.678
CUS_003301,upsizer,37109,14781,0.573,0.804
CUS_003302,first_home,49192,25921,0.268,0.746
CUS_003303,first_home,20409,9785,0.538,0.824
CUS_003304,first_home,17735,9963,0.482,0.696
CUS_003305,first_home,29562,9135,0.597,0.71
CUS_003306,first_home,46888,8191,0.28,0.755
CUS_003307,first_home,40719,10815,0.311,0.635
CUS_003308,first_home,30000,17568,0.84,0.658
CUS_003309,premium,122707,75639,0.582,0.209
CUS_003310,first_home,40492,16190,0.497,0.78
CUS_003311,first_home,37709,26482,0.462,0.965
CUS_003312,first_home,19628,7867,0.528,0.566
CUS_003313,first_home,29754,10050,0.606,0.773
CUS_003314,premium,121405,21371,0.169,0.084
CUS_003315,investor,56765,23636,0.47,0.423
CUS_003316,first_home,27518,17086,0.614,0.672
CUS_003317,investor,101896,67081,0.531,0.242
CUS_003318,first_home,40429,25166,0.148,0.4
CUS_003319,upsizer,91375,47507,0.573,0.794
CUS_003320,first_home,46453,33326,0.558,0.893
CUS_003321,investor,40094,10250,0.4,0.059
CUS_003322,first_home,54259,34905,0.345,0.986
CUS_003323,first_home,48776,23443,0.615,0.783
CUS_003324,first_home,33658,15749,0.593,0.808
CUS_003325,first_home,37462,6513,0.679,0.479
CUS_003326,investor,65399,32140,1.0,0.496
CUS_003327,investor,88490,56432,0.705,0.489
CUS_003328,first_home,20776,1500,0.393,0.672
CUS_003329,upsizer,74350,42618,0.869,0.375
CUS_003330,first_home,38627,1500,0.507,0.913
CUS_003331,upsizer,73499,12853,0.508,0.556
CUS_003332,first_home,32090,13254,0.351,0.775
CUS_003333,first_home,51653,36926,0.705,0.733
CUS_003334,first_home,45416,18482,0.496,0.842
CUS_003335,investor,71221,36650,0.78,0.349
CUS_003336,investor,91056,24241,0.71,0.555
CUS_003337,investor,50115,19797,0.368,0.267
CUS_003338,first_home,42716,17946,0.342,0.845
CUS_003339,first_home,49753,35984,0.629,0.737
CUS_003340,premium,201698,59599,0.869,0.046
CUS_003341,upsizer,79217,24664,0.825,0.644
CUS_003342,first_home,25863,16134,0.936,0.685
CUS_003343,premium,147593,56908,0.611,0.2
CUS_003344,investor,97997,44135,0.79,0.185
CUS_003345,first_home,52473,26674,0.846,0.771
CUS_003346,investor,49621,15652,1.0,0.001
CUS_003347,first_home,24960,1512,0.673,0.908
CUS_003348,first_home,48086,29983,0.484,0.84
CUS_003349,investor,79292,35753,0.854,0.559
CUS_003350,upsizer,64191,12847,0.259,0.733
CUS_003351,first_home,52638,30007,0.837,0.976
CUS_003352,first_home,36344,28772,0.9,0.846
CUS_003353,first_home,35426,22838,0.822,0.634
CUS_003354,first_home,55420,44589,0.353,0.871
CUS_003355,investor,72158,15081,0.632,0.58
CUS_003356,first_home,23832,11318,0.84,0.761
CUS_003357,first_home,58551,28916,0.705,0.446
CUS_003358,investor,37291,15251,0.588,0.287
CUS_003359,first_home,47156,17495,0.631,0.646
CUS_003360,first_home,35267,1500,1.0,0.711
CUS_003361,investor,102558,75344,0.341,0.226
CUS_003362,first_home,30555,4246,0.275,0.765
CUS_003363,first_home,42817,25376,0.353,0.75
CUS_003364,first_home,48976,21157,1.0,0.562
CUS_003365,first_home,41352,17554,0.752,0.745
CUS_003366,upsizer,123661,48600,0.445,0.574
CUS_003367,investor,112119,52228,1.0,0.489
CUS_003368,first_home,26419,14407,0.306,0.641
CUS_003369,first_home,37263,22406,0.437,0.807
CUS_003370,first_home,33619,13694,0.295,0.534
CUS_003371,upsizer,100543,21417,0.596,0.732
CUS_003372,investor,81629,16884,0.691,0.302
CUS_003373,investor,86891,53612,0.613,0.413
CUS_003374,first_home,51163,19501,0.865,0.723
CUS_003375,upsizer,63166,15510,0.482,0.404
CUS_003376,premium,112354,33311,0.509,0.158
CUS_003377,first_home,32781,13542,0.65,0.807
CUS_003378,first_home,42021,8362,1.0,0.696
CUS_003379,first_home,45634,19367,0.688,0.623
CUS_003380,investor,111812,73299,0.508,0.217
CUS_003381,first_home,23220,9489,0.77,0.612
CUS_003382,first_home,43881,4908,0.526,0.825
CUS_003383,investor,64621,37881,0.638,0.561
CUS_003384,investor,33556,21134,0.534,0.0
CUS_003385,first_home,35455,22667,0.283,0.693
CUS_003386,first_home,43488,19162,0.42,0.652
CUS_003387,first_home,58839,49993,0.943,0.763
CUS_003388,first_home,25931,14586,0.648,0.594
CUS_003389,premium,86995,84226,0.612,0.013
CUS_003390,investor,45325,30517,0.583,0.286
CUS_003391,upsizer,83004,53598,0.505,0.395
CUS_003392,investor,16000,5087,0.586,0.519
CUS_003393,investor,61328,15906,0.485,0.302
CUS_003394,first_home,40559,18284,0.635,0.747
CUS_003395,first_home,35224,13926,0.321,0.857
CUS_003396,upsizer,71091,23690,0.74,0.344
CUS_003397,investor,104099,42324,0.556,0.317
CUS_003398,upsizer,82154,32398,0.266,0.352
CUS_003399,investor,78188,24612,0.503,0.523
CUS_003400,first_home,26669,14623,0.479,0.771
CUS_003401,first_home,59296,17474,0.814,0.855
CUS_003402,first_home,55805,23563,0.532,0.473
CUS_003403,investor,16000,3383,0.383,0.317
CUS_003404,upsizer,71457,32014,0.093,0.563
CUS_003405,premium,94035,43843,0.432,0.305
CUS_003406,first_home,34027,8744,0.854,0.591
CUS_003407,first_home,51889,22971,0.683,0.653
CUS_003408,first_home,38998,16082,0.363,1.0
CUS_003409,first_home,32482,11273,0.529,0.693
CUS_003410,upsizer,83876,29253,0.591,0.551
CUS_003411,investor,31182,15922,0.948,0.815
CUS_003412,first_home,22735,9892,0.573,1.0
CUS_003413,upsizer,106695,64271,0.444,0.551
CUS_003414,first_home,32807,7987,0.655,0.737
CUS_003415,upsizer,77452,30690,0.724,0.612
CUS_003416,investor,79846,25503,0.754,0.369
CUS_003417,first_home,28295,12475,0.749,0.716
CUS_003418,investor,56146,26863,1.0,0.139
CUS_003419,first_home,20803,4520,0.281,0.525
CUS_003420,investor,100577,53984,0.539,0.315
CUS_003421,first_home,39465,32334,0.568,0.669
CUS_003422,first_home,47419,21846,0.262,0.785
CUS_003423,investor,47927,13122,0.303,0.341
CUS_003424,first_home,35854,13533,0.509,0.836
CUS_003425,first_home,36132,13428,0.483,0.754
CUS_003426,premium,156479,48491,0.447,0.395
CUS_003427,first_home,53207,29801,0.14,0.948
CUS_003428,investor,56782,5782,0.301,0.298
CUS_003429,investor,45607,21848,0.433,0.29
CUS_003430,first_home,43476,28793,0.51,0.556
CUS_003431,upsizer,58934,38347,0.638,0.452
CUS_003432,first_home,50039,30745,0.505,0.511
CUS_003433,first_home,51607,16059,0.407,1.0
CUS_003434,first_home,40686,28170,0.653,0.836
CUS_003435,investor,84255,41790,0.629,0.369
CUS_003436,first_home,35087,24076,0.344,0.82
CUS_003437,first_home,49360,30834,1.0,0.563
CUS_003438,first_home,29125,14172,0.019,0.712
CUS_003439,investor,79454,30665,0.726,0.41
CUS_003440,first_home,39327,33646,0.785,0.82
CUS_003441,first_home,38536,4224,0.816,0.739
CUS_003442,first_home,51830,20668,0.645,0.784
CUS_003443,first_home,65258,11552,0.238,0.891
CUS_003444,investor,73455,33132,1.0,0.377
CUS_003445,first_home,44644,22064,0.24,0.477
CUS_003446,first_home,29371,9230,0.309,0.739
CUS_003447,first_home,51383,16844,0.437,0.743
CUS_003448,investor,40174,7725,0.262,0.316
CUS_003449,investor,52831,27015,0.264,0.265
CUS_003450,first_home,18951,6558,0.352,0.95
CUS_003451,investor,74512,37706,0.098,0.432
CUS_003452,investor,55734,18711,0.592,0.536
CUS_003453,first_home,25533,12115,0.458,0.628
CUS_003454,first_home,66833,37635,0.504,0.798
CUS_003455,first_home,27859,14379,0.631,0.779
CUS_003456,premium,78212,36597,0.533,0.571
CUS_003457,first_home,23441,9643,0.407,0.665
CUS_003458,first_home,37243,19213,0.672,0.813
CUS_003459,first_home,38368,12336,0.497,0.476
CUS_003460,investor,80862,31924,0.368,0.208
CUS_003461,premium,134548,66250,0.528,0.122
CUS_003462,first_home,32844,23211,0.867,0.895
CUS_003463,first_home,16000,5117,0.425,0.802
CUS_003464,investor,110893,30014,0.719,0.534
CUS_003465,investor,104824,50456,0.325,0.593
CUS_003466,upsizer,94416,61114,0.568,0.806
CUS_003467,investor,50206,28924,0.628,0.443
CUS_003468,first_home,29891,12971,0.354,0.785
CUS_003469,first_home,26844,17465,0.477,1.0
CUS_003470,upsizer,112417,11711,0.335,0.243
CUS_003471,investor,78543,48073,0.357,0.473
CUS_003472,first_home,56612,21142,0.558,0.875
CUS_003473,first_home,36473,19819,0.947,0.665
CUS_003474,investor,46134,28208,0.661,0.205
CUS_003475,first_home,22438,10431,0.569,0.612
CUS_003476,investor,80965,35837,0.902,0.34
CUS_003477,investor,51085,18367,0.248,0.731
CUS_003478,first_home,33427,24551,0.886,0.727
CUS_003479,upsizer,75400,37097,0.474,0.461
CUS_003480,upsizer,67776,31856,0.631,0.398
CUS_003481,first_home,25974,18226,0.727,0.967
CUS_003482,first_home,46628,15832,0.681,0.423
CUS_003483,upsizer,86837,33436,0.478,0.679
CUS_003484,first_home,26278,15733,0.765,0.747
CUS_003485,upsizer,60044,44996,0.468,0.608
CUS_003486,first_home,53099,23258,0.467,0.949
CUS_003487,investor,58009,28980,0.554,0.271
CUS_003488,investor,80599,11613,0.687,0.301
CUS_003489,first_home,26978,17827,0.327,0.81
CUS_003490,investor,67153,15783,0.354,0.537
CUS_003491,first_home,40941,13629,0.152,0.954
CUS_003492,first_home,29501,13686,0.499,0.567
CUS_003493,first_home,63637,19929,0.82,0.647
CUS_003494,first_home,41793,3381,1.0,0.86
CUS_003495,first_home,31910,6624,0.626,0.887
CUS_003496,first_home,39235,17567,0.961,0.928
CUS_003497,first_home,28564,19975,0.575,0.73
CUS_003498,first_home,25117,17202,0.593,0.67
CUS_003499,first_home,33607,16762,0.537,0.839
CUS_003500,premium,199888,91591,0.557,0.269
CUS_003501,first_home,29350,16834,0.558,0.973
CUS_003502,investor,38338,25634,0.489,0.66
CUS_003503,first_home,29811,13447,0.993,0.701
CUS_003504,first_home,27813,12718,0.7,0.845
CUS_003505,first_home,24771,11559,0.396,0.638
CUS_003506,first_home,23616,14447,0.721,0.579
CUS_003507,investor,82204,15099,0.807,0.414
CUS_003508,investor,64802,28056,0.272,0.428
CUS_003509,first_home,47284,23742,0.816,0.776
CUS_003510,first_home,51221,4570,0.784,0.743
CUS_003511,premium,101582,60450,0.657,0.444
CUS_003512,first_home,56667,35344,0.948,0.593
CUS_003513,premium,144082,11483,0.809,0.416
CUS_003514,investor,73297,26064,0.471,0.407
CUS_003515,first_home,43483,15723,0.603,0.633
CUS_003516,first_home,40735,10999,0.909,0.616
CUS_003517,first_home,40716,12004,0.459,0.828
CUS_003518,investor,53805,18077,0.477,0.63
CUS_003519,upsizer,82924,44761,0.641,0.757
CUS_003520,first_home,42757,27986,0.52,0.771
CUS_003521,upsizer,89840,47555,1.0,0.656
CUS_003522,first_home,42200,11204,0.901,0.85
CUS_003523,first_home,44931,25718,1.0,0.728
CUS_003524,first_home,21987,11845,0.868,0.834
CUS_003525,upsizer,78423,1500,0.625,0.721
CUS_003526,first_home,19910,13005,0.096,0.711
CUS_003527,premium,58890,26738,0.658,0.188
CUS_003528,first_home,32165,14819,0.303,0.452
CUS_003529,premium,154325,17944,0.196,0.222
CUS_003530,premium,188617,135899,0.854,0.348
CUS_003531,investor,69101,33904,0.306,0.533
CUS_003532,investor,66015,37597,0.398,0.505
CUS_003533,first_home,26519,5084,0.455,0.679
CUS_003534,upsizer,70336,36724,0.604,0.381
CUS_003535,investor,46135,24254,0.554,0.382
CUS_003536,first_home,41491,16679,0.748,0.857
CUS_003537,upsizer,68937,13596,0.707,0.729
CUS_003538,investor,87727,36752,0.191,0.698
CUS_003539,investor,77926,20112,0.937,0.318
CUS_003540,investor,97731,29742,0.293,0.356
CUS_003541,first_home,37662,24059,0.325,1.0
CUS_003542,first_home,39011,17384,0.989,0.746
CUS_003543,first_home,69826,29009,0.547,0.993
CUS_003544,premium,145599,31801,0.837,0.417
CUS_003545,investor,57214,24130,0.736,0.673
CUS_003546,premium,28868,11633,0.672,0.079
CUS_003547,first_home,37579,9519,0.394,0.337
CUS_003548,upsizer,107198,67031,0.514,0.585
CUS_003549,first_home,30376,18733,0.965,0.767
CUS_003550,first_home,23144,6726,0.396,0.666
CUS_003551,upsizer,68771,34471,0.578,0.453
CUS_003552,investor,66637,6431,0.685,0.502
CUS_003553,upsizer,38249,18638,0.466,0.421
CUS_003554,investor,102954,58750,0.395,0.554
CUS_003555,first_home,28576,6512,0.518,0.758
CUS_003556,first_home,46229,20003,0.512,0.651
CUS_003557,premium,156152,70732,0.2,0.21
CUS_003558,first_home,48009,45611,0.627,0.72
CUS_003559,investor,104112,93133,0.879,0.244
CUS_003560,first_home,44646,21785,0.0,0.81
CUS_003561,first_home,62439,19389,0.604,0.754
CUS_003562,premium,123903,58730,0.0,0.162
CUS_003563,upsizer,70070,44335,0.915,0.32
CUS_003564,first_home,39429,5074,0.418,0.705
CUS_003565,first_home,44765,2397,0.563,0.364
CUS_003566,first_home,49812,11144,0.317,0.704
CUS_003567,first_home,56683,32152,1.0,0.58
CUS_003568,premium,217837,125848,1.0,0.372
CUS_003569,first_home,37429,19074,0.293,0.688
CUS_003570,first_home,31087,19583,0.265,0.858
CUS_003571,investor,82931,32950,0.761,0.55
CUS_003572,premium,160286,61106,0.767,0.45
CUS_003573,first_home,44718,22329,0.467,0.751
CUS_003574,upsizer,62703,46277,0.306,0.635
CUS_003575,first_home,27878,14051,0.92,1.0
CUS_003576,first_home,45748,18883,0.495,0.917
CUS_003577,upsizer,66326,33329,0.481,0.634
CUS_003578,first_home,43440,29805,0.588,0.655
CUS_003579,upsizer,69045,25217,0.204,0.431
CUS_003580,investor,21686,7577,0.408,0.413
CUS_003581,upsizer,61724,21274,0.317,0.282
CUS_003582,first_home,16176,9330,0.082,0.666
CUS_003583,first_home,50471,14623,0.352,0.745
CUS_003584,upsizer,56458,30788,0.545,0.38
CUS_003585,premium,163778,27056,0.366,0.02
CUS_003586,upsizer,86333,33088,0.523,0.551
CUS_003587,first_home,45534,19102,0.301,0.506
CUS_003588,investor,44194,33226,0.703,0.247
CUS_003589,first_home,45505,27515,0.793,0.654
CUS_003590,first_home,32405,11858,0.715,0.946
CUS_003591,first_home,38403,12929,0.595,0.858
CUS_003592,investor,85162,26285,0.753,0.273
CUS_003593,first_home,57542,13120,0.409,0.875
CUS_003594,first_home,42678,30764,0.366,0.464
CUS_003595,premium,96183,28269,0.54,0.078
CUS_003596,upsizer,83885,62054,0.426,0.489
CUS_003597,first_home,37020,16580,0.886,0.959
CUS_003598,premium,84017,34880,1.0,0.112
CUS_003599,upsizer,84921,38008,1.0,0.411
CUS_003600,first_home,38202,24747,0.78,0.66
CUS_003601,investor,32670,9024,0.646,0.291
CUS_003602,upsizer,51151,26674,0.088,0.54
CUS_003603,investor,61643,26076,0.459,0.129
CUS_003604,first_home,27778,13961,0.382,0.755
CUS_003605,investor,87914,34568,0.4,0.393
CUS_003606,investor,66676,24338,0.884,0.358
CUS_003607,investor,50674,26581,0.908,0.373
CUS_003608,first_home,38302,6952,0.458,0.812
CUS_003609,first_home,29428,20038,0.412,0.894
CUS_003610,premium,113371,50952,0.507,0.265
CUS_003611,first_home,16000,5297,0.121,0.668
CUS_003612,upsizer,69378,34436,0.869,0.726
CUS_003613,first_home,25452,7763,0.759,0.783
CUS_003614,premium,167969,74610,0.263,0.294
CUS_003615,first_home,46499,20706,0.268,0.738
CUS_003616,premium,68430,44922,0.959,0.27
CUS_003617,premium,123558,59331,0.763,0.287
CUS_003618,first_home,42221,9646,1.0,0.87
CUS_003619,first_home,42323,22627,0.38,0.746
CUS_003620,upsizer,82338,46091,0.998,0.585
CUS_003621,investor,17915,2504,0.341,0.673
CUS_003622,investor,112686,24354,0.607,0.578
CUS_003623,first_home,61042,48331,0.153,0.69
CUS_003624,upsizer,81278,30097,0.448,0.801
CUS_003625,investor,79859,29909,0.616,0.492
CUS_003626,first_home,55303,23432,0.473,1.0
CUS_003627,first_home,44987,14155,0.724,0.974
CUS_003628,first_home,49496,5491,0.377,0.902
CUS_003629,premium,93349,21283,0.572,0.227
CUS_003630,premium,138742,43702,0.492,0.376
CUS_003631,first_home,26359,8948,0.489,0.585
CUS_003632,first_home,38937,11350,0.765,0.711
CUS_003633,first_home,34825,5623,0.404,0.639
CUS_003634,first_home,67123,22175,0.527,0.84
CUS_003635,upsizer,76094,47996,0.455,0.59
CUS_003636,investor,111009,34308,0.955,0.529
CUS_003637,first_home,38981,15483,0.56,0.774
CUS_003638,first_home,43418,29954,0.562,0.503
CUS_003639,first_home,33312,10203,0.5,0.716
CUS_003640,investor,45156,44265,0.669,0.344
CUS_003641,first_home,46926,27712,0.464,0.778
CUS_003642,first_home,27463,12191,0.454,0.662
CUS_003643,upsizer,93253,35935,0.454,0.779
CUS_003644,investor,43191,29006,0.578,0.691
CUS_003645,premium,139595,42608,0.822,0.303
CUS_003646,first_home,50474,17773,0.485,0.736
CUS_003647,first_home,44870,32275,0.247,0.849
CUS_003648,upsizer,79845,28937,0.204,0.495
CUS_003649,premium,167807,58061,1.0,0.119
CUS_003650,investor,96231,29905,0.364,0.563
CUS_003651,investor,66363,5453,1.0,0.44
CUS_003652,first_home,20800,12743,0.503,0.678
CUS_003653,investor,30009,12672,0.33,0.226
CUS_003654,first_home,57361,35710,0.541,0.72
CUS_003655,first_home,46251,18482,0.711,0.779
CUS_003656,first_home,42050,14887,0.506,0.677
CUS_003657,first_home,24498,7609,0.416,0.52
CUS_003658,first_home,49526,27394,0.186,0.874
CUS_003659,first_home,44777,12772,0.41,0.774
CUS_003660,first_home,48122,24023,0.657,0.957
CUS_003661,premium,105570,46120,0.189,0.252
CUS_003662,upsizer,76990,18657,0.455,0.683
CUS_003663,first_home,25623,8951,0.624,0.708
CUS_003664,first_home,23532,10162,0.847,0.655
CUS_003665,premium,167724,62748,0.294,0.119
CUS_003666,first_home,27930,21538,1.0,0.995
CUS_003667,investor,91179,43064,0.67,0.592
CUS_003668,first_home,53641,21172,0.28,0.961
CUS_003669,investor,87205,31798,0.596,0.262
CUS_003670,first_home,38867,15109,0.386,0.546
CUS_003671,investor,73124,23443,0.184,0.438
CUS_003672,first_home,39756,11205,0.521,0.65
CUS_003673,first_home,53194,28605,0.528,0.783
CUS_003674,first_home,53557,37876,0.627,0.768
CUS_003675,first_home,51540,17981,0.332,0.766
CUS_003676,upsizer,70538,35783,0.349,0.528
CUS_003677,first_home,52338,16247,0.786,0.775
CUS_003678,first_home,44161,19814,0.743,0.757
CUS_003679,investor,88128,17138,0.261,0.375
CUS_003680,first_home,43580,12044,0.159,0.815
CUS_003681,upsizer,68105,18385,0.291,0.59
CUS_003682,premium,119214,48146,0.828,0.288
CUS_003683,first_home,26275,5765,0.0,0.872
CUS_003684,investor,73573,1965,0.42,0.38
CUS_003685,investor,26599,4878,0.782,0.291
CUS_003686,first_home,24168,9633,0.606,0.554
CUS_003687,investor,70669,20306,0.524,0.514
CUS_003688,first_home,50904,16582,0.781,0.639
CUS_003689,first_home,50678,24204,0.507,0.835
CUS_003690,investor,52370,14779,0.429,0.418
CUS_003691,investor,30109,12513,0.74,0.449
CUS_003692,investor,50112,40821,1.0,0.523
CUS_003693,first_home,32528,11756,0.013,0.589
CUS_003694,investor,75770,29778,0.372,0.465
CUS_003695,first_home,31932,15918,0.486,0.649
CUS_003696,investor,54529,15421,0.425,0.262
CUS_003697,first_home,53219,17215,0.575,0.519
CUS_003698,investor,34036,14051,0.555,0.312
CUS_003699,first_home,47338,22009,0.267,0.872
CUS_003700,first_home,36046,9463,0.697,0.917
CUS_003701,first_home,53960,28624,0.531,0.592
CUS_003702,first_home,27033,19150,0.86,0.673
CUS_003703,first_home,52967,4537,0.816,0.636
CUS_003704,first_home,49730,24889,0.509,0.627
CUS_003705,first_home,17464,7223,0.687,0.698
CUS_003706,investor,83319,31372,0.009,0.319
CUS_003707,upsizer,62884,30733,0.049,0.507
CUS_003708,premium,149921,101687,0.822,0.444
CUS_003709,upsizer,72157,34367,0.527,0.807
CUS_003710,upsizer,75777,45667,0.865,0.552
CUS_003711,first_home,27380,11581,0.823,0.795
CUS_003712,first_home,45800,22704,0.192,0.803
CUS_003713,first_home,33888,11254,0.717,0.826
CUS_003714,first_home,34397,15025,0.372,0.761
CUS_003715,premium,76548,29168,0.487,0.118
CUS_003716,upsizer,47741,21447,0.254,0.329
CUS_003717,investor,49872,6586,0.799,0.559
CUS_003718,upsizer,60402,13849,0.677,0.478
CUS_003719,investor,96431,62088,0.415,0.61
CUS_003720,first_home,28210,19209,0.373,1.0
CUS_003721,first_home,47011,5563,0.746,0.717
CUS_003722,upsizer,50667,16615,0.371,0.342
CUS_003723,investor,83412,24639,0.414,0.522
CUS_003724,first_home,41493,19734,0.384,0.803
CUS_003725,first_home,33132,13747,0.382,0.673
CUS_003726,premium,52817,29179,0.723,0.159
CUS_003727,premium,115698,21609,0.614,0.39
CUS_003728,investor,68243,33643,0.425,0.099
CUS_003729,upsizer,69251,25616,0.307,0.468
CUS_003730,first_home,30753,9143,0.556,0.749
CUS_003731,upsizer,110035,56064,0.495,0.239
CUS_003732,investor,76934,29659,0.747,0.226
CUS_003733,investor,85040,35026,0.386,0.341
CUS_003734,upsizer,78340,52530,0.663,0.485
CUS_003735,premium,142773,63215,0.499,0.229
CUS_003736,first_home,51280,40003,0.629,0.766
CUS_003737,upsizer,105193,1500,0.95,0.807
CUS_003738,first_home,24428,10462,0.497,1.0
CUS_003739,first_home,29933,6882,1.0,0.636
CUS_003740,investor,53824,14153,0.508,0.315
CUS_003741,first_home,48414,15105,0.31,0.722
CUS_003742,first_home,44140,26310,0.936,0.698
CUS_003743,first_home,34542,12325,0.995,0.742
CUS_003744,first_home,41597,9339,0.335,0.798
CUS_003745,first_home,25485,13985,0.371,0.741
CUS_003746,investor,63746,13844,0.756,0.617
CUS_003747,first_home,23400,17104,0.697,0.729
CUS_003748,investor,77689,15352,0.366,0.391
CUS_003749,investor,85199,32230,0.345,0.284
CUS_003750,first_home,27188,21108,0.628,0.884
CUS_003751,first_home,44055,16369,0.527,0.877
CUS_003752,first_home,51685,26166,0.699,0.834
CUS_003753,upsizer,93398,38320,0.698,0.336
CUS_003754,upsizer,88345,37967,0.779,0.546
CUS_003755,first_home,45163,12766,0.07,0.868
CUS_003756,first_home,38924,19912,1.0,0.571
CUS_003757,investor,28006,18734,0.684,0.363
CUS_003758,first_home,33711,2711,0.456,1.0
CUS_003759,first_home,33312,8782,0.535,0.811
CUS_003760,first_home,36955,12215,0.716,0.762
CUS_003761,investor,91651,24772,0.616,0.499
CUS_003762,first_home,57792,31536,0.62,0.646
CUS_003763,upsizer,58163,18666,0.538,0.413
CUS_003764,first_home,18383,8173,0.96,0.532
CUS_003765,first_home,40094,28001,0.642,0.796
CUS_003766,upsizer,82950,8870,0.833,0.661
CUS_003767,first_home,36995,18019,1.0,0.653
CUS_003768,first_home,33743,13764,0.791,0.52
CUS_003769,first_home,35339,14434,0.632,0.753
CUS_003770,investor,57436,15340,0.118,0.303
CUS_003771,investor,86019,31095,0.462,0.534
CUS_003772,first_home,20813,8920,1.0,0.829
CUS_003773,first_home,30939,12278,0.639,0.768
CUS_003774,first_home,38224,21233,0.24,0.805
CUS_003775,first_home,45427,10588,0.509,0.772
CUS_003776,first_home,32008,5716,0.277,0.727
CUS_003777,first_home,35445,2442,0.45,0.73
CUS_003778,first_home,39539,18008,0.463,0.781
CUS_003779,investor,80859,45779,0.419,0.54
CUS_003780,investor,104695,22907,0.579,0.548
CUS_003781,investor,26960,5466,0.07,0.486
CUS_003782,investor,81842,63013,0.719,0.152
CUS_003783,first_home,42677,28164,0.904,0.915
CUS_003784,investor,89762,60148,0.118,0.453
CUS_003785,first_home,26157,12891,0.815,0.638
CUS_003786,investor,48570,27052,0.717,0.652
CUS_003787,first_home,55385,20954,0.648,0.496
CUS_003788,investor,87743,15243,0.572,0.277
CUS_003789,upsizer,114382,20912,0.614,0.424
CUS_003790,first_home,38683,16656,0.768,0.623
CUS_003791,first_home,53006,31618,0.612,0.847
CUS_003792,upsizer,46738,18688,1.0,0.265
CUS_003793,first_home,33936,18312,0.408,0.751
CUS_003794,first_home,45472,18819,0.955,0.807
CUS_003795,first_home,37865,18357,0.529,0.82
CUS_003796,first_home,37788,21492,0.465,0.794
CUS_003797,first_home,42279,28308,0.802,0.761
CUS_003798,premium,113036,54411,0.486,0.094
CUS_003799,investor,50310,39196,0.978,0.446
CUS_003800,first_home,44409,17233,0.381,0.867
CUS_003801,investor,91360,61053,0.865,0.075
CUS_003802,premium,194858,104220,0.704,0.342
CUS_003803,first_home,18259,1835,0.521,0.745
CUS_003804,investor,88890,60841,0.324,0.689
CUS_003805,first_home,55106,14588,0.323,0.817
CUS_003806,first_home,36377,14013,0.356,0.8
CUS_003807,investor,46137,27090,0.826,0.531
CUS_003808,premium,70218,20783,0.571,0.209
CUS_003809,upsizer,74178,30948,0.75,0.102
CUS_003810,first_home,50136,27490,0.597,0.634
CUS_003811,first_home,38327,10808,0.297,0.499
CUS_003812,first_home,33436,12958,0.645,0.912
CUS_003813,first_home,16000,5862,0.707,0.834
CUS_003814,first_home,40488,24435,0.14,0.921
CUS_003815,first_home,30729,21888,0.417,0.691
CUS_003816,investor,73269,16998,0.365,0.397
CUS_003817,first_home,58397,25928,0.259,0.621
CUS_003818,first_home,17381,5834,0.595,0.66
CUS_003819,first_home,18987,8270,0.626,1.0
CUS_003820,investor,91904,68745,0.875,0.287
CUS_003821,first_home,34376,17132,0.754,0.873
CUS_003822,first_home,32774,10771,0.487,0.775
CUS_003823,first_home,42272,7766,0.487,0.545
CUS_003824,first_home,42071,25656,0.985,0.721
CUS_003825,first_home,27316,9488,0.682,0.793
CUS_003826,premium,91068,26439,0.836,0.0
CUS_003827,first_home,39595,19192,0.221,0.49
CUS_003828,first_home,41005,21906,0.18,0.605
CUS_003829,first_home,44799,16292,0.461,0.783
CUS_003830,first_home,32002,8312,0.795,0.608
CUS_003831,upsizer,74248,50217,0.942,0.594
CUS_003832,investor,55325,30597,0.377,0.465
CUS_003833,first_home,39562,24042,0.687,0.808
CUS_003834,investor,63362,23174,0.659,0.588
CUS_003835,first_home,36173,10152,0.281,0.57
CUS_003836,first_home,31591,10555,0.356,0.805
CUS_003837,first_home,27744,4321,0.534,0.759
CUS_003838,premium,128458,47502,0.254,0.422
CUS_003839,investor,73678,22725,1.0,0.357
CUS_003840,first_home,28330,11786,0.305,0.762
CUS_003841,investor,68098,29883,0.45,0.339
CUS_003842,first_home,36703,16381,0.648,0.914
CUS_003843,first_home,60334,19586,0.618,0.553
CUS_003844,first_home,47673,10303,0.708,0.988
CUS_003845,first_home,47479,8091,0.317,0.607
CUS_003846,first_home,50041,23277,0.235,0.601
CUS_003847,upsizer,59093,26850,0.584,0.796
CUS_003848,first_home,55521,9962,0.342,0.778
CUS_003849,first_home,40910,28096,0.385,0.803
CUS_003850,first_home,38464,22319,0.368,0.791
CUS_003851,first_home,24423,6011,0.367,0.72
CUS_003852,first_home,34181,16331,0.211,0.689
CUS_003853,first_home,17809,7219,0.303,0.822
CUS_003854,first_home,36022,17198,0.472,0.643
CUS_003855,first_home,32084,14790,0.832,0.757
CUS_003856,first_home,34220,18852,1.0,0.503
CUS_003857,investor,69528,48409,0.782,0.401
CUS_003858,upsizer,87320,42250,0.618,0.717
CUS_003859,first_home,46110,24251,0.805,0.734
CUS_003860,investor,50014,34693,0.523,0.04
CUS_003861,investor,71774,23914,0.622,0.305
CUS_003862,investor,92069,24127,0.732,0.411
CUS_003863,investor,69974,38552,0.69,0.244
CUS_003864,first_home,42136,8843,0.79,0.755
CUS_003865,upsizer,57376,16331,0.723,0.502
CUS_003866,first_home,35663,24996,0.384,0.801
CUS_003867,first_home,46667,5636,0.714,0.824
CUS_003868,investor,75491,36577,0.38,0.377
CUS_003869,upsizer,56126,9564,0.736,0.397
CUS_003870,first_home,41957,21142,0.462,0.749
CUS_003871,upsizer,86892,66024,0.25,0.783
CUS_003872,investor,67802,16795,0.224,0.607
CUS_003873,investor,112533,5784,1.0,0.324
CUS_003874,premium,161358,79741,0.308,0.127
CUS_003875,investor,76982,24406,0.787,0.184
CUS_003876,first_home,26862,10661,0.722,0.597
CUS_003877,investor,123373,61150,0.781,0.077
CUS_003878,first_home,46384,24645,0.318,0.624
CUS_003879,upsizer,62361,33244,0.459,0.634
CUS_003880,premium,80613,34265,0.326,0.15
CUS_003881,investor,52817,26854,0.796,0.269
CUS_003882,first_home,38378,15204,0.915,0.693
CUS_003883,first_home,33636,12472,0.549,0.796
CUS_003884,first_home,30488,13021,1.0,0.795
CUS_003885,first_home,35955,19196,0.622,0.921
CUS_003886,investor,72401,22700,0.51,0.2
CUS_003887,upsizer,70751,33159,0.583,0.434
CUS_003888,investor,52349,18185,0.675,0.7
CUS_003889,first_home,35106,10445,0.205,0.605
CUS_003890,upsizer,53792,33311,0.622,0.506
CUS_003891,upsizer,73177,36354,0.521,0.61
CUS_003892,investor,59187,29503,0.496,0.425
CUS_003893,first_home,32795,8521,0.527,0.649
CUS_003894,investor,71257,27478,0.794,0.0
CUS_003895,first_home,37710,20293,0.56,0.862
CUS_003896,first_home,38466,19117,0.286,0.645
CUS_003897,investor,56392,50281,0.576,0.107
CUS_003898,investor,51196,24041,0.5,0.433
CUS_003899,first_home,56891,17654,0.56,0.93
CUS_003900,upsizer,68721,24167,0.54,0.834
CUS_003901,premium,162411,44797,0.643,0.095
CUS_003902,investor,48568,15234,0.224,0.449
CUS_003903,first_home,53678,24045,0.233,0.611
CUS_003904,first_home,37702,13065,0.536,0.526
CUS_003905,investor,98851,66279,0.495,0.526
CUS_003906,premium,59274,34888,0.328,0.215
CUS_003907,first_home,48767,28554,0.068,0.787
CUS_003908,first_home,19024,7318,0.618,0.572
CUS_003909,first_home,42339,25170,0.449,1.0
CUS_003910,first_home,33857,20794,0.637,0.888
CUS_003911,investor,54544,39122,0.623,0.634
CUS_003912,first_home,30914,10282,0.729,0.632
CUS_003913,first_home,27566,11911,0.303,0.713
CUS_003914,first_home,33151,9775,0.564,0.843
CUS_003915,upsizer,89233,80762,1.0,0.565
CUS_003916,first_home,35489,13971,0.617,0.577
CUS_003917,first_home,44055,29061,0.917,0.537
CUS_003918,investor,66383,30416,0.727,0.299
CUS_003919,upsizer,82906,48773,0.345,0.515
CUS_003920,first_home,43979,18796,1.0,0.78
CUS_003921,first_home,32511,19382,0.892,0.442
CUS_003922,investor,37664,18069,0.25,0.139
CUS_003923,first_home,50468,37191,0.522,0.695
CUS_003924,upsizer,46469,22543,0.987,0.338
CUS_003925,investor,31040,9311,0.713,0.396
CUS_003926,first_home,39373,20602,0.117,0.81
CUS_003927,upsizer,50082,21619,0.392,0.408
CUS_003928,investor,92293,23296,0.37,0.592
CUS_003929,first_home,55415,27611,0.915,0.549
CUS_003930,first_home,46506,14834,0.684,0.419
CUS_003931,investor,74512,28878,0.486,0.127
CUS_003932,upsizer,70812,30973,0.373,0.33
CUS_003933,first_home,18909,1500,0.721,0.566
CUS_003934,first_home,25654,9039,0.53,0.82
CUS_003935,upsizer,88535,52792,0.603,0.657
CUS_003936,first_home,56032,22154,0.706,0.97
CUS_003937,first_home,50314,4412,0.602,0.798
CUS_003938,first_home,18405,7643,0.235,0.817
CUS_003939,investor,73945,38224,0.765,0.493
CUS_003940,investor,21220,7987,0.809,0.566
CUS_003941,first_home,38515,14721,1.0,1.0
CUS_003942,first_home,49822,17421,0.41,0.809
CUS_003943,investor,37946,20556,0.868,0.366
CUS_003944,investor,46314,13062,0.867,0.285
CUS_003945,first_home,33900,17910,0.816,0.881
CUS_003946,first_home,37855,14452,0.598,0.78
CUS_003947,investor,54722,35874,0.34,0.411
CUS_003948,first_home,67168,23015,0.49,0.821
CUS_003949,first_home,24779,5701,0.291,0.708
CUS_003950,upsizer,92067,49844,0.198,0.588
CUS_003951,upsizer,85674,44439,0.741,0.537
CUS_003952,first_home,48843,24624,0.359,0.857
CUS_003953,upsizer,61752,35962,0.085,0.415
CUS_003954,investor,45923,11466,0.59,0.321
CUS_003955,upsizer,125204,36070,0.755,0.516
CUS_003956,upsizer,32464,21671,0.712,0.644
CUS_003957,investor,104047,52896,0.324,0.267
CUS_003958,first_home,52521,18276,0.416,0.694
CUS_003959,first_home,39003,4390,0.659,0.888
CUS_003960,first_home,16000,3297,0.778,0.822
CUS_003961,first_home,37621,9693,0.665,0.676
CUS_003962,investor,73866,24300,0.77,0.242
CUS_003963,first_home,38461,18653,0.52,0.715
CUS_003964,premium,81312,14974,0.656,0.197
CUS_003965,upsizer,83731,28049,0.612,0.647
CUS_003966,first_home,16000,3241,0.296,0.845
CUS_003967,investor,103089,36509,0.137,0.248
CUS_003968,premium,121619,104500,0.354,0.0
CUS_003969,investor,50967,32826,0.383,0.583
CUS_003970,upsizer,57757,30798,0.88,0.671
CUS_003971,first_home,44348,14901,0.532,0.591
CUS_003972,first_home,40500,9564,0.358,0.851
CUS_003973,first_home,40133,16631,0.513,0.562
CUS_003974,first_home,60156,9046,0.609,0.653
CUS_003975,first_home,25660,14027,0.454,0.649
CUS_003976,premium,107954,42569,0.42,0.314
CUS_003977,investor,87117,37028,0.463,0.282
CUS_003978,first_home,42082,5489,0.61,0.66
CUS_003979,first_home,35601,15628,0.517,0.93
CUS_003980,first_home,38153,14764,0.446,0.968
CUS_003981,first_home,49967,12882,0.375,0.795
CUS_003982,first_home,44821,21084,0.639,0.76
CUS_003983,first_home,30444,10907,0.466,0.67
CUS_003984,premium,66272,32012,0.695,0.267
CUS_003985,upsizer,64217,34760,0.936,0.42
CUS_003986,first_home,44645,10480,0.291,0.878
CUS_003987,investor,56783,25511,0.501,0.256
CUS_003988,upsizer,59853,26686,0.176,0.434
CUS_003989,first_home,47068,30776,0.502,0.694
CUS_003990,first_home,45583,26501,1.0,0.839
CUS_003991,first_home,55984,20563,0.702,0.704
CUS_003992,first_home,23205,8200,0.399,0.63
CUS_003993,first_home,38155,17435,0.67,0.447
CUS_003994,investor,68367,15570,0.289,0.0
CUS_003995,first_home,34245,8724,0.289,0.793
CUS_003996,first_home,20508,7091,0.717,0.671
CUS_003997,first_home,26205,1500,0.485,0.629
CUS_003998,first_home,42246,10640,0.506,0.582
CUS_003999,first_home,33003,12218,0.548,0.687
CUS_004000,first_home,29083,26933,0.499,0.584
CUS_004001,first_home,56165,17639,0.873,0.583
CUS_004002,first_home,67485,37038,0.21,0.673
CUS_004003,investor,48103,18969,0.367,0.538
CUS_004004,first_home,20974,10680,0.614,1.0
CUS_004005,investor,45170,10622,0.28,0.287
CUS_004006,premium,46399,7043,0.377,0.102
CUS_004007,first_home,22798,15455,0.766,0.469
CUS_004008,first_home,43964,8379,0.358,1.0
CUS_004009,investor,71039,49518,0.756,0.163
CUS_004010,first_home,35448,12875,0.237,0.586
CUS_004011,premium,165862,46628,1.0,0.169
CUS_004012,investor,86348,29103,0.723,0.304
CUS_004013,first_home,52479,37700,0.729,0.857
CUS_004014,first_home,31646,9629,0.467,0.696
CUS_004015,investor,113208,40893,0.563,0.447
CUS_004016,investor,36740,22247,1.0,0.456
CUS_004017,first_home,30051,15484,0.298,0.86
CUS_004018,investor,94945,76330,0.424,0.286
CUS_004019,first_home,48431,30984,0.48,0.762
CUS_004020,upsizer,96577,29424,0.601,0.159
CUS_004021,premium,94663,62900,0.725,0.67
CUS_004022,first_home,43918,3689,0.679,0.594
CUS_004023,first_home,49918,28385,0.302,0.613
CUS_004024,first_home,44287,13825,0.745,0.697
CUS_004025,premium,143604,77146,0.743,0.264
CUS_004026,first_home,32173,25206,0.577,0.806
CUS_004027,first_home,50104,6480,0.41,0.727
CUS_004028,investor,78914,47043,0.629,0.277
CUS_004029,first_home,28774,16724,0.493,0.577
CUS_004030,first_home,55230,30313,0.549,0.614
CUS_004031,investor,16000,4057,0.565,0.653
CUS_004032,first_home,43747,18107,0.35,0.741
CUS_004033,investor,87319,22410,0.569,0.241
CUS_004034,first_home,37862,19211,0.817,0.71
CUS_004035,first_home,21748,4246,0.723,0.819
CUS_004036,investor,56390,19809,0.514,0.611
CUS_004037,first_home,38781,21074,0.502,0.607
CUS_004038,upsizer,48263,14388,0.982,0.773
CUS_004039,first_home,25931,9301,0.352,0.742
CUS_004040,first_home,38442,10257,0.715,0.843
CUS_004041,premium,203422,96871,0.853,0.064
CUS_004042,first_home,37279,15106,0.296,0.911
CUS_004043,upsizer,53677,16003,0.52,0.675
CUS_004044,first_home,37570,11890,0.827,0.995
CUS_004045,first_home,43832,20095,0.386,0.69
CUS_004046,first_home,46463,11129,0.596,1.0
CUS_004047,first_home,30462,12856,0.225,1.0
CUS_004048,upsizer,63887,27853,0.464,0.722
CUS_004049,upsizer,61005,27946,0.896,0.84
CUS_004050,investor,35774,11968,0.262,0.21
CUS_004051,first_home,31975,17232,0.168,0.772
CUS_004052,first_home,19664,11859,0.551,0.504
CUS_004053,first_home,49004,26781,0.688,0.607
CUS_004054,first_home,44107,20632,0.443,0.77
CUS_004055,first_home,53420,9255,0.487,0.71
CUS_004056,first_home,42716,31251,0.738,0.827
CUS_004057,first_home,67080,29552,0.854,1.0
CUS_004058,investor,83927,40799,0.685,0.317
CUS_004059,first_home,51556,15626,0.788,1.0
CUS_004060,first_home,32695,12795,0.553,1.0
CUS_004061,first_home,44901,28840,0.41,0.498
CUS_004062,investor,55189,31506,0.203,0.266
CUS_004063,investor,81394,30439,0.229,0.213
CUS_004064,first_home,48316,34062,0.53,0.607
CUS_004065,upsizer,69178,17179,0.872,0.62
CUS_004066,investor,70209,8948,0.334,0.342
CUS_004067,first_home,32099,2656,1.0,0.76
CUS_004068,first_home,34465,19752,0.518,0.792
CUS_004069,upsizer,63990,19498,0.319,0.493
CUS_004070,first_home,50730,20532,0.428,0.796
CUS_004071,first_home,41431,25977,0.543,1.0
CUS_004072,first_home,32910,16099,0.888,0.406
CUS_004073,first_home,21381,4629,0.588,0.743
CUS_004074,premium,98751,71333,0.262,0.028
CUS_004075,premium,87791,33152,0.982,0.366
CUS_004076,premium,207369,86819,0.413,0.146
CUS_004077,investor,29790,8987,0.365,0.552
CUS_004078,investor,97389,22320,0.673,0.222
CUS_004079,first_home,35692,16827,0.799,1.0
CUS_004080,upsizer,75505,12877,0.792,0.351
CUS_004081,first_home,19729,8188,0.141,0.827
CUS_004082,first_home,18338,13119,0.951,0.738
CUS_004083,upsizer,88662,50114,0.308,0.515
CUS_004084,upsizer,98972,46174,0.712,0.778
CUS_004085,first_home,40611,9434,0.671,0.653
CUS_004086,first_home,27264,11426,0.704,0.894
CUS_004087,first_home,44208,12675,0.508,1.0
CUS_004088,investor,81990,56540,0.837,0.538
CUS_004089,first_home,38157,13152,0.568,0.668
CUS_004090,first_home,43322,12500,0.896,0.917
CUS_004091,first_home,42941,16782,0.29,0.878
CUS_004092,upsizer,98084,28375,0.989,0.666
CUS_004093,upsizer,96786,45723,0.144,0.597
CUS_004094,upsizer,81770,61968,0.973,0.24
CUS_004095,premium,220340,95031,0.44,0.106
CUS_004096,first_home,31806,8394,0.664,0.95
CUS_004097,first_home,50737,20374,0.455,0.515
CUS_004098,first_home,52647,10595,0.343,0.439
CUS_004099,first_home,18169,17210,0.46,0.889
CUS_004100,investor,82397,62140,0.757,0.257
CUS_004101,first_home,27267,17845,0.659,0.735
CUS_004102,upsizer,96758,54693,0.866,0.826
CUS_004103,first_home,48504,19412,0.697,0.859
CUS_004104,first_home,44680,18059,0.655,0.788
CUS_004105,investor,51579,20133,0.97,0.428
CUS_004106,investor,104208,89393,0.682,0.319
CUS_004107,first_home,41526,16420,0.331,0.718
CUS_004108,investor,49202,16161,0.271,0.213
CUS_004109,investor,56520,23240,1.0,0.445
CUS_004110,first_home,31061,16247,0.545,0.67
CUS_004111,first_home,51609,1500,0.581,0.741
CUS_004112,upsizer,69160,34635,0.425,0.435
CUS_004113,first_home,41775,1500,0.191,0.799
CUS_004114,first_home,41800,29050,1.0,0.905
CUS_004115,first_home,38090,4558,0.269,0.727
CUS_004116,first_home,40264,11492,0.329,0.882
CUS_004117,upsizer,80812,6863,0.49,0.708
CUS_004118,first_home,28243,21300,0.454,0.796
CUS_004119,premium,65314,27941,0.426,0.17
CUS_004120,premium,100539,83526,0.732,0.241
CUS_004121,first_home,43768,34482,0.835,0.646
CUS_004122,investor,110909,72631,0.555,0.061
CUS_004123,upsizer,76160,13533,0.638,0.663
CUS_004124,upsizer,21719,9986,0.346,0.936
CUS_004125,investor,79651,53838,0.708,0.324
CUS_004126,first_home,24748,12374,0.504,0.564
CUS_004127,first_home,55561,20192,0.478,0.788
CUS_004128,first_home,62226,30695,0.8,0.745
CUS_004129,investor,80943,41328,0.224,0.435
CUS_004130,first_home,48434,7948,0.817,0.827
CUS_004131,investor,46182,15146,0.556,0.538
CUS_004132,premium,111080,60824,0.455,0.33
CUS_004133,first_home,16000,9398,0.992,0.903
CUS_004134,upsizer,70956,33620,0.762,0.312
CUS_004135,first_home,38876,13862,0.162,0.536
CUS_004136,first_home,32766,12957,0.802,0.737
CUS_004137,premium,97066,28559,0.712,0.351
CUS_004138,first_home,34571,14218,0.264,0.597
CUS_004139,first_home,74513,43442,0.552,0.818
CUS_004140,upsizer,123152,106782,0.763,0.675
CUS_004141,upsizer,87521,18663,0.13,0.679
CUS_004142,premium,166087,109288,0.758,0.12
CUS_004143,first_home,54449,27165,0.477,0.82
CUS_004144,first_home,52152,7394,0.527,0.669
CUS_004145,first_home,33892,13978,0.843,0.91
CUS_004146,first_home,37175,14767,0.386,0.975
CUS_004147,upsizer,97892,42065,0.305,0.485
CUS_004148,first_home,38106,23572,0.74,0.993
CUS_004149,investor,63412,49808,0.594,0.375
CUS_004150,first_home,47901,31764,0.462,0.826
CUS_004151,investor,80087,37505,0.243,0.332
CUS_004152,first_home,47536,23212,0.471,0.661
CUS_004153,first_home,51848,41697,0.424,0.873
CUS_004154,first_home,38790,9288,0.507,0.491
CUS_004155,upsizer,51587,33716,0.183,0.626
CUS_004156,investor,74310,16607,0.398,0.229
CUS_004157,investor,57028,8863,0.661,0.041
CUS_004158,first_home,48654,26449,0.543,0.849
CUS_004159,investor,73039,9614,0.515,0.462
CUS_004160,investor,22318,8019,0.333,0.047
CUS_004161,first_home,52120,35305,0.341,0.613
CUS_004162,investor,75137,19949,0.494,0.521
CUS_004163,upsizer,94501,71199,0.554,0.3
CUS_004164,upsizer,63320,1500,0.359,0.548
CUS_004165,upsizer,51293,31698,0.604,0.531
CUS_004166,first_home,54608,9876,0.604,0.616
CUS_004167,first_home,33313,13159,0.313,0.845
CUS_004168,first_home,44612,20915,0.854,0.631
CUS_004169,first_home,29671,11251,0.363,0.634
CUS_004170,first_home,45920,17619,0.345,0.907
CUS_004171,first_home,42015,7095,0.409,0.844
CUS_004172,investor,82890,56754,0.236,0.131
CUS_004173,first_home,40124,8371,0.142,0.662
CUS_004174,investor,101074,21071,0.816,0.251
CUS_004175,upsizer,88477,36497,0.78,0.723
CUS_004176,first_home,43258,13175,0.351,0.776
CUS_004177,first_home,42221,24528,0.715,0.91
CUS_004178,investor,72135,24090,0.407,0.51
CUS_004179,investor,86488,37171,0.317,0.35
CUS_004180,first_home,35360,15934,0.501,0.818
CUS_004181,premium,30857,18677,0.498,0.003
CUS_004182,first_home,25474,8534,0.798,0.873
CUS_004183,investor,113208,14613,0.0,0.678
CUS_004184,upsizer,58244,16557,0.492,0.338
CUS_004185,first_home,54282,34454,1.0,0.794
CUS_004186,investor,61704,30399,0.023,0.448
CUS_004187,first_home,27433,9967,0.424,0.699
CUS_004188,first_home,26620,11740,0.485,0.92
CUS_004189,first_home,42104,16092,0.596,0.623
CUS_004190,investor,39635,22663,0.737,0.291
CUS_004191,investor,91160,44737,0.594,0.549
CUS_004192,upsizer,63220,24011,0.94,0.392
CUS_004193,investor,52921,31497,0.47,0.08
CUS_004194,first_home,29290,18799,0.813,0.837
CUS_004195,premium,122254,32338,0.524,0.0
CUS_004196,first_home,33605,9000,0.748,0.716
CUS_004197,investor,56817,48987,0.406,0.544
CUS_004198,first_home,46016,24973,0.346,0.773
CUS_004199,investor,89855,65638,0.245,0.545
CUS_004200,upsizer,76607,45246,0.499,0.659
CUS_004201,first_home,40445,20736,0.39,0.585
CUS_004202,investor,73055,3316,0.641,0.269
CUS_004203,investor,60028,12617,0.723,0.329
CUS_004204,first_home,16811,9197,0.807,0.462
CUS_004205,first_home,38463,10274,0.757,0.631
CUS_004206,investor,31470,12692,0.823,0.053
CUS_004207,first_home,45555,27053,0.724,0.742
CUS_004208,first_home,36628,16644,0.29,0.712
CUS_004209,investor,37889,19012,0.627,0.428
CUS_004210,investor,31677,21535,0.386,0.125
CUS_004211,first_home,35130,24509,0.526,0.687
CUS_004212,upsizer,89092,37407,0.549,0.689
CUS_004213,upsizer,72933,48086,0.0,0.654
CUS_004214,upsizer,99297,25524,0.31,0.682
CUS_004215,first_home,27690,13037,0.44,0.44
CUS_004216,first_home,21043,11192,0.0,0.741
CUS_004217,first_home,40558,16671,0.874,0.813
CUS_004218,upsizer,81914,31949,0.589,0.196
CUS_004219,upsizer,102669,23461,0.588,0.591
CUS_004220,investor,78500,33252,0.805,0.382
CUS_004221,first_home,50084,7036,0.731,0.608
CUS_004222,first_home,49040,19912,0.732,0.933
CUS_004223,investor,75390,33236,0.806,0.541
CUS_004224,first_home,41475,23398,0.632,0.607
CUS_004225,first_home,28700,6264,0.638,0.933
CUS_004226,investor,79653,39124,0.668,0.282
CUS_004227,investor,46843,24946,0.243,0.358
CUS_004228,first_home,62931,26811,0.053,0.903
CUS_004229,investor,57217,29211,0.065,0.336
CUS_004230,first_home,40932,19589,0.728,0.704
CUS_004231,first_home,57223,1500,0.433,0.791
CUS_004232,first_home,42055,11103,0.494,0.738
CUS_004233,first_home,30016,24484,0.598,0.821
CUS_004234,first_home,47762,26178,0.901,0.851
CUS_004235,first_home,33858,10893,0.719,0.878
CUS_004236,first_home,42470,21065,0.608,0.481
CUS_004237,first_home,45146,25190,0.659,0.667
CUS_004238,first_home,33068,23393,1.0,0.875
CUS_004239,investor,65492,23572,0.322,0.452
CUS_004240,first_home,58201,18782,0.894,0.789
CUS_004241,first_home,31482,10716,0.565,0.612
CUS_004242,first_home,54803,17929,0.541,0.835
CUS_004243,first_home,31914,10248,0.71,0.745
CUS_004244,investor,116458,54005,0.118,0.13
CUS_004245,upsizer,86170,30522,0.304,0.552
CUS_004246,first_home,34274,14355,0.654,0.543
CUS_004247,first_home,57099,43796,0.67,1.0
CUS_004248,first_home,57627,14843,0.697,0.557
CUS_004249,first_home,48821,23953,0.731,1.0
CUS_004250,upsizer,86476,19508,1.0,0.565
CUS_004251,investor,62923,37557,0.405,0.391
CUS_004252,investor,58271,36793,0.654,0.072
CUS_004253,upsizer,61396,16811,0.74,0.443
CUS_004254,investor,60042,18297,0.65,0.099
CUS_004255,first_home,29680,16324,0.534,0.587
CUS_004256,investor,112365,42765,0.373,0.622
CUS_004257,investor,69137,47365,0.51,0.348
CUS_004258,first_home,59548,12724,0.871,0.913
CUS_004259,investor,91353,56992,1.0,0.445
CUS_004260,first_home,33126,27586,0.142,0.695
CUS_004261,first_home,26632,13331,0.565,0.813
CUS_004262,investor,59583,18790,0.133,0.192
CUS_004263,first_home,22437,6509,0.385,0.751
CUS_004264,first_home,24550,9841,0.617,0.72
CUS_004265,first_home,35138,19385,0.275,0.825
CUS_004266,investor,58958,9501,0.452,0.513
CUS_004267,premium,124482,46586,0.416,0.431
CUS_004268,investor,89293,40511,0.606,0.498
CUS_004269,investor,52940,37574,0.459,0.163
CUS_004270,first_home,30975,23699,0.841,0.727
CUS_004271,investor,57590,23399,0.544,0.631
CUS_004272,first_home,25755,5936,0.349,0.861
CUS_004273,first_home,29713,13526,0.182,0.592
CUS_004274,investor,80352,37096,0.353,0.365
CUS_004275,first_home,48011,30895,0.51,0.7
CUS_004276,upsizer,61510,21537,0.678,0.719
CUS_004277,first_home,37406,9426,0.729,1.0
CUS_004278,investor,82614,35351,0.777,0.256
CUS_004279,first_home,24906,9185,0.692,0.827
CUS_004280,investor,40095,14595,0.79,0.585
CUS_004281,investor,61646,16873,0.476,0.403
CUS_004282,first_home,54228,11063,0.514,0.777
CUS_004283,upsizer,85630,46229,0.412,0.715
CUS_004284,investor,38063,18176,0.366,0.314
CUS_004285,first_home,62741,17904,0.887,0.783
CUS_004286,investor,114209,65966,0.513,0.004
CUS_004287,first_home,22502,2213,0.285,0.8
CUS_004288,investor,16000,5705,0.352,0.353
CUS_004289,first_home,39809,18661,1.0,0.7
CUS_004290,premium,129376,81431,0.618,0.244
CUS_004291,first_home,16000,5280,0.67,0.654
CUS_004292,premium,146487,92627,0.43,0.122
CUS_004293,upsizer,64035,20023,0.024,0.597
CUS_004294,upsizer,68764,39736,0.254,0.712
CUS_004295,investor,55799,40889,0.401,0.5
CUS_004296,investor,70529,17633,0.408,0.433
CUS_004297,first_home,37649,17215,0.555,0.692
CUS_004298,first_home,58739,30974,0.757,1.0
CUS_004299,investor,66076,13614,0.563,0.634
CUS_004300,investor,89629,45518,0.658,0.321
CUS_004301,first_home,46021,15097,0.775,0.764
CUS_004302,investor,37789,10516,0.903,0.052
CUS_004303,first_home,35999,12737,0.333,0.648
CUS_004304,investor,48555,16543,0.655,0.634
CUS_004305,first_home,41359,23745,0.666,0.797
CUS_004306,upsizer,79071,33987,0.618,0.813
CUS_004307,first_home,21764,18411,0.458,0.384
CUS_004308,first_home,52198,17408,0.32,0.665
CUS_004309,investor,50330,25935,0.514,0.62
CUS_004310,first_home,22076,8894,0.612,0.783
CUS_004311,first_home,31852,6380,0.809,0.688
CUS_004312,investor,48040,34410,0.518,0.453
CUS_004313,upsizer,89565,40440,0.271,0.384
CUS_004314,investor,48561,14055,0.312,0.516
CUS_004315,first_home,44376,22275,0.266,0.689
CUS_004316,first_home,55573,34234,0.53,0.663
CUS_004317,investor,92172,25551,0.222,0.275
CUS_004318,investor,63685,27962,0.363,0.131
CUS_004319,upsizer,72624,44828,0.938,0.43
CUS_004320,first_home,41655,19150,0.51,0.923
CUS_004321,investor,95644,50667,0.571,0.474
CUS_004322,upsizer,79734,30496,0.239,0.453
CUS_004323,first_home,19230,2825,0.54,0.617
CUS_004324,upsizer,81610,31394,0.154,0.56
CUS_004325,first_home,64946,21373,0.585,0.726
CUS_004326,investor,23034,9453,0.252,0.466
CUS_004327,first_home,48796,16154,0.869,0.866
CUS_004328,premium,167264,77051,1.0,0.224
CUS_004329,upsizer,91520,33642,0.396,0.644
CUS_004330,first_home,57770,33252,0.176,0.791
CUS_004331,investor,70079,37900,0.444,0.203
CUS_004332,first_home,43942,11583,0.156,0.978
CUS_004333,first_home,43350,28446,0.468,0.717
CUS_004334,investor,65391,19605,0.339,0.533
CUS_004335,investor,84949,19336,0.827,0.641
CUS_004336,first_home,43081,26709,0.054,0.918
CUS_004337,first_home,47113,15236,0.238,0.796
CUS_004338,first_home,58960,26391,0.762,0.772
CUS_004339,first_home,32727,6486,0.408,0.661
CUS_004340,first_home,40529,14757,0.919,0.695
CUS_004341,first_home,37939,15526,0.563,0.719
CUS_004342,premium,105002,37732,0.609,0.171
CUS_004343,first_home,67801,22884,0.631,0.803
CUS_004344,upsizer,91090,39841,0.652,0.809
CUS_004345,first_home,48579,29546,0.507,0.859
CUS_004346,first_home,49894,12998,0.518,0.716
CUS_004347,first_home,54209,1500,0.849,0.718
CUS_004348,first_home,67973,44394,0.379,0.848
CUS_004349,investor,74490,23204,0.598,0.312
CUS_004350,first_home,46195,15098,0.46,0.788
CUS_004351,first_home,16000,5309,0.712,1.0
CUS_004352,first_home,50416,9624,0.865,0.478
CUS_004353,investor,49637,17816,0.432,0.081
CUS_004354,first_home,32438,12315,0.322,0.6
CUS_004355,first_home,16000,8134,0.378,0.738
CUS_004356,first_home,38827,12868,0.78,0.743
CUS_004357,investor,96950,1500,0.619,0.481
CUS_004358,upsizer,85558,16194,0.541,0.553
CUS_004359,first_home,31543,19897,0.513,0.551
CUS_004360,first_home,28239,7872,0.389,0.472
CUS_004361,first_home,38379,20273,0.765,0.712
CUS_004362,upsizer,75597,22799,0.601,0.457
CUS_004363,first_home,48712,28073,0.987,0.824
CUS_004364,premium,142883,63988,0.552,0.171
CUS_004365,investor,79777,13463,0.622,0.624
CUS_004366,first_home,41120,9015,0.448,0.88
CUS_004367,investor,53959,8733,0.404,0.793
CUS_004368,investor,76467,45440,0.543,0.257
CUS_004369,first_home,50138,10199,0.846,0.794
CUS_004370,first_home,28216,10257,0.447,0.559
CUS_004371,first_home,56110,23317,0.443,0.891
CUS_004372,first_home,22368,10512,0.217,0.618
CUS_004373,investor,68525,23779,1.0,0.289
CUS_004374,investor,73623,10779,0.417,0.596
CUS_004375,premium,118513,25217,0.216,0.035
CUS_004376,first_home,61667,14840,0.602,0.595
CUS_004377,first_home,54297,1500,0.619,0.666
CUS_004378,first_home,37361,18967,0.749,0.889
CUS_004379,premium,185479,96630,0.605,0.351
CUS_004380,first_home,41693,9884,0.138,0.721
CUS_004381,first_home,30487,20268,0.377,0.721
CUS_004382,investor,66081,27149,0.815,0.441
CUS_004383,investor,60116,35021,0.782,0.554
CUS_004384,first_home,46754,26634,0.662,0.543
CUS_004385,investor,46903,19036,0.913,0.421
CUS_004386,first_home,26010,1683,0.503,0.652
CUS_004387,investor,60612,28235,0.838,0.507
CUS_004388,investor,40150,21069,0.455,0.419
CUS_004389,investor,38901,12158,0.976,0.465
CUS_004390,first_home,37599,17256,0.437,0.753
CUS_004391,investor,85299,36238,0.28,0.328
CUS_004392,first_home,48515,12537,0.27,0.708
CUS_004393,first_home,22345,9207,0.893,0.703
CUS_004394,upsizer,83298,28183,0.92,0.677
CUS_004395,first_home,51879,25811,0.334,0.862
CUS_004396,investor,50031,16200,0.396,0.426
CUS_004397,first_home,16920,5108,0.0,0.64
CUS_004398,first_home,35678,4824,0.262,0.785
CUS_004399,first_home,44255,36606,0.493,0.58
CUS_004400,first_home,28612,9972,0.491,0.833
CUS_004401,investor,102513,23220,0.055,0.436
CUS_004402,upsizer,86423,46550,0.206,0.664
CUS_004403,premium,163523,75817,1.0,0.256
CUS_004404,upsizer,90932,48074,0.835,0.483
CUS_004405,first_home,41315,22630,0.592,0.869
CUS_004406,upsizer,78822,49459,0.599,0.198
CUS_004407,first_home,23574,5619,0.561,0.658
CUS_004408,first_home,33839,15443,0.53,0.765
CUS_004409,first_home,39870,5812,0.563,0.828
CUS_004410,first_home,56023,20997,0.183,0.772
CUS_004411,investor,56232,30968,0.498,0.136
CUS_004412,first_home,56668,15236,0.075,0.839
CUS_004413,investor,75073,62427,0.51,0.475
CUS_004414,first_home,34726,15045,0.66,0.746
CUS_004415,first_home,63886,6653,0.424,0.82
CUS_004416,upsizer,55843,31102,0.62,0.369
CUS_004417,first_home,29845,24760,0.534,0.648
CUS_004418,first_home,35739,1500,0.666,0.539
CUS_004419,investor,27579,15406,0.645,0.583
CUS_004420,premium,172238,43390,0.355,0.293
CUS_004421,first_home,45690,19202,0.217,0.648
CUS_004422,first_home,43704,8494,0.235,0.824
CUS_004423,upsizer,74735,43617,0.34,0.874
CUS_004424,first_home,38812,14465,0.753,0.58
CUS_004425,first_home,32365,20677,0.733,0.792
CUS_004426,first_home,47136,11533,0.446,0.929
CUS_004427,first_home,59869,23517,0.489,0.707
CUS_004428,upsizer,68349,1500,0.239,0.266
CUS_004429,upsizer,60979,54734,0.255,0.175
CUS_004430,first_home,69214,53678,0.659,0.685
CUS_004431,investor,82228,67613,0.456,0.776
CUS_004432,premium,96150,67878,0.479,0.612
CUS_004433,investor,67012,21688,0.72,0.595
CUS_004434,investor,78934,33314,0.666,0.31
CUS_004435,upsizer,76934,37118,0.504,0.275
CUS_004436,first_home,65778,32718,0.845,0.819
CUS_004437,first_home,22164,5160,0.432,0.59
CUS_004438,investor,57513,12869,0.329,0.041
CUS_004439,investor,47931,9075,0.256,0.663
CUS_004440,first_home,43022,15197,0.848,0.72
CUS_004441,first_home,32364,12053,0.408,0.713
CUS_004442,investor,111076,38712,0.563,0.263
CUS_004443,first_home,47787,22709,1.0,1.0
CUS_004444,upsizer,90506,16389,0.369,0.331
CUS_004445,premium,134547,37164,0.587,0.348
CUS_004446,first_home,24716,7245,0.586,0.729
CUS_004447,investor,113672,65636,0.571,0.571
CUS_004448,investor,87321,40652,0.78,0.066
CUS_004449,first_home,41730,20484,0.652,0.669
CUS_004450,first_home,55075,14424,0.605,0.667
CUS_004451,first_home,47005,20555,0.963,0.725
CUS_004452,upsizer,45112,13110,0.205,0.294
CUS_004453,upsizer,41081,12192,0.275,0.656
CUS_004454,first_home,23981,11907,0.544,1.0
CUS_004455,premium,99485,31194,0.686,0.24
CUS_004456,investor,51429,21138,0.55,0.251
CUS_004457,first_home,26528,10118,0.402,0.932
CUS_004458,first_home,46485,10163,0.864,0.84
CUS_004459,upsizer,78668,25650,0.755,0.611
CUS_004460,first_home,24770,8148,0.416,0.601
CUS_004461,investor,87761,31708,0.954,0.515
CUS_004462,investor,80450,8486,0.46,0.422
CUS_004463,investor,97744,29199,0.495,0.223
CUS_004464,first_home,48051,28549,0.193,0.946
CUS_004465,first_home,40264,20483,0.623,0.939
CUS_004466,upsizer,44008,15759,1.0,0.716
CUS_004467,first_home,38859,8458,1.0,0.315
CUS_004468,first_home,55462,24851,0.474,0.63
CUS_004469,first_home,17212,10399,0.43,0.54
CUS_004470,investor,79361,55796,0.565,0.558
CUS_004471,first_home,32902,11044,0.902,0.828
CUS_004472,investor,34844,8334,0.609,0.116
CUS_004473,first_home,45093,23300,0.752,0.683
CUS_004474,investor,68274,33771,0.727,0.571
CUS_004475,upsizer,65725,28385,0.832,0.583
CUS_004476,first_home,22548,7117,0.767,0.575
CUS_004477,investor,80629,15675,0.407,0.678
CUS_004478,investor,31958,17622,0.598,0.274
CUS_004479,investor,78562,46460,0.453,0.35
CUS_004480,first_home,63405,23156,0.785,0.895
CUS_004481,investor,55043,40616,0.685,0.5
CUS_004482,first_home,33994,16063,0.694,0.558
CUS_004483,first_home,50488,20120,0.647,0.719
CUS_004484,first_home,38447,8346,0.195,0.616
CUS_004485,first_home,33805,4189,0.694,0.734
CUS_004486,first_home,31727,10719,0.256,0.904
CUS_004487,investor,77873,38654,0.318,0.452
CUS_004488,investor,53572,45538,0.83,0.428
CUS_004489,first_home,40865,18069,0.467,0.812
CUS_004490,first_home,49644,26639,0.231,0.69
CUS_004491,investor,19144,5381,0.411,0.595
CUS_004492,first_home,62718,29324,0.739,0.795
CUS_004493,investor,57181,25391,0.447,0.182
CUS_004494,first_home,55188,14339,0.827,0.565
CUS_004495,premium,130729,87703,0.778,0.105
CUS_004496,first_home,57304,23258,0.801,0.806
CUS_004497,investor,80330,50525,0.717,0.069
CUS_004498,first_home,17864,7713,0.255,0.59
CUS_004499,first_home,42182,15622,0.497,0.607
CUS_004500,upsizer,87572,25341,0.665,0.344
CUS_004501,upsizer,75065,27544,0.368,0.499
CUS_004502,first_home,34231,23744,0.683,0.722
CUS_004503,first_home,32479,8712,0.816,0.841
CUS_004504,upsizer,62064,34131,0.29,0.446
CUS_004505,first_home,40169,15023,0.126,0.892
CUS_004506,upsizer,61396,32915,0.583,0.197
CUS_004507,first_home,33076,15454,1.0,0.808
CUS_004508,first_home,35058,6661,0.548,0.905
CUS_004509,first_home,30623,14081,0.255,0.706
CUS_004510,first_home,27068,22191,0.694,0.799
CUS_004511,first_home,36166,17553,0.639,0.664
CUS_004512,first_home,43119,25736,0.698,0.613
CUS_004513,upsizer,60408,29207,1.0,0.26
CUS_004514,first_home,24695,14122,0.269,0.876
CUS_004515,investor,65876,19812,0.741,0.392
CUS_004516,first_home,53138,21688,0.555,0.56
CUS_004517,investor,100097,58898,0.661,0.444
CUS_004518,first_home,54204,19891,0.399,0.829
CUS_004519,investor,58571,36489,0.225,0.197
CUS_004520,investor,83759,20886,0.958,0.489
CUS_004521,upsizer,52385,23080,0.992,0.792
CUS_004522,upsizer,103713,39764,1.0,0.478
CUS_004523,first_home,58308,52763,0.384,0.571
CUS_004524,first_home,37543,13509,0.525,0.81
CUS_004525,first_home,50958,25766,0.854,0.604
CUS_004526,investor,56999,4078,0.524,0.533
CUS_004527,first_home,29568,6499,0.397,1.0
CUS_004528,premium,43311,21007,0.661,0.036
CUS_004529,upsizer,86803,33202,0.265,0.761
CUS_004530,first_home,22058,8514,0.124,0.541
CUS_004531,first_home,44508,16535,1.0,0.79
CUS_004532,first_home,46896,18603,0.489,0.728
CUS_004533,first_home,48749,5944,0.757,0.468
CUS_004534,first_home,56157,23271,0.495,0.596
CUS_004535,first_home,50447,19701,0.618,0.874
CUS_004536,upsizer,76914,47838,0.574,0.146
CUS_004537,investor,41230,23927,0.201,0.385
CUS_004538,first_home,49065,1500,0.416,0.891
CUS_004539,first_home,43676,13005,0.734,0.754
CUS_004540,investor,65934,49739,0.639,0.706
CUS_004541,first_home,28503,16904,0.556,1.0
CUS_004542,upsizer,75410,39089,0.071,0.588
CUS_004543,first_home,45994,15615,0.684,0.809
CUS_004544,upsizer,79902,45002,0.451,0.622
CUS_004545,investor,66916,10522,0.413,0.369
CUS_004546,upsizer,113395,37208,0.361,0.547
CUS_004547,investor,28285,13918,0.58,0.452
CUS_004548,investor,56718,30592,0.534,0.483
CUS_004549,first_home,57920,27162,0.464,0.673
CUS_004550,investor,83744,41943,0.884,0.0
CUS_004551,investor,62190,28579,0.569,0.6
CUS_004552,first_home,35683,13319,0.21,0.763
CUS_004553,investor,94478,63426,0.408,0.545
CUS_004554,first_home,38696,29534,0.611,0.64
CUS_004555,first_home,45456,19131,0.721,0.549
CUS_004556,first_home,42920,9376,0.322,0.754
CUS_004557,first_home,39555,15336,0.322,0.697
CUS_004558,first_home,51698,23038,0.677,0.781
CUS_004559,premium,133088,4286,0.579,0.385
CUS_004560,first_home,36823,24706,0.649,0.685
CUS_004561,upsizer,53156,16750,0.397,0.602
CUS_004562,upsizer,60798,17095,0.759,0.653
CUS_004563,first_home,51765,19095,0.745,1.0
CUS_004564,investor,85340,29434,0.711,0.247
CUS_004565,first_home,24592,10825,0.449,0.729
CUS_004566,premium,44410,25409,0.445,0.186
CUS_004567,first_home,51450,33937,0.516,0.63
CUS_004568,first_home,29788,17048,0.136,0.948
CUS_004569,first_home,43927,11434,0.461,0.774
CUS_004570,investor,61541,25255,0.767,0.311
CUS_004571,first_home,39293,17636,0.356,0.89
CUS_004572,first_home,28625,13892,0.991,0.803
CUS_004573,upsizer,87455,45308,0.253,0.385
CUS_004574,first_home,22087,9807,0.326,0.744
CUS_004575,investor,73430,30432,0.388,0.493
CUS_004576,investor,70205,41697,0.691,0.428
CUS_004577,first_home,38437,15609,0.47,0.56
CUS_004578,first_home,23768,14314,0.259,0.945
CUS_004579,first_home,40001,23057,0.681,0.771
CUS_004580,upsizer,74175,51291,0.616,0.634
CUS_004581,investor,98880,46394,0.369,0.277
CUS_004582,first_home,24055,16594,0.968,0.68
CUS_004583,premium,204792,76873,0.729,0.551
CUS_004584,first_home,49233,24233,0.691,0.748
CUS_004585,first_home,47449,26937,0.41,0.842
CUS_004586,first_home,31618,7844,0.307,0.711
CUS_004587,investor,65110,23394,0.9,0.382
CUS_004588,first_home,39987,12387,0.341,0.722
CUS_004589,investor,133808,56150,0.68,0.357
CUS_004590,first_home,45304,15137,0.777,0.769
CUS_004591,investor,100990,45362,0.218,0.384
CUS_004592,premium,121567,50568,0.504,0.165
CUS_004593,first_home,21969,8342,0.321,1.0
CUS_004594,first_home,55951,25578,0.643,0.992
CUS_004595,investor,94742,29102,0.357,0.679
CUS_004596,first_home,47508,13055,0.342,0.716
CUS_004597,first_home,23146,4981,0.238,0.849
CUS_004598,investor,69546,7522,0.537,0.244
CUS_004599,first_home,43969,13527,0.149,0.792
CUS_004600,premium,209676,110497,0.911,0.342
CUS_004601,first_home,25449,10037,0.504,0.741
CUS_004602,first_home,37778,16328,0.75,0.75
CUS_004603,investor,78445,28017,0.534,0.528
CUS_004604,investor,62098,48300,0.627,0.458
CUS_004605,first_home,35916,16514,0.241,0.672
CUS_004606,first_home,44866,14700,0.681,0.949
CUS_004607,first_home,16000,3836,0.266,0.519
CUS_004608,first_home,54845,40496,0.878,0.656
CUS_004609,upsizer,42602,7569,0.428,0.449
CUS_004610,first_home,54533,15648,0.717,0.712
CUS_004611,investor,63536,18238,0.255,0.189
CUS_004612,first_home,49228,20860,0.73,0.834
CUS_004613,first_home,63244,31237,0.146,0.629
CUS_004614,investor,44089,19501,0.166,0.216
CUS_004615,investor,64666,23562,0.8,0.334
CUS_004616,first_home,27112,4840,0.776,0.543
CUS_004617,first_home,37773,28866,0.441,0.759
CUS_004618,first_home,47641,22757,0.462,0.836
CUS_004619,first_home,52528,27954,0.518,0.731
CUS_004620,investor,105630,32567,0.619,0.294
CUS_004621,first_home,24543,9241,0.788,0.813
CUS_004622,first_home,39880,25567,0.469,0.516
CUS_004623,first_home,28774,1500,0.176,0.717
CUS_004624,premium,175646,99667,0.53,0.122
CUS_004625,first_home,47061,18144,0.374,0.85
CUS_004626,investor,48913,24695,0.863,0.553
CUS_004627,first_home,49010,35762,0.46,1.0
CUS_004628,first_home,34953,12024,0.838,0.662
CUS_004629,first_home,51108,1500,0.542,0.587
CUS_004630,investor,61751,14422,0.395,0.468
CUS_004631,first_home,35590,15387,0.833,0.828
CUS_004632,upsizer,61119,44424,0.364,0.73
CUS_004633,first_home,16000,5762,0.55,0.71
CUS_004634,premium,104673,74176,0.467,0.266
CUS_004635,first_home,41586,1500,0.356,0.808
CUS_004636,first_home,28110,9539,0.625,0.664
CUS_004637,investor,96651,59617,0.407,0.54
CUS_004638,first_home,33967,20377,0.35,0.777
CUS_004639,first_home,42357,3314,0.507,0.705
CUS_004640,premium,121465,33864,0.404,0.421
CUS_004641,investor,32680,13238,0.451,0.317
CUS_004642,premium,114653,35595,0.515,0.16
CUS_004643,first_home,32539,20840,0.691,0.632
CUS_004644,investor,88959,38459,0.438,0.498
CUS_004645,investor,65074,11064,0.237,0.426
CUS_004646,investor,64501,33084,0.67,0.123
CUS_004647,investor,69924,36533,0.403,0.483
CUS_004648,investor,23113,5157,0.631,0.327
CUS_004649,premium,188595,50849,0.812,0.623
CUS_004650,first_home,35075,10589,0.535,0.72
CUS_004651,first_home,34982,23647,0.336,0.557
CUS_004652,first_home,16000,6626,0.493,0.797
CUS_004653,first_home,52163,1686,0.361,0.946
CUS_004654,investor,44115,9414,0.35,0.539
CUS_004655,first_home,49255,27527,0.454,0.858
CUS_004656,first_home,39499,14082,0.251,0.967
CUS_004657,upsizer,76718,16039,0.287,0.391
CUS_004658,upsizer,80065,28974,0.707,0.669
CUS_004659,first_home,49945,30299,0.578,0.765
CUS_004660,first_home,31895,26208,0.617,0.39
CUS_004661,first_home,23575,9891,0.716,0.639
CUS_004662,first_home,40770,21124,0.104,0.53
CUS_004663,first_home,16000,6591,0.468,0.778
CUS_004664,first_home,33385,15671,0.904,0.614
CUS_004665,investor,45152,11897,0.95,0.475
CUS_004666,first_home,28924,19961,0.378,0.849
CUS_004667,first_home,46148,16036,0.329,0.606
CUS_004668,investor,101176,23483,0.048,0.229
CUS_004669,first_home,37056,10804,0.44,0.373
CUS_004670,first_home,42840,23549,0.678,0.531
CUS_004671,first_home,32512,9890,0.755,0.917
CUS_004672,first_home,68120,47889,0.225,0.617
CUS_004673,first_home,42610,23228,0.492,0.666
CUS_004674,first_home,31916,18673,0.411,0.626
CUS_004675,first_home,49504,17556,0.279,0.497
CUS_004676,premium,150374,47840,0.39,0.222
CUS_004677,premium,96903,42243,0.739,0.244
CUS_004678,first_home,21977,4754,0.652,0.686
CUS_004679,premium,55961,28822,0.623,0.2
CUS_004680,first_home,30961,18425,0.858,0.653
CUS_004681,first_home,38349,11713,0.51,0.738
CUS_004682,first_home,19450,10779,0.502,0.664
CUS_004683,first_home,33981,16169,0.64,0.871
CUS_004684,first_home,36505,23032,0.296,0.539
CUS_004685,upsizer,47019,34128,0.736,0.551
CUS_004686,first_home,46341,26448,0.683,0.797
CUS_004687,first_home,43819,18398,0.627,0.625
CUS_004688,first_home,60506,39150,0.368,0.726
CUS_004689,upsizer,78906,34602,0.7,0.618
CUS_004690,first_home,41664,15924,0.949,0.643
CUS_004691,upsizer,95928,30720,0.664,0.516
CUS_004692,first_home,30894,13828,0.403,0.568
CUS_004693,investor,33951,20741,0.963,0.571
CUS_004694,first_home,40840,9979,0.643,0.675
CUS_004695,first_home,42976,8886,0.954,0.568
CUS_004696,first_home,49715,10457,0.307,0.492
CUS_004697,first_home,42208,25913,0.377,0.628
CUS_004698,first_home,51648,25911,0.731,0.777
CUS_004699,first_home,51894,36087,0.0,0.704
CUS_004700,investor,16000,5385,0.996,0.255
CUS_004701,investor,48872,10259,0.849,0.329
CUS_004702,first_home,38868,27606,0.377,0.719
CUS_004703,investor,104013,30956,0.837,0.496
CUS_004704,investor,32316,17828,0.558,0.55
CUS_004705,upsizer,45269,8594,0.488,0.604
CUS_004706,first_home,37523,17356,0.311,0.794
CUS_004707,first_home,39004,15626,0.791,0.692
CUS_004708,upsizer,76450,13278,0.711,0.278
CUS_004709,upsizer,64847,49968,0.613,0.54
CUS_004710,upsizer,53577,14471,0.271,0.357
CUS_004711,investor,50097,13109,0.671,0.417
CUS_004712,investor,79208,24730,0.784,0.648
CUS_004713,upsizer,74089,2798,0.968,0.252
CUS_004714,first_home,59978,22259,0.514,0.748
CUS_004715,first_home,41817,13058,0.425,0.584
CUS_004716,upsizer,93760,57064,0.298,0.304
CUS_004717,premium,161368,78565,0.575,0.294
CUS_004718,first_home,44644,9009,0.753,0.736
CUS_004719,first_home,36472,11394,1.0,0.748
CUS_004720,upsizer,79654,65160,0.673,0.456
CUS_004721,first_home,29284,7786,0.873,0.729
CUS_004722,investor,16000,9252,0.589,0.454
CUS_004723,first_home,43364,13338,0.725,0.662
CUS_004724,first_home,40371,10071,0.425,0.781
CUS_004725,investor,61720,20520,0.62,0.514
CUS_004726,upsizer,57172,39715,0.313,0.639
CUS_004727,first_home,20371,3379,0.817,0.746
CUS_004728,first_home,39467,21635,1.0,0.71
CUS_004729,first_home,61813,40147,0.596,0.738
CUS_004730,first_home,31841,10528,0.454,0.515
CUS_004731,upsizer,88957,54216,1.0,0.422
CUS_004732,first_home,16000,9303,0.835,0.911
CUS_004733,upsizer,91519,26066,0.921,0.536
CUS_004734,premium,106601,27613,0.655,0.093
CUS_004735,first_home,45943,18482,0.314,0.866
CUS_004736,first_home,26555,11936,0.51,0.554
CUS_004737,upsizer,66988,24346,0.58,0.32
CUS_004738,first_home,41659,22150,0.552,0.695
CUS_004739,premium,164246,47749,0.297,0.087
CUS_004740,first_home,25862,6877,0.554,0.581
CUS_004741,first_home,39928,17197,0.282,0.924
CUS_004742,first_home,29225,13769,0.238,0.652
CUS_004743,first_home,16537,11016,0.371,0.803
CUS_004744,investor,50818,26008,0.489,0.45
CUS_004745,investor,106366,59320,0.505,0.531
CUS_004746,first_home,46103,16961,0.526,0.843
CUS_004747,first_home,32587,12028,0.991,0.697
CUS_004748,first_home,46519,14681,0.527,0.563
CUS_004749,upsizer,52893,24485,0.114,0.77
CUS_004750,upsizer,87041,39709,0.473,0.524
CUS_004751,investor,95676,42809,0.491,0.46
CUS_004752,upsizer,52912,20822,0.006,0.557
CUS_004753,first_home,22441,9478,0.546,0.651
CUS_004754,first_home,37722,27470,0.414,0.669
CUS_004755,first_home,21928,10512,0.523,0.449
CUS_004756,premium,280000,149804,0.596,0.0
CUS_004757,first_home,62461,32130,0.507,0.562
CUS_004758,upsizer,76008,30300,0.511,0.659
CUS_004759,first_home,16000,8426,0.414,0.874
CUS_004760,first_home,48758,21149,0.672,1.0
CUS_004761,first_home,30923,6338,0.44,1.0
CUS_004762,investor,77863,25343,0.69,0.274
CUS_004763,first_home,24958,19688,0.273,0.658
CUS_004764,premium,98744,63199,0.436,0.158
CUS_004765,investor,66295,24941,0.652,0.446
CUS_004766,first_home,23136,12759,0.267,1.0
CUS_004767,investor,70826,33243,0.403,0.514
CUS_004768,first_home,42496,31604,0.669,0.967
CUS_004769,premium,170840,69476,0.355,0.12
CUS_004770,first_home,41904,19712,0.827,0.685
CUS_004771,investor,59722,17112,0.542,0.255
CUS_004772,first_home,45415,18430,0.466,0.888
CUS_004773,first_home,61106,1500,0.679,0.851
CUS_004774,investor,97580,46521,0.556,0.474
CUS_004775,first_home,44560,27210,0.548,0.895
CUS_004776,investor,71138,52258,0.494,0.422
CUS_004777,first_home,44291,22880,0.504,0.666
CUS_004778,first_home,36213,13190,0.288,0.453
CUS_004779,first_home,19951,5629,0.695,0.709
CUS_004780,investor,89467,30816,0.395,0.63
CUS_004781,first_home,51985,7396,0.776,0.612
CUS_004782,first_home,21423,8241,0.315,0.891
CUS_004783,first_home,27185,5692,0.82,0.62
CUS_004784,first_home,32017,10325,0.355,0.727
CUS_004785,investor,77665,30539,0.716,0.532
CUS_004786,upsizer,71170,34823,0.441,0.632
CUS_004787,investor,68432,9087,0.583,0.506
CUS_004788,investor,60300,22205,0.398,0.444
CUS_004789,first_home,39069,21624,0.351,0.769
CUS_004790,investor,52583,35859,0.453,0.15
CUS_004791,premium,118695,49451,0.693,0.383
CUS_004792,first_home,33423,27591,0.693,0.698
CUS_004793,investor,76648,42621,0.668,0.109
CUS_004794,first_home,47996,21171,0.596,0.755
CUS_004795,first_home,33526,21920,1.0,0.818
CUS_004796,first_home,53203,18021,0.344,0.682
CUS_004797,first_home,42080,10157,0.51,0.821
CUS_004798,first_home,39695,23706,0.0,0.797
CUS_004799,first_home,36816,19347,0.639,0.821
CUS_004800,first_home,36000,22246,0.329,0.863
CUS_004801,first_home,24360,14953,0.53,0.431
CUS_004802,first_home,18916,14979,0.366,0.685
CUS_004803,first_home,43449,7332,0.501,0.719
CUS_004804,premium,127363,46639,0.575,0.471
CUS_004805,investor,67593,25562,0.371,0.571
CUS_004806,first_home,28321,18126,0.615,0.649
CUS_004807,first_home,25825,12837,0.438,0.813
CUS_004808,first_home,48314,30955,0.385,0.805
CUS_004809,first_home,35456,17053,0.694,0.745
CUS_004810,first_home,49269,21022,0.592,0.599
CUS_004811,first_home,39402,21770,0.125,0.86
CUS_004812,first_home,61530,29352,0.462,0.85
CUS_004813,investor,50318,25167,0.306,0.45
CUS_004814,first_home,43917,24038,0.856,0.631
CUS_004815,first_home,48599,24692,0.365,1.0
CUS_004816,first_home,35725,21681,0.39,0.771
CUS_004817,upsizer,94675,41593,0.551,0.777
CUS_004818,investor,72563,33417,0.659,0.14
CUS_004819,investor,71837,17947,0.379,0.419
CUS_004820,upsizer,47617,28902,0.578,0.539
CUS_004821,investor,65232,48144,0.605,0.261
CUS_004822,first_home,20578,2173,0.151,0.92
CUS_004823,investor,79488,43351,0.651,0.277
CUS_004824,first_home,39954,16130,0.421,0.499
CUS_004825,investor,80456,31926,0.268,0.467
CUS_004826,first_home,41522,22546,0.967,0.866
CUS_004827,first_home,55482,23561,0.336,0.733
CUS_004828,first_home,52997,26533,0.72,0.602
CUS_004829,first_home,36640,13383,0.652,0.735
CUS_004830,investor,63363,44409,0.15,0.348
CUS_004831,first_home,35247,13678,0.364,0.919
CUS_004832,first_home,33182,9722,0.281,0.585
CUS_004833,first_home,24547,12088,0.754,0.575
CUS_004834,premium,133189,37254,0.727,0.506
CUS_004835,premium,80448,37993,0.917,0.195
CUS_004836,investor,112109,81445,0.309,0.636
CUS_004837,first_home,45505,19200,1.0,0.702
CUS_004838,first_home,33792,6293,0.761,0.847
CUS_004839,first_home,35417,12583,0.933,0.622
CUS_004840,first_home,36192,20855,0.577,0.577
CUS_004841,first_home,34961,15706,0.477,0.637
CUS_004842,upsizer,44008,24479,0.342,0.749
CUS_004843,first_home,58952,18636,0.843,0.747
CUS_004844,first_home,47390,16864,0.513,0.755
CUS_004845,first_home,41896,22794,0.516,0.881
CUS_004846,first_home,52545,37830,0.812,0.592
CUS_004847,first_home,41924,15105,0.74,0.757
CUS_004848,investor,69009,30139,0.497,0.287
CUS_004849,premium,181277,113839,0.58,0.111
CUS_004850,investor,82635,37482,0.615,0.483
CUS_004851,upsizer,85505,46583,0.564,0.312
CUS_004852,first_home,33958,10078,0.828,0.722
CUS_004853,investor,37672,16223,0.673,0.34
CUS_004854,upsizer,67184,21375,0.474,0.632
CUS_004855,first_home,28632,3625,0.857,0.466
CUS_004856,premium,152552,41310,0.403,0.456
CUS_004857,upsizer,48638,24838,0.526,0.326
CUS_004858,investor,72085,38157,0.495,0.372
CUS_004859,first_home,52025,29568,0.456,0.919
CUS_004860,first_home,25771,13442,0.476,0.642
CUS_004861,investor,100256,39104,0.78,0.159
CUS_004862,upsizer,76085,7612,0.567,0.613
CUS_004863,first_home,47851,10722,0.961,1.0
CUS_004864,first_home,31183,19610,0.431,0.7
CUS_004865,first_home,34964,9735,0.411,1.0
CUS_004866,first_home,20358,8481,0.242,0.735
CUS_004867,investor,35687,15749,0.241,0.481
CUS_004868,first_home,39037,7053,0.37,1.0
CUS_004869,first_home,41090,20126,0.36,0.766
CUS_004870,investor,17579,12394,0.416,0.475
CUS_004871,first_home,32863,14020,0.59,0.861
CUS_004872,investor,97240,37100,0.359,0.31
CUS_004873,first_home,55897,12380,0.95,0.659
CUS_004874,first_home,28860,10987,0.529,0.866
CUS_004875,premium,134314,70841,0.748,0.253
CUS_004876,first_home,32261,13835,0.344,0.603
CUS_004877,first_home,33651,11806,0.46,0.641
CUS_004878,first_home,28469,17396,0.627,0.576
CUS_004879,investor,69389,26570,0.654,0.374
CUS_004880,first_home,33302,11755,0.766,0.753
CUS_004881,first_home,51576,23489,0.242,0.9
CUS_004882,first_home,29940,19918,1.0,0.862
CUS_004883,premium,160858,64694,0.938,0.321
CUS_004884,investor,93817,25387,0.608,0.521
CUS_004885,premium,103027,54424,0.637,0.273
CUS_004886,investor,104765,38793,0.607,0.343
CUS_004887,premium,101955,54023,0.325,0.189
CUS_004888,first_home,26885,1646,0.228,0.747
CUS_004889,first_home,28213,12319,0.28,0.945
CUS_004890,upsizer,82856,31920,0.25,0.455
CUS_004891,upsizer,77302,19888,0.96,0.719
CUS_004892,upsizer,46303,9801,0.438,0.418
CUS_004893,upsizer,101782,38636,0.821,0.581
CUS_004894,investor,55161,13101,0.498,0.55
CUS_004895,first_home,22563,1500,0.526,0.938
CUS_004896,premium,145305,31742,0.499,0.0
CUS_004897,first_home,51490,10846,0.417,0.891
CUS_004898,premium,129026,56161,0.976,0.22
CUS_004899,premium,137624,29729,0.588,0.171
CUS_004900,investor,50421,21675,0.892,0.161
CUS_004901,first_home,31602,8167,0.612,1.0
CUS_004902,investor,75232,42946,0.897,0.66
CUS_004903,upsizer,36208,18011,0.579,0.433
CUS_004904,first_home,48524,18244,0.492,0.735
CUS_004905,first_home,37589,17137,0.204,0.714
CUS_004906,investor,68857,36732,0.735,0.377
CUS_004907,premium,110915,48914,0.925,0.392
CUS_004908,investor,91932,41867,0.796,0.193
CUS_004909,investor,113141,5734,0.455,0.191
CUS_004910,first_home,56035,18867,0.749,0.678
CUS_004911,first_home,45942,13316,0.303,0.714
CUS_004912,upsizer,99492,61601,0.315,0.192
CUS_004913,first_home,21126,7600,0.392,0.758
CUS_004914,first_home,35798,11045,0.395,0.833
CUS_004915,first_home,40515,21658,0.7,0.888
CUS_004916,first_home,50909,7971,0.757,0.701
CUS_004917,first_home,59759,24769,0.46,0.73
CUS_004918,investor,70462,5232,0.941,0.372
CUS_004919,first_home,33692,10119,0.436,0.654
CUS_004920,investor,71898,24925,0.84,0.374
CUS_004921,first_home,44108,30534,0.471,0.888
CUS_004922,upsizer,96935,39084,0.563,0.673
CUS_004923,first_home,16345,4409,0.576,0.919
CUS_004924,first_home,40729,16535,0.761,0.612
CUS_004925,first_home,21058,14516,0.511,0.787
CUS_004926,upsizer,103066,6203,0.157,0.965
CUS_004927,investor,49222,28010,0.744,0.453
CUS_004928,investor,83342,41527,0.558,0.35
CUS_004929,first_home,54367,22236,0.978,0.536
CUS_004930,first_home,39153,14647,0.249,0.897
CUS_004931,upsizer,84270,58035,0.51,0.84
CUS_004932,first_home,16000,8949,0.173,0.553
CUS_004933,investor,55044,13388,0.584,0.408
CUS_004934,premium,143419,62247,0.585,0.079
CUS_004935,investor,68894,45066,0.896,0.298
CUS_004936,first_home,52993,27918,0.676,0.56
CUS_004937,first_home,24710,11792,0.438,0.781
CUS_004938,first_home,30781,6016,0.581,0.857
CUS_004939,upsizer,63761,53968,0.796,0.758
CUS_004940,premium,142943,80028,0.138,0.4
CUS_004941,first_home,45609,34253,0.69,0.866
CUS_004942,upsizer,94468,45744,0.388,0.462
CUS_004943,first_home,51612,22024,0.472,0.76
CUS_004944,first_home,45028,14139,0.564,0.747
CUS_004945,first_home,37616,22778,0.196,0.79
CUS_004946,upsizer,97879,68473,0.198,0.467
CUS_004947,first_home,44463,27453,0.716,0.536
CUS_004948,first_home,36716,30696,0.458,0.684
CUS_004949,first_home,39567,17947,0.551,0.662
CUS_004950,first_home,45116,14358,0.614,0.731
CUS_004951,first_home,40663,19368,0.262,0.909
CUS_004952,first_home,42703,24543,0.381,0.532
CUS_004953,premium,171412,65600,0.345,0.038
CUS_004954,upsizer,89443,37761,0.001,0.574
CUS_004955,first_home,25720,12050,0.512,0.979
CUS_004956,upsizer,78141,40543,0.521,0.427
CUS_004957,premium,123989,56324,0.674,0.417
CUS_004958,upsizer,113089,52922,0.644,0.58
CUS_004959,first_home,49605,27008,0.144,0.487
CUS_004960,premium,155217,88219,0.149,0.269
CUS_004961,investor,78707,26831,0.411,0.556
CUS_004962,first_home,36751,3656,0.61,0.541
CUS_004963,investor,51871,12611,0.436,0.348
CUS_004964,first_home,30285,15536,0.372,0.755
CUS_004965,premium,93447,27890,0.876,0.468
CUS_004966,investor,91863,43892,0.698,0.358
CUS_004967,first_home,39234,16466,0.73,0.822
CUS_004968,first_home,38383,16967,0.643,0.788
CUS_004969,upsizer,83150,43108,0.294,0.653
CUS_004970,first_home,30951,19939,0.736,0.693
CUS_004971,premium,188845,80638,1.0,0.093
CUS_004972,investor,73773,17884,0.706,0.2
CUS_004973,first_home,41795,20312,0.535,0.416
CUS_004974,investor,51080,28520,0.191,0.326
CUS_004975,upsizer,79703,1940,0.378,0.318
CUS_004976,upsizer,60487,18145,0.727,0.562
CUS_004977,first_home,41901,18238,0.715,0.714
CUS_004978,first_home,32227,11071,0.312,0.701
CUS_004979,first_home,61478,27923,0.676,0.522
CUS_004980,investor,110221,35013,0.328,0.189
CUS_004981,first_home,37224,22285,0.767,0.799
CUS_004982,first_home,31040,13634,0.706,0.714
CUS_004983,first_home,29397,3117,0.795,0.464
CUS_004984,upsizer,58038,32597,0.442,0.446
CUS_004985,first_home,47065,26972,0.734,0.758
CUS_004986,investor,17511,7412,0.588,0.593
CUS_004987,first_home,29434,2911,0.655,0.815
CUS_004988,investor,71728,42488,0.576,0.101
CUS_004989,investor,81596,20076,0.353,0.222
CUS_004990,upsizer,69689,25434,0.638,0.893
CUS_004991,investor,56522,18463,0.669,0.411
CUS_004992,first_home,29864,5103,0.295,0.872
CUS_004993,first_home,44223,19065,0.697,1.0
CUS_004994,first_home,31052,14486,0.684,0.723
CUS_004995,first_home,39842,17945,0.398,0.947
CUS_004996,upsizer,110151,43214,0.624,0.383
CUS_004997,first_home,18738,5545,0.412,0.729
CUS_004998,upsizer,78395,54440,0.701,0.541
CUS_004999,first_home,45897,21267,0.347,0.563
CUS_005000,upsizer,79995,20928,0.878,0.402
CUS_005001,upsizer,66881,34061,0.865,0.62
CUS_005002,investor,57698,28595,0.756,0.357
CUS_005003,first_home,52642,28467,1.0,0.652
CUS_005004,upsizer,85339,36201,0.903,0.648
CUS_005005,upsizer,57178,18179,0.785,0.712
CUS_005006,first_home,32394,5944,0.935,0.86
CUS_005007,upsizer,56210,18805,0.53,0.599
CUS_005008,upsizer,41824,5515,0.427,0.505
CUS_005009,first_home,46942,22727,0.795,0.882
CUS_005010,first_home,46604,6566,0.534,0.529
CUS_005011,first_home,46394,16981,0.781,0.663
CUS_005012,first_home,32816,18417,0.375,0.711
CUS_005013,upsizer,69103,26703,0.402,0.423
CUS_005014,upsizer,56327,23621,0.21,0.585
CUS_005015,first_home,16000,8157,0.293,0.854
CUS_005016,investor,78651,41087,0.642,0.294
CUS_005017,first_home,63973,39460,0.222,0.748
CUS_005018,first_home,35502,18866,0.322,0.791
CUS_005019,investor,96627,47773,0.368,0.315
CUS_005020,investor,33430,2572,0.462,0.3
CUS_005021,first_home,17226,8156,0.581,0.798
CUS_005022,first_home,31388,22867,1.0,0.802
CUS_005023,upsizer,88264,48239,0.751,0.21
CUS_005024,first_home,50170,30330,0.419,0.879
CUS_005025,first_home,48342,14920,0.565,0.724
CUS_005026,upsizer,68899,28772,0.431,0.296
CUS_005027,premium,96153,51117,0.772,0.379
CUS_005028,investor,85289,43476,0.695,0.24
CUS_005029,first_home,39883,22822,0.43,0.646
CUS_005030,investor,62254,14058,0.652,0.661
CUS_005031,investor,50624,14541,0.669,0.448
CUS_005032,first_home,45994,9066,0.573,0.59
CUS_005033,first_home,29789,14196,0.654,0.725
CUS_005034,first_home,34001,13474,0.699,0.855
CUS_005035,first_home,26965,10650,1.0,0.584
CUS_005036,upsizer,64428,19810,0.848,0.436
CUS_005037,investor,75877,21107,0.329,0.268
CUS_005038,first_home,49970,21504,0.62,0.393
CUS_005039,first_home,45973,28932,1.0,1.0
CUS_005040,first_home,19760,14071,0.648,0.675
CUS_005041,first_home,52709,37569,1.0,0.609
CUS_005042,first_home,35896,12409,1.0,0.751
CUS_005043,upsizer,47805,10376,0.337,0.219
CUS_005044,upsizer,61665,36325,0.543,0.572
CUS_005045,upsizer,121576,80171,0.578,0.581
CUS_005046,first_home,36541,18459,0.247,0.898
CUS_005047,premium,186887,79589,0.894,0.165
CUS_005048,investor,41407,13133,0.643,0.372
CUS_005049,first_home,24739,13334,0.163,0.768
CUS_005050,first_home,48562,25914,0.638,0.663
CUS_005051,first_home,42899,20631,0.371,0.889
CUS_005052,first_home,42128,9725,0.555,0.632
CUS_005053,upsizer,66994,16826,0.0,0.45
CUS_005054,investor,56675,23412,0.516,0.423
CUS_005055,upsizer,85176,52600,0.762,0.578
CUS_005056,investor,82680,49091,0.459,0.735
CUS_005057,first_home,59523,21319,0.134,0.602
CUS_005058,first_home,49615,5019,0.546,0.947
CUS_005059,first_home,32263,21627,0.512,0.634
CUS_005060,upsizer,88238,57651,0.936,0.43
CUS_005061,first_home,18587,8407,0.666,0.649
CUS_005062,first_home,31390,11068,0.505,0.567
CUS_005063,first_home,40292,15098,0.271,0.836
CUS_005064,premium,114689,68539,0.549,0.342
CUS_005065,first_home,40780,21476,1.0,1.0
CUS_005066,first_home,43011,15181,0.651,0.887
CUS_005067,investor,51170,42281,0.718,0.426
CUS_005068,first_home,57093,8827,0.0,0.791
CUS_005069,investor,55054,17712,0.78,0.429
CUS_005070,investor,43685,14230,0.582,0.495
CUS_005071,first_home,31126,13978,0.566,0.539
CUS_005072,first_home,42738,27088,0.602,0.592
CUS_005073,first_home,63924,37022,0.608,0.927
CUS_005074,first_home,27128,12284,0.498,0.776
CUS_005075,investor,49844,9526,0.441,0.21
CUS_005076,first_home,28626,17231,0.223,0.85
CUS_005077,first_home,35002,7899,0.471,0.712
CUS_005078,investor,45037,16109,0.827,0.371
CUS_005079,investor,70911,29527,0.426,0.451
CUS_005080,upsizer,89864,25580,0.751,0.602
CUS_005081,upsizer,48971,13768,0.303,0.529
CUS_005082,first_home,37202,21935,0.235,0.494
CUS_005083,first_home,37843,26178,0.457,0.845
CUS_005084,investor,97914,40799,0.782,0.487
CUS_005085,premium,162926,17885,0.207,0.337
CUS_005086,first_home,55479,26657,0.986,0.434
CUS_005087,upsizer,60886,18552,1.0,0.623
CUS_005088,investor,48460,23983,0.73,0.61
CUS_005089,first_home,27102,13095,0.431,0.665
CUS_005090,premium,81296,7423,0.446,0.01
CUS_005091,first_home,28866,10384,0.395,0.706
CUS_005092,upsizer,87340,47246,0.394,0.284
CUS_005093,first_home,41318,17074,0.508,0.691
CUS_005094,investor,48202,11214,0.121,0.66
CUS_005095,investor,52733,28905,0.644,0.308
CUS_005096,first_home,38550,5020,0.288,0.66
CUS_005097,investor,78427,37028,0.353,0.469
CUS_005098,first_home,57265,19068,0.377,0.603
CUS_005099,first_home,38321,19472,0.647,0.914
CUS_005100,first_home,35518,13814,0.825,0.84
CUS_005101,premium,82447,42667,0.316,0.0
CUS_005102,upsizer,74360,50193,0.849,0.665
CUS_005103,first_home,29964,16629,0.29,0.969
CUS_005104,premium,69452,38316,0.385,0.082
CUS_005105,upsizer,71805,38410,0.775,0.376
CUS_005106,first_home,25472,3082,0.161,0.825
CUS_005107,upsizer,112481,49997,0.428,0.496
CUS_005108,first_home,50664,24245,0.337,0.822
CUS_005109,premium,185254,98095,0.45,0.425
CUS_005110,investor,42053,17443,0.395,0.87
CUS_005111,upsizer,61545,34392,0.142,0.694
CUS_005112,first_home,42712,10995,0.706,0.749
CUS_005113,first_home,35114,27695,0.643,0.846
CUS_005114,premium,126474,67092,0.775,0.278
CUS_005115,investor,84194,22256,0.462,0.063
CUS_005116,investor,45962,30978,0.537,0.496
CUS_005117,investor,61042,13986,0.774,0.343
CUS_005118,investor,47827,20647,0.614,0.267
CUS_005119,first_home,36459,16435,0.777,0.794
CUS_005120,first_home,50062,17833,0.76,0.651
CUS_005121,first_home,37197,15177,0.571,0.397
CUS_005122,first_home,16000,7062,0.583,0.337
CUS_005123,premium,146602,34716,0.544,0.393
CUS_005124,first_home,40587,19450,0.583,0.766
CUS_005125,first_home,51991,22384,0.429,0.711
CUS_005126,first_home,37158,28980,0.642,0.745
CUS_005127,upsizer,67487,47045,0.604,0.626
CUS_005128,first_home,31953,9523,0.415,0.67
CUS_005129,first_home,57731,23359,0.653,0.791
CUS_005130,premium,170630,52067,0.856,0.238
CUS_005131,first_home,30885,11863,0.562,0.595
CUS_005132,premium,134222,78481,0.577,0.0
CUS_005133,first_home,17314,7125,0.604,0.876
CUS_005134,investor,72473,24654,0.103,0.556
CUS_005135,first_home,40623,21895,0.473,0.385
CUS_005136,first_home,29618,2411,1.0,0.935
CUS_005137,first_home,42262,15233,0.57,0.988
CUS_005138,investor,43194,29225,0.345,0.403
CUS_005139,premium,69938,47919,0.551,0.122
CUS_005140,first_home,34412,22883,0.425,0.503
CUS_005141,investor,34222,7131,0.601,0.462
CUS_005142,first_home,34596,7162,0.604,0.715
CUS_005143,premium,204194,69657,0.545,0.0
CUS_005144,upsizer,53159,22978,0.774,0.596
CUS_005145,first_home,52992,15794,0.269,0.736
CUS_005146,first_home,52370,6677,0.639,0.573
CUS_005147,premium,127742,76263,0.811,0.435
CUS_005148,upsizer,51357,29120,0.494,0.526
CUS_005149,investor,78369,25366,0.755,0.584
CUS_005150,first_home,17784,9926,0.505,0.943
CUS_005151,investor,46945,28159,0.298,0.266
CUS_005152,first_home,28788,1500,0.103,0.423
CUS_005153,upsizer,16000,8733,0.427,0.735
CUS_005154,premium,183211,76773,0.484,0.316
CUS_005155,upsizer,87172,1500,1.0,0.428
CUS_005156,premium,152337,93424,0.571,0.269
CUS_005157,upsizer,47794,21235,0.425,0.36
CUS_005158,first_home,46257,6600,0.687,0.656
CUS_005159,upsizer,94905,47600,0.466,0.594
CUS_005160,first_home,42866,19829,0.808,0.805
CUS_005161,first_home,37875,19973,0.93,0.801
CUS_005162,first_home,48473,3968,0.599,0.718
CUS_005163,first_home,46737,17569,0.133,0.78
CUS_005164,first_home,16000,4055,0.536,0.755
CUS_005165,first_home,35911,14388,0.521,0.698
CUS_005166,first_home,51177,6362,0.953,0.807
CUS_005167,first_home,26766,6127,0.667,0.818
CUS_005168,first_home,18691,13217,0.466,0.818
CUS_005169,investor,28735,18364,0.896,0.149
CUS_005170,investor,37174,22486,0.532,0.264
CUS_005171,investor,59179,41113,0.529,0.741
CUS_005172,premium,90413,8452,0.44,0.217
CUS_005173,investor,42231,17729,0.838,0.646
CUS_005174,first_home,16000,7583,0.431,0.55
CUS_005175,first_home,34392,12390,0.716,0.961
CUS_005176,first_home,16000,1521,0.656,0.434
CUS_005177,first_home,46932,27646,0.576,0.785
CUS_005178,upsizer,49706,26901,0.779,0.661
CUS_005179,first_home,33290,10596,0.93,0.805
CUS_005180,upsizer,64042,37286,0.264,0.693
CUS_005181,first_home,23059,10432,0.521,0.773
CUS_005182,investor,90163,49057,0.502,0.287
CUS_005183,first_home,16000,4247,0.586,0.955
CUS_005184,upsizer,58017,27440,0.421,0.53
CUS_005185,premium,111226,52817,0.313,0.387
CUS_005186,first_home,35473,13775,0.534,0.932
CUS_005187,first_home,23697,1500,0.804,0.789
CUS_005188,investor,67789,31245,0.511,0.38
CUS_005189,first_home,72056,34095,0.66,0.812
CUS_005190,first_home,36172,9397,0.927,0.756
CUS_005191,upsizer,53740,28644,0.6,0.501
CUS_005192,investor,81794,38773,0.798,0.489
CUS_005193,first_home,25410,12799,0.82,0.774
CUS_005194,first_home,34600,12527,0.858,0.72
CUS_005195,first_home,16000,1959,1.0,0.671
CUS_005196,premium,143488,18139,0.529,0.334
CUS_005197,first_home,23661,13102,0.779,0.668
CUS_005198,first_home,54106,12612,0.612,0.634
CUS_005199,first_home,27286,7814,0.68,0.574
CUS_005200,upsizer,102572,59608,0.659,0.578
CUS_005201,first_home,37741,1715,0.847,0.719
CUS_005202,investor,66185,9320,0.438,0.523
CUS_005203,first_home,45267,25894,0.654,0.568
CUS_005204,premium,116910,52045,0.255,0.115
CUS_005205,first_home,31226,2222,0.369,0.48
CUS_005206,premium,182957,64195,0.422,0.559
CUS_005207,upsizer,106393,49119,0.702,0.524
CUS_005208,first_home,16179,3748,0.661,0.873
CUS_005209,first_home,59138,10037,0.896,0.67
CUS_005210,upsizer,80529,10151,0.797,0.737
CUS_005211,first_home,34951,20354,0.556,0.425
CUS_005212,premium,84929,52469,1.0,0.439
CUS_005213,premium,123563,69918,0.605,0.286
CUS_005214,first_home,36863,24028,0.224,0.867
CUS_005215,first_home,25419,16789,0.256,0.614
CUS_005216,first_home,43501,6835,0.727,0.689
CUS_005217,investor,58879,35930,0.185,0.456
CUS_005218,first_home,41250,18570,0.604,0.978
CUS_005219,investor,70466,54394,0.48,0.247
CUS_005220,investor,108554,112839,1.0,0.505
CUS_005221,premium,86350,34090,0.28,0.335
CUS_005222,first_home,19183,7196,0.799,0.612
CUS_005223,first_home,45600,16459,0.476,0.546
CUS_005224,first_home,38790,17182,0.454,0.73
CUS_005225,first_home,39208,18497,0.926,0.581
CUS_005226,first_home,37112,33581,0.436,0.503
CUS_005227,upsizer,87464,39863,0.344,0.288
CUS_005228,first_home,68952,24317,0.447,0.703
CUS_005229,first_home,39459,17060,0.318,0.599
CUS_005230,investor,45635,12847,0.193,0.544
CUS_005231,investor,81672,10449,0.373,0.666
CUS_005232,first_home,49621,20015,0.173,0.708
CUS_005233,first_home,37518,31891,0.353,0.76
CUS_005234,first_home,44350,26162,0.347,0.716
CUS_005235,first_home,49828,17124,0.62,0.982
CUS_005236,first_home,37753,18618,0.25,0.926
CUS_005237,first_home,30876,27250,0.703,0.756
CUS_005238,investor,82598,38474,0.042,0.32
CUS_005239,upsizer,72099,19451,0.337,0.573
CUS_005240,first_home,30811,13629,0.508,0.559
CUS_005241,first_home,25283,13793,0.463,0.628
CUS_005242,upsizer,60819,30714,0.573,0.509
CUS_005243,investor,16000,11064,0.237,0.591
CUS_005244,investor,60012,26883,1.0,0.34
CUS_005245,upsizer,91524,1500,0.949,0.475
CUS_005246,investor,40675,20944,0.0,0.315
CUS_005247,investor,63274,31807,0.705,0.208
CUS_005248,first_home,29404,14437,0.475,0.724
CUS_005249,upsizer,67712,18774,0.53,0.695
CUS_005250,investor,81128,63993,0.535,0.346
CUS_005251,first_home,48832,11439,0.368,0.782
CUS_005252,investor,59248,15012,0.531,0.402
CUS_005253,first_home,36395,14151,0.925,0.562
CUS_005254,first_home,21532,14400,0.996,0.808
CUS_005255,first_home,50056,33865,0.531,0.788
CUS_005256,investor,98889,53918,0.169,0.601
CUS_005257,first_home,46539,27496,0.497,0.718
CUS_005258,investor,51085,9990,0.484,0.38
CUS_005259,investor,59750,7411,0.904,0.509
CUS_005260,first_home,45432,16494,0.269,0.994
CUS_005261,first_home,28366,16719,0.106,0.954
CUS_005262,first_home,35304,20974,0.388,0.563
CUS_005263,investor,72673,19880,0.715,0.098
CUS_005264,upsizer,80020,20334,0.332,0.651
CUS_005265,first_home,48512,31065,0.496,0.728
CUS_005266,investor,81154,37675,0.735,0.507
CUS_005267,upsizer,130424,7447,0.186,0.378
CUS_005268,investor,73146,16652,0.53,0.069
CUS_005269,first_home,56964,29469,0.613,0.837
CUS_005270,first_home,32860,7113,0.71,0.693
CUS_005271,upsizer,45027,11384,0.456,0.494
CUS_005272,first_home,40053,10388,0.925,0.872
CUS_005273,first_home,22332,13120,0.437,0.592
CUS_005274,first_home,22699,9722,0.749,0.834
CUS_005275,first_home,24888,18212,0.825,0.73
CUS_005276,investor,63399,22366,0.0,0.508
CUS_005277,upsizer,82200,32225,0.925,0.635
CUS_005278,upsizer,49371,24203,0.294,0.498
CUS_005279,investor,89102,28295,0.45,0.529
CUS_005280,upsizer,57841,8229,0.817,0.506
CUS_005281,premium,73486,26935,0.451,0.225
CUS_005282,upsizer,55079,16262,0.535,0.289
CUS_005283,upsizer,57952,23597,0.777,0.504
CUS_005284,upsizer,93955,30284,0.596,0.507
CUS_005285,first_home,32365,16542,0.314,0.781
CUS_005286,first_home,33769,12381,0.841,0.686
CUS_005287,first_home,35999,5008,0.638,0.739
CUS_005288,investor,81470,25902,0.18,0.369
CUS_005289,upsizer,82906,17708,0.527,0.659
CUS_005290,upsizer,84109,65260,0.636,0.576
CUS_005291,premium,132447,58050,0.459,0.353
CUS_005292,premium,57504,31633,0.164,0.536
CUS_005293,first_home,64593,26660,0.223,0.667
CUS_005294,first_home,22720,17270,0.394,0.563
CUS_005295,investor,112337,22808,0.642,0.245
CUS_005296,first_home,36719,10557,0.834,0.921
CUS_005297,premium,100610,63416,0.218,0.312
CUS_005298,investor,108352,36495,0.415,0.357
CUS_005299,first_home,48070,14196,0.051,1.0
CUS_005300,investor,92836,30537,0.546,0.391
CUS_005301,investor,79505,61833,0.917,0.425
CUS_005302,premium,76395,60965,0.8,0.261
CUS_005303,premium,131613,66300,0.489,0.154
CUS_005304,first_home,63657,29626,0.474,0.752
CUS_005305,premium,128137,73169,0.467,0.377
CUS_005306,first_home,33518,16781,0.482,0.704
CUS_005307,first_home,41259,19046,0.559,0.725
CUS_005308,first_home,22262,7767,0.466,0.517
CUS_005309,premium,114379,36507,0.551,0.537
CUS_005310,upsizer,62072,32235,0.282,0.742
CUS_005311,first_home,51885,23610,0.661,0.551
CUS_005312,investor,62323,43273,0.702,0.359
CUS_005313,upsizer,66892,25645,1.0,0.659
CUS_005314,upsizer,92457,24360,0.672,0.751
CUS_005315,first_home,58252,9728,0.517,0.673
CUS_005316,first_home,45915,13395,0.939,0.878
CUS_005317,first_home,32603,5580,0.891,1.0
CUS_005318,upsizer,69220,44063,0.383,0.648
CUS_005319,first_home,30642,10831,0.972,0.787
CUS_005320,first_home,46066,13442,0.637,0.755
CUS_005321,upsizer,112720,58204,0.22,0.294
CUS_005322,first_home,40861,31906,0.383,0.768
CUS_005323,investor,46935,16576,0.408,0.309
CUS_005324,upsizer,79752,18014,0.914,0.588
CUS_005325,first_home,25900,9293,0.601,0.743
CUS_005326,first_home,38715,3694,0.583,0.745
CUS_005327,first_home,48165,25173,0.544,1.0
CUS_005328,investor,45065,24058,1.0,0.215
CUS_005329,first_home,16000,5614,0.509,0.784
CUS_005330,first_home,76852,17547,0.459,0.419
CUS_005331,first_home,52414,45183,0.844,0.89
CUS_005332,investor,54235,11319,0.599,0.41
CUS_005333,premium,106423,31391,0.897,0.0
CUS_005334,first_home,40108,17493,0.459,0.84
CUS_005335,premium,136975,80123,0.602,0.217
CUS_005336,upsizer,94433,38045,0.99,0.164
CUS_005337,investor,56094,24477,0.439,0.758
CUS_005338,investor,74951,40485,0.793,0.412
CUS_005339,first_home,49590,49938,0.187,0.567
CUS_005340,first_home,24135,7862,0.736,0.549
CUS_005341,first_home,35910,12145,0.402,0.729
CUS_005342,first_home,59446,24410,0.771,0.978
CUS_005343,upsizer,57384,31688,0.289,0.71
CUS_005344,first_home,21456,18978,0.804,0.907
CUS_005345,first_home,32627,13379,0.542,0.475
CUS_005346,premium,117334,62168,0.655,0.389
CUS_005347,upsizer,72074,2981,0.586,0.589
CUS_005348,premium,155088,68492,0.531,0.221
CUS_005349,first_home,41544,17758,0.398,0.774
CUS_005350,investor,59502,36501,0.325,0.718
CUS_005351,first_home,32709,11019,0.723,0.782
CUS_005352,investor,58159,12212,0.283,0.387
CUS_005353,investor,118677,55938,0.518,0.212
CUS_005354,premium,87073,13006,0.312,0.4
CUS_005355,first_home,47485,13549,0.473,0.911
CUS_005356,upsizer,71029,31246,0.103,0.299
CUS_005357,first_home,55905,1500,0.838,0.683
CUS_005358,first_home,44456,17070,0.727,0.82
CUS_005359,premium,134902,96386,0.543,0.156
CUS_005360,first_home,41007,5742,0.599,0.694
CUS_005361,first_home,27631,8482,0.838,0.537
CUS_005362,first_home,36293,19450,0.426,0.825
CUS_005363,first_home,46079,26577,0.87,0.74
CUS_005364,first_home,47132,20758,0.386,0.862
CUS_005365,investor,87803,34811,0.546,0.414
CUS_005366,first_home,33481,24361,0.222,0.912
CUS_005367,upsizer,82074,38435,0.886,0.449
CUS_005368,premium,184723,44263,0.487,0.354
CUS_005369,premium,145680,65793,0.637,0.319
CUS_005370,upsizer,89563,36337,0.371,0.559
CUS_005371,investor,42800,15025,0.506,0.486
CUS_005372,first_home,38572,4913,0.314,0.905
CUS_005373,upsizer,118239,50692,0.352,0.91
CUS_005374,first_home,21616,11561,0.164,0.595
CUS_005375,first_home,23866,13486,0.492,1.0
CUS_005376,investor,59330,25631,0.383,0.067
CUS_005377,first_home,39650,17303,1.0,1.0
CUS_005378,investor,70720,23282,0.282,0.371
CUS_005379,upsizer,71422,43156,0.384,0.597
CUS_005380,investor,73248,15819,0.733,0.393
CUS_005381,first_home,34820,11707,0.311,0.698
CUS_005382,first_home,36480,10395,0.514,0.84
CUS_005383,first_home,41927,17186,0.719,1.0
CUS_005384,first_home,34440,22947,0.701,0.941
CUS_005385,investor,96936,20959,0.555,0.233
CUS_005386,premium,109090,52392,0.521,0.341
CUS_005387,investor,83501,40437,0.775,0.397
CUS_005388,investor,65224,16728,0.835,0.636
CUS_005389,first_home,51779,20470,0.558,0.98
CUS_005390,first_home,56268,15113,0.666,0.677
CUS_005391,investor,90513,40561,0.417,0.425
CUS_005392,first_home,43811,17906,0.816,0.759
CUS_005393,first_home,37705,26426,0.727,0.552
CUS_005394,investor,75538,22076,0.464,0.339
CUS_005395,first_home,44425,17728,0.415,0.651
CUS_005396,first_home,16000,5804,0.974,0.556
CUS_005397,first_home,48114,32439,0.42,0.581
CUS_005398,first_home,52349,17871,0.491,0.752
CUS_005399,investor,103219,27827,0.241,0.347
CUS_005400,first_home,27665,8032,0.787,0.743
CUS_005401,premium,109742,31535,0.418,0.502
CUS_005402,first_home,32533,10586,0.547,0.663
CUS_005403,first_home,16017,4420,0.526,0.803
CUS_005404,first_home,31554,13656,1.0,0.916
CUS_005405,upsizer,56508,11090,0.973,0.408
CUS_005406,first_home,43014,22960,0.622,0.789
CUS_005407,investor,62668,27412,0.389,0.682
CUS_005408,upsizer,82910,59854,0.576,0.181
CUS_005409,first_home,32766,16843,0.53,0.591
CUS_005410,investor,51717,25644,0.928,0.186
CUS_005411,investor,54592,43222,1.0,0.476
CUS_005412,premium,139463,70875,0.626,0.347
CUS_005413,first_home,26615,10415,0.74,0.908
CUS_005414,upsizer,71812,19644,1.0,0.725
CUS_005415,investor,84500,58434,0.675,0.0
CUS_005416,upsizer,69117,17175,0.356,0.411
CUS_005417,first_home,52161,11730,0.524,0.635
CUS_005418,first_home,42281,9542,0.549,0.761
CUS_005419,first_home,37499,11046,0.377,0.725
CUS_005420,upsizer,97384,42637,0.562,0.696
CUS_005421,first_home,50045,19158,0.186,0.841
CUS_005422,investor,49707,26075,0.077,0.166
CUS_005423,first_home,40844,9549,0.538,0.946
CUS_005424,first_home,37114,10135,0.499,0.635
CUS_005425,first_home,19994,9150,0.982,0.7
CUS_005426,premium,107639,27604,0.44,0.126
CUS_005427,first_home,24477,4524,0.628,0.618
CUS_005428,premium,188316,29119,0.455,0.07
CUS_005429,premium,113185,47681,0.116,0.49
CUS_005430,upsizer,60202,25141,0.544,0.463
CUS_005431,investor,52116,21322,0.611,0.241
CUS_005432,investor,45715,29671,0.426,0.092
CUS_005433,investor,16000,7750,0.51,0.281
CUS_005434,first_home,31023,13342,0.785,0.851
CUS_005435,first_home,16000,10762,0.493,0.651
CUS_005436,premium,218207,132125,0.865,0.177
CUS_005437,first_home,19007,5676,0.611,0.703
CUS_005438,first_home,39914,23159,0.813,0.719
CUS_005439,investor,63246,47380,0.94,0.515
CUS_005440,premium,179361,134484,0.343,0.277
CUS_005441,first_home,47023,28487,0.818,0.674
CUS_005442,upsizer,50830,25407,0.877,0.746
CUS_005443,first_home,16382,7900,0.817,0.588
CUS_005444,first_home,32294,22357,0.496,0.745
CUS_005445,upsizer,78732,14897,0.0,0.728
CUS_005446,first_home,31569,20778,1.0,0.522
CUS_005447,investor,56113,25446,0.183,0.189
CUS_005448,upsizer,82183,21689,1.0,0.478
CUS_005449,first_home,39536,8589,0.28,0.7
CUS_005450,first_home,27093,3332,0.259,0.77
CUS_005451,upsizer,95077,50543,0.579,0.308
CUS_005452,investor,29567,22945,0.544,0.263
CUS_005453,upsizer,28658,9748,1.0,0.445
CUS_005454,upsizer,65442,18081,0.403,0.451
CUS_005455,investor,72183,46740,0.78,0.643
CUS_005456,first_home,42117,18971,0.683,0.644
CUS_005457,first_home,35132,23039,0.348,0.607
CUS_005458,first_home,30361,7722,0.695,1.0
CUS_005459,first_home,44517,24372,0.542,0.715
CUS_005460,premium,161128,121931,0.844,0.248
CUS_005461,upsizer,103718,24997,0.51,0.841
CUS_005462,upsizer,86378,32155,0.918,0.233
CUS_005463,upsizer,70835,25849,0.651,0.988
CUS_005464,first_home,47613,26897,0.272,0.575
CUS_005465,first_home,30716,20178,0.135,0.887
CUS_005466,first_home,23904,7345,1.0,0.705
CUS_005467,investor,77847,68478,0.548,0.385
CUS_005468,upsizer,93166,41008,0.546,0.742
CUS_005469,upsizer,76884,25204,0.622,0.584
CUS_005470,upsizer,83335,57249,0.552,0.626
CUS_005471,first_home,36997,16841,0.59,0.841
CUS_005472,first_home,59120,21418,0.17,0.5
CUS_005473,first_home,33676,11193,0.786,0.694
CUS_005474,investor,91713,74140,0.603,0.247
CUS_005475,first_home,42036,10555,0.73,0.88
CUS_005476,premium,152601,96543,0.429,0.25
CUS_005477,first_home,28874,8198,0.56,0.908
CUS_005478,investor,49241,15654,0.217,0.137
CUS_005479,upsizer,71581,29724,0.829,0.488
CUS_005480,first_home,48257,24793,0.533,0.557
CUS_005481,investor,104082,13942,0.0,0.26
CUS_005482,premium,132437,43969,0.475,0.215
CUS_005483,upsizer,90119,55444,0.654,0.445
CUS_005484,first_home,47698,29307,0.916,0.901
CUS_005485,investor,51843,19583,0.211,0.345
CUS_005486,first_home,21302,4653,0.875,0.894
CUS_005487,first_home,46425,21764,0.732,0.68
CUS_005488,first_home,53589,31084,0.453,0.836
CUS_005489,investor,51049,23619,0.776,0.074
CUS_005490,first_home,67744,46267,0.637,0.823
CUS_005491,investor,52240,19926,0.428,0.359
CUS_005492,first_home,26576,5123,0.827,0.743
CUS_005493,first_home,35373,11423,0.896,0.497
CUS_005494,investor,32199,13854,0.223,0.246
CUS_005495,first_home,42402,12864,0.648,1.0
CUS_005496,first_home,30086,10123,0.523,0.734
CUS_005497,first_home,45810,27628,0.674,0.651
CUS_005498,first_home,45523,12919,0.482,0.758
CUS_005499,first_home,58361,11091,0.924,0.538
CUS_005500,premium,83146,47875,0.11,0.399
CUS_005501,investor,16000,8739,0.604,0.211
CUS_005502,first_home,46270,11258,0.433,0.82
CUS_005503,first_home,38913,21688,0.504,0.8
CUS_005504,premium,101425,22972,0.096,0.29
CUS_005505,first_home,16000,4796,0.866,0.657
CUS_005506,first_home,40001,9248,0.223,0.541
CUS_005507,first_home,46146,16035,0.669,0.701
CUS_005508,investor,49931,26540,0.427,0.626
CUS_005509,investor,106396,50919,0.493,0.563
CUS_005510,first_home,18849,5344,0.701,0.71
CUS_005511,first_home,44437,20623,0.857,0.771
CUS_005512,premium,134940,67305,0.241,0.009
CUS_005513,first_home,55679,33518,0.461,0.875
CUS_005514,first_home,21607,10688,0.627,0.749
CUS_005515,premium,146674,82546,0.549,0.488
CUS_005516,first_home,23144,10222,0.764,1.0
CUS_005517,first_home,51304,14536,0.922,0.521
CUS_005518,investor,51729,23750,0.4,0.502
CUS_005519,investor,29112,18888,0.359,0.389
CUS_005520,first_home,45257,29789,0.692,0.757
CUS_005521,first_home,48471,1500,0.275,0.832
CUS_005522,first_home,44233,24028,0.674,0.634
CUS_005523,first_home,45877,15646,0.547,0.671
CUS_005524,first_home,39589,19878,0.52,0.853
CUS_005525,first_home,46426,8549,0.73,0.729
CUS_005526,first_home,64680,22804,0.443,0.616
CUS_005527,first_home,41624,5880,1.0,0.861
CUS_005528,first_home,39288,13834,0.489,0.839
CUS_005529,investor,69236,37344,0.381,0.385
CUS_005530,investor,66641,33994,1.0,0.353
CUS_005531,upsizer,93366,76211,0.554,0.428
CUS_005532,investor,54166,18270,0.304,0.364
CUS_005533,investor,57509,15637,0.52,0.227
CUS_005534,first_home,51529,35012,0.998,0.583
CUS_005535,investor,85841,10392,0.621,0.423
CUS_005536,first_home,38718,17995,0.339,0.884
CUS_005537,upsizer,66766,34753,0.789,0.594
CUS_005538,upsizer,86549,1500,0.712,0.736
CUS_005539,first_home,41395,9676,0.705,0.623
CUS_005540,upsizer,57836,10656,0.167,0.434
CUS_005541,investor,69032,40037,0.307,0.394
CUS_005542,investor,16000,5030,0.189,0.253
CUS_005543,first_home,62949,24118,0.478,0.756
CUS_005544,first_home,55355,7725,0.911,0.616
CUS_005545,premium,107975,30689,0.113,0.313
CUS_005546,first_home,49105,14131,0.273,0.848
CUS_005547,investor,83239,32525,0.148,0.21
CUS_005548,first_home,30002,11249,0.748,0.653
CUS_005549,first_home,30096,20906,1.0,0.893
CUS_005550,investor,49461,27426,0.621,0.209
CUS_005551,investor,74260,8187,0.673,0.557
CUS_005552,upsizer,76036,46622,0.55,0.423
CUS_005553,investor,88227,51914,0.516,0.204
CUS_005554,investor,65141,28809,0.727,0.059
CUS_005555,upsizer,69840,42423,0.34,0.646
CUS_005556,first_home,45825,29624,0.713,0.902
CUS_005557,investor,81532,27929,0.484,0.355
CUS_005558,upsizer,60621,12757,0.549,0.371
CUS_005559,investor,113561,60377,0.425,0.334
CUS_005560,investor,29908,8470,0.052,0.777
CUS_005561,first_home,41709,19919,0.737,0.732
CUS_005562,first_home,30413,7395,0.53,0.443
CUS_005563,investor,87407,52910,0.543,0.25
CUS_005564,investor,81411,23878,1.0,0.36
CUS_005565,investor,40982,16066,0.592,0.617
CUS_005566,first_home,25138,9564,0.379,0.643
CUS_005567,first_home,26785,4689,0.187,0.833
CUS_005568,first_home,21779,13597,0.481,1.0
CUS_005569,first_home,45345,29988,0.657,0.885
CUS_005570,first_home,28194,11395,0.21,0.739
CUS_005571,first_home,16642,4881,0.817,0.96
CUS_005572,first_home,34185,13260,0.461,0.88
CUS_005573,premium,105072,35611,0.516,0.036
CUS_005574,investor,62695,26702,0.552,0.619
CUS_005575,premium,111507,41692,0.214,0.122
CUS_005576,first_home,21354,5695,0.43,0.83
CUS_005577,first_home,45824,29037,0.654,1.0
CUS_005578,first_home,40020,15666,0.536,0.949
CUS_005579,first_home,36137,28103,0.436,0.831
CUS_005580,first_home,57895,25981,0.475,0.771
CUS_005581,first_home,27294,9748,0.688,0.855
CUS_005582,first_home,51422,19500,0.893,0.823
CUS_005583,premium,112701,41011,0.512,0.0
CUS_005584,first_home,38780,15934,0.343,0.595
CUS_005585,first_home,30002,14111,1.0,0.753
CUS_005586,premium,85461,19489,0.8,0.154
CUS_005587,first_home,33768,8312,0.527,0.948
CUS_005588,first_home,16191,9236,0.412,1.0
CUS_005589,investor,95849,50060,0.969,0.472
CUS_005590,investor,95203,13946,0.352,0.226
CUS_005591,investor,55341,29002,0.56,0.466
CUS_005592,upsizer,69975,40675,0.723,0.565
CUS_005593,first_home,56485,26855,0.605,0.982
CUS_005594,first_home,31026,4104,0.329,0.766
CUS_005595,premium,170816,32339,0.461,0.333
CUS_005596,investor,49205,20742,0.555,0.542
CUS_005597,upsizer,82492,63422,0.277,0.459
CUS_005598,premium,113801,37906,0.515,0.241
CUS_005599,first_home,48775,26289,0.91,0.6
CUS_005600,investor,37999,11935,0.991,0.511
CUS_005601,first_home,56142,41320,0.504,0.509
CUS_005602,first_home,38799,16973,0.542,0.892
CUS_005603,first_home,44118,9341,0.509,0.747
CUS_005604,first_home,52177,14777,0.052,0.897
CUS_005605,investor,66492,17864,0.666,0.235
CUS_005606,investor,35228,15886,0.619,0.296
CUS_005607,upsizer,48994,14927,0.804,0.508
CUS_005608,first_home,44999,15339,0.811,0.731
CUS_005609,first_home,58970,46016,0.704,0.776
CUS_005610,first_home,35329,11463,0.707,0.798
CUS_005611,first_home,33534,15485,0.307,0.905
CUS_005612,first_home,38343,14604,0.599,0.744
CUS_005613,first_home,21573,9085,0.218,0.799
CUS_005614,investor,49704,27339,0.464,0.408
CUS_005615,first_home,38490,1500,0.947,0.625
CUS_005616,investor,79552,36360,0.682,0.297
CUS_005617,first_home,35002,12681,0.626,0.821
CUS_005618,first_home,39408,18191,0.548,0.65
CUS_005619,upsizer,118789,46731,0.551,0.721
CUS_005620,first_home,25773,10181,0.596,0.725
CUS_005621,first_home,37769,18250,0.577,0.749
CUS_005622,upsizer,53997,17871,0.715,0.471
CUS_005623,first_home,36444,28575,1.0,0.771
CUS_005624,first_home,33203,8527,0.904,0.713
CUS_005625,first_home,52383,36094,0.452,0.805
CUS_005626,investor,46895,9687,0.41,0.455
CUS_005627,investor,44205,16911,0.432,0.625
CUS_005628,investor,66936,32527,0.406,0.442
CUS_005629,upsizer,84561,22163,0.14,0.456
CUS_005630,first_home,33341,8325,0.586,0.701
CUS_005631,first_home,47622,18070,0.461,0.58
CUS_005632,upsizer,67927,40161,0.553,0.547
CUS_005633,first_home,25316,11259,0.439,0.699
CUS_005634,upsizer,76837,59246,0.573,0.715
CUS_005635,upsizer,49251,26184,0.401,0.628
CUS_005636,upsizer,83488,29027,0.406,0.578
CUS_005637,first_home,48804,1500,1.0,0.783
CUS_005638,investor,87727,13233,0.265,0.272
CUS_005639,premium,117685,44983,1.0,0.248
CUS_005640,first_home,16000,2373,0.234,0.647
CUS_005641,investor,89713,35466,0.36,0.387
CUS_005642,first_home,53927,25357,0.256,0.602
CUS_005643,first_home,32858,12398,0.466,0.798
CUS_005644,premium,120686,46001,0.0,0.183
CUS_005645,upsizer,65737,51431,0.795,0.576
CUS_005646,first_home,25626,11323,0.362,0.797
CUS_005647,first_home,57553,23321,0.636,0.712
CUS_005648,investor,52785,13250,0.974,0.332
CUS_005649,first_home,37687,16184,0.434,0.691
CUS_005650,investor,54508,18744,0.653,0.234
CUS_005651,investor,130340,98317,0.34,0.501
CUS_005652,first_home,18445,9822,0.759,0.968
CUS_005653,investor,38288,26253,0.643,0.577
CUS_005654,first_home,48869,22848,0.258,0.84
CUS_005655,first_home,39021,25530,0.885,0.592
CUS_005656,premium,57341,14328,0.534,0.21
CUS_005657,first_home,23510,11166,0.519,0.647
CUS_005658,first_home,37472,10250,0.725,0.781
CUS_005659,investor,37028,12992,0.807,0.443
CUS_005660,first_home,27930,12219,0.312,0.653
CUS_005661,first_home,26912,6935,0.783,1.0
CUS_005662,premium,124760,20812,0.569,0.088
CUS_005663,first_home,30356,18428,0.501,0.793
CUS_005664,first_home,38922,4962,0.404,0.791
CUS_005665,first_home,17772,13048,0.614,0.944
CUS_005666,investor,47675,13501,0.221,0.383
CUS_005667,first_home,41889,22284,0.36,0.871
CUS_005668,upsizer,87355,47391,0.156,0.702
CUS_005669,first_home,40938,9456,0.761,0.723
CUS_005670,premium,126900,65077,0.6,0.194
CUS_005671,premium,119074,54881,0.617,0.499
CUS_005672,investor,41230,22414,0.449,0.394
CUS_005673,investor,69541,45043,0.513,0.509
CUS_005674,first_home,40051,23088,0.514,0.717
CUS_005675,first_home,35894,9824,0.641,0.63
CUS_005676,first_home,38701,15694,0.192,0.685
CUS_005677,first_home,49181,13853,0.583,0.459
CUS_005678,first_home,48822,15933,0.669,0.696
CUS_005679,investor,50623,26214,0.678,0.124
CUS_005680,first_home,34243,18454,1.0,0.956
CUS_005681,upsizer,50961,27252,0.624,0.352
CUS_005682,investor,61992,29868,0.769,0.822
CUS_005683,first_home,34545,17594,0.789,0.555
CUS_005684,first_home,40406,14067,0.382,0.857
CUS_005685,investor,82164,55313,0.75,0.515
CUS_005686,first_home,55739,30670,0.099,0.779
CUS_005687,first_home,48723,20766,0.365,0.714
CUS_005688,first_home,34970,22126,0.726,0.547
CUS_005689,investor,62043,20925,0.291,0.285
CUS_005690,first_home,50491,22798,0.821,0.832
CUS_005691,first_home,55080,32556,0.811,0.828
CUS_005692,first_home,42786,9017,0.665,0.548
CUS_005693,first_home,46903,38933,0.632,0.899
CUS_005694,first_home,54638,17703,0.506,0.687
CUS_005695,investor,95844,33406,0.607,0.369
CUS_005696,investor,36262,15724,0.808,0.505
CUS_005697,first_home,44841,25255,0.84,0.55
CUS_005698,upsizer,74351,43154,0.587,0.736
CUS_005699,investor,90576,63390,0.242,0.101
CUS_005700,first_home,33744,14122,0.493,0.812
CUS_005701,premium,158462,77553,0.624,0.269
CUS_005702,investor,67743,10373,0.754,0.172
CUS_005703,first_home,16659,3952,0.665,0.85
CUS_005704,first_home,41592,17201,0.873,0.474
CUS_005705,premium,144191,71290,0.399,0.339
CUS_005706,first_home,39002,16447,0.4,0.894
CUS_005707,first_home,24529,12862,0.802,0.675
CUS_005708,premium,167879,70472,0.343,0.182
CUS_005709,premium,156219,60595,0.314,0.324
CUS_005710,investor,102620,88463,0.576,0.466
CUS_005711,first_home,49748,19035,0.743,0.806
CUS_005712,first_home,16000,9796,0.615,0.62
CUS_005713,premium,53342,10400,0.0,0.156
CUS_005714,investor,73413,33196,0.527,0.274
CUS_005715,premium,62813,19383,0.383,0.268
CUS_005716,first_home,39387,30974,0.848,0.86
CUS_005717,upsizer,93585,30849,0.192,0.357
CUS_005718,first_home,20436,8674,0.698,0.54
CUS_005719,first_home,41605,11723,0.565,0.865
CUS_005720,premium,139966,37923,0.624,0.123
CUS_005721,first_home,43833,18247,0.752,0.633
CUS_005722,investor,16000,7924,0.511,0.439
CUS_005723,investor,63135,39167,0.584,0.34
CUS_005724,upsizer,68416,22288,0.978,0.457
CUS_005725,first_home,39179,12645,0.801,0.595
CUS_005726,first_home,36044,23837,0.784,0.766
CUS_005727,investor,63443,45482,0.776,0.23
CUS_005728,premium,138314,57380,1.0,0.509
CUS_005729,upsizer,59564,30606,0.7,0.331
CUS_005730,first_home,20588,15040,0.59,0.622
CUS_005731,investor,39311,35647,0.713,0.363
CUS_005732,first_home,51680,26119,0.427,0.502
CUS_005733,first_home,48837,27622,0.764,0.562
CUS_005734,first_home,55122,25021,0.807,0.412
CUS_005735,first_home,38289,6263,0.482,0.798
CUS_005736,first_home,23181,11413,0.53,0.53
CUS_005737,first_home,25706,17398,0.645,0.554
CUS_005738,first_home,35415,10427,0.409,0.727
CUS_005739,premium,148951,14328,0.313,0.099
CUS_005740,first_home,35944,19279,0.503,0.829
CUS_005741,premium,142105,16181,0.578,0.341
CUS_005742,premium,173761,25547,0.721,0.113
CUS_005743,first_home,39333,5341,0.694,0.966
CUS_005744,investor,79775,5543,0.55,0.253
CUS_005745,first_home,26982,16738,0.699,0.787
CUS_005746,first_home,50363,22910,0.435,0.77
CUS_005747,investor,90268,72233,0.199,0.623
CUS_005748,investor,94773,53285,0.512,0.578
CUS_005749,first_home,34169,27371,0.62,0.718
CUS_005750,upsizer,86693,27229,0.422,0.65
CUS_005751,investor,40365,19990,0.209,0.531
CUS_005752,first_home,43382,8705,0.353,0.533
CUS_005753,first_home,35082,13334,0.271,0.794
CUS_005754,upsizer,42196,29040,0.233,0.197
CUS_005755,upsizer,53534,22629,0.574,0.355
CUS_005756,investor,73874,28643,0.846,0.23
CUS_005757,investor,67068,28572,0.571,0.396
CUS_005758,first_home,25546,11645,0.843,0.892
CUS_005759,first_home,57628,26282,0.0,0.668
CUS_005760,upsizer,108265,72533,0.608,0.342
CUS_005761,investor,91262,27398,0.696,0.409
CUS_005762,investor,70357,27636,0.377,0.33
CUS_005763,investor,117156,52442,0.348,0.676
CUS_005764,first_home,33379,8925,0.476,0.808
CUS_005765,first_home,43912,15351,0.775,0.685
CUS_005766,investor,65696,37312,0.278,0.467
CUS_005767,first_home,29540,8320,0.364,0.864
CUS_005768,first_home,42661,39644,0.246,0.738
CUS_005769,first_home,31926,23134,0.705,0.864
CUS_005770,first_home,34674,16014,0.392,0.738
CUS_005771,upsizer,79790,42577,0.537,0.703
CUS_005772,first_home,46849,26643,0.675,0.755
CUS_005773,first_home,22925,12169,0.441,1.0
CUS_005774,investor,32263,14427,0.208,0.259
CUS_005775,upsizer,46155,42708,0.682,0.678
CUS_005776,investor,70841,21302,0.699,0.326
CUS_005777,upsizer,54988,19814,0.945,0.723
CUS_005778,investor,89383,39604,0.635,0.303
CUS_005779,investor,49138,26835,0.578,0.374
CUS_005780,first_home,33511,26545,0.627,0.742
CUS_005781,first_home,34324,14749,0.517,0.761
CUS_005782,first_home,23428,12514,0.552,0.541
CUS_005783,investor,82927,41414,0.416,0.31
CUS_005784,investor,99580,41338,0.624,0.138
CUS_005785,investor,105399,68880,0.628,0.515
CUS_005786,investor,59240,30041,0.521,0.223
CUS_005787,investor,52644,32005,0.334,0.467
CUS_005788,first_home,31544,11900,0.204,0.569
CUS_005789,first_home,51491,17130,0.432,0.607
CUS_005790,investor,61527,22656,0.407,0.185
CUS_005791,first_home,30530,14771,0.465,0.674
CUS_005792,upsizer,74584,47077,0.45,0.699
CUS_005793,first_home,51006,41183,0.972,0.798
CUS_005794,first_home,48344,22311,0.466,0.912
CUS_005795,investor,52507,40189,0.24,0.473
CUS_005796,first_home,26933,14617,0.564,0.91
CUS_005797,investor,111866,34644,0.469,0.161
CUS_005798,first_home,24908,11243,1.0,0.973
CUS_005799,first_home,48659,27661,0.631,0.937
CUS_005800,investor,77758,45286,0.775,0.319
CUS_005801,first_home,43479,14943,0.567,0.635
CUS_005802,investor,91239,33385,0.606,0.673
CUS_005803,first_home,41118,15200,0.432,0.583
CUS_005804,investor,69041,27232,0.548,0.232
CUS_005805,first_home,40187,19489,0.343,0.636
CUS_005806,first_home,44806,34494,0.455,0.706
CUS_005807,investor,69673,24677,0.636,0.385
CUS_005808,investor,75983,10248,0.652,0.46
CUS_005809,upsizer,67687,8345,0.612,0.505
CUS_005810,premium,113211,65326,0.413,0.252
CUS_005811,investor,58982,19575,1.0,0.591
CUS_005812,first_home,35324,16904,0.538,0.588
CUS_005813,investor,75148,22743,0.618,0.383
CUS_005814,investor,38929,15701,0.863,0.246
CUS_005815,premium,120602,44803,0.336,0.304
CUS_005816,investor,71665,21956,0.517,0.54
CUS_005817,first_home,46903,30607,1.0,0.794
CUS_005818,premium,133796,89079,0.67,0.482
CUS_005819,premium,104473,56955,0.751,0.372
CUS_005820,first_home,36758,29329,0.471,0.68
CUS_005821,investor,49114,9489,0.462,0.127
CUS_005822,first_home,30241,11855,0.302,0.978
CUS_005823,investor,16000,5874,1.0,0.359
CUS_005824,upsizer,62942,35102,0.452,0.446
CUS_005825,first_home,45851,9312,0.236,0.638
CUS_005826,first_home,42835,23565,0.842,0.553
CUS_005827,first_home,43455,7399,0.4,0.781
CUS_005828,upsizer,63770,36005,0.729,0.709
CUS_005829,first_home,18862,12032,0.722,0.833
CUS_005830,investor,84247,19061,0.809,0.339
CUS_005831,premium,16000,5823,0.225,0.331
CUS_005832,premium,176119,113463,0.65,0.391
CUS_005833,first_home,48663,33117,0.299,0.713
CUS_005834,first_home,33502,5797,0.574,0.752
CUS_005835,upsizer,97141,48356,0.766,0.53
CUS_005836,first_home,53708,29413,0.149,0.688
CUS_005837,first_home,35237,15093,0.454,0.867
CUS_005838,first_home,53229,36648,0.333,0.637
CUS_005839,premium,73852,24486,0.599,0.641
CUS_005840,upsizer,57953,20592,0.292,0.976
CUS_005841,first_home,45551,14182,0.724,0.692
CUS_005842,first_home,61834,29322,0.5,0.583
CUS_005843,investor,80751,30818,0.547,0.614
CUS_005844,first_home,26593,15610,0.615,0.811
CUS_005845,upsizer,57549,21146,0.0,0.5
CUS_005846,first_home,37486,15000,0.304,0.973
CUS_005847,first_home,46977,22338,0.91,0.717
CUS_005848,first_home,34987,10148,0.265,0.637
CUS_005849,first_home,40707,25341,0.307,0.806
CUS_005850,first_home,32255,18160,0.474,0.686
CUS_005851,investor,79608,44353,0.747,0.351
CUS_005852,first_home,53295,13640,0.227,0.738
CUS_005853,investor,84788,60866,0.497,0.436
CUS_005854,first_home,29538,3142,0.853,1.0
CUS_005855,first_home,17100,9797,0.636,0.703
CUS_005856,first_home,35485,16498,0.322,0.736
CUS_005857,investor,74956,41972,0.808,0.387
CUS_005858,first_home,35138,14094,0.48,1.0
CUS_005859,premium,94160,42856,0.67,0.251
CUS_005860,first_home,26702,15111,0.372,0.478
CUS_005861,first_home,29052,12778,0.797,0.729
CUS_005862,first_home,38042,18215,0.481,0.501
CUS_005863,investor,52139,25270,0.614,0.583
CUS_005864,first_home,52203,43591,0.122,0.95
CUS_005865,first_home,16000,2441,0.919,0.628
CUS_005866,first_home,47001,31653,0.874,0.594
CUS_005867,first_home,25215,13152,0.276,0.86
CUS_005868,first_home,30821,15388,0.928,0.709
CUS_005869,investor,75194,15880,0.238,0.233
CUS_005870,investor,54928,35571,0.257,0.679
CUS_005871,first_home,55191,13030,0.51,0.83
CUS_005872,first_home,42979,30308,0.604,0.524
CUS_005873,first_home,43147,14766,0.773,0.609
CUS_005874,upsizer,77897,54931,0.539,0.545
CUS_005875,investor,65905,20587,0.305,0.215
CUS_005876,first_home,60928,16572,0.817,1.0
CUS_005877,upsizer,77331,32661,0.518,0.485
CUS_005878,first_home,42127,12895,0.714,0.879
CUS_005879,first_home,33045,13123,0.789,0.716
CUS_005880,upsizer,63083,46883,0.426,0.732
CUS_005881,investor,23573,8015,0.5,0.195
CUS_005882,investor,81689,38471,0.717,0.525
CUS_005883,investor,72276,52480,0.792,0.473
CUS_005884,upsizer,64133,30944,0.414,0.151
CUS_005885,first_home,57311,36807,0.553,1.0
CUS_005886,first_home,65314,35252,0.228,0.984
CUS_005887,first_home,54035,33469,0.464,0.827
CUS_005888,upsizer,79839,34128,0.917,0.814
CUS_005889,first_home,19353,10533,0.122,0.671
CUS_005890,first_home,46526,35591,0.997,0.803
CUS_005891,first_home,47057,17879,1.0,0.944
CUS_005892,first_home,48256,24842,0.274,0.544
CUS_005893,investor,80858,25658,0.309,0.571
CUS_005894,first_home,49201,30804,0.565,0.802
CUS_005895,premium,110341,15311,0.463,0.171
CUS_005896,investor,53863,20794,0.815,0.324
CUS_005897,first_home,47216,29297,0.747,0.801
CUS_005898,premium,94559,38947,0.542,0.161
CUS_005899,first_home,37749,4415,0.245,0.663
CUS_005900,investor,82912,24921,0.497,0.466
CUS_005901,investor,63902,20197,1.0,0.335
CUS_005902,first_home,34884,25202,0.617,0.642
CUS_005903,first_home,43947,25552,0.909,0.809
CUS_005904,first_home,49684,29801,0.654,0.933
CUS_005905,first_home,53594,11651,0.981,0.936
CUS_005906,investor,94605,41596,0.549,0.463
CUS_005907,first_home,43318,31147,0.856,0.89
CUS_005908,first_home,25822,15498,0.798,0.706
CUS_005909,upsizer,54809,19044,0.586,0.55
CUS_005910,first_home,39513,22929,0.586,0.637
CUS_005911,upsizer,84161,17478,0.212,0.457
CUS_005912,investor,64244,18280,0.474,0.228
CUS_005913,investor,56350,5627,1.0,0.836
CUS_005914,first_home,40852,17101,0.997,0.839
CUS_005915,upsizer,95497,52795,0.545,0.269
CUS_005916,upsizer,49231,13063,0.361,0.199
CUS_005917,investor,43118,18207,0.863,0.24
CUS_005918,investor,110485,31787,0.636,0.398
CUS_005919,first_home,55579,18472,0.681,0.475
CUS_005920,first_home,36742,9202,0.494,0.697
CUS_005921,upsizer,93479,61902,0.926,0.491
CUS_005922,first_home,30481,9582,0.629,0.774
CUS_005923,first_home,19960,7862,0.717,0.927
CUS_005924,first_home,47232,16259,0.314,0.707
CUS_005925,investor,90226,44708,0.379,0.438
CUS_005926,investor,82532,73211,0.291,0.37
CUS_005927,investor,63650,59850,0.673,0.387
CUS_005928,first_home,34617,13826,0.585,0.857
CUS_005929,first_home,55563,28562,0.244,0.888
CUS_005930,first_home,46316,28351,0.64,0.741
CUS_005931,upsizer,56990,37903,0.594,0.348
CUS_005932,first_home,78697,43565,0.114,0.701
CUS_005933,upsizer,72794,46462,0.388,0.402
CUS_005934,first_home,16000,8215,0.621,0.732
CUS_005935,upsizer,37595,12253,0.313,0.395
CUS_005936,investor,98684,62877,0.498,0.563
CUS_005937,premium,173942,80750,0.381,0.202
CUS_005938,investor,82559,41243,0.181,0.764
CUS_005939,investor,76027,14862,0.052,0.332
CUS_005940,investor,78987,23773,0.277,0.247
CUS_005941,first_home,43486,16101,1.0,0.926
CUS_005942,upsizer,67477,36059,0.262,0.586
CUS_005943,investor,81400,62085,0.518,0.566
CUS_005944,first_home,59448,34463,0.544,0.741
CUS_005945,first_home,27528,11193,1.0,0.769
CUS_005946,first_home,38758,10139,0.062,0.732
CUS_005947,upsizer,71305,47345,0.386,0.368
CUS_005948,premium,131787,65473,0.628,0.392
CUS_005949,first_home,38008,1500,0.528,0.858
CUS_005950,investor,38783,24317,0.455,0.373
CUS_005951,first_home,56455,28603,0.689,0.933
CUS_005952,first_home,40181,2108,0.048,0.649
CUS_005953,premium,174513,96215,0.484,0.163
CUS_005954,first_home,43959,19982,0.417,0.708
CUS_005955,first_home,47114,9538,0.766,0.455
CUS_005956,first_home,47183,38043,0.044,0.739
CUS_005957,first_home,57626,29863,0.5,0.694
CUS_005958,first_home,23573,8298,0.51,0.836
CUS_005959,first_home,42894,12789,0.447,0.501
CUS_005960,first_home,37771,15283,0.408,0.847
CUS_005961,upsizer,66661,27363,0.516,0.663
CUS_005962,first_home,48093,26102,0.811,0.962
CUS_005963,upsizer,59630,23607,0.703,0.735
CUS_005964,investor,64402,23475,0.375,0.452
CUS_005965,first_home,59243,27691,0.373,0.829
CUS_005966,first_home,21820,7862,0.284,0.455
CUS_005967,first_home,46083,19263,0.787,0.896
CUS_005968,premium,101130,69532,0.401,0.13
CUS_005969,investor,135018,47493,0.249,0.355
CUS_005970,first_home,39721,16177,0.564,0.729
CUS_005971,first_home,34214,10009,0.608,0.904
CUS_005972,first_home,16000,10063,0.473,0.692
CUS_005973,investor,53328,6713,0.567,0.601
CUS_005974,first_home,48357,13564,0.499,0.46
CUS_005975,first_home,37067,20701,0.661,0.62
CUS_005976,investor,92744,37369,0.604,0.54
CUS_005977,investor,62711,36931,0.385,0.25
CUS_005978,first_home,18462,7297,0.694,0.77
CUS_005979,first_home,17193,5313,0.334,0.822
CUS_005980,first_home,48644,19846,0.281,0.684
CUS_005981,premium,49907,9857,0.579,0.052
CUS_005982,first_home,46162,12988,0.629,0.592
CUS_005983,first_home,43551,25881,0.745,0.671
CUS_005984,first_home,48393,18555,0.983,0.736
CUS_005985,investor,76852,32628,0.099,0.141
CUS_005986,investor,70223,31771,0.399,0.343
CUS_005987,investor,52476,7750,0.569,0.514
CUS_005988,investor,41016,6129,0.945,0.392
CUS_005989,upsizer,56727,28289,0.444,0.15
CUS_005990,upsizer,79823,28427,0.146,0.526
CUS_005991,first_home,57896,22601,0.277,0.98
CUS_005992,first_home,16000,8652,0.491,0.748
CUS_005993,upsizer,90816,23772,0.633,0.791
CUS_005994,investor,82835,27168,1.0,0.393
CUS_005995,upsizer,86976,31879,0.382,0.491
CUS_005996,first_home,21595,10594,0.667,0.808
CUS_005997,upsizer,55333,20213,0.788,0.565
CUS_005998,first_home,48851,15441,0.401,0.668
CUS_005999,investor,56268,41348,0.939,0.366
CUS_006000,first_home,17592,7691,0.398,0.814
CUS_006001,first_home,37507,20548,0.289,0.739
CUS_006002,first_home,57362,5984,0.907,0.497
CUS_006003,first_home,26063,5164,0.526,0.651
CUS_006004,first_home,40213,21531,0.268,0.613
CUS_006005,upsizer,96099,37155,0.431,0.588
CUS_006006,upsizer,69274,24971,0.364,0.799
CUS_006007,upsizer,57202,14811,0.403,0.65
CUS_006008,upsizer,67871,41087,0.579,0.753
CUS_006009,premium,109089,59758,0.453,0.324
CUS_006010,upsizer,74529,31173,1.0,0.733
CUS_006011,first_home,41492,19678,0.449,0.897
CUS_006012,first_home,46618,17487,0.499,0.904
CUS_006013,upsizer,100851,30952,0.891,0.697
CUS_006014,first_home,66987,22549,0.834,0.789
CUS_006015,investor,43028,24423,0.716,0.165
CUS_006016,investor,63056,22635,0.44,0.52
CUS_006017,first_home,34504,15193,0.882,0.576
CUS_006018,first_home,27422,9671,0.443,0.601
CUS_006019,investor,64130,38423,0.28,0.573
CUS_006020,first_home,33062,10347,0.392,0.887
CUS_006021,first_home,45217,31872,0.727,0.874
CUS_006022,investor,29416,9613,0.472,0.28
CUS_006023,first_home,33407,10924,0.584,0.731
CUS_006024,first_home,44188,34936,0.3,0.645
CUS_006025,investor,79329,18882,0.733,0.21
CUS_006026,first_home,16000,6772,0.358,0.679
CUS_006027,upsizer,70812,43344,0.323,0.781
CUS_006028,first_home,29379,4471,0.485,0.722
CUS_006029,upsizer,62573,29815,0.223,0.496
CUS_006030,premium,121826,18636,0.314,0.065
CUS_006031,upsizer,77610,33884,0.327,0.433
CUS_006032,investor,73960,58907,0.591,0.613
CUS_006033,investor,70437,1500,0.365,0.571
CUS_006034,first_home,21191,8824,0.608,0.466
CUS_006035,investor,82825,28834,0.497,0.505
CUS_006036,first_home,23641,5879,0.422,0.754
CUS_006037,first_home,52745,8154,0.832,0.481
CUS_006038,first_home,31246,19617,0.141,0.786
CUS_006039,investor,31398,14619,0.683,0.324
CUS_006040,first_home,64449,6149,0.263,0.781
CUS_006041,investor,58866,15336,0.34,0.253
CUS_006042,first_home,29328,9714,0.432,0.717
CUS_006043,first_home,31681,4662,0.481,0.375
CUS_006044,first_home,33532,14948,0.522,0.587
CUS_006045,upsizer,65054,30960,0.56,0.634
CUS_006046,first_home,39695,18790,0.412,0.542
CUS_006047,upsizer,84081,66738,0.0,0.67
CUS_006048,first_home,43463,11329,0.359,0.679
CUS_006049,first_home,18924,6526,0.733,0.692
CUS_006050,first_home,45598,15281,0.668,0.84
CUS_006051,first_home,41806,24408,0.675,0.772
CUS_006052,first_home,31504,17773,0.473,0.647
CUS_006053,first_home,63885,14468,0.648,0.5
CUS_006054,investor,63672,43942,0.419,0.625
CUS_006055,investor,115994,30919,0.443,0.182
CUS_006056,first_home,50719,29605,0.391,0.868
CUS_006057,upsizer,55463,31771,0.762,0.516
CUS_006058,investor,60005,30101,0.0,0.357
CUS_006059,first_home,42792,15864,0.559,0.683
CUS_006060,first_home,32316,12087,0.559,0.675
CUS_006061,first_home,24341,12575,0.579,0.849
CUS_006062,premium,100439,52704,0.51,0.161
CUS_006063,first_home,46043,25679,0.826,0.68
CUS_006064,first_home,39195,21862,0.539,0.738
CUS_006065,first_home,36812,18098,0.478,0.744
CUS_006066,first_home,39328,26916,0.686,0.571
CUS_006067,first_home,35556,11448,0.148,0.879
CUS_006068,investor,56408,24686,0.355,0.311
CUS_006069,upsizer,103251,34023,0.783,0.4
CUS_006070,first_home,33162,28846,0.596,0.95
CUS_006071,first_home,17304,9821,0.194,1.0
CUS_006072,first_home,36633,22435,1.0,0.806
CUS_006073,first_home,32078,16371,0.49,0.496
CUS_006074,investor,73596,30899,0.346,0.508
CUS_006075,upsizer,49910,45455,0.186,0.62
CUS_006076,investor,71359,46297,0.855,0.326
CUS_006077,first_home,18811,7003,0.305,0.857
CUS_006078,upsizer,56423,21499,0.437,0.374
CUS_006079,premium,97062,45615,0.609,0.024
CUS_006080,first_home,47320,15741,0.048,1.0
CUS_006081,upsizer,109865,40367,0.727,0.355
CUS_006082,investor,52939,8282,0.315,0.271
CUS_006083,premium,181273,1500,0.789,0.237
CUS_006084,first_home,37222,29251,0.599,0.576
CUS_006085,first_home,41514,14068,0.805,0.629
CUS_006086,premium,84821,31832,0.58,0.25
CUS_006087,first_home,61437,27181,0.777,1.0
CUS_006088,upsizer,101682,56462,0.641,0.584
CUS_006089,first_home,41966,23907,0.517,0.599
CUS_006090,first_home,30486,18756,0.613,0.998
CUS_006091,investor,52095,27792,0.0,0.466
CUS_006092,investor,63444,24221,0.401,0.252
CUS_006093,first_home,52802,34724,0.815,0.814
CUS_006094,investor,66882,26610,0.225,0.5
CUS_006095,investor,59304,36513,0.392,0.005
CUS_006096,investor,91083,13920,0.167,0.354
CUS_006097,first_home,44036,29251,0.106,0.681
CUS_006098,investor,59254,15970,0.438,0.447
CUS_006099,investor,53471,9036,0.629,0.274
CUS_006100,premium,16000,3139,0.462,0.243
CUS_006101,investor,114736,53526,0.226,0.051
CUS_006102,first_home,45958,38672,0.244,0.828
CUS_006103,first_home,41542,16397,0.295,0.87
CUS_006104,first_home,39370,16133,0.455,0.635
CUS_006105,first_home,40646,23100,0.297,0.463
CUS_006106,investor,81121,26474,0.789,0.321
CUS_006107,premium,99560,40129,0.354,0.367
CUS_006108,upsizer,77082,28309,0.408,0.85
CUS_006109,investor,53991,42335,0.652,0.409
CUS_006110,investor,90515,40153,0.037,0.568
CUS_006111,investor,80394,45403,0.889,0.784
CUS_006112,first_home,33514,10115,0.724,0.412
CUS_006113,investor,83059,18687,0.718,0.471
CUS_006114,first_home,35109,19292,0.348,0.795
CUS_006115,first_home,39468,18767,0.318,0.781
CUS_006116,upsizer,103674,63802,0.379,0.58
CUS_006117,investor,81017,21905,0.432,0.365
CUS_006118,first_home,63943,26431,0.83,0.894
CUS_006119,first_home,44050,8727,0.058,0.604
CUS_006120,upsizer,57176,19497,0.839,0.634
CUS_006121,first_home,38558,6548,0.475,0.952
CUS_006122,upsizer,67078,25410,0.785,0.546
CUS_006123,upsizer,87318,58102,0.619,0.674
CUS_006124,investor,89041,24533,0.68,0.56
CUS_006125,first_home,49864,13626,0.756,0.856
CUS_006126,first_home,38313,15323,0.498,0.792
CUS_006127,first_home,41943,16646,0.299,0.726
CUS_006128,first_home,50783,28876,0.31,0.841
CUS_006129,premium,146749,28789,0.758,0.099
CUS_006130,upsizer,92490,1500,0.897,0.325
CUS_006131,first_home,32575,14380,0.352,1.0
CUS_006132,first_home,51740,37994,0.795,0.656
CUS_006133,first_home,34899,13789,0.76,0.905
CUS_006134,first_home,38387,19242,0.165,0.72
CUS_006135,first_home,42443,17643,0.751,0.568
CUS_006136,upsizer,106103,59863,0.385,0.24
CUS_006137,first_home,51164,19290,0.892,0.7
CUS_006138,first_home,38162,15904,0.589,0.826
CUS_006139,investor,48726,35320,1.0,0.428
CUS_006140,first_home,36015,22903,0.527,0.814
CUS_006141,upsizer,111873,34176,0.386,0.4
CUS_006142,upsizer,82477,25583,0.664,0.644
CUS_006143,first_home,64118,20692,0.723,0.606
CUS_006144,investor,63341,14423,0.675,0.509
CUS_006145,premium,120762,39922,0.448,0.56
CUS_006146,first_home,40377,16479,0.726,0.835
CUS_006147,first_home,35799,10410,0.258,0.588
CUS_006148,upsizer,85494,44633,0.0,0.328
CUS_006149,first_home,53749,6921,0.627,0.719
CUS_006150,first_home,40768,8872,1.0,0.753
CUS_006151,first_home,41211,22610,0.688,0.748
CUS_006152,first_home,36250,27991,0.355,0.713
CUS_006153,premium,71451,33976,0.463,0.578
CUS_006154,investor,87988,24623,0.542,0.407
CUS_006155,investor,55996,12859,0.324,0.423
CUS_006156,first_home,53079,19239,0.304,0.783
CUS_006157,premium,97283,64011,0.631,0.363
CUS_006158,first_home,56454,29501,0.645,0.472
CUS_006159,first_home,37238,7721,0.317,0.972
CUS_006160,first_home,40782,20196,0.211,0.716
CUS_006161,first_home,26222,18047,0.487,0.925
CUS_006162,investor,102126,65621,0.435,0.422
CUS_006163,first_home,27474,18394,0.69,0.853
CUS_006164,first_home,43481,24960,0.356,0.874
CUS_006165,first_home,42308,8428,0.613,0.863
CUS_006166,investor,104596,29776,0.633,0.543
CUS_006167,investor,75469,56082,0.724,0.453
CUS_006168,upsizer,113611,41898,0.515,0.777
CUS_006169,first_home,26350,2335,0.369,0.526
CUS_006170,first_home,42273,22791,0.462,0.685
CUS_006171,first_home,30242,18786,0.488,0.65
CUS_006172,first_home,51576,21431,1.0,0.82
CUS_006173,first_home,34446,18221,0.406,0.773
CUS_006174,first_home,29976,8421,0.987,0.65
CUS_006175,first_home,46142,15985,0.545,0.681
CUS_006176,first_home,23737,2478,0.437,1.0
CUS_006177,first_home,34041,8060,0.372,0.63
CUS_006178,investor,61375,42263,0.274,0.221
CUS_006179,first_home,57082,1500,0.488,0.821
CUS_006180,upsizer,96762,34861,0.516,0.429
CUS_006181,first_home,31661,10572,0.535,0.825
CUS_006182,first_home,43226,23212,1.0,0.894
CUS_006183,first_home,16000,1500,0.863,0.941
CUS_006184,premium,164835,48227,0.553,0.467
CUS_006185,first_home,27006,8752,0.434,0.797
CUS_006186,upsizer,68315,34359,0.192,0.816
CUS_006187,investor,94741,40574,0.594,0.452
CUS_006188,investor,57008,7520,0.769,0.177
CUS_006189,first_home,27437,10125,0.845,0.509
CUS_006190,first_home,59658,17304,0.397,0.792
CUS_006191,first_home,16000,8215,0.206,0.442
CUS_006192,upsizer,90992,35095,0.533,0.361
CUS_006193,premium,142596,106198,0.646,0.176
CUS_006194,first_home,27604,8571,0.452,0.805
CUS_006195,first_home,53635,17581,0.644,0.738
CUS_006196,first_home,19100,6384,0.503,0.677
CUS_006197,investor,42174,16670,0.568,0.348
CUS_006198,first_home,35662,20738,0.588,0.66
CUS_006199,investor,64106,22463,0.513,0.491
CUS_006200,first_home,16000,5741,0.223,0.704
CUS_006201,upsizer,92674,45805,0.822,0.818
CUS_006202,first_home,30576,7939,0.388,0.568
CUS_006203,first_home,41838,22740,0.0,0.626
CUS_006204,upsizer,84692,30656,0.501,0.397
CUS_006205,investor,47581,12728,0.615,0.375
CUS_006206,first_home,37290,3690,0.753,0.592
CUS_006207,upsizer,62414,14457,0.574,0.644
CUS_006208,first_home,50679,19907,0.544,0.463
CUS_006209,first_home,41738,17253,0.561,0.636
CUS_006210,first_home,48296,18297,0.355,0.85
CUS_006211,first_home,52784,8637,0.442,0.816
CUS_006212,investor,81635,31990,0.735,0.423
CUS_006213,first_home,39459,5937,0.403,0.871
CUS_006214,first_home,49126,9895,0.559,0.776
CUS_006215,premium,141660,88583,0.423,0.027
CUS_006216,first_home,37779,15326,0.374,0.824
CUS_006217,first_home,36302,18367,0.481,0.797
CUS_006218,first_home,43489,29661,0.485,0.926
CUS_006219,investor,100437,41571,0.493,0.221
CUS_006220,first_home,52145,31139,0.593,0.706
CUS_006221,upsizer,66483,32838,0.069,0.356
CUS_006222,premium,82535,24324,0.426,0.007
CUS_006223,premium,213234,84901,0.659,0.012
CUS_006224,investor,38872,11230,0.861,0.46
CUS_006225,investor,72432,38691,0.238,0.24
CUS_006226,upsizer,68764,41504,0.263,0.734
CUS_006227,investor,184166,32777,0.578,0.507
CUS_006228,first_home,32222,8564,0.769,0.687
CUS_006229,first_home,51323,18459,0.343,0.786
CUS_006230,premium,58572,16241,0.09,0.482
CUS_006231,first_home,58835,22464,0.582,0.853
CUS_006232,premium,123010,60194,0.319,0.439
CUS_006233,upsizer,91783,60164,0.904,0.514
CUS_006234,first_home,20254,6745,0.496,0.664
CUS_006235,first_home,41296,13405,0.244,1.0
CUS_006236,first_home,18311,8989,0.31,0.635
CUS_006237,first_home,32775,13590,0.559,0.818
CUS_006238,investor,54488,7808,0.443,0.609
CUS_006239,first_home,44618,11984,0.547,0.894
CUS_006240,first_home,50814,18328,1.0,0.737
CUS_006241,first_home,45167,25451,0.272,0.763
CUS_006242,first_home,44406,27674,0.704,0.626
CUS_006243,first_home,32732,7605,0.841,0.975
CUS_006244,first_home,30496,8679,0.809,0.708
CUS_006245,premium,157618,91177,0.281,0.452
CUS_006246,first_home,16000,5439,0.548,0.617
CUS_006247,first_home,38016,18526,0.177,0.696
CUS_006248,first_home,41878,16274,0.712,0.749
CUS_006249,investor,92694,39730,0.412,0.299
CUS_006250,investor,90462,31503,0.602,0.299
CUS_006251,first_home,45301,28257,0.852,0.893
CUS_006252,investor,71192,10216,0.581,0.352
CUS_006253,investor,85947,30197,0.577,0.665
CUS_006254,upsizer,58546,35539,0.471,0.414
CUS_006255,investor,22812,8767,0.826,0.539
CUS_006256,investor,117145,47062,0.392,0.808
CUS_006257,first_home,55133,32754,0.628,0.749
CUS_006258,first_home,54635,27571,0.664,0.873
CUS_006259,upsizer,96332,55223,0.708,0.322
CUS_006260,first_home,35487,22584,0.602,0.745
CUS_006261,first_home,57943,9331,0.288,0.87
CUS_006262,investor,32991,11163,0.528,0.141
CUS_006263,upsizer,76404,20803,0.13,0.502
CUS_006264,first_home,44456,21275,0.469,0.88
CUS_006265,upsizer,88570,53777,0.684,0.508
CUS_006266,first_home,50879,1500,0.769,0.91
CUS_006267,upsizer,94062,12677,0.378,0.154
CUS_006268,upsizer,69769,3238,1.0,0.763
CUS_006269,investor,32977,8696,0.161,0.47
CUS_006270,upsizer,68784,29168,0.643,0.795
CUS_006271,upsizer,87308,61736,0.667,0.638
CUS_006272,upsizer,99308,17848,0.671,0.484
CUS_006273,first_home,57482,48606,0.629,0.73
CUS_006274,first_home,35813,18219,0.554,0.625
CUS_006275,first_home,35646,18368,0.94,0.599
CUS_006276,first_home,37034,20096,0.285,0.797
CUS_006277,investor,83427,13291,0.457,0.262
CUS_006278,first_home,44838,13774,0.563,0.804
CUS_006279,upsizer,78483,18002,0.501,0.596
CUS_006280,first_home,22075,11682,0.312,0.834
CUS_006281,first_home,35786,8933,0.682,0.582
CUS_006282,first_home,44480,16626,0.596,0.676
CUS_006283,first_home,22172,6480,0.94,0.585
CUS_006284,first_home,45982,30771,0.732,0.78
CUS_006285,investor,30807,9315,0.798,0.347
CUS_006286,first_home,56759,12134,0.788,0.792
CUS_006287,premium,144246,71901,0.295,0.511
CUS_006288,first_home,17344,6947,0.459,0.712
CUS_006289,investor,72289,48036,0.466,0.375
CUS_006290,investor,56536,26410,0.81,0.67
CUS_006291,first_home,30642,14130,0.584,0.798
CUS_006292,first_home,38128,21735,0.552,0.506
CUS_006293,premium,168231,83235,0.536,0.29
CUS_006294,investor,24341,13498,0.809,0.209
CUS_006295,first_home,35930,19383,0.314,0.648
CUS_006296,investor,47384,16725,0.562,0.301
CUS_006297,first_home,42796,8381,0.911,0.656
CUS_006298,first_home,41393,15736,0.676,1.0
CUS_006299,first_home,54966,2796,0.465,0.707
CUS_006300,investor,59328,16575,0.62,0.847
CUS_006301,first_home,41765,14241,0.206,0.524
CUS_006302,investor,48076,31043,0.394,0.524
CUS_006303,first_home,20917,8050,0.479,0.722
CUS_006304,first_home,53791,39151,0.29,0.88
CUS_006305,first_home,48948,24327,0.718,0.589
CUS_006306,first_home,39407,4682,0.273,0.908
CUS_006307,premium,130144,80522,0.84,0.744
CUS_006308,investor,64185,38511,0.683,0.444
CUS_006309,first_home,47488,5241,0.398,0.636
CUS_006310,first_home,39635,21521,0.432,0.605
CUS_006311,first_home,30990,20836,0.552,0.435
CUS_006312,premium,89816,2394,0.77,0.204
CUS_006313,first_home,38855,8490,0.538,0.828
CUS_006314,premium,121128,70686,0.794,0.486
CUS_006315,first_home,43000,16375,0.552,0.518
CUS_006316,investor,70926,48211,0.709,0.433
CUS_006317,investor,63915,37345,0.902,0.252
CUS_006318,investor,97439,54969,0.606,0.178
CUS_006319,first_home,62278,38932,0.302,0.834
CUS_006320,first_home,40727,10898,0.509,0.514
CUS_006321,first_home,49212,17680,1.0,0.683
CUS_006322,upsizer,71654,54840,0.433,0.427
CUS_006323,first_home,38095,13409,0.115,0.829
CUS_006324,investor,56776,34749,0.327,0.514
CUS_006325,upsizer,79044,29993,0.498,0.638
CUS_006326,investor,81219,22511,0.671,0.387
CUS_006327,first_home,54233,12876,0.829,0.77
CUS_006328,first_home,57743,29717,0.36,0.699
CUS_006329,investor,16000,10398,0.873,0.6
CUS_006330,upsizer,118448,59604,0.727,0.65
CUS_006331,upsizer,79329,36567,0.809,0.478
CUS_006332,first_home,63563,13252,0.791,0.681
CUS_006333,upsizer,92086,38252,0.463,0.355
CUS_006334,first_home,23431,10490,0.986,0.879
CUS_006335,investor,56338,14471,0.869,0.474
CUS_006336,first_home,46925,23153,0.578,0.736
CUS_006337,first_home,45229,13174,0.893,0.622
CUS_006338,investor,84177,29012,1.0,0.33
CUS_006339,first_home,28858,16004,0.795,0.871
CUS_006340,upsizer,61946,43561,0.097,0.533
CUS_006341,first_home,40663,27956,0.171,0.724
CUS_006342,upsizer,41118,16038,0.63,0.518
CUS_006343,first_home,16000,8231,0.344,0.648
CUS_006344,first_home,59325,31441,0.387,0.742
CUS_006345,first_home,33963,17964,0.619,0.776
CUS_006346,investor,105612,46349,0.472,0.227
CUS_006347,premium,133520,86700,0.768,0.425
CUS_006348,first_home,40858,12493,0.798,0.759
CUS_006349,first_home,50668,10680,0.315,0.597
CUS_006350,first_home,49012,23523,0.63,0.722
CUS_006351,investor,49821,17947,0.444,0.535
CUS_006352,investor,96562,73521,0.736,0.361
CUS_006353,premium,151448,50370,0.51,0.65
CUS_006354,first_home,37225,22428,0.786,0.789
CUS_006355,first_home,25635,12860,0.544,0.865
CUS_006356,first_home,31505,5186,0.939,0.632
CUS_006357,upsizer,75750,39642,0.625,0.489
CUS_006358,investor,59090,17680,0.194,0.415
CUS_006359,first_home,58109,49336,0.696,0.678
CUS_006360,premium,90551,24856,0.488,0.269
CUS_006361,investor,54850,13741,0.074,0.562
CUS_006362,first_home,61038,1500,0.482,0.503
CUS_006363,first_home,38054,10609,0.693,0.778
CUS_006364,premium,176260,96482,0.746,0.041
CUS_006365,investor,75954,17544,0.72,0.201
CUS_006366,first_home,33573,17100,0.555,0.831
CUS_006367,first_home,51455,23830,0.471,0.753
CUS_006368,first_home,28454,6859,0.343,0.881
CUS_006369,investor,96473,38132,0.762,0.64
CUS_006370,first_home,44651,11038,0.729,0.571
CUS_006371,first_home,26725,15268,0.418,0.505
CUS_006372,first_home,17670,1568,0.914,0.897
CUS_006373,upsizer,104598,57463,0.778,0.439
CUS_006374,first_home,73361,21035,0.781,1.0
CUS_006375,first_home,44506,19479,0.555,0.875
CUS_006376,first_home,46809,23429,1.0,0.932
CUS_006377,investor,54093,23914,0.366,0.464
CUS_006378,upsizer,95638,75343,0.049,0.415
CUS_006379,upsizer,58726,20054,0.779,0.329
CUS_006380,first_home,52965,9022,0.792,0.728
CUS_006381,first_home,46288,37391,0.765,0.748
CUS_006382,first_home,46580,22523,0.859,0.774
CUS_006383,investor,44597,19821,0.839,0.46
CUS_006384,investor,32851,26954,0.851,0.347
CUS_006385,first_home,42401,7711,0.656,0.714
CUS_006386,first_home,50631,20384,0.656,0.682
CUS_006387,first_home,30287,6736,0.597,0.617
CUS_006388,investor,110505,44013,0.822,0.61
CUS_006389,first_home,56617,9083,0.397,0.557
CUS_006390,first_home,41075,17849,0.53,0.847
CUS_006391,first_home,35089,14793,0.309,0.823
CUS_006392,first_home,51418,21207,0.718,0.836
CUS_006393,first_home,49049,1500,0.957,0.623
CUS_006394,investor,101008,56276,0.367,0.709
CUS_006395,investor,88394,33375,0.168,0.571
CUS_006396,first_home,40648,36270,0.547,0.713
CUS_006397,first_home,47543,15916,0.636,0.82
CUS_006398,upsizer,45799,13974,0.523,0.727
CUS_006399,upsizer,100707,45194,0.273,0.406
CUS_006400,investor,81558,16127,0.826,0.292
CUS_006401,investor,69123,44277,0.642,0.36
CUS_006402,premium,141939,35765,0.994,0.117
CUS_006403,investor,43416,11784,0.794,0.596
CUS_006404,first_home,43407,24833,0.359,0.784
CUS_006405,first_home,30686,14365,0.676,1.0
CUS_006406,first_home,40625,18878,0.703,0.746
CUS_006407,premium,135641,25127,0.953,0.256
CUS_006408,investor,71230,43082,0.423,0.251
CUS_006409,upsizer,56726,13862,0.261,0.538
CUS_006410,first_home,51638,6170,0.569,0.799
CUS_006411,first_home,37159,18451,0.513,0.535
CUS_006412,investor,82590,32319,0.507,0.39
CUS_006413,upsizer,89866,34773,0.641,0.721
CUS_006414,premium,70214,38649,0.0,0.165
CUS_006415,first_home,45475,16937,0.289,0.604
CUS_006416,upsizer,75079,8645,0.59,0.478
CUS_006417,upsizer,46121,17012,0.54,0.608
CUS_006418,upsizer,52557,25323,1.0,0.1
CUS_006419,investor,56372,26049,0.563,0.377
CUS_006420,premium,64324,25586,0.235,0.222
CUS_006421,first_home,43715,37769,0.393,0.665
CUS_006422,first_home,49554,36112,0.798,1.0
CUS_006423,first_home,22763,4868,0.499,0.507
CUS_006424,first_home,29971,5500,0.072,0.809
CUS_006425,upsizer,84565,56547,0.72,1.0
CUS_006426,investor,71689,44574,0.835,0.443
CUS_006427,first_home,43966,30614,0.534,0.795
CUS_006428,premium,106568,37304,0.428,0.275
CUS_006429,investor,60873,24418,0.764,0.734
CUS_006430,first_home,31420,3453,0.082,0.579
CUS_006431,investor,87290,39796,0.742,0.462
CUS_006432,first_home,16495,5196,0.57,0.656
CUS_006433,investor,70555,20425,0.772,0.46
CUS_006434,premium,166307,99164,0.289,0.461
CUS_006435,first_home,42942,17260,0.546,0.891
CUS_006436,first_home,35648,20621,0.794,0.541
CUS_006437,investor,45856,18828,0.692,0.288
CUS_006438,upsizer,49835,26346,0.0,0.869
CUS_006439,first_home,30974,6001,0.765,0.918
CUS_006440,premium,121849,30748,0.816,0.273
CUS_006441,investor,98297,50289,0.661,0.264
CUS_006442,first_home,45068,33109,0.577,0.822
CUS_006443,first_home,29265,15041,0.801,0.477
CUS_006444,first_home,18828,8148,0.59,0.782
CUS_006445,first_home,53716,37624,0.133,0.738
CUS_006446,first_home,54950,21472,0.384,0.878
CUS_006447,investor,90169,25844,0.932,0.602
CUS_006448,investor,54723,23599,0.503,0.549
CUS_006449,first_home,35990,17890,0.616,0.867
CUS_006450,first_home,29279,5917,0.159,0.722
CUS_006451,first_home,31394,14229,0.69,0.641
CUS_006452,upsizer,58916,7048,0.705,0.89
CUS_006453,upsizer,73293,27551,1.0,0.742
CUS_006454,investor,66128,26571,0.754,0.635
CUS_006455,first_home,51277,21752,0.792,0.73
CUS_006456,upsizer,79212,6143,0.123,0.624
CUS_006457,premium,90858,40713,0.426,0.301
CUS_006458,first_home,38707,22733,1.0,0.965
CUS_006459,first_home,37199,25424,0.777,0.867
CUS_006460,first_home,56574,39123,0.676,0.503
CUS_006461,investor,62995,27376,0.999,0.498
CUS_006462,first_home,43522,38131,0.359,0.824
CUS_006463,first_home,53571,15706,0.653,0.894
CUS_006464,first_home,37244,11132,0.678,0.698
CUS_006465,first_home,52432,22717,0.529,0.738
CUS_006466,investor,55388,32064,0.22,0.258
CUS_006467,first_home,52172,28475,0.92,1.0
CUS_006468,first_home,53393,1500,0.584,0.767
CUS_006469,investor,88992,22820,0.668,0.529
CUS_006470,upsizer,83836,47627,0.396,0.86
CUS_006471,first_home,33953,9169,0.387,0.714
CUS_006472,first_home,48027,19539,0.481,0.592
CUS_006473,first_home,49722,24594,0.506,0.722
CUS_006474,first_home,40901,21148,0.829,0.807
CUS_006475,upsizer,74078,43330,0.653,0.339
CUS_006476,upsizer,109894,72399,0.323,0.752
CUS_006477,first_home,35658,19393,0.2,0.678
CUS_006478,first_home,35725,7469,0.786,0.726
CUS_006479,first_home,62520,33483,0.811,0.986
CUS_006480,investor,36247,22644,0.487,0.395
CUS_006481,first_home,45093,23071,0.409,0.819
CUS_006482,first_home,40835,27039,0.573,0.814
CUS_006483,first_home,24281,11479,0.574,0.696
CUS_006484,investor,71447,29089,0.627,0.275
CUS_006485,upsizer,64996,18039,0.817,0.494
CUS_006486,first_home,16000,12739,0.797,0.807
CUS_006487,investor,95710,23147,0.768,0.486
CUS_006488,premium,162912,69912,0.316,0.27
CUS_006489,first_home,33682,12323,0.687,0.469
CUS_006490,upsizer,63584,12071,0.641,0.324
CUS_006491,investor,81702,48193,0.253,0.497
CUS_006492,first_home,46813,24334,0.47,0.551
CUS_006493,investor,89018,42187,0.679,0.337
CUS_006494,first_home,39545,12539,0.22,0.631
CUS_006495,first_home,50622,26901,0.418,0.814
CUS_006496,first_home,28658,10976,0.583,0.63
CUS_006497,investor,89974,46479,0.459,0.228
CUS_006498,upsizer,90149,62068,0.82,0.856
CUS_006499,first_home,54186,1500,0.737,0.635
CUS_006500,first_home,32323,19729,0.246,0.553
