reservation_id,lead_id,customer_id,project_id,unit_id,reservation_date,deposit_eur,financing_ratio,status,cancel_date
RES_0000001,LEAD_0006374,CUS_004809,PRJ_0024,PRJ_0024_U008,2024-03-21,7184.06,0.604,converted,
RES_0000002,LEAD_0000674,CUS_006308,PRJ_0005,PRJ_0005_U053,2024-12-04,12916.62,0.611,converted,
RES_0000003,LEAD_0002222,CUS_005389,PRJ_0008,PRJ_0008_U063,2024-04-08,12692.3,0.785,converted,
RES_0000004,LEAD_0006460,CUS_005346,PRJ_0025,PRJ_0025_U025,2023-07-02,14885.13,0.457,converted,
RES_0000005,LEAD_0005643,CUS_003746,PRJ_0015,PRJ_0015_U060,2023-05-17,24023.24,0.505,converted,
RES_0000006,LEAD_0005838,CUS_001503,PRJ_0014,PRJ_0014_U085,2025-12-05,11595.15,0.311,converted,
RES_0000007,LEAD_0008787,CUS_001287,PRJ_0004,PRJ_0004_U060,2023-07-28,9521.77,0.492,converted,
RES_0000008,LEAD_0008175,CUS_003114,PRJ_0017,PRJ_0017_U099,2023-02-07,19557.6,0.516,converted,
RES_0000009,LEAD_0004378,CUS_006322,PRJ_0001,PRJ_0001_U006,2025-12-25,33373.04,0.523,converted,
RES_0000010,LEAD_0001559,CUS_004058,PRJ_0007,PRJ_0007_U076,2025-10-23,26685.6,0.486,converted,
RES_0000011,LEAD_0005174,CUS_005682,PRJ_0027,PRJ_0027_U094,2024-09-06,11375.83,0.675,converted,
RES_0000012,LEAD_0009213,CUS_001927,PRJ_0015,PRJ_0015_U034,2025-02-20,12878.03,0.852,converted,
RES_0000013,LEAD_0010376,CUS_004203,PRJ_0026,PRJ_0026_U058,2025-05-06,8083.03,0.315,converted,
RES_0000014,LEAD_0008904,CUS_006340,PRJ_0018,PRJ_0018_U008,2021-05-11,19122.57,0.376,converted,
RES_0000015,LEAD_0008180,CUS_000110,PRJ_0008,PRJ_0008_U037,2021-07-27,10285.4,0.516,converted,
RES_0000016,LEAD_0010315,CUS_002915,PRJ_0017,PRJ_0017_U034,2023-07-24,11275.67,0.292,converted,
RES_0000017,LEAD_0007782,CUS_000597,PRJ_0026,PRJ_0026_U047,2024-02-17,22347.42,0.374,converted,
RES_0000018,LEAD_0001278,CUS_005459,PRJ_0027,PRJ_0027_U029,2023-02-11,10683.59,0.665,converted,
RES_0000019,LEAD_0002904,CUS_002941,PRJ_0021,PRJ_0021_U003,2022-08-25,14795.9,0.607,converted,
RES_0000020,LEAD_0008945,CUS_005941,PRJ_0001,PRJ_0001_U027,2023-04-19,25683.9,0.751,converted,
RES_0000021,LEAD_0006235,CUS_005349,PRJ_0016,PRJ_0016_U029,2026-01-05,10884.76,0.659,converted,
RES_0000022,LEAD_0001922,CUS_003775,PRJ_0002,PRJ_0002_U004,2022-10-18,41279.47,0.652,converted,
RES_0000023,LEAD_0001632,CUS_002302,PRJ_0028,PRJ_0028_U035,2021-12-20,18149.17,0.399,converted,
RES_0000024,LEAD_0003384,CUS_001855,PRJ_0013,PRJ_0013_U009,2023-02-25,18584.72,0.386,converted,
RES_0000025,LEAD_0007891,CUS_002019,PRJ_0014,PRJ_0014_U104,2025-01-19,18673.55,0.575,converted,
RES_0000026,LEAD_0001248,CUS_000483,PRJ_0003,PRJ_0003_U046,2022-09-30,21859.07,0.528,converted,
RES_0000027,LEAD_0007504,CUS_001349,PRJ_0023,PRJ_0023_U052,2024-06-02,28571.41,0.43,converted,
RES_0000028,LEAD_0005072,CUS_005861,PRJ_0021,PRJ_0021_U028,2025-10-05,10402.22,0.685,converted,
RES_0000029,LEAD_0005282,CUS_005583,PRJ_0018,PRJ_0018_U075,2023-10-27,28299.99,0.088,converted,
RES_0000030,LEAD_0002702,CUS_003388,PRJ_0001,PRJ_0001_U038,2025-04-09,70878.06,0.52,converted,
RES_0000031,LEAD_0003747,CUS_004731,PRJ_0024,PRJ_0024_U017,2021-03-28,29154.36,0.46,converted,
RES_0000032,LEAD_0002933,CUS_000709,PRJ_0019,PRJ_0019_U091,2021-06-25,40390.7,0.681,converted,
RES_0000033,LEAD_0004003,CUS_000540,PRJ_0015,PRJ_0015_U010,2022-08-23,16818.45,0.365,converted,
RES_0000034,LEAD_0006097,CUS_002543,PRJ_0002,PRJ_0002_U044,2023-02-02,9004.49,0.501,converted,
RES_0000035,LEAD_0010209,CUS_005100,PRJ_0009,PRJ_0009_U071,2021-06-09,25679.41,0.59,converted,
RES_0000036,LEAD_0002479,CUS_005594,PRJ_0016,PRJ_0016_U075,2021-11-03,15352.02,0.541,converted,
RES_0000037,LEAD_0007377,CUS_000823,PRJ_0001,PRJ_0001_U012,2021-10-10,22802.09,0.399,converted,
RES_0000038,LEAD_0004831,CUS_004360,PRJ_0020,PRJ_0020_U008,2023-11-15,11597.74,0.428,converted,
RES_0000039,LEAD_0007838,CUS_001892,PRJ_0007,PRJ_0007_U067,2024-12-16,14625.87,0.473,converted,
RES_0000040,LEAD_0003704,CUS_001479,PRJ_0016,PRJ_0016_U098,2024-04-16,23899.18,0.54,converted,
RES_0000041,LEAD_0001057,CUS_003888,PRJ_0012,PRJ_0012_U055,2022-01-23,15390.33,0.615,converted,
RES_0000042,LEAD_0008696,CUS_006343,PRJ_0005,PRJ_0005_U026,2026-01-05,6919.11,0.649,converted,
RES_0000043,LEAD_0008628,CUS_004825,PRJ_0014,PRJ_0014_U102,2024-03-28,21500.41,0.54,converted,
RES_0000044,LEAD_0001524,CUS_003599,PRJ_0002,PRJ_0002_U034,2022-01-20,17533.62,0.281,converted,
RES_0000045,LEAD_0008502,CUS_006175,PRJ_0001,PRJ_0001_U042,2024-08-19,16383.47,0.637,converted,
RES_0000046,LEAD_0006962,CUS_006344,PRJ_0021,PRJ_0021_U037,2023-02-08,26866.86,0.762,converted,
RES_0000047,LEAD_0003017,CUS_005930,PRJ_0026,PRJ_0026_U017,2024-11-12,18588.77,0.695,converted,
RES_0000048,LEAD_0007840,CUS_000683,PRJ_0017,PRJ_0017_U033,2024-05-26,26165.13,0.619,converted,
RES_0000049,LEAD_0009542,CUS_001653,PRJ_0011,PRJ_0011_U070,2024-01-28,26232.43,0.623,converted,
RES_0000050,LEAD_0001884,CUS_003952,PRJ_0005,PRJ_0005_U066,2022-08-31,31749.81,0.818,converted,
RES_0000051,LEAD_0006329,CUS_005408,PRJ_0028,PRJ_0028_U050,2024-10-11,20556.06,0.462,converted,
RES_0000052,LEAD_0005099,CUS_000982,PRJ_0026,PRJ_0026_U044,2023-12-29,16709.67,0.54,converted,
RES_0000053,LEAD_0006301,CUS_004384,PRJ_0012,PRJ_0012_U037,2024-02-17,10107.27,0.515,converted,
RES_0000054,LEAD_0008599,CUS_005307,PRJ_0024,PRJ_0024_U051,2024-03-12,12824.82,0.648,converted,
RES_0000055,LEAD_0008251,CUS_000951,PRJ_0023,PRJ_0023_U037,2025-03-09,16658.61,0.628,converted,
RES_0000056,LEAD_0006114,CUS_001752,PRJ_0010,PRJ_0010_U013,2023-09-23,18444.22,0.276,converted,
RES_0000057,LEAD_0000120,CUS_000987,PRJ_0019,PRJ_0019_U046,2024-02-09,22656.41,0.488,converted,
RES_0000058,LEAD_0000488,CUS_001670,PRJ_0010,PRJ_0010_U043,2021-09-23,7160.01,0.313,converted,
RES_0000059,LEAD_0006327,CUS_002892,PRJ_0010,PRJ_0010_U059,2025-12-16,13958.13,0.723,converted,
RES_0000060,LEAD_0003521,CUS_002950,PRJ_0014,PRJ_0014_U058,2025-03-11,13276.97,0.481,converted,
RES_0000061,LEAD_0006637,CUS_002507,PRJ_0028,PRJ_0028_U046,2022-05-15,18975.45,0.398,converted,
RES_0000062,LEAD_0007820,CUS_002468,PRJ_0008,PRJ_0008_U092,2024-02-28,14580.3,0.627,converted,
RES_0000063,LEAD_0001112,CUS_003197,PRJ_0016,PRJ_0016_U096,2022-04-13,9998.36,0.612,converted,
RES_0000064,LEAD_0004615,CUS_005442,PRJ_0006,PRJ_0006_U011,2023-10-28,24494.44,0.736,converted,
RES_0000065,LEAD_0002329,CUS_003511,PRJ_0026,PRJ_0026_U070,2025-03-02,16090.88,0.434,converted,
RES_0000066,LEAD_0010320,CUS_003301,PRJ_0003,PRJ_0003_U005,2021-04-30,18903.07,0.704,converted,
RES_0000067,LEAD_0009204,CUS_004966,PRJ_0023,PRJ_0023_U068,2024-01-11,28650.96,0.413,converted,
RES_0000068,LEAD_0006862,CUS_005326,PRJ_0027,PRJ_0027_U031,2021-02-19,15406.31,0.678,converted,
RES_0000069,LEAD_0002677,CUS_002316,PRJ_0020,PRJ_0020_U014,2022-12-13,29377.15,0.443,converted,
RES_0000070,LEAD_0009449,CUS_002966,PRJ_0012,PRJ_0012_U121,2025-03-07,15347.83,0.575,converted,
RES_0000071,LEAD_0008198,CUS_001693,PRJ_0009,PRJ_0009_U047,2023-09-15,20710.27,0.541,converted,
RES_0000072,LEAD_0009669,CUS_001918,PRJ_0027,PRJ_0027_U010,2024-06-09,11100.0,0.335,converted,
RES_0000073,LEAD_0003915,CUS_001827,PRJ_0026,PRJ_0026_U018,2023-08-19,20274.43,0.488,converted,
RES_0000074,LEAD_0008965,CUS_002374,PRJ_0015,PRJ_0015_U053,2024-08-17,13850.32,0.765,converted,
RES_0000075,LEAD_0006394,CUS_005933,PRJ_0001,PRJ_0001_U001,2025-03-01,21200.05,0.397,converted,
RES_0000076,LEAD_0009616,CUS_000836,PRJ_0017,PRJ_0017_U026,2023-12-04,17585.36,0.548,converted,
RES_0000077,LEAD_0001661,CUS_003159,PRJ_0014,PRJ_0014_U059,2024-03-25,13146.51,0.589,converted,
RES_0000078,LEAD_0004420,CUS_001807,PRJ_0008,PRJ_0008_U100,2023-09-28,25227.08,0.779,converted,
RES_0000079,LEAD_0007227,CUS_004443,PRJ_0017,PRJ_0017_U092,2024-04-15,11370.88,0.85,converted,
RES_0000080,LEAD_0008577,CUS_005102,PRJ_0010,PRJ_0010_U006,2022-02-28,48479.73,0.788,converted,
RES_0000081,LEAD_0004808,CUS_006189,PRJ_0006,PRJ_0006_U116,2024-03-07,19247.79,0.569,converted,
RES_0000082,LEAD_0003081,CUS_005440,PRJ_0022,PRJ_0022_U009,2022-11-26,47512.55,0.349,converted,
RES_0000083,LEAD_0003060,CUS_000543,PRJ_0028,PRJ_0028_U017,2025-01-23,19162.32,0.309,converted,
RES_0000084,LEAD_0002361,CUS_003762,PRJ_0015,PRJ_0015_U052,2024-08-18,16951.87,0.536,converted,
RES_0000085,LEAD_0003155,CUS_003361,PRJ_0023,PRJ_0023_U038,2022-01-06,34208.39,0.343,converted,
RES_0000086,LEAD_0008046,CUS_001684,PRJ_0010,PRJ_0010_U052,2024-07-04,21305.21,0.832,converted,
RES_0000087,LEAD_0000252,CUS_001225,PRJ_0013,PRJ_0013_U013,2023-06-01,7417.33,0.355,converted,
RES_0000088,LEAD_0008060,CUS_005297,PRJ_0006,PRJ_0006_U119,2024-10-10,22555.62,0.402,converted,
RES_0000089,LEAD_0002250,CUS_006494,PRJ_0008,PRJ_0008_U009,2022-09-20,17729.76,0.637,converted,
RES_0000090,LEAD_0006687,CUS_005687,PRJ_0004,PRJ_0004_U015,2024-03-30,33225.76,0.602,converted,
RES_0000091,LEAD_0010085,CUS_003337,PRJ_0027,PRJ_0027_U016,2021-01-30,16613.02,0.371,converted,
RES_0000092,LEAD_0001298,CUS_002009,PRJ_0011,PRJ_0011_U069,2024-11-18,15380.02,0.646,converted,
RES_0000093,LEAD_0007883,CUS_003658,PRJ_0008,PRJ_0008_U026,2025-02-19,12337.51,0.843,converted,
RES_0000094,LEAD_0005759,CUS_003034,PRJ_0007,PRJ_0007_U021,2021-02-26,37762.53,0.594,converted,
RES_0000095,LEAD_0002841,CUS_001827,PRJ_0001,PRJ_0001_U016,2021-03-18,26911.46,0.549,converted,
RES_0000096,LEAD_0002246,CUS_003987,PRJ_0010,PRJ_0010_U002,2024-10-28,31669.54,0.454,converted,
RES_0000097,LEAD_0009624,CUS_000768,PRJ_0011,PRJ_0011_U054,2023-04-29,17570.75,0.339,converted,
RES_0000098,LEAD_0007055,CUS_003047,PRJ_0015,PRJ_0015_U057,2023-03-05,12304.2,0.634,converted,
RES_0000099,LEAD_0001161,CUS_002444,PRJ_0005,PRJ_0005_U023,2023-10-10,9007.82,0.267,converted,
RES_0000100,LEAD_0009833,CUS_002260,PRJ_0027,PRJ_0027_U075,2023-07-23,14674.47,0.527,converted,
RES_0000101,LEAD_0001196,CUS_006134,PRJ_0018,PRJ_0018_U031,2022-10-16,31610.62,0.79,converted,
RES_0000102,LEAD_0005738,CUS_000924,PRJ_0013,PRJ_0013_U055,2023-05-25,15410.57,0.613,converted,
RES_0000103,LEAD_0002908,CUS_000964,PRJ_0024,PRJ_0024_U034,2023-03-27,15159.07,0.646,converted,
RES_0000104,LEAD_0004376,CUS_005123,PRJ_0002,PRJ_0002_U010,2021-05-23,21560.03,0.522,converted,
RES_0000105,LEAD_0004583,CUS_000154,PRJ_0004,PRJ_0004_U090,2023-02-27,11551.7,0.631,converted,
RES_0000106,LEAD_0003956,CUS_006389,PRJ_0007,PRJ_0007_U006,2022-08-19,32794.7,0.575,converted,
RES_0000107,LEAD_0010153,CUS_002502,PRJ_0003,PRJ_0003_U063,2025-09-30,5145.04,0.441,converted,
RES_0000108,LEAD_0001531,CUS_002238,PRJ_0002,PRJ_0002_U023,2023-09-07,18753.26,0.57,converted,
RES_0000109,LEAD_0007175,CUS_005679,PRJ_0020,PRJ_0020_U044,2022-02-23,20564.26,0.42,converted,
RES_0000110,LEAD_0004405,CUS_000100,PRJ_0028,PRJ_0028_U043,2021-07-25,30013.26,0.596,converted,
RES_0000111,LEAD_0004380,CUS_005104,PRJ_0024,PRJ_0024_U112,2022-04-28,15254.83,0.299,converted,
RES_0000112,LEAD_0001733,CUS_001735,PRJ_0009,PRJ_0009_U051,2025-07-06,45448.49,0.534,converted,
RES_0000113,LEAD_0005215,CUS_004609,PRJ_0021,PRJ_0021_U023,2022-04-18,21107.6,0.613,converted,
RES_0000114,LEAD_0000533,CUS_004229,PRJ_0009,PRJ_0009_U023,2024-01-01,39355.05,0.346,converted,
RES_0000115,LEAD_0006011,CUS_006351,PRJ_0023,PRJ_0023_U057,2024-04-12,16558.16,0.492,converted,
RES_0000116,LEAD_0005731,CUS_000055,PRJ_0020,PRJ_0020_U020,2023-01-02,16751.63,0.723,converted,
RES_0000117,LEAD_0002886,CUS_004770,PRJ_0011,PRJ_0011_U001,2022-05-05,17683.22,0.645,converted,
RES_0000118,LEAD_0005268,CUS_005292,PRJ_0007,PRJ_0007_U059,2025-03-10,19443.92,0.589,converted,
RES_0000119,LEAD_0006848,CUS_003719,PRJ_0021,PRJ_0021_U005,2021-04-03,9212.06,0.542,converted,
RES_0000120,LEAD_0008181,CUS_001446,PRJ_0022,PRJ_0022_U025,2021-07-09,14428.06,0.674,converted,
RES_0000121,LEAD_0004393,CUS_000992,PRJ_0004,PRJ_0004_U011,2021-03-17,11793.74,0.316,converted,
RES_0000122,LEAD_0002590,CUS_000813,PRJ_0013,PRJ_0013_U002,2024-02-18,11043.74,0.377,converted,
RES_0000123,LEAD_0006443,CUS_000677,PRJ_0019,PRJ_0019_U053,2022-08-07,22238.78,0.42,converted,
RES_0000124,LEAD_0000458,CUS_001822,PRJ_0020,PRJ_0020_U061,2023-07-27,11365.21,0.433,converted,
RES_0000125,LEAD_0005407,CUS_003248,PRJ_0018,PRJ_0018_U027,2022-04-02,27730.77,0.552,converted,
RES_0000126,LEAD_0005621,CUS_003684,PRJ_0023,PRJ_0023_U006,2023-11-16,20489.18,0.379,converted,
RES_0000127,LEAD_0009814,CUS_004215,PRJ_0015,PRJ_0015_U028,2025-08-06,22727.06,0.554,converted,
RES_0000128,LEAD_0004511,CUS_002488,PRJ_0011,PRJ_0011_U007,2024-03-04,13584.94,0.723,converted,
RES_0000129,LEAD_0009620,CUS_001464,PRJ_0021,PRJ_0021_U039,2022-05-22,18881.82,0.364,converted,
RES_0000130,LEAD_0001447,CUS_001300,PRJ_0013,PRJ_0013_U006,2025-06-09,15618.69,0.299,converted,
RES_0000131,LEAD_0004254,CUS_005633,PRJ_0013,PRJ_0013_U019,2024-02-11,25176.47,0.652,converted,
RES_0000132,LEAD_0003001,CUS_004311,PRJ_0007,PRJ_0007_U072,2024-08-29,31165.51,0.612,converted,
RES_0000133,LEAD_0001618,CUS_002168,PRJ_0005,PRJ_0005_U064,2021-03-06,9142.53,0.269,converted,
RES_0000134,LEAD_0006240,CUS_006053,PRJ_0015,PRJ_0015_U036,2021-09-28,14065.55,0.581,converted,
RES_0000135,LEAD_0000884,CUS_005859,PRJ_0006,PRJ_0006_U031,2025-01-02,20333.59,0.33,converted,
RES_0000136,LEAD_0007855,CUS_002299,PRJ_0015,PRJ_0015_U042,2021-06-04,26574.23,0.603,converted,
RES_0000137,LEAD_0004314,CUS_003543,PRJ_0018,PRJ_0018_U063,2023-09-17,37762.69,0.727,converted,
RES_0000138,LEAD_0001083,CUS_003510,PRJ_0023,PRJ_0023_U036,2024-12-13,21476.91,0.617,converted,
RES_0000139,LEAD_0002649,CUS_003197,PRJ_0014,PRJ_0014_U060,2023-02-14,14672.72,0.586,converted,
RES_0000140,LEAD_0003134,CUS_001796,PRJ_0001,PRJ_0001_U008,2023-03-02,7814.81,0.359,converted,
RES_0000141,LEAD_0003474,CUS_005457,PRJ_0001,PRJ_0001_U011,2024-05-14,42792.61,0.518,converted,
RES_0000142,LEAD_0010285,CUS_002557,PRJ_0007,PRJ_0007_U068,2025-10-26,20221.51,0.772,converted,
RES_0000143,LEAD_0007087,CUS_004767,PRJ_0011,PRJ_0011_U085,2022-05-22,18657.92,0.536,converted,
RES_0000144,LEAD_0000260,CUS_001024,PRJ_0019,PRJ_0019_U089,2024-05-06,15689.6,0.422,converted,
RES_0000145,LEAD_0005457,CUS_000144,PRJ_0021,PRJ_0021_U024,2023-09-26,15934.35,0.838,converted,
RES_0000146,LEAD_0010375,CUS_001742,PRJ_0015,PRJ_0015_U003,2023-03-25,18000.77,0.675,converted,
RES_0000147,LEAD_0009234,CUS_004140,PRJ_0028,PRJ_0028_U021,2022-08-08,16318.9,0.731,converted,
RES_0000148,LEAD_0001471,CUS_005232,PRJ_0003,PRJ_0003_U019,2023-07-23,23855.81,0.572,converted,
RES_0000149,LEAD_0004705,CUS_003611,PRJ_0019,PRJ_0019_U023,2023-12-11,15194.61,0.676,converted,
RES_0000150,LEAD_0003998,CUS_004297,PRJ_0012,PRJ_0012_U097,2025-05-12,32785.73,0.768,converted,
RES_0000151,LEAD_0004864,CUS_004346,PRJ_0009,PRJ_0009_U063,2024-10-09,30602.2,0.818,converted,
RES_0000152,LEAD_0005577,CUS_003452,PRJ_0025,PRJ_0025_U001,2023-08-04,7946.18,0.508,converted,
RES_0000153,LEAD_0007886,CUS_006259,PRJ_0018,PRJ_0018_U013,2025-11-21,25682.69,0.368,converted,
RES_0000154,LEAD_0004369,CUS_001427,PRJ_0023,PRJ_0023_U046,2022-08-21,14923.89,0.365,converted,
RES_0000155,LEAD_0008359,CUS_002656,PRJ_0010,PRJ_0010_U034,2023-07-22,24903.3,0.69,converted,
RES_0000156,LEAD_0009394,CUS_006133,PRJ_0015,PRJ_0015_U005,2023-07-03,14843.29,0.763,converted,
RES_0000157,LEAD_0001964,CUS_004462,PRJ_0020,PRJ_0020_U029,2024-10-07,34794.95,0.511,converted,
RES_0000158,LEAD_0010286,CUS_003260,PRJ_0023,PRJ_0023_U015,2025-03-18,28452.95,0.706,converted,
RES_0000159,LEAD_0008672,CUS_000650,PRJ_0009,PRJ_0009_U026,2025-06-26,21755.76,0.837,converted,
RES_0000160,LEAD_0003772,CUS_001549,PRJ_0013,PRJ_0013_U016,2021-03-05,12446.54,0.334,converted,
RES_0000161,LEAD_0006607,CUS_005960,PRJ_0015,PRJ_0015_U040,2025-10-06,18814.03,0.702,converted,
RES_0000162,LEAD_0000170,CUS_002950,PRJ_0021,PRJ_0021_U038,2024-02-20,30882.34,0.481,cancelled,2024-05-02
RES_0000163,LEAD_0006335,CUS_002899,PRJ_0018,PRJ_0018_U054,2025-01-15,20403.08,0.632,converted,
RES_0000164,LEAD_0007365,CUS_003083,PRJ_0027,PRJ_0027_U013,2023-10-29,22841.51,0.694,converted,
RES_0000165,LEAD_0007825,CUS_000496,PRJ_0001,PRJ_0001_U059,2025-01-17,21399.6,0.558,converted,
RES_0000166,LEAD_0008522,CUS_002201,PRJ_0004,PRJ_0004_U037,2025-11-18,38587.96,0.329,converted,
RES_0000167,LEAD_0008301,CUS_003234,PRJ_0004,PRJ_0004_U020,2023-11-10,17961.22,0.504,converted,
RES_0000168,LEAD_0005903,CUS_004260,PRJ_0010,PRJ_0010_U044,2025-07-29,26058.34,0.703,converted,
RES_0000169,LEAD_0006570,CUS_006009,PRJ_0023,PRJ_0023_U077,2023-12-01,33221.68,0.379,converted,
RES_0000170,LEAD_0000928,CUS_005820,PRJ_0018,PRJ_0018_U057,2025-06-05,37189.83,0.591,converted,
RES_0000171,LEAD_0003892,CUS_002083,PRJ_0001,PRJ_0001_U036,2023-07-10,54712.11,0.528,converted,
RES_0000172,LEAD_0010255,CUS_004357,PRJ_0020,PRJ_0020_U013,2024-12-21,14830.08,0.563,converted,
RES_0000173,LEAD_0000857,CUS_001786,PRJ_0023,PRJ_0023_U075,2022-08-17,22777.55,0.466,converted,
RES_0000174,LEAD_0001692,CUS_003514,PRJ_0017,PRJ_0017_U064,2024-02-02,15707.16,0.548,converted,
RES_0000175,LEAD_0010060,CUS_001440,PRJ_0024,PRJ_0024_U066,2023-01-13,25033.22,0.47,converted,
RES_0000176,LEAD_0004795,CUS_005222,PRJ_0027,PRJ_0027_U074,2021-06-27,5487.63,0.735,converted,
RES_0000177,LEAD_0007179,CUS_001592,PRJ_0002,PRJ_0002_U025,2025-09-23,25341.94,0.714,cancelled,2025-12-25
RES_0000178,LEAD_0008236,CUS_004434,PRJ_0024,PRJ_0024_U030,2024-06-17,18790.21,0.357,converted,
RES_0000179,LEAD_0010358,CUS_004768,PRJ_0009,PRJ_0009_U039,2025-09-05,27253.64,0.764,converted,
RES_0000180,LEAD_0007628,CUS_004939,PRJ_0028,PRJ_0028_U027,2021-03-13,26138.84,0.642,converted,
RES_0000181,LEAD_0004353,CUS_003184,PRJ_0018,PRJ_0018_U067,2023-12-28,42504.95,0.867,cancelled,2024-03-08
RES_0000182,LEAD_0009053,CUS_006076,PRJ_0018,PRJ_0018_U070,2025-07-28,14180.78,0.37,converted,
RES_0000183,LEAD_0005355,CUS_005165,PRJ_0022,PRJ_0022_U011,2025-10-17,24554.39,0.716,converted,
RES_0000184,LEAD_0004030,CUS_003356,PRJ_0015,PRJ_0015_U035,2023-09-20,8553.15,0.72,converted,
RES_0000185,LEAD_0006435,CUS_001448,PRJ_0006,PRJ_0006_U081,2025-05-25,11450.08,0.66,converted,
RES_0000186,LEAD_0003255,CUS_001759,PRJ_0028,PRJ_0028_U053,2024-10-06,19260.8,0.526,converted,
RES_0000187,LEAD_0000048,CUS_005708,PRJ_0007,PRJ_0007_U029,2021-03-02,24777.09,0.338,converted,
RES_0000188,LEAD_0004641,CUS_006350,PRJ_0010,PRJ_0010_U038,2023-10-24,42670.24,0.782,converted,
RES_0000189,LEAD_0001761,CUS_004587,PRJ_0002,PRJ_0002_U042,2024-10-20,9715.83,0.475,converted,
RES_0000190,LEAD_0008982,CUS_003460,PRJ_0003,PRJ_0003_U017,2022-12-11,7832.89,0.408,converted,
RES_0000191,LEAD_0007437,CUS_000129,PRJ_0027,PRJ_0027_U101,2025-04-22,11511.25,0.607,converted,
RES_0000192,LEAD_0010003,CUS_002296,PRJ_0022,PRJ_0022_U029,2025-03-15,20387.36,0.748,converted,
RES_0000193,LEAD_0004924,CUS_004359,PRJ_0027,PRJ_0027_U092,2022-11-24,32308.15,0.541,converted,
RES_0000194,LEAD_0001285,CUS_004913,PRJ_0024,PRJ_0024_U065,2023-03-01,14228.72,0.79,converted,
RES_0000195,LEAD_0009997,CUS_003861,PRJ_0027,PRJ_0027_U045,2021-05-02,18707.7,0.378,converted,
RES_0000196,LEAD_0008127,CUS_001081,PRJ_0014,PRJ_0014_U084,2024-01-01,25150.78,0.591,converted,
RES_0000197,LEAD_0008117,CUS_002175,PRJ_0024,PRJ_0024_U064,2025-09-18,14462.88,0.651,converted,
RES_0000198,LEAD_0010258,CUS_006411,PRJ_0020,PRJ_0020_U007,2025-02-13,30467.42,0.585,converted,
RES_0000199,LEAD_0009155,CUS_000854,PRJ_0021,PRJ_0021_U018,2025-09-13,17085.83,0.329,converted,
RES_0000200,LEAD_0004077,CUS_000062,PRJ_0019,PRJ_0019_U032,2024-09-15,9487.2,0.431,converted,
RES_0000201,LEAD_0005370,CUS_003002,PRJ_0008,PRJ_0008_U095,2022-07-29,8664.61,0.567,converted,
RES_0000202,LEAD_0002699,CUS_005490,PRJ_0001,PRJ_0001_U002,2022-11-09,33664.34,0.779,converted,
RES_0000203,LEAD_0003899,CUS_001428,PRJ_0009,PRJ_0009_U014,2023-11-29,25005.87,0.555,converted,
RES_0000204,LEAD_0001767,CUS_004428,PRJ_0005,PRJ_0005_U022,2025-07-09,9561.46,0.456,converted,
RES_0000205,LEAD_0009746,CUS_003614,PRJ_0027,PRJ_0027_U048,2024-08-11,11618.49,0.255,converted,
RES_0000206,LEAD_0000543,CUS_000637,PRJ_0017,PRJ_0017_U084,2021-02-14,7630.85,0.535,converted,
RES_0000207,LEAD_0000563,CUS_000629,PRJ_0015,PRJ_0015_U020,2025-11-07,6808.17,0.342,converted,
RES_0000208,LEAD_0003949,CUS_003160,PRJ_0017,PRJ_0017_U086,2024-08-31,21315.0,0.424,converted,
RES_0000209,LEAD_0003354,CUS_004709,PRJ_0016,PRJ_0016_U095,2024-03-02,8816.33,0.649,converted,
RES_0000210,LEAD_0008463,CUS_006010,PRJ_0021,PRJ_0021_U032,2025-03-08,11242.78,0.672,cancelled,2025-05-30
RES_0000211,LEAD_0006795,CUS_000251,PRJ_0023,PRJ_0023_U010,2021-07-19,18623.76,0.544,converted,
RES_0000212,LEAD_0003119,CUS_006342,PRJ_0021,PRJ_0021_U021,2023-09-08,12869.73,0.632,converted,
RES_0000213,LEAD_0000901,CUS_000953,PRJ_0011,PRJ_0011_U104,2022-04-08,25234.14,0.635,converted,
RES_0000214,LEAD_0006256,CUS_004689,PRJ_0024,PRJ_0024_U120,2021-05-02,24604.86,0.475,converted,
RES_0000215,LEAD_0000953,CUS_004526,PRJ_0021,PRJ_0021_U035,2021-12-06,20106.07,0.595,converted,
RES_0000216,LEAD_0009610,CUS_000742,PRJ_0010,PRJ_0010_U041,2024-09-17,25080.97,0.58,converted,
RES_0000217,LEAD_0007276,CUS_000567,PRJ_0023,PRJ_0023_U058,2022-02-07,32150.27,0.595,converted,
RES_0000218,LEAD_0000938,CUS_002396,PRJ_0012,PRJ_0012_U109,2023-05-21,16611.16,0.655,converted,
RES_0000219,LEAD_0005757,CUS_005055,PRJ_0013,PRJ_0013_U027,2023-11-17,17296.08,0.719,converted,
RES_0000220,LEAD_0009174,CUS_005137,PRJ_0017,PRJ_0017_U047,2024-07-01,21030.83,0.852,converted,
RES_0000221,LEAD_0002985,CUS_002664,PRJ_0012,PRJ_0012_U025,2021-05-25,27189.44,0.684,converted,
RES_0000222,LEAD_0009151,CUS_004694,PRJ_0021,PRJ_0021_U036,2025-03-01,8783.2,0.608,converted,
RES_0000223,LEAD_0007610,CUS_003610,PRJ_0010,PRJ_0010_U026,2022-01-30,23042.9,0.302,converted,
RES_0000224,LEAD_0008161,CUS_001645,PRJ_0005,PRJ_0005_U067,2022-07-11,15443.81,0.618,converted,
RES_0000225,LEAD_0000287,CUS_005869,PRJ_0014,PRJ_0014_U095,2021-04-02,15427.57,0.374,converted,
RES_0000226,LEAD_0002407,CUS_003780,PRJ_0016,PRJ_0016_U057,2021-10-28,19369.62,0.499,converted,
RES_0000227,LEAD_0006523,CUS_001896,PRJ_0004,PRJ_0004_U073,2022-12-19,24111.66,0.516,cancelled,2023-04-13
RES_0000228,LEAD_0007306,CUS_006380,PRJ_0006,PRJ_0006_U028,2022-09-27,17238.7,0.778,converted,
RES_0000229,LEAD_0005741,CUS_000032,PRJ_0008,PRJ_0008_U039,2025-08-13,28390.44,0.657,converted,
RES_0000230,LEAD_0000837,CUS_003519,PRJ_0026,PRJ_0026_U053,2022-12-12,6692.09,0.758,cancelled,2023-01-26
RES_0000231,LEAD_0002755,CUS_004417,PRJ_0005,PRJ_0005_U065,2022-11-04,15153.19,0.563,converted,
RES_0000232,LEAD_0001157,CUS_000588,PRJ_0016,PRJ_0016_U023,2024-12-23,7494.31,0.548,converted,
RES_0000233,LEAD_0009273,CUS_000128,PRJ_0008,PRJ_0008_U029,2025-04-28,21627.81,0.809,converted,
RES_0000234,LEAD_0003541,CUS_002697,PRJ_0024,PRJ_0024_U036,2025-09-29,12973.77,0.473,converted,
RES_0000235,LEAD_0009460,CUS_000934,PRJ_0009,PRJ_0009_U037,2022-12-22,21047.18,0.628,converted,
RES_0000236,LEAD_0008650,CUS_001974,PRJ_0007,PRJ_0007_U024,2021-06-29,9412.67,0.661,converted,
RES_0000237,LEAD_0002474,CUS_003098,PRJ_0026,PRJ_0026_U045,2022-03-06,18357.12,0.499,converted,
RES_0000238,LEAD_0001348,CUS_000816,PRJ_0001,PRJ_0001_U031,2024-10-19,34068.35,0.447,converted,
RES_0000239,LEAD_0009097,CUS_001056,PRJ_0027,PRJ_0027_U014,2022-04-01,16542.68,0.592,converted,
RES_0000240,LEAD_0005551,CUS_006369,PRJ_0003,PRJ_0003_U025,2024-11-02,20206.37,0.482,converted,
RES_0000241,LEAD_0004078,CUS_001551,PRJ_0026,PRJ_0026_U040,2021-07-28,11018.57,0.871,converted,
RES_0000242,LEAD_0010156,CUS_002588,PRJ_0016,PRJ_0016_U074,2025-08-08,10277.99,0.397,converted,
RES_0000243,LEAD_0009648,CUS_003242,PRJ_0004,PRJ_0004_U086,2021-02-01,14577.48,0.524,converted,
RES_0000244,LEAD_0010227,CUS_003571,PRJ_0013,PRJ_0013_U053,2022-12-11,15735.1,0.614,converted,
RES_0000245,LEAD_0004171,CUS_001483,PRJ_0023,PRJ_0023_U072,2021-01-29,19655.95,0.596,converted,
RES_0000246,LEAD_0005666,CUS_001797,PRJ_0008,PRJ_0008_U070,2024-03-13,21194.03,0.621,converted,
RES_0000247,LEAD_0009406,CUS_003316,PRJ_0012,PRJ_0012_U108,2023-04-06,16929.87,0.574,converted,
RES_0000248,LEAD_0000851,CUS_002089,PRJ_0012,PRJ_0012_U039,2022-11-11,9066.91,0.694,converted,
RES_0000249,LEAD_0001965,CUS_004696,PRJ_0026,PRJ_0026_U009,2023-07-02,15756.25,0.609,converted,
RES_0000250,LEAD_0003144,CUS_003230,PRJ_0003,PRJ_0003_U024,2022-11-28,9191.62,0.552,converted,
RES_0000251,LEAD_0008920,CUS_001996,PRJ_0027,PRJ_0027_U032,2023-10-25,20906.53,0.706,converted,
RES_0000252,LEAD_0001624,CUS_000804,PRJ_0024,PRJ_0024_U117,2025-04-10,33747.0,0.682,converted,
RES_0000253,LEAD_0004735,CUS_006317,PRJ_0006,PRJ_0006_U091,2022-05-21,33405.9,0.361,converted,
RES_0000254,LEAD_0001209,CUS_000654,PRJ_0020,PRJ_0020_U017,2023-02-26,10566.07,0.615,converted,
RES_0000255,LEAD_0008158,CUS_000628,PRJ_0012,PRJ_0012_U124,2025-08-01,18439.22,0.348,converted,
RES_0000256,LEAD_0009965,CUS_003586,PRJ_0001,PRJ_0001_U010,2022-06-17,33044.49,0.551,converted,
RES_0000257,LEAD_0005153,CUS_003657,PRJ_0023,PRJ_0023_U069,2024-09-24,33168.49,0.412,converted,
RES_0000258,LEAD_0003647,CUS_006249,PRJ_0016,PRJ_0016_U038,2022-06-28,11733.83,0.427,converted,
RES_0000259,LEAD_0006464,CUS_002084,PRJ_0019,PRJ_0019_U025,2023-08-23,38281.43,0.316,converted,
RES_0000260,LEAD_0009051,CUS_004952,PRJ_0004,PRJ_0004_U040,2023-07-20,10851.43,0.596,converted,
RES_0000261,LEAD_0000762,CUS_005366,PRJ_0004,PRJ_0004_U002,2024-05-29,18760.28,0.737,converted,
RES_0000262,LEAD_0000266,CUS_001967,PRJ_0027,PRJ_0027_U011,2023-01-16,18878.71,0.4,converted,
RES_0000263,LEAD_0002475,CUS_001642,PRJ_0020,PRJ_0020_U002,2021-04-28,14945.35,0.698,converted,
RES_0000264,LEAD_0005580,CUS_003008,PRJ_0004,PRJ_0004_U043,2023-05-23,13438.38,0.632,converted,
RES_0000265,LEAD_0001513,CUS_006154,PRJ_0002,PRJ_0002_U020,2025-03-15,14964.53,0.477,converted,
RES_0000266,LEAD_0009363,CUS_005688,PRJ_0015,PRJ_0015_U015,2022-05-23,17316.65,0.494,converted,
RES_0000267,LEAD_0000294,CUS_003037,PRJ_0008,PRJ_0008_U077,2024-06-29,13735.55,0.411,converted,
RES_0000268,LEAD_0008574,CUS_000218,PRJ_0020,PRJ_0020_U010,2024-12-18,18036.93,0.625,converted,
RES_0000269,LEAD_0003471,CUS_001332,PRJ_0022,PRJ_0022_U008,2022-01-21,17564.6,0.564,converted,
RES_0000270,LEAD_0006683,CUS_003627,PRJ_0011,PRJ_0011_U076,2025-06-11,16007.05,0.776,converted,
RES_0000271,LEAD_0003827,CUS_002542,PRJ_0007,PRJ_0007_U014,2021-03-05,33764.84,0.596,converted,
RES_0000272,LEAD_0000577,CUS_005390,PRJ_0001,PRJ_0001_U058,2025-10-07,41007.71,0.597,converted,
RES_0000273,LEAD_0003661,CUS_002540,PRJ_0021,PRJ_0021_U030,2025-03-22,12043.85,0.335,converted,
RES_0000274,LEAD_0003786,CUS_004192,PRJ_0015,PRJ_0015_U021,2022-03-13,19920.28,0.441,converted,
RES_0000275,LEAD_0006163,CUS_005286,PRJ_0012,PRJ_0012_U086,2021-11-19,15651.21,0.602,converted,
RES_0000276,LEAD_0000015,CUS_005216,PRJ_0024,PRJ_0024_U029,2023-10-10,28082.41,0.583,converted,
RES_0000277,LEAD_0008622,CUS_000696,PRJ_0010,PRJ_0010_U022,2025-04-04,39579.29,0.711,converted,
RES_0000278,LEAD_0009453,CUS_005675,PRJ_0020,PRJ_0020_U041,2022-03-14,9538.35,0.46,converted,
RES_0000279,LEAD_0009316,CUS_000351,PRJ_0019,PRJ_0019_U039,2023-02-14,18782.19,0.801,converted,
RES_0000280,LEAD_0004202,CUS_000785,PRJ_0009,PRJ_0009_U003,2022-09-30,41068.62,0.551,converted,
RES_0000281,LEAD_0010170,CUS_001579,PRJ_0006,PRJ_0006_U055,2021-08-17,10932.78,0.417,converted,
RES_0000282,LEAD_0005822,CUS_000840,PRJ_0004,PRJ_0004_U100,2025-09-15,27667.32,0.391,converted,
RES_0000283,LEAD_0005517,CUS_004523,PRJ_0007,PRJ_0007_U048,2024-12-03,32194.43,0.601,converted,
RES_0000284,LEAD_0002518,CUS_004929,PRJ_0011,PRJ_0011_U073,2022-12-30,16643.17,0.576,converted,
RES_0000285,LEAD_0009198,CUS_003690,PRJ_0023,PRJ_0023_U003,2021-08-10,19176.35,0.573,converted,
RES_0000286,LEAD_0003667,CUS_005150,PRJ_0025,PRJ_0025_U006,2023-10-25,18077.01,0.749,converted,
RES_0000287,LEAD_0005885,CUS_002000,PRJ_0002,PRJ_0002_U030,2024-01-25,10982.06,0.392,converted,
RES_0000288,LEAD_0009001,CUS_004170,PRJ_0023,PRJ_0023_U027,2022-10-26,18698.45,0.774,converted,
RES_0000289,LEAD_0006833,CUS_001418,PRJ_0007,PRJ_0007_U007,2024-10-21,19697.66,0.768,converted,
RES_0000290,LEAD_0006441,CUS_006255,PRJ_0027,PRJ_0027_U095,2024-06-30,5933.57,0.53,converted,
RES_0000291,LEAD_0007678,CUS_004062,PRJ_0012,PRJ_0012_U023,2024-05-11,27863.36,0.338,converted,
RES_0000292,LEAD_0008244,CUS_001611,PRJ_0028,PRJ_0028_U047,2025-04-11,7341.34,0.59,converted,
RES_0000293,LEAD_0009413,CUS_004622,PRJ_0002,PRJ_0002_U014,2024-02-07,18340.36,0.552,converted,
RES_0000294,LEAD_0005194,CUS_000240,PRJ_0002,PRJ_0002_U027,2021-09-14,7099.59,0.794,converted,
RES_0000295,LEAD_0001748,CUS_002384,PRJ_0004,PRJ_0004_U021,2021-07-10,7384.88,0.501,converted,
RES_0000296,LEAD_0000389,CUS_001223,PRJ_0017,PRJ_0017_U005,2022-10-18,16568.09,0.522,converted,
RES_0000297,LEAD_0006399,CUS_004802,PRJ_0003,PRJ_0003_U048,2024-08-12,13569.02,0.518,converted,
RES_0000298,LEAD_0007217,CUS_006493,PRJ_0009,PRJ_0009_U075,2021-06-08,25886.38,0.44,converted,
RES_0000299,LEAD_0003096,CUS_003698,PRJ_0003,PRJ_0003_U021,2021-10-30,14329.18,0.456,converted,
RES_0000300,LEAD_0002111,CUS_004899,PRJ_0025,PRJ_0025_U026,2025-05-11,12073.07,0.318,converted,
RES_0000301,LEAD_0002710,CUS_003149,PRJ_0020,PRJ_0020_U011,2024-07-07,20593.55,0.825,converted,
RES_0000302,LEAD_0007497,CUS_005518,PRJ_0013,PRJ_0013_U042,2023-07-30,23470.54,0.529,converted,
RES_0000303,LEAD_0002628,CUS_000839,PRJ_0006,PRJ_0006_U023,2024-02-15,15928.07,0.422,converted,
RES_0000304,LEAD_0003024,CUS_005027,PRJ_0022,PRJ_0022_U040,2022-07-21,39206.29,0.559,converted,
RES_0000305,LEAD_0001651,CUS_005768,PRJ_0020,PRJ_0020_U001,2025-02-08,15000.78,0.658,converted,
RES_0000306,LEAD_0000652,CUS_005066,PRJ_0026,PRJ_0026_U054,2025-08-03,16702.34,0.734,cancelled,2025-08-30
RES_0000307,LEAD_0004105,CUS_002269,PRJ_0027,PRJ_0027_U078,2023-05-02,11169.2,0.721,converted,
RES_0000308,LEAD_0007641,CUS_004360,PRJ_0015,PRJ_0015_U049,2024-12-21,17506.95,0.517,converted,
RES_0000309,LEAD_0002287,CUS_004482,PRJ_0002,PRJ_0002_U037,2021-07-03,15990.91,0.579,converted,
RES_0000310,LEAD_0005684,CUS_000160,PRJ_0008,PRJ_0008_U078,2024-03-20,9749.91,0.726,converted,
RES_0000311,LEAD_0000417,CUS_001283,PRJ_0017,PRJ_0017_U110,2021-09-15,22509.41,0.538,converted,
RES_0000312,LEAD_0002808,CUS_001051,PRJ_0006,PRJ_0006_U005,2025-06-04,17837.65,0.717,converted,
RES_0000313,LEAD_0008461,CUS_006102,PRJ_0010,PRJ_0010_U017,2025-08-10,13407.79,0.877,converted,
RES_0000314,LEAD_0010137,CUS_001924,PRJ_0012,PRJ_0012_U063,2025-03-08,12632.72,0.65,converted,
RES_0000315,LEAD_0005530,CUS_000911,PRJ_0017,PRJ_0017_U068,2022-03-21,31177.19,0.436,converted,
RES_0000316,LEAD_0009282,CUS_003168,PRJ_0023,PRJ_0023_U014,2023-04-16,38659.24,0.63,converted,
RES_0000317,LEAD_0000867,CUS_005337,PRJ_0003,PRJ_0003_U060,2021-09-17,18346.12,0.762,converted,
RES_0000318,LEAD_0006537,CUS_004409,PRJ_0004,PRJ_0004_U042,2025-04-07,26390.89,0.717,converted,
RES_0000319,LEAD_0007308,CUS_004985,PRJ_0018,PRJ_0018_U007,2023-06-03,16363.39,0.587,converted,
RES_0000320,LEAD_0002320,CUS_004790,PRJ_0005,PRJ_0005_U017,2022-09-21,8873.1,0.322,converted,
RES_0000321,LEAD_0009233,CUS_004975,PRJ_0010,PRJ_0010_U023,2023-05-26,17366.85,0.484,converted,
RES_0000322,LEAD_0005815,CUS_005062,PRJ_0006,PRJ_0006_U014,2021-03-25,27310.24,0.586,converted,
RES_0000323,LEAD_0007199,CUS_001832,PRJ_0023,PRJ_0023_U040,2023-10-03,40061.79,0.551,converted,
RES_0000324,LEAD_0000625,CUS_001757,PRJ_0016,PRJ_0016_U086,2023-01-24,15576.56,0.755,converted,
RES_0000325,LEAD_0010247,CUS_002700,PRJ_0016,PRJ_0016_U100,2023-12-29,8927.07,0.519,converted,
RES_0000326,LEAD_0000292,CUS_002008,PRJ_0003,PRJ_0003_U015,2024-08-30,11101.77,0.482,converted,
RES_0000327,LEAD_0010006,CUS_002973,PRJ_0015,PRJ_0015_U016,2024-11-15,13906.57,0.686,converted,
RES_0000328,LEAD_0000102,CUS_003027,PRJ_0007,PRJ_0007_U028,2021-04-15,33042.35,0.52,converted,
RES_0000329,LEAD_0004223,CUS_000664,PRJ_0028,PRJ_0028_U013,2023-11-02,20037.36,0.495,converted,
RES_0000330,LEAD_0004404,CUS_001833,PRJ_0001,PRJ_0001_U021,2021-01-25,17090.6,0.586,converted,
RES_0000331,LEAD_0001916,CUS_005439,PRJ_0008,PRJ_0008_U067,2024-07-04,13482.36,0.602,converted,
RES_0000332,LEAD_0004338,CUS_004683,PRJ_0011,PRJ_0011_U059,2023-08-28,31580.58,0.705,converted,
RES_0000333,LEAD_0002305,CUS_003661,PRJ_0027,PRJ_0027_U096,2024-07-10,14454.11,0.331,converted,
RES_0000334,LEAD_0007224,CUS_005015,PRJ_0009,PRJ_0009_U016,2023-06-11,23078.69,0.617,converted,
RES_0000335,LEAD_0010082,CUS_003114,PRJ_0011,PRJ_0011_U047,2021-05-14,23907.53,0.584,converted,
RES_0000336,LEAD_0001085,CUS_002992,PRJ_0015,PRJ_0015_U024,2023-08-26,19436.13,0.339,converted,
RES_0000337,LEAD_0004827,CUS_005678,PRJ_0002,PRJ_0002_U045,2023-02-01,10080.58,0.607,converted,
RES_0000338,LEAD_0002880,CUS_004123,PRJ_0008,PRJ_0008_U006,2023-10-12,10309.14,0.532,converted,
RES_0000339,LEAD_0010004,CUS_003580,PRJ_0011,PRJ_0011_U039,2025-06-18,15807.39,0.479,converted,
RES_0000340,LEAD_0004716,CUS_001303,PRJ_0019,PRJ_0019_U004,2023-04-29,13168.24,0.442,converted,
RES_0000341,LEAD_0001982,CUS_002159,PRJ_0019,PRJ_0019_U095,2024-05-15,18273.33,0.404,converted,
RES_0000342,LEAD_0008500,CUS_003005,PRJ_0005,PRJ_0005_U040,2025-07-24,13539.0,0.435,converted,
RES_0000343,LEAD_0000915,CUS_004442,PRJ_0023,PRJ_0023_U024,2023-09-06,32513.6,0.452,converted,
RES_0000344,LEAD_0001409,CUS_000004,PRJ_0028,PRJ_0028_U003,2022-01-11,8854.69,0.534,converted,
RES_0000345,LEAD_0008132,CUS_004703,PRJ_0026,PRJ_0026_U066,2023-09-28,19284.69,0.408,converted,
RES_0000346,LEAD_0006322,CUS_004270,PRJ_0023,PRJ_0023_U045,2023-02-18,35866.9,0.884,converted,
RES_0000347,LEAD_0002575,CUS_001858,PRJ_0021,PRJ_0021_U017,2025-06-19,15150.49,0.444,converted,
RES_0000348,LEAD_0001954,CUS_005418,PRJ_0018,PRJ_0018_U023,2022-06-27,44385.31,0.809,converted,
RES_0000349,LEAD_0007035,CUS_006404,PRJ_0009,PRJ_0009_U030,2022-11-17,31259.55,0.531,converted,
RES_0000350,LEAD_0002089,CUS_001802,PRJ_0006,PRJ_0006_U075,2021-07-18,17119.68,0.331,converted,
RES_0000351,LEAD_0008308,CUS_000130,PRJ_0003,PRJ_0003_U004,2024-04-05,18394.9,0.767,converted,
RES_0000352,LEAD_0006337,CUS_004120,PRJ_0028,PRJ_0028_U051,2021-07-15,9512.34,0.312,converted,
RES_0000353,LEAD_0004759,CUS_001846,PRJ_0027,PRJ_0027_U082,2023-04-12,4659.88,0.697,converted,
RES_0000354,LEAD_0003659,CUS_004226,PRJ_0013,PRJ_0013_U038,2022-09-24,10547.1,0.411,converted,
RES_0000355,LEAD_0001656,CUS_003395,PRJ_0007,PRJ_0007_U063,2024-06-01,18517.36,0.758,converted,
RES_0000356,LEAD_0007336,CUS_003491,PRJ_0007,PRJ_0007_U012,2022-02-08,14113.92,0.749,converted,
RES_0000357,LEAD_0001806,CUS_002040,PRJ_0010,PRJ_0010_U014,2021-05-06,11168.73,0.824,converted,
RES_0000358,LEAD_0004206,CUS_005532,PRJ_0001,PRJ_0001_U034,2021-10-21,27905.14,0.53,converted,
RES_0000359,LEAD_0009760,CUS_002987,PRJ_0018,PRJ_0018_U002,2024-01-20,15308.34,0.649,converted,
RES_0000360,LEAD_0010072,CUS_004193,PRJ_0017,PRJ_0017_U028,2021-01-29,16366.99,0.315,converted,
RES_0000361,LEAD_0001027,CUS_005840,PRJ_0010,PRJ_0010_U021,2023-03-23,26331.18,0.789,converted,
RES_0000362,LEAD_0004909,CUS_001268,PRJ_0015,PRJ_0015_U012,2021-11-16,17840.67,0.446,converted,
RES_0000363,LEAD_0002108,CUS_005234,PRJ_0027,PRJ_0027_U044,2023-08-22,21524.8,0.683,converted,
RES_0000364,LEAD_0008891,CUS_003062,PRJ_0016,PRJ_0016_U025,2021-07-14,10729.67,0.834,converted,
RES_0000365,LEAD_0007977,CUS_000232,PRJ_0020,PRJ_0020_U006,2025-01-04,7953.79,0.27,converted,
RES_0000366,LEAD_0003498,CUS_000076,PRJ_0004,PRJ_0004_U005,2024-08-18,13395.32,0.352,converted,
RES_0000367,LEAD_0001804,CUS_002251,PRJ_0022,PRJ_0022_U014,2024-09-22,24825.08,0.646,converted,
RES_0000368,LEAD_0002692,CUS_006461,PRJ_0003,PRJ_0003_U062,2025-10-30,25002.25,0.495,converted,
RES_0000369,LEAD_0006267,CUS_002591,PRJ_0003,PRJ_0003_U009,2025-07-19,8910.75,0.709,converted,
RES_0000370,LEAD_0001352,CUS_004715,PRJ_0026,PRJ_0026_U073,2024-11-07,5352.91,0.395,converted,
RES_0000371,LEAD_0007689,CUS_004556,PRJ_0020,PRJ_0020_U048,2023-05-27,11167.5,0.738,converted,
RES_0000372,LEAD_0006843,CUS_000047,PRJ_0007,PRJ_0007_U080,2022-11-17,32347.83,0.657,converted,
RES_0000373,LEAD_0009253,CUS_002244,PRJ_0028,PRJ_0028_U038,2023-04-21,13526.58,0.294,converted,
RES_0000374,LEAD_0006384,CUS_005212,PRJ_0001,PRJ_0001_U033,2021-05-03,28903.18,0.421,cancelled,2021-06-19
RES_0000375,LEAD_0004767,CUS_004811,PRJ_0004,PRJ_0004_U091,2022-03-19,23904.97,0.721,converted,
RES_0000376,LEAD_0007445,CUS_005762,PRJ_0017,PRJ_0017_U022,2023-12-03,14268.87,0.492,converted,
RES_0000377,LEAD_0009649,CUS_002317,PRJ_0009,PRJ_0009_U027,2022-12-17,35092.88,0.394,converted,
RES_0000378,LEAD_0009922,CUS_001029,PRJ_0025,PRJ_0025_U045,2023-12-19,17741.05,0.585,converted,
RES_0000379,LEAD_0009374,CUS_000345,PRJ_0021,PRJ_0021_U001,2025-09-07,15553.74,0.423,converted,
RES_0000380,LEAD_0000291,CUS_002193,PRJ_0001,PRJ_0001_U048,2023-05-18,33798.49,0.275,converted,
RES_0000381,LEAD_0006278,CUS_000270,PRJ_0026,PRJ_0026_U065,2023-05-15,37830.14,0.516,converted,
RES_0000382,LEAD_0010081,CUS_003303,PRJ_0007,PRJ_0007_U016,2023-10-14,13020.41,0.663,converted,
RES_0000383,LEAD_0003579,CUS_003157,PRJ_0015,PRJ_0015_U045,2025-04-09,23843.48,0.594,converted,
RES_0000384,LEAD_0005533,CUS_001951,PRJ_0009,PRJ_0009_U017,2024-05-03,9324.61,0.768,converted,
RES_0000385,LEAD_0000136,CUS_004267,PRJ_0013,PRJ_0013_U034,2024-10-10,16968.69,0.407,converted,
RES_0000386,LEAD_0010005,CUS_002037,PRJ_0006,PRJ_0006_U082,2022-07-10,26749.61,0.7,converted,
RES_0000387,LEAD_0009973,CUS_000760,PRJ_0003,PRJ_0003_U052,2021-03-29,8645.45,0.62,converted,
RES_0000388,LEAD_0002890,CUS_000580,PRJ_0023,PRJ_0023_U031,2024-09-14,21333.93,0.443,converted,
RES_0000389,LEAD_0000186,CUS_005361,PRJ_0003,PRJ_0003_U058,2021-04-28,13345.44,0.474,converted,
RES_0000390,LEAD_0004059,CUS_001203,PRJ_0013,PRJ_0013_U014,2021-12-02,21496.46,0.689,converted,
RES_0000391,LEAD_0001863,CUS_004069,PRJ_0004,PRJ_0004_U029,2023-07-21,30159.62,0.613,converted,
RES_0000392,LEAD_0003413,CUS_006332,PRJ_0019,PRJ_0019_U056,2026-01-13,27412.37,0.615,converted,
RES_0000393,LEAD_0001609,CUS_004468,PRJ_0027,PRJ_0027_U024,2022-05-30,12901.73,0.503,converted,
RES_0000394,LEAD_0003131,CUS_006205,PRJ_0028,PRJ_0028_U028,2023-12-01,20515.33,0.375,converted,
RES_0000395,LEAD_0005667,CUS_001781,PRJ_0006,PRJ_0006_U033,2021-07-23,16085.35,0.766,converted,
RES_0000396,LEAD_0009440,CUS_004985,PRJ_0010,PRJ_0010_U051,2025-09-25,27025.05,0.681,converted,
RES_0000397,LEAD_0001792,CUS_003353,PRJ_0016,PRJ_0016_U021,2024-02-28,17108.31,0.536,converted,
RES_0000398,LEAD_0004881,CUS_001010,PRJ_0016,PRJ_0016_U091,2022-03-13,10958.83,0.279,converted,
RES_0000399,LEAD_0009191,CUS_004119,PRJ_0027,PRJ_0027_U006,2021-01-10,30923.1,0.351,converted,
RES_0000400,LEAD_0005581,CUS_005284,PRJ_0002,PRJ_0002_U017,2022-10-19,18674.98,0.437,converted,
RES_0000401,LEAD_0004419,CUS_004433,PRJ_0006,PRJ_0006_U021,2024-07-02,14119.13,0.701,converted,
RES_0000402,LEAD_0004265,CUS_001183,PRJ_0020,PRJ_0020_U034,2024-02-13,15805.8,0.839,converted,
RES_0000403,LEAD_0008879,CUS_003277,PRJ_0021,PRJ_0021_U031,2024-04-21,17960.5,0.702,converted,
RES_0000404,LEAD_0003777,CUS_000685,PRJ_0019,PRJ_0019_U038,2025-06-26,10130.95,0.819,converted,
RES_0000405,LEAD_0002819,CUS_006227,PRJ_0013,PRJ_0013_U012,2023-06-06,17555.51,0.508,converted,
RES_0000406,LEAD_0007526,CUS_005012,PRJ_0028,PRJ_0028_U048,2021-06-30,30776.14,0.727,converted,
RES_0000407,LEAD_0009391,CUS_002478,PRJ_0023,PRJ_0023_U054,2024-03-20,24397.47,0.784,converted,
RES_0000408,LEAD_0008070,CUS_002154,PRJ_0022,PRJ_0022_U013,2023-02-24,30058.75,0.223,converted,
RES_0000409,LEAD_0008355,CUS_005745,PRJ_0005,PRJ_0005_U005,2022-04-11,22126.95,0.464,converted,
RES_0000410,LEAD_0003064,CUS_001274,PRJ_0024,PRJ_0024_U044,2023-09-02,45470.59,0.521,converted,
RES_0000411,LEAD_0002956,CUS_003698,PRJ_0010,PRJ_0010_U007,2022-09-14,34046.2,0.368,converted,
RES_0000412,LEAD_0002153,CUS_006415,PRJ_0023,PRJ_0023_U028,2024-08-08,31905.59,0.656,converted,
RES_0000413,LEAD_0003353,CUS_004547,PRJ_0016,PRJ_0016_U028,2021-12-31,12003.96,0.528,converted,
RES_0000414,LEAD_0002992,CUS_001703,PRJ_0007,PRJ_0007_U003,2021-05-22,10979.6,0.436,converted,
RES_0000415,LEAD_0002615,CUS_000361,PRJ_0027,PRJ_0027_U036,2023-10-30,8812.61,0.688,converted,
RES_0000416,LEAD_0006557,CUS_003137,PRJ_0020,PRJ_0020_U018,2024-08-16,17561.64,0.434,converted,
RES_0000417,LEAD_0007400,CUS_005389,PRJ_0014,PRJ_0014_U054,2025-07-14,11368.92,0.795,converted,
RES_0000418,LEAD_0009891,CUS_004153,PRJ_0009,PRJ_0009_U053,2022-01-30,39497.93,0.78,converted,
RES_0000419,LEAD_0010101,CUS_004689,PRJ_0019,PRJ_0019_U069,2025-08-01,14544.53,0.772,converted,
RES_0000420,LEAD_0002620,CUS_004742,PRJ_0023,PRJ_0023_U055,2023-12-13,14408.98,0.79,converted,
RES_0000421,LEAD_0001886,CUS_000126,PRJ_0020,PRJ_0020_U045,2025-07-17,11499.23,0.383,converted,
RES_0000422,LEAD_0008252,CUS_005594,PRJ_0006,PRJ_0006_U079,2024-11-14,17962.11,0.739,converted,
RES_0000423,LEAD_0008727,CUS_001246,PRJ_0022,PRJ_0022_U030,2022-03-17,40942.65,0.328,converted,
RES_0000424,LEAD_0001473,CUS_001682,PRJ_0017,PRJ_0017_U013,2023-04-15,12942.27,0.838,converted,
RES_0000425,LEAD_0002233,CUS_003611,PRJ_0023,PRJ_0023_U063,2025-02-28,50923.45,0.677,converted,
RES_0000426,LEAD_0007987,CUS_000276,PRJ_0002,PRJ_0002_U028,2022-01-10,13033.55,0.92,cancelled,2022-04-02
RES_0000427,LEAD_0005157,CUS_006214,PRJ_0005,PRJ_0005_U037,2021-11-26,22551.98,0.686,converted,
RES_0000428,LEAD_0003938,CUS_001576,PRJ_0013,PRJ_0013_U003,2024-09-26,20736.94,0.765,converted,
RES_0000429,LEAD_0004193,CUS_002554,PRJ_0004,PRJ_0004_U108,2024-11-08,9819.84,0.481,converted,
RES_0000430,LEAD_0007384,CUS_002337,PRJ_0027,PRJ_0027_U046,2023-06-01,8619.87,0.742,converted,
RES_0000431,LEAD_0000783,CUS_003285,PRJ_0020,PRJ_0020_U012,2021-06-17,15852.44,0.562,converted,
RES_0000432,LEAD_0010039,CUS_005833,PRJ_0018,PRJ_0018_U020,2023-10-20,55976.08,0.793,converted,
RES_0000433,LEAD_0001124,CUS_001821,PRJ_0022,PRJ_0022_U006,2025-11-14,21416.52,0.533,converted,
RES_0000434,LEAD_0003211,CUS_004550,PRJ_0006,PRJ_0006_U022,2023-01-17,25915.46,0.079,converted,
RES_0000435,LEAD_0007119,CUS_003810,PRJ_0013,PRJ_0013_U005,2022-04-12,19398.52,0.578,converted,
RES_0000436,LEAD_0007353,CUS_006411,PRJ_0023,PRJ_0023_U022,2021-06-09,19447.93,0.509,converted,
RES_0000437,LEAD_0008035,CUS_002449,PRJ_0027,PRJ_0027_U056,2023-05-19,10057.11,0.303,converted,
RES_0000438,LEAD_0001776,CUS_001801,PRJ_0028,PRJ_0028_U045,2023-03-31,21090.29,0.56,converted,
RES_0000439,LEAD_0005699,CUS_003522,PRJ_0019,PRJ_0019_U073,2024-07-03,21075.69,0.59,converted,
RES_0000440,LEAD_0006867,CUS_000677,PRJ_0015,PRJ_0015_U047,2024-06-01,13104.08,0.389,converted,
RES_0000441,LEAD_0005304,CUS_004061,PRJ_0002,PRJ_0002_U038,2024-07-01,10769.55,0.631,converted,
RES_0000442,LEAD_0008386,CUS_004875,PRJ_0007,PRJ_0007_U046,2024-01-22,17657.94,0.386,converted,
RES_0000443,LEAD_0000757,CUS_006314,PRJ_0020,PRJ_0020_U023,2022-08-27,17643.26,0.54,converted,
RES_0000444,LEAD_0001747,CUS_001216,PRJ_0018,PRJ_0018_U065,2021-02-20,28015.77,0.464,converted,
RES_0000445,LEAD_0003083,CUS_005194,PRJ_0010,PRJ_0010_U060,2023-06-24,15763.81,0.615,converted,
RES_0000446,LEAD_0008232,CUS_000086,PRJ_0005,PRJ_0005_U033,2023-08-26,11478.41,0.732,converted,
RES_0000447,LEAD_0001577,CUS_002250,PRJ_0004,PRJ_0004_U126,2021-03-07,20624.86,0.681,converted,
RES_0000448,LEAD_0007613,CUS_004866,PRJ_0011,PRJ_0011_U018,2023-04-10,42714.22,0.752,converted,
RES_0000449,LEAD_0010011,CUS_002770,PRJ_0021,PRJ_0021_U016,2024-01-20,13966.22,0.54,converted,
RES_0000450,LEAD_0005704,CUS_001637,PRJ_0025,PRJ_0025_U029,2023-06-07,20101.52,0.683,converted,
RES_0000451,LEAD_0007034,CUS_004006,PRJ_0023,PRJ_0023_U035,2022-08-16,29279.95,0.242,converted,
RES_0000452,LEAD_0010361,CUS_003370,PRJ_0026,PRJ_0026_U074,2024-12-19,17078.08,0.581,converted,
RES_0000453,LEAD_0007423,CUS_003615,PRJ_0028,PRJ_0028_U012,2023-02-10,14096.63,0.472,converted,
RES_0000454,LEAD_0004475,CUS_000270,PRJ_0002,PRJ_0002_U012,2023-09-16,22200.04,0.307,converted,
RES_0000455,LEAD_0008334,CUS_004709,PRJ_0004,PRJ_0004_U104,2023-08-03,4358.16,0.453,converted,
RES_0000456,LEAD_0000765,CUS_004959,PRJ_0011,PRJ_0011_U021,2022-08-02,29566.42,0.669,converted,
RES_0000457,LEAD_0007066,CUS_000148,PRJ_0001,PRJ_0001_U037,2025-05-30,17528.41,0.55,converted,
RES_0000458,LEAD_0005951,CUS_004586,PRJ_0001,PRJ_0001_U030,2021-02-01,14735.82,0.481,converted,
RES_0000459,LEAD_0001255,CUS_005309,PRJ_0001,PRJ_0001_U055,2024-04-15,54063.6,0.489,converted,
RES_0000460,LEAD_0001195,CUS_001569,PRJ_0004,PRJ_0004_U009,2022-07-02,26561.45,0.439,converted,
RES_0000461,LEAD_0005199,CUS_004314,PRJ_0018,PRJ_0018_U042,2022-08-08,30293.55,0.53,cancelled,2022-09-25
RES_0000462,LEAD_0008541,CUS_002191,PRJ_0005,PRJ_0005_U061,2023-05-15,22286.47,0.38,cancelled,2023-06-30
RES_0000463,LEAD_0004123,CUS_002209,PRJ_0023,PRJ_0023_U007,2024-06-28,19086.83,0.671,converted,
RES_0000464,LEAD_0003934,CUS_005054,PRJ_0007,PRJ_0007_U052,2026-01-29,7778.33,0.465,converted,
RES_0000465,LEAD_0007590,CUS_004515,PRJ_0014,PRJ_0014_U052,2024-12-23,10435.29,0.521,converted,
RES_0000466,LEAD_0006424,CUS_001388,PRJ_0012,PRJ_0012_U114,2023-10-07,22941.77,0.742,converted,
RES_0000467,LEAD_0004619,CUS_004129,PRJ_0022,PRJ_0022_U005,2024-02-16,46649.41,0.554,converted,
RES_0000468,LEAD_0002996,CUS_001602,PRJ_0012,PRJ_0012_U128,2025-11-12,13428.73,0.452,converted,
RES_0000469,LEAD_0009025,CUS_000183,PRJ_0006,PRJ_0006_U024,2023-07-17,29672.57,0.36,converted,
RES_0000470,LEAD_0008208,CUS_001083,PRJ_0013,PRJ_0013_U008,2022-09-09,8180.73,0.561,converted,
RES_0000471,LEAD_0001607,CUS_002761,PRJ_0006,PRJ_0006_U109,2022-10-25,23557.05,0.315,converted,
RES_0000472,LEAD_0000802,CUS_000397,PRJ_0006,PRJ_0006_U030,2025-12-11,19817.07,0.397,converted,
RES_0000473,LEAD_0005265,CUS_001711,PRJ_0026,PRJ_0026_U037,2023-11-01,18898.13,0.56,converted,
RES_0000474,LEAD_0008815,CUS_000225,PRJ_0016,PRJ_0016_U053,2021-11-28,10962.95,0.351,converted,
RES_0000475,LEAD_0007361,CUS_000587,PRJ_0008,PRJ_0008_U024,2024-02-03,20162.31,0.649,converted,
RES_0000476,LEAD_0000743,CUS_001497,PRJ_0025,PRJ_0025_U014,2022-04-29,20745.48,0.708,converted,
RES_0000477,LEAD_0005014,CUS_005822,PRJ_0007,PRJ_0007_U077,2021-06-22,24916.64,0.81,converted,
RES_0000478,LEAD_0006995,CUS_003462,PRJ_0022,PRJ_0022_U027,2024-02-08,31640.25,0.778,converted,
RES_0000479,LEAD_0001211,CUS_006022,PRJ_0005,PRJ_0005_U004,2025-10-16,10093.07,0.463,converted,
RES_0000480,LEAD_0001189,CUS_005199,PRJ_0010,PRJ_0010_U058,2023-02-04,31441.75,0.597,converted,
RES_0000481,LEAD_0001796,CUS_004745,PRJ_0028,PRJ_0028_U044,2025-02-04,13690.4,0.514,converted,
RES_0000482,LEAD_0002725,CUS_001529,PRJ_0011,PRJ_0011_U031,2023-01-24,4954.59,0.585,converted,
RES_0000483,LEAD_0001693,CUS_005512,PRJ_0003,PRJ_0003_U035,2023-12-14,5796.06,0.281,converted,
RES_0000484,LEAD_0008795,CUS_004713,PRJ_0013,PRJ_0013_U052,2022-12-14,33707.95,0.348,converted,
RES_0000485,LEAD_0008389,CUS_003525,PRJ_0009,PRJ_0009_U033,2021-11-30,13920.05,0.619,converted,
RES_0000486,LEAD_0004657,CUS_006444,PRJ_0008,PRJ_0008_U028,2025-09-20,13981.7,0.551,converted,
RES_0000487,LEAD_0007573,CUS_006180,PRJ_0014,PRJ_0014_U033,2023-07-24,17825.9,0.643,converted,
RES_0000488,LEAD_0006320,CUS_005350,PRJ_0005,PRJ_0005_U027,2021-02-08,20164.6,0.667,converted,
RES_0000489,LEAD_0009031,CUS_004353,PRJ_0014,PRJ_0014_U074,2022-09-08,21344.68,0.381,converted,
RES_0000490,LEAD_0000994,CUS_000164,PRJ_0009,PRJ_0009_U035,2022-04-02,15156.44,0.677,converted,
RES_0000491,LEAD_0001509,CUS_005628,PRJ_0006,PRJ_0006_U094,2023-04-24,15448.86,0.45,converted,
RES_0000492,LEAD_0005455,CUS_004994,PRJ_0007,PRJ_0007_U013,2025-04-25,22888.04,0.659,converted,
RES_0000493,LEAD_0003711,CUS_004898,PRJ_0024,PRJ_0024_U090,2022-01-23,8165.34,0.356,converted,
RES_0000494,LEAD_0004901,CUS_001591,PRJ_0010,PRJ_0010_U030,2022-12-26,17844.59,0.724,converted,
RES_0000495,LEAD_0004538,CUS_005518,PRJ_0026,PRJ_0026_U028,2023-06-21,13124.64,0.507,converted,
RES_0000496,LEAD_0007895,CUS_003387,PRJ_0025,PRJ_0025_U002,2023-05-13,13179.36,0.612,converted,
RES_0000497,LEAD_0008561,CUS_001633,PRJ_0001,PRJ_0001_U061,2021-11-06,20981.13,0.518,converted,
RES_0000498,LEAD_0002555,CUS_002478,PRJ_0024,PRJ_0024_U047,2025-11-25,26213.13,0.735,converted,
RES_0000499,LEAD_0004336,CUS_004992,PRJ_0006,PRJ_0006_U104,2025-08-03,28727.82,0.699,cancelled,2025-10-16
RES_0000500,LEAD_0001254,CUS_003688,PRJ_0012,PRJ_0012_U028,2025-01-25,18375.58,0.567,converted,
RES_0000501,LEAD_0005235,CUS_003492,PRJ_0018,PRJ_0018_U078,2023-05-09,34518.25,0.635,converted,
RES_0000502,LEAD_0002535,CUS_003292,PRJ_0020,PRJ_0020_U031,2023-07-04,10919.6,0.654,converted,
RES_0000503,LEAD_0009389,CUS_005829,PRJ_0016,PRJ_0016_U032,2023-07-04,14302.56,0.67,converted,
RES_0000504,LEAD_0005607,CUS_003981,PRJ_0001,PRJ_0001_U067,2024-01-05,19578.94,0.661,converted,
RES_0000505,LEAD_0008738,CUS_001409,PRJ_0026,PRJ_0026_U042,2023-11-10,23073.66,0.273,converted,
RES_0000506,LEAD_0004437,CUS_000495,PRJ_0022,PRJ_0022_U042,2023-03-05,43324.48,0.644,converted,
RES_0000507,LEAD_0000268,CUS_003503,PRJ_0012,PRJ_0012_U045,2023-02-16,27038.37,0.617,converted,
RES_0000508,LEAD_0001865,CUS_005852,PRJ_0020,PRJ_0020_U033,2022-01-15,11245.26,0.638,converted,
RES_0000509,LEAD_0007699,CUS_003866,PRJ_0002,PRJ_0002_U018,2026-01-06,17884.3,0.75,converted,
RES_0000510,LEAD_0003026,CUS_002405,PRJ_0015,PRJ_0015_U027,2022-04-22,27758.26,0.766,converted,
RES_0000511,LEAD_0009058,CUS_006441,PRJ_0021,PRJ_0021_U009,2022-10-01,17646.92,0.488,converted,
RES_0000512,LEAD_0000966,CUS_000821,PRJ_0014,PRJ_0014_U099,2022-01-19,13801.13,0.552,converted,
RES_0000513,LEAD_0005899,CUS_005196,PRJ_0001,PRJ_0001_U053,2023-05-13,37490.89,0.498,converted,
RES_0000514,LEAD_0002909,CUS_005527,PRJ_0003,PRJ_0003_U010,2021-12-06,12225.67,0.749,converted,
RES_0000515,LEAD_0006427,CUS_000203,PRJ_0013,PRJ_0013_U058,2024-06-26,27446.17,0.559,converted,
RES_0000516,LEAD_0008278,CUS_004058,PRJ_0024,PRJ_0024_U097,2025-09-10,17644.97,0.542,converted,
RES_0000517,LEAD_0000249,CUS_001346,PRJ_0006,PRJ_0006_U080,2021-12-09,16210.93,0.511,converted,
RES_0000518,LEAD_0006316,CUS_003886,PRJ_0009,PRJ_0009_U024,2023-07-28,18588.43,0.441,converted,
RES_0000519,LEAD_0002408,CUS_004330,PRJ_0021,PRJ_0021_U019,2021-07-02,24494.41,0.773,converted,
RES_0000520,LEAD_0002453,CUS_006177,PRJ_0002,PRJ_0002_U032,2024-04-28,12420.76,0.593,converted,
RES_0000521,LEAD_0010200,CUS_001486,PRJ_0027,PRJ_0027_U063,2025-02-14,7129.94,0.131,converted,
RES_0000522,LEAD_0003458,CUS_002175,PRJ_0023,PRJ_0023_U011,2024-06-22,44075.81,0.725,converted,
RES_0000523,LEAD_0008029,CUS_000628,PRJ_0008,PRJ_0008_U038,2021-06-30,39853.61,0.413,converted,
RES_0000524,LEAD_0004886,CUS_005772,PRJ_0015,PRJ_0015_U032,2024-11-19,12678.64,0.72,converted,
RES_0000525,LEAD_0000462,CUS_003052,PRJ_0022,PRJ_0022_U033,2023-05-26,35765.25,0.714,converted,
RES_0000526,LEAD_0008604,CUS_005410,PRJ_0010,PRJ_0010_U032,2021-11-15,22142.17,0.302,converted,
RES_0000527,LEAD_0003617,CUS_000249,PRJ_0003,PRJ_0003_U023,2022-07-03,15527.57,0.842,cancelled,2022-09-07
RES_0000528,LEAD_0005475,CUS_005984,PRJ_0002,PRJ_0002_U043,2023-04-25,16141.84,0.616,converted,
RES_0000529,LEAD_0001176,CUS_004396,PRJ_0020,PRJ_0020_U057,2024-03-13,14048.94,0.447,converted,
RES_0000530,LEAD_0000377,CUS_002443,PRJ_0012,PRJ_0012_U125,2025-12-15,30089.64,0.428,converted,
RES_0000531,LEAD_0003743,CUS_005234,PRJ_0014,PRJ_0014_U088,2024-09-01,26939.13,0.763,converted,
RES_0000532,LEAD_0009264,CUS_006066,PRJ_0025,PRJ_0025_U038,2024-06-06,15031.31,0.602,converted,
RES_0000533,LEAD_0009945,CUS_000605,PRJ_0019,PRJ_0019_U060,2025-10-06,12229.16,0.615,converted,
RES_0000534,LEAD_0002158,CUS_005691,PRJ_0027,PRJ_0027_U007,2022-06-09,40372.58,0.675,converted,
RES_0000535,LEAD_0000275,CUS_003085,PRJ_0004,PRJ_0004_U064,2022-06-08,21557.37,0.753,converted,
RES_0000536,LEAD_0008306,CUS_000724,PRJ_0001,PRJ_0001_U028,2021-05-15,37502.1,0.444,converted,
RES_0000537,LEAD_0009181,CUS_000680,PRJ_0014,PRJ_0014_U083,2024-01-30,11955.53,0.52,converted,
RES_0000538,LEAD_0005800,CUS_006492,PRJ_0023,PRJ_0023_U030,2025-02-22,18516.68,0.92,converted,
RES_0000539,LEAD_0002508,CUS_004300,PRJ_0001,PRJ_0001_U039,2021-06-18,12420.23,0.307,converted,
RES_0000540,LEAD_0005525,CUS_002065,PRJ_0027,PRJ_0027_U053,2022-09-13,37892.88,0.283,converted,
RES_0000541,LEAD_0005378,CUS_004634,PRJ_0026,PRJ_0026_U055,2021-04-01,12908.17,0.416,converted,
RES_0000542,LEAD_0000468,CUS_003793,PRJ_0025,PRJ_0025_U046,2024-10-26,15637.98,0.741,converted,
RES_0000543,LEAD_0003946,CUS_005449,PRJ_0022,PRJ_0022_U001,2023-01-02,16725.41,0.662,converted,
RES_0000544,LEAD_0005804,CUS_002140,PRJ_0003,PRJ_0003_U032,2024-07-28,18787.51,0.432,converted,
RES_0000545,LEAD_0003603,CUS_005193,PRJ_0023,PRJ_0023_U060,2021-03-18,13147.47,0.617,converted,
RES_0000546,LEAD_0009535,CUS_005635,PRJ_0021,PRJ_0021_U025,2021-12-03,7223.82,0.506,converted,
RES_0000547,LEAD_0000922,CUS_000073,PRJ_0026,PRJ_0026_U071,2023-08-31,10843.12,0.495,cancelled,2023-09-28
RES_0000548,LEAD_0007872,CUS_004757,PRJ_0015,PRJ_0015_U046,2021-07-07,14483.55,0.585,cancelled,2021-09-23
RES_0000549,LEAD_0006837,CUS_005387,PRJ_0016,PRJ_0016_U088,2025-01-26,16276.56,0.394,converted,
RES_0000550,LEAD_0005839,CUS_003323,PRJ_0008,PRJ_0008_U068,2021-02-06,10469.56,0.715,cancelled,2021-03-17
RES_0000551,LEAD_0009683,CUS_003231,PRJ_0003,PRJ_0003_U051,2023-08-01,17332.12,0.427,converted,
RES_0000552,LEAD_0004302,CUS_005793,PRJ_0026,PRJ_0026_U014,2022-06-16,11420.71,0.713,converted,
RES_0000553,LEAD_0004533,CUS_003419,PRJ_0024,PRJ_0024_U010,2024-06-11,20398.6,0.477,converted,
RES_0000554,LEAD_0008273,CUS_001439,PRJ_0012,PRJ_0012_U033,2022-05-06,20745.54,0.577,converted,
RES_0000555,LEAD_0002302,CUS_003303,PRJ_0015,PRJ_0015_U002,2025-08-28,14708.99,0.701,converted,
RES_0000556,LEAD_0005051,CUS_004129,PRJ_0018,PRJ_0018_U048,2022-06-07,18179.97,0.709,converted,
RES_0000557,LEAD_0007457,CUS_005707,PRJ_0014,PRJ_0014_U012,2023-05-16,25774.32,0.633,converted,
RES_0000558,LEAD_0004986,CUS_004038,PRJ_0025,PRJ_0025_U013,2025-08-22,6450.5,0.687,cancelled,2025-10-08
RES_0000559,LEAD_0008110,CUS_006417,PRJ_0008,PRJ_0008_U041,2023-04-26,15417.77,0.495,converted,
RES_0000560,LEAD_0004194,CUS_001287,PRJ_0002,PRJ_0002_U003,2025-02-13,9487.5,0.558,converted,
RES_0000561,LEAD_0004695,CUS_000647,PRJ_0001,PRJ_0001_U022,2023-01-24,27636.99,0.473,converted,
RES_0000562,LEAD_0004487,CUS_001979,PRJ_0026,PRJ_0026_U008,2025-09-01,11512.16,0.602,converted,
RES_0000563,LEAD_0000715,CUS_006293,PRJ_0008,PRJ_0008_U088,2025-01-19,11196.08,0.319,converted,
RES_0000564,LEAD_0002272,CUS_004256,PRJ_0010,PRJ_0010_U048,2025-05-09,24069.44,0.622,converted,
RES_0000565,LEAD_0005198,CUS_005125,PRJ_0017,PRJ_0017_U058,2022-09-01,12370.84,0.579,converted,
RES_0000566,LEAD_0008687,CUS_005586,PRJ_0019,PRJ_0019_U020,2024-09-19,35224.72,0.204,converted,
RES_0000567,LEAD_0001021,CUS_003767,PRJ_0016,PRJ_0016_U043,2022-12-30,28510.44,0.648,converted,
RES_0000568,LEAD_0007317,CUS_005303,PRJ_0006,PRJ_0006_U072,2024-03-27,12318.75,0.461,converted,
RES_0000569,LEAD_0006086,CUS_003662,PRJ_0007,PRJ_0007_U039,2022-02-14,26010.34,0.606,converted,
RES_0000570,LEAD_0007192,CUS_001392,PRJ_0020,PRJ_0020_U015,2022-09-19,17987.64,0.55,converted,
RES_0000571,LEAD_0001517,CUS_000178,PRJ_0018,PRJ_0018_U076,2025-07-19,23175.83,0.643,converted,
RES_0000572,LEAD_0004396,CUS_005241,PRJ_0025,PRJ_0025_U039,2024-03-26,19649.76,0.53,converted,
RES_0000573,LEAD_0003542,CUS_003911,PRJ_0018,PRJ_0018_U059,2022-12-27,36328.16,0.579,converted,
RES_0000574,LEAD_0007108,CUS_004647,PRJ_0013,PRJ_0013_U017,2024-01-03,17057.46,0.403,converted,
RES_0000575,LEAD_0006066,CUS_006189,PRJ_0003,PRJ_0003_U053,2026-01-16,14813.37,0.484,converted,
RES_0000576,LEAD_0002772,CUS_002113,PRJ_0021,PRJ_0021_U002,2021-05-05,16284.91,0.737,converted,
RES_0000577,LEAD_0005083,CUS_002354,PRJ_0023,PRJ_0023_U062,2022-05-20,36130.01,0.63,converted,
RES_0000578,LEAD_0005299,CUS_006148,PRJ_0013,PRJ_0013_U026,2021-01-12,11204.26,0.392,converted,
RES_0000579,LEAD_0001852,CUS_002737,PRJ_0013,PRJ_0013_U007,2023-10-04,24656.29,0.388,converted,
RES_0000580,LEAD_0003028,CUS_005595,PRJ_0018,PRJ_0018_U037,2022-04-17,28145.01,0.357,converted,
RES_0000581,LEAD_0005206,CUS_005335,PRJ_0026,PRJ_0026_U051,2025-02-05,6388.87,0.308,converted,
RES_0000582,LEAD_0007507,CUS_004424,PRJ_0025,PRJ_0025_U008,2021-09-23,12873.12,0.593,converted,
RES_0000583,LEAD_0004834,CUS_002152,PRJ_0006,PRJ_0006_U073,2021-04-14,24081.15,0.565,converted,
RES_0000584,LEAD_0000293,CUS_001346,PRJ_0025,PRJ_0025_U041,2025-12-29,14253.63,0.68,converted,
RES_0000585,LEAD_0008104,CUS_004581,PRJ_0027,PRJ_0027_U021,2022-03-18,19381.54,0.489,converted,
RES_0000586,LEAD_0005101,CUS_005785,PRJ_0018,PRJ_0018_U068,2024-08-09,10770.91,0.649,converted,
RES_0000587,LEAD_0004914,CUS_003242,PRJ_0002,PRJ_0002_U046,2023-06-15,7090.86,0.476,converted,
RES_0000588,LEAD_0002392,CUS_001586,PRJ_0017,PRJ_0017_U070,2024-01-24,20429.76,0.415,converted,
RES_0000589,LEAD_0008563,CUS_001350,PRJ_0015,PRJ_0015_U011,2024-12-19,26055.22,0.741,converted,
RES_0000590,LEAD_0009376,CUS_001848,PRJ_0011,PRJ_0011_U082,2021-03-11,14956.18,0.68,converted,
RES_0000591,LEAD_0005520,CUS_001914,PRJ_0024,PRJ_0024_U085,2022-04-20,17555.16,0.679,converted,
RES_0000592,LEAD_0004276,CUS_000001,PRJ_0005,PRJ_0005_U038,2024-03-10,12205.57,0.448,converted,
RES_0000593,LEAD_0006154,CUS_006248,PRJ_0011,PRJ_0011_U041,2023-11-16,22397.89,0.699,converted,
RES_0000594,LEAD_0002253,CUS_002464,PRJ_0001,PRJ_0001_U052,2023-04-08,28085.46,0.631,converted,
RES_0000595,LEAD_0008088,CUS_003540,PRJ_0024,PRJ_0024_U084,2022-06-19,6932.37,0.386,converted,
RES_0000596,LEAD_0008598,CUS_005321,PRJ_0003,PRJ_0003_U006,2021-04-09,19668.7,0.364,converted,
RES_0000597,LEAD_0005317,CUS_002110,PRJ_0025,PRJ_0025_U022,2021-06-27,9885.07,0.333,converted,
RES_0000598,LEAD_0005480,CUS_005600,PRJ_0014,PRJ_0014_U108,2025-02-12,24473.21,0.366,converted,
RES_0000599,LEAD_0009342,CUS_001914,PRJ_0013,PRJ_0013_U022,2022-07-30,25926.2,0.58,converted,
RES_0000600,LEAD_0004610,CUS_005072,PRJ_0024,PRJ_0024_U096,2022-09-27,14581.31,0.611,converted,
RES_0000601,LEAD_0008852,CUS_005631,PRJ_0015,PRJ_0015_U008,2025-06-08,19867.9,0.478,converted,
RES_0000602,LEAD_0008677,CUS_001866,PRJ_0012,PRJ_0012_U061,2025-02-07,18317.15,0.403,converted,
RES_0000603,LEAD_0006351,CUS_005762,PRJ_0005,PRJ_0005_U001,2025-12-26,25186.71,0.501,converted,
RES_0000604,LEAD_0004255,CUS_001840,PRJ_0011,PRJ_0011_U015,2021-10-25,17233.84,0.646,converted,
RES_0000605,LEAD_0004053,CUS_005086,PRJ_0016,PRJ_0016_U069,2026-01-03,13239.66,0.562,converted,
RES_0000606,LEAD_0009236,CUS_002827,PRJ_0007,PRJ_0007_U002,2023-03-27,15087.84,0.512,converted,
RES_0000607,LEAD_0008859,CUS_004688,PRJ_0015,PRJ_0015_U006,2022-08-29,19655.22,0.673,converted,
RES_0000608,LEAD_0006148,CUS_006146,PRJ_0009,PRJ_0009_U048,2024-06-12,21814.47,0.852,converted,
RES_0000609,LEAD_0001544,CUS_005585,PRJ_0027,PRJ_0027_U060,2023-06-01,23603.89,0.722,converted,
RES_0000610,LEAD_0009604,CUS_004351,PRJ_0003,PRJ_0003_U050,2021-05-03,8338.74,0.869,converted,
RES_0000611,LEAD_0003791,CUS_005733,PRJ_0013,PRJ_0013_U057,2025-06-19,23402.69,0.609,converted,
RES_0000612,LEAD_0010220,CUS_001834,PRJ_0001,PRJ_0001_U043,2023-01-29,30601.97,0.657,converted,
RES_0000613,LEAD_0008120,CUS_003438,PRJ_0016,PRJ_0016_U006,2025-11-02,31175.65,0.748,converted,
RES_0000614,LEAD_0002336,CUS_003869,PRJ_0005,PRJ_0005_U024,2021-04-18,4979.6,0.487,converted,
RES_0000615,LEAD_0000394,CUS_004855,PRJ_0021,PRJ_0021_U027,2024-04-18,17419.1,0.381,converted,
RES_0000616,LEAD_0006033,CUS_000568,PRJ_0004,PRJ_0004_U058,2022-07-29,13446.55,0.811,converted,
RES_0000617,LEAD_0006866,CUS_000209,PRJ_0005,PRJ_0005_U025,2025-09-21,16580.67,0.771,converted,
RES_0000618,LEAD_0004448,CUS_000340,PRJ_0025,PRJ_0025_U040,2021-02-24,21410.43,0.451,converted,
RES_0000619,LEAD_0009124,CUS_001439,PRJ_0006,PRJ_0006_U065,2022-08-11,18215.78,0.621,converted,
RES_0000620,LEAD_0006473,CUS_006036,PRJ_0015,PRJ_0015_U018,2025-12-05,15543.94,0.607,converted,
RES_0000621,LEAD_0001714,CUS_003294,PRJ_0005,PRJ_0005_U059,2022-09-07,16815.82,0.667,converted,
RES_0000622,LEAD_0008544,CUS_001126,PRJ_0009,PRJ_0009_U046,2022-01-31,18887.38,0.617,converted,
RES_0000623,LEAD_0008204,CUS_000813,PRJ_0007,PRJ_0007_U036,2024-11-30,35567.61,0.372,converted,
RES_0000624,LEAD_0004562,CUS_003473,PRJ_0025,PRJ_0025_U016,2025-12-18,12353.38,0.427,converted,
RES_0000625,LEAD_0006026,CUS_003340,PRJ_0019,PRJ_0019_U077,2022-03-22,10916.38,0.271,converted,
RES_0000626,LEAD_0001356,CUS_002583,PRJ_0003,PRJ_0003_U012,2025-01-21,24900.12,0.355,converted,
RES_0000627,LEAD_0005196,CUS_006496,PRJ_0022,PRJ_0022_U036,2024-07-19,30467.91,0.67,converted,
RES_0000628,LEAD_0002086,CUS_006332,PRJ_0006,PRJ_0006_U040,2025-07-07,33909.95,0.563,converted,
RES_0000629,LEAD_0003602,CUS_004095,PRJ_0025,PRJ_0025_U010,2022-02-24,35676.0,0.352,converted,
RES_0000630,LEAD_0007333,CUS_000104,PRJ_0017,PRJ_0017_U006,2021-11-21,16364.3,0.64,converted,
RES_0000631,LEAD_0003423,CUS_005889,PRJ_0013,PRJ_0013_U041,2025-06-03,25303.03,0.683,converted,
RES_0000632,LEAD_0006383,CUS_002621,PRJ_0007,PRJ_0007_U031,2022-01-28,40782.42,0.583,converted,
RES_0000633,LEAD_0001262,CUS_001544,PRJ_0007,PRJ_0007_U023,2024-04-10,22657.92,0.689,converted,
RES_0000634,LEAD_0009516,CUS_006265,PRJ_0014,PRJ_0014_U094,2021-03-19,13065.15,0.476,converted,
RES_0000635,LEAD_0000810,CUS_003104,PRJ_0018,PRJ_0018_U039,2025-01-08,25893.68,0.369,converted,
RES_0000636,LEAD_0009251,CUS_003917,PRJ_0011,PRJ_0011_U011,2025-02-08,19682.88,0.486,converted,
RES_0000637,LEAD_0001143,CUS_001922,PRJ_0017,PRJ_0017_U103,2021-05-01,15111.7,0.859,converted,
RES_0000638,LEAD_0008405,CUS_002458,PRJ_0017,PRJ_0017_U048,2023-12-31,14307.32,0.598,converted,
RES_0000639,LEAD_0010305,CUS_004409,PRJ_0025,PRJ_0025_U003,2024-12-03,19278.44,0.698,converted,
RES_0000640,LEAD_0002448,CUS_000928,PRJ_0022,PRJ_0022_U034,2021-08-29,22208.56,0.508,converted,
RES_0000641,LEAD_0003127,CUS_005824,PRJ_0020,PRJ_0020_U004,2021-12-13,21906.87,0.469,converted,
RES_0000642,LEAD_0002614,CUS_003706,PRJ_0005,PRJ_0005_U056,2024-04-22,13042.73,0.404,converted,
RES_0000643,LEAD_0002795,CUS_004400,PRJ_0016,PRJ_0016_U009,2024-01-10,13196.65,0.635,converted,
RES_0000644,LEAD_0002424,CUS_004657,PRJ_0012,PRJ_0012_U115,2025-10-31,34908.14,0.604,converted,
RES_0000645,LEAD_0008998,CUS_003868,PRJ_0012,PRJ_0012_U096,2022-07-22,8653.25,0.46,converted,
RES_0000646,LEAD_0007007,CUS_003379,PRJ_0013,PRJ_0013_U025,2022-12-01,12207.8,0.518,converted,
RES_0000647,LEAD_0000621,CUS_002954,PRJ_0027,PRJ_0027_U087,2022-06-03,12466.63,0.787,converted,
RES_0000648,LEAD_0003626,CUS_003458,PRJ_0022,PRJ_0022_U015,2022-05-22,17127.4,0.676,converted,
RES_0000649,LEAD_0001047,CUS_001851,PRJ_0022,PRJ_0022_U019,2022-10-22,27867.2,0.52,converted,
RES_0000650,LEAD_0009412,CUS_001636,PRJ_0019,PRJ_0019_U052,2025-05-14,14040.16,0.825,converted,
RES_0000651,LEAD_0001881,CUS_001804,PRJ_0015,PRJ_0015_U007,2024-03-08,24245.12,0.278,converted,
RES_0000652,LEAD_0002099,CUS_002377,PRJ_0006,PRJ_0006_U066,2023-11-04,20171.11,0.849,converted,
RES_0000653,LEAD_0007946,CUS_005337,PRJ_0008,PRJ_0008_U001,2023-08-12,9771.7,0.737,converted,
RES_0000654,LEAD_0008217,CUS_006215,PRJ_0009,PRJ_0009_U021,2023-04-17,9760.87,0.246,converted,
RES_0000655,LEAD_0004694,CUS_003089,PRJ_0021,PRJ_0021_U015,2021-11-25,13669.51,0.756,converted,
RES_0000656,LEAD_0001316,CUS_000561,PRJ_0027,PRJ_0027_U043,2023-09-26,21782.96,0.658,converted,
RES_0000657,LEAD_0008875,CUS_003071,PRJ_0026,PRJ_0026_U038,2021-03-24,31531.82,0.494,converted,
RES_0000658,LEAD_0003762,CUS_002315,PRJ_0001,PRJ_0001_U018,2022-10-04,43619.3,0.483,converted,
RES_0000659,LEAD_0003106,CUS_003310,PRJ_0009,PRJ_0009_U044,2023-09-12,26522.33,0.706,converted,
RES_0000660,LEAD_0009328,CUS_005266,PRJ_0023,PRJ_0023_U023,2025-07-23,33524.01,0.497,converted,
RES_0000661,LEAD_0003102,CUS_003763,PRJ_0014,PRJ_0014_U068,2025-03-29,15848.07,0.456,converted,
RES_0000662,LEAD_0001019,CUS_003551,PRJ_0027,PRJ_0027_U017,2021-12-14,27704.74,0.674,converted,
RES_0000663,LEAD_0008107,CUS_005828,PRJ_0022,PRJ_0022_U023,2025-07-16,37412.91,0.685,converted,
RES_0000664,LEAD_0006741,CUS_002038,PRJ_0004,PRJ_0004_U099,2023-09-08,10914.82,0.538,converted,
RES_0000665,LEAD_0004606,CUS_003799,PRJ_0013,PRJ_0013_U010,2021-08-17,21105.44,0.552,converted,
RES_0000666,LEAD_0003078,CUS_000226,PRJ_0017,PRJ_0017_U098,2024-02-13,11208.23,0.552,converted,
RES_0000667,LEAD_0006307,CUS_004043,PRJ_0025,PRJ_0025_U034,2025-11-15,3857.16,0.675,converted,
RES_0000668,LEAD_0004709,CUS_003544,PRJ_0024,PRJ_0024_U056,2025-11-01,16384.99,0.477,converted,
RES_0000669,LEAD_0007739,CUS_000541,PRJ_0016,PRJ_0016_U005,2021-03-01,16865.86,0.34,converted,
RES_0000670,LEAD_0000218,CUS_006484,PRJ_0022,PRJ_0022_U010,2025-03-12,18096.61,0.518,converted,
RES_0000671,LEAD_0005156,CUS_002083,PRJ_0027,PRJ_0027_U028,2025-06-09,5129.69,0.531,converted,
RES_0000672,LEAD_0010225,CUS_000011,PRJ_0017,PRJ_0017_U023,2025-07-16,35119.18,0.496,converted,
RES_0000673,LEAD_0004101,CUS_005215,PRJ_0021,PRJ_0021_U010,2023-09-20,13890.69,0.636,converted,
RES_0000674,LEAD_0001035,CUS_004114,PRJ_0008,PRJ_0008_U061,2021-03-06,21642.4,0.638,converted,
RES_0000675,LEAD_0000217,CUS_001184,PRJ_0019,PRJ_0019_U081,2025-05-21,46940.04,0.56,converted,
RES_0000676,LEAD_0007290,CUS_003184,PRJ_0015,PRJ_0015_U026,2021-05-09,29097.24,0.908,converted,
RES_0000677,LEAD_0006803,CUS_001762,PRJ_0009,PRJ_0009_U070,2022-05-07,16148.93,0.554,converted,
RES_0000678,LEAD_0003054,CUS_000152,PRJ_0013,PRJ_0013_U029,2021-06-20,11996.55,0.725,converted,
RES_0000679,LEAD_0004048,CUS_006266,PRJ_0001,PRJ_0001_U065,2021-02-23,22617.6,0.714,converted,
RES_0000680,LEAD_0006648,CUS_004195,PRJ_0024,PRJ_0024_U075,2021-12-10,17701.34,0.305,converted,
RES_0000681,LEAD_0003207,CUS_002568,PRJ_0008,PRJ_0008_U084,2023-06-13,17653.93,0.386,converted,
RES_0000682,LEAD_0003460,CUS_004658,PRJ_0027,PRJ_0027_U064,2024-01-25,23209.84,0.671,converted,
RES_0000683,LEAD_0005841,CUS_006242,PRJ_0020,PRJ_0020_U028,2024-10-30,9121.45,0.588,converted,
RES_0000684,LEAD_0005925,CUS_000547,PRJ_0028,PRJ_0028_U030,2022-10-14,27206.94,0.577,converted,
RES_0000685,LEAD_0001570,CUS_000774,PRJ_0027,PRJ_0027_U051,2026-01-01,14099.35,0.776,converted,
RES_0000686,LEAD_0000348,CUS_004529,PRJ_0011,PRJ_0011_U037,2023-10-03,17892.6,0.563,converted,
RES_0000687,LEAD_0009486,CUS_003104,PRJ_0015,PRJ_0015_U001,2021-09-18,24078.5,0.161,converted,
RES_0000688,LEAD_0006486,CUS_005985,PRJ_0017,PRJ_0017_U041,2024-03-08,13880.72,0.215,converted,
RES_0000689,LEAD_0008492,CUS_002552,PRJ_0011,PRJ_0011_U087,2023-08-29,13333.17,0.602,converted,
RES_0000690,LEAD_0003285,CUS_005399,PRJ_0014,PRJ_0014_U035,2023-08-26,12120.89,0.249,converted,
RES_0000691,LEAD_0004542,CUS_000837,PRJ_0012,PRJ_0012_U073,2025-12-12,21489.78,0.351,converted,
RES_0000692,LEAD_0004731,CUS_002596,PRJ_0014,PRJ_0014_U061,2023-07-14,18239.98,0.554,converted,
RES_0000693,LEAD_0006180,CUS_004166,PRJ_0007,PRJ_0007_U058,2024-01-18,40014.36,0.506,converted,
RES_0000694,LEAD_0005275,CUS_005042,PRJ_0018,PRJ_0018_U047,2025-09-15,16240.13,0.54,converted,
RES_0000695,LEAD_0008378,CUS_000664,PRJ_0016,PRJ_0016_U008,2025-11-25,9373.66,0.69,converted,
RES_0000696,LEAD_0001223,CUS_001396,PRJ_0008,PRJ_0008_U035,2024-03-29,10752.34,0.48,converted,
RES_0000697,LEAD_0009958,CUS_000661,PRJ_0015,PRJ_0015_U019,2024-08-11,30910.32,0.767,converted,
RES_0000698,LEAD_0008698,CUS_004617,PRJ_0001,PRJ_0001_U029,2023-06-12,32622.96,0.561,converted,
RES_0000699,LEAD_0005211,CUS_002828,PRJ_0018,PRJ_0018_U001,2023-05-26,23302.5,0.603,converted,
RES_0000700,LEAD_0007959,CUS_003893,PRJ_0019,PRJ_0019_U015,2024-02-10,9618.67,0.591,converted,
RES_0000701,LEAD_0009631,CUS_006100,PRJ_0011,PRJ_0011_U008,2022-07-04,14757.99,0.386,converted,
RES_0000702,LEAD_0000709,CUS_004335,PRJ_0005,PRJ_0005_U050,2025-10-19,11151.35,0.661,converted,
RES_0000703,LEAD_0002589,CUS_001548,PRJ_0019,PRJ_0019_U017,2021-04-30,46998.48,0.535,converted,
RES_0000704,LEAD_0001576,CUS_005450,PRJ_0026,PRJ_0026_U004,2024-11-26,15416.06,0.673,converted,
RES_0000705,LEAD_0003509,CUS_006113,PRJ_0024,PRJ_0024_U019,2024-09-12,22899.33,0.481,converted,
RES_0000706,LEAD_0000500,CUS_002035,PRJ_0010,PRJ_0010_U029,2022-08-21,13867.23,0.346,converted,
RES_0000707,LEAD_0006916,CUS_003000,PRJ_0009,PRJ_0009_U041,2023-01-09,26831.64,0.309,converted,
RES_0000708,LEAD_0004618,CUS_000016,PRJ_0001,PRJ_0001_U020,2021-07-21,26051.55,0.497,converted,
RES_0000709,LEAD_0007249,CUS_003362,PRJ_0028,PRJ_0028_U016,2022-01-19,11898.92,0.703,converted,
RES_0000710,LEAD_0010265,CUS_002554,PRJ_0011,PRJ_0011_U064,2021-08-27,21371.4,0.544,converted,
RES_0000711,LEAD_0006743,CUS_001012,PRJ_0016,PRJ_0016_U080,2026-01-04,13814.8,0.724,converted,
RES_0000712,LEAD_0005769,CUS_003982,PRJ_0015,PRJ_0015_U004,2021-02-04,17832.36,0.606,converted,
RES_0000713,LEAD_0002211,CUS_000723,PRJ_0002,PRJ_0002_U024,2024-12-01,16895.51,0.192,converted,
RES_0000714,LEAD_0003335,CUS_004065,PRJ_0004,PRJ_0004_U054,2023-08-15,22613.55,0.724,converted,
RES_0000715,LEAD_0005693,CUS_002598,PRJ_0011,PRJ_0011_U025,2022-02-15,29429.18,0.689,converted,
RES_0000716,LEAD_0000713,CUS_001370,PRJ_0027,PRJ_0027_U042,2021-09-22,19915.21,0.65,converted,
RES_0000717,LEAD_0003434,CUS_001789,PRJ_0026,PRJ_0026_U030,2025-10-30,10590.38,0.663,converted,
RES_0000718,LEAD_0001246,CUS_000836,PRJ_0006,PRJ_0006_U057,2023-06-02,9511.09,0.579,converted,
RES_0000719,LEAD_0008554,CUS_004761,PRJ_0010,PRJ_0010_U003,2025-08-25,37375.54,0.684,converted,
RES_0000720,LEAD_0009420,CUS_001559,PRJ_0021,PRJ_0021_U026,2025-07-07,24991.82,0.674,converted,
RES_0000721,LEAD_0002376,CUS_002874,PRJ_0014,PRJ_0014_U086,2024-01-06,12581.93,0.626,converted,
RES_0000722,LEAD_0005485,CUS_002928,PRJ_0026,PRJ_0026_U027,2021-08-28,7981.04,0.427,converted,
RES_0000723,LEAD_0000716,CUS_004092,PRJ_0002,PRJ_0002_U031,2024-01-26,20464.72,0.601,converted,
RES_0000724,LEAD_0002030,CUS_000087,PRJ_0023,PRJ_0023_U016,2023-08-07,35502.76,0.446,converted,
RES_0000725,LEAD_0007587,CUS_000601,PRJ_0018,PRJ_0018_U055,2024-07-07,17106.03,0.195,converted,
RES_0000726,LEAD_0001483,CUS_001903,PRJ_0022,PRJ_0022_U032,2025-05-21,25121.18,0.557,converted,
RES_0000727,LEAD_0004439,CUS_004224,PRJ_0019,PRJ_0019_U009,2021-09-27,12411.76,0.581,converted,
RES_0000728,LEAD_0004185,CUS_004690,PRJ_0026,PRJ_0026_U005,2021-12-11,19985.38,0.569,converted,
RES_0000729,LEAD_0007847,CUS_001993,PRJ_0024,PRJ_0024_U070,2022-08-04,28396.63,0.743,converted,
RES_0000730,LEAD_0009776,CUS_002018,PRJ_0016,PRJ_0016_U065,2024-08-03,16549.22,0.518,converted,
RES_0000731,LEAD_0001659,CUS_002325,PRJ_0005,PRJ_0005_U052,2023-10-03,5348.89,0.767,converted,
RES_0000732,LEAD_0000324,CUS_003881,PRJ_0004,PRJ_0004_U109,2025-08-06,11679.49,0.418,converted,
RES_0000733,LEAD_0000335,CUS_005615,PRJ_0008,PRJ_0008_U079,2023-02-14,24844.39,0.583,converted,
RES_0000734,LEAD_0002955,CUS_001979,PRJ_0026,PRJ_0026_U036,2021-02-24,15139.09,0.576,converted,
RES_0000735,LEAD_0001614,CUS_002954,PRJ_0016,PRJ_0016_U041,2023-03-14,18474.34,0.742,converted,
RES_0000736,LEAD_0000793,CUS_005023,PRJ_0006,PRJ_0006_U007,2021-02-09,16439.77,0.383,converted,
RES_0000737,LEAD_0008030,CUS_003209,PRJ_0006,PRJ_0006_U098,2022-08-08,23764.95,0.513,converted,
RES_0000738,LEAD_0004844,CUS_004953,PRJ_0019,PRJ_0019_U100,2021-01-30,25252.8,0.12,converted,
RES_0000739,LEAD_0002109,CUS_002249,PRJ_0002,PRJ_0002_U022,2025-12-31,14133.22,0.712,converted,
RES_0000740,LEAD_0005230,CUS_001961,PRJ_0017,PRJ_0017_U035,2024-07-10,18328.35,0.92,converted,
RES_0000741,LEAD_0006719,CUS_006133,PRJ_0012,PRJ_0012_U059,2023-09-08,26106.37,0.688,converted,
RES_0000742,LEAD_0003282,CUS_005314,PRJ_0013,PRJ_0013_U035,2023-08-05,23771.14,0.584,converted,
RES_0000743,LEAD_0000775,CUS_006484,PRJ_0025,PRJ_0025_U017,2024-11-03,17404.53,0.391,converted,
RES_0000744,LEAD_0006628,CUS_005018,PRJ_0024,PRJ_0024_U009,2022-06-05,16744.26,0.757,converted,
RES_0000745,LEAD_0001264,CUS_005111,PRJ_0006,PRJ_0006_U060,2023-12-05,18804.68,0.773,converted,
RES_0000746,LEAD_0001619,CUS_003303,PRJ_0023,PRJ_0023_U025,2023-01-22,14058.89,0.709,converted,
RES_0000747,LEAD_0006386,CUS_001593,PRJ_0009,PRJ_0009_U077,2024-09-09,25457.54,0.585,converted,
RES_0000748,LEAD_0005119,CUS_003199,PRJ_0022,PRJ_0022_U035,2021-11-17,21903.64,0.621,converted,
RES_0000749,LEAD_0001221,CUS_001916,PRJ_0017,PRJ_0017_U030,2022-12-28,11279.71,0.385,converted,
RES_0000750,LEAD_0003839,CUS_001087,PRJ_0009,PRJ_0009_U057,2021-05-24,21503.12,0.525,converted,
RES_0000751,LEAD_0000409,CUS_003160,PRJ_0009,PRJ_0009_U019,2025-11-10,44799.88,0.46,converted,
RES_0000752,LEAD_0001514,CUS_004136,PRJ_0012,PRJ_0012_U067,2021-12-05,11496.36,0.64,converted,
RES_0000753,LEAD_0002593,CUS_001852,PRJ_0003,PRJ_0003_U031,2021-06-23,27126.55,0.507,converted,
RES_0000754,LEAD_0010152,CUS_006457,PRJ_0026,PRJ_0026_U039,2023-03-06,16053.27,0.321,converted,
RES_0000755,LEAD_0005071,CUS_005139,PRJ_0022,PRJ_0022_U016,2023-01-30,22354.74,0.32,converted,
RES_0000756,LEAD_0005497,CUS_000931,PRJ_0014,PRJ_0014_U062,2022-02-12,8909.5,0.361,converted,
RES_0000757,LEAD_0010099,CUS_000317,PRJ_0027,PRJ_0027_U058,2021-03-28,28090.14,0.617,converted,
RES_0000758,LEAD_0003520,CUS_002048,PRJ_0012,PRJ_0012_U082,2022-05-17,8310.77,0.486,converted,
RES_0000759,LEAD_0003398,CUS_000416,PRJ_0027,PRJ_0027_U072,2023-07-03,8149.19,0.552,converted,
RES_0000760,LEAD_0008954,CUS_004361,PRJ_0018,PRJ_0018_U006,2022-10-08,8389.59,0.727,converted,
RES_0000761,LEAD_0006119,CUS_002917,PRJ_0011,PRJ_0011_U030,2023-03-11,13508.63,0.778,converted,
RES_0000762,LEAD_0010181,CUS_005668,PRJ_0024,PRJ_0024_U076,2025-08-04,34457.63,0.665,converted,
RES_0000763,LEAD_0009630,CUS_001602,PRJ_0008,PRJ_0008_U059,2024-03-20,14913.21,0.575,converted,
RES_0000764,LEAD_0004263,CUS_002054,PRJ_0002,PRJ_0002_U007,2021-11-17,18624.79,0.446,converted,
RES_0000765,LEAD_0001499,CUS_003333,PRJ_0021,PRJ_0021_U012,2026-01-10,11844.27,0.757,converted,
RES_0000766,LEAD_0000618,CUS_000909,PRJ_0025,PRJ_0025_U031,2021-11-19,16133.39,0.658,converted,
RES_0000767,LEAD_0001672,CUS_001656,PRJ_0004,PRJ_0004_U080,2024-09-05,14879.88,0.366,converted,
RES_0000768,LEAD_0004029,CUS_004087,PRJ_0007,PRJ_0007_U081,2024-06-10,20303.44,0.885,converted,
RES_0000769,LEAD_0009356,CUS_000728,PRJ_0001,PRJ_0001_U032,2022-02-23,29463.07,0.702,converted,
RES_0000770,LEAD_0006897,CUS_002679,PRJ_0018,PRJ_0018_U060,2023-06-22,34833.2,0.643,converted,
RES_0000771,LEAD_0005851,CUS_005142,PRJ_0010,PRJ_0010_U035,2024-02-15,20515.58,0.576,converted,
RES_0000772,LEAD_0008442,CUS_003386,PRJ_0017,PRJ_0017_U069,2025-12-11,21357.42,0.674,converted,
RES_0000773,LEAD_0010052,CUS_005620,PRJ_0011,PRJ_0011_U038,2022-09-29,24193.7,0.552,converted,
RES_0000774,LEAD_0006930,CUS_001125,PRJ_0025,PRJ_0025_U019,2023-04-27,16246.29,0.638,converted,
RES_0000775,LEAD_0009216,CUS_005156,PRJ_0018,PRJ_0018_U029,2021-08-22,22000.59,0.416,converted,
RES_0000776,LEAD_0007758,CUS_004243,PRJ_0015,PRJ_0015_U050,2021-04-30,11961.33,0.735,converted,
RES_0000777,LEAD_0010104,CUS_000948,PRJ_0020,PRJ_0020_U046,2025-01-02,27432.92,0.804,converted,
RES_0000778,LEAD_0008595,CUS_000192,PRJ_0004,PRJ_0004_U078,2025-05-31,12910.81,0.574,converted,
RES_0000779,LEAD_0007274,CUS_001562,PRJ_0002,PRJ_0002_U011,2024-08-03,10548.52,0.554,converted,
RES_0000780,LEAD_0007513,CUS_005524,PRJ_0010,PRJ_0010_U056,2021-12-30,24973.69,0.702,converted,
RES_0000781,LEAD_0006188,CUS_002411,PRJ_0001,PRJ_0001_U014,2023-09-11,33960.09,0.552,converted,
RES_0000782,LEAD_0006081,CUS_003589,PRJ_0004,PRJ_0004_U017,2023-02-26,8884.96,0.673,converted,
RES_0000783,LEAD_0002389,CUS_000359,PRJ_0006,PRJ_0006_U019,2023-12-05,10749.07,0.539,converted,
RES_0000784,LEAD_0005936,CUS_001733,PRJ_0003,PRJ_0003_U008,2024-10-22,19619.49,0.258,converted,
RES_0000785,LEAD_0003446,CUS_004062,PRJ_0017,PRJ_0017_U055,2023-10-15,11597.99,0.493,converted,
RES_0000786,LEAD_0005703,CUS_000740,PRJ_0014,PRJ_0014_U055,2025-11-15,13690.36,0.584,converted,
RES_0000787,LEAD_0006927,CUS_002684,PRJ_0024,PRJ_0024_U063,2023-01-22,26709.62,0.621,converted,
RES_0000788,LEAD_0000428,CUS_004835,PRJ_0005,PRJ_0005_U031,2025-01-17,14850.17,0.21,converted,
RES_0000789,LEAD_0000654,CUS_001388,PRJ_0025,PRJ_0025_U028,2021-04-06,32202.78,0.563,converted,
RES_0000790,LEAD_0007671,CUS_002130,PRJ_0015,PRJ_0015_U017,2022-12-07,7594.27,0.57,converted,
RES_0000791,LEAD_0008267,CUS_005437,PRJ_0009,PRJ_0009_U064,2023-10-26,26784.53,0.683,converted,
RES_0000792,LEAD_0005175,CUS_002815,PRJ_0013,PRJ_0013_U031,2023-01-19,16229.8,0.803,converted,
RES_0000793,LEAD_0003388,CUS_002639,PRJ_0002,PRJ_0002_U041,2025-03-03,27302.06,0.735,converted,
RES_0000794,LEAD_0007021,CUS_002199,PRJ_0006,PRJ_0006_U105,2025-07-17,18268.78,0.651,converted,
RES_0000795,LEAD_0007062,CUS_004206,PRJ_0028,PRJ_0028_U014,2022-10-10,11667.24,0.24,converted,
RES_0000796,LEAD_0004576,CUS_004459,PRJ_0004,PRJ_0004_U028,2025-05-15,17041.51,0.624,converted,
RES_0000797,LEAD_0000555,CUS_005209,PRJ_0026,PRJ_0026_U015,2022-12-18,18633.05,0.559,converted,
RES_0000798,LEAD_0000512,CUS_006241,PRJ_0004,PRJ_0004_U085,2021-11-07,21152.38,0.716,converted,
RES_0000799,LEAD_0007170,CUS_000061,PRJ_0010,PRJ_0010_U042,2023-11-09,20039.51,0.67,converted,
RES_0000800,LEAD_0007546,CUS_004644,PRJ_0026,PRJ_0026_U016,2022-10-29,20219.16,0.42,converted,
RES_0000801,LEAD_0000968,CUS_001461,PRJ_0009,PRJ_0009_U025,2022-12-26,15925.57,0.515,converted,
RES_0000802,LEAD_0002514,CUS_005368,PRJ_0021,PRJ_0021_U022,2024-12-30,17218.22,0.409,converted,
RES_0000803,LEAD_0007387,CUS_005008,PRJ_0017,PRJ_0017_U045,2025-11-28,11153.53,0.602,converted,
RES_0000804,LEAD_0009461,CUS_005141,PRJ_0015,PRJ_0015_U058,2022-09-05,10672.09,0.441,converted,
RES_0000805,LEAD_0006481,CUS_003696,PRJ_0007,PRJ_0007_U010,2026-01-17,17323.68,0.44,converted,
RES_0000806,LEAD_0005654,CUS_000380,PRJ_0003,PRJ_0003_U001,2021-06-01,10260.24,0.47,converted,
RES_0000807,LEAD_0008808,CUS_003818,PRJ_0017,PRJ_0017_U060,2025-01-11,9465.93,0.49,converted,
RES_0000808,LEAD_0007169,CUS_004699,PRJ_0018,PRJ_0018_U044,2025-07-23,28988.47,0.776,converted,
RES_0000809,LEAD_0006246,CUS_001248,PRJ_0016,PRJ_0016_U034,2023-10-21,9535.55,0.634,converted,
RES_0000810,LEAD_0001039,CUS_000394,PRJ_0018,PRJ_0018_U016,2022-08-24,17389.39,0.438,converted,
RES_0000811,LEAD_0004138,CUS_002307,PRJ_0016,PRJ_0016_U047,2021-07-25,10041.26,0.616,converted,
RES_0000812,LEAD_0004956,CUS_005733,PRJ_0010,PRJ_0010_U047,2023-03-25,31814.4,0.549,converted,
RES_0000813,LEAD_0000935,CUS_001921,PRJ_0008,PRJ_0008_U087,2022-12-12,24856.21,0.599,converted,
RES_0000814,LEAD_0000395,CUS_001372,PRJ_0003,PRJ_0003_U047,2024-02-24,16227.98,0.471,converted,
RES_0000815,LEAD_0001528,CUS_003668,PRJ_0015,PRJ_0015_U022,2024-03-28,12988.74,0.836,converted,
RES_0000816,LEAD_0006654,CUS_003383,PRJ_0016,PRJ_0016_U002,2025-02-28,16642.55,0.575,converted,
RES_0000817,LEAD_0008313,CUS_006148,PRJ_0022,PRJ_0022_U007,2025-10-06,46623.52,0.437,converted,
RES_0000818,LEAD_0002738,CUS_001364,PRJ_0009,PRJ_0009_U059,2025-09-20,11305.92,0.639,converted,
RES_0000819,LEAD_0003992,CUS_000995,PRJ_0006,PRJ_0006_U097,2023-09-25,26176.7,0.664,converted,
RES_0000820,LEAD_0005663,CUS_002875,PRJ_0023,PRJ_0023_U064,2025-09-08,20855.4,0.573,converted,
RES_0000821,LEAD_0000415,CUS_000436,PRJ_0022,PRJ_0022_U004,2025-02-18,14183.44,0.763,converted,
RES_0000822,LEAD_0008044,CUS_005634,PRJ_0001,PRJ_0001_U046,2021-03-05,39065.94,0.565,converted,
RES_0000823,LEAD_0002983,CUS_001813,PRJ_0023,PRJ_0023_U047,2025-07-21,51229.82,0.829,converted,
RES_0000824,LEAD_0007338,CUS_002522,PRJ_0017,PRJ_0017_U104,2023-01-18,8293.85,0.562,converted,
RES_0000825,LEAD_0005610,CUS_003355,PRJ_0015,PRJ_0015_U013,2022-06-13,9225.11,0.723,converted,
RES_0000826,LEAD_0009395,CUS_006433,PRJ_0024,PRJ_0024_U028,2023-03-11,10876.52,0.388,converted,
RES_0000827,LEAD_0010035,CUS_001077,PRJ_0007,PRJ_0007_U066,2023-05-03,30038.12,0.664,converted,
RES_0000828,LEAD_0001818,CUS_005276,PRJ_0007,PRJ_0007_U022,2022-01-30,17736.93,0.623,converted,
RES_0000829,LEAD_0004973,CUS_003155,PRJ_0021,PRJ_0021_U006,2025-07-10,43412.66,0.633,converted,
RES_0000830,LEAD_0009563,CUS_003817,PRJ_0009,PRJ_0009_U061,2024-02-19,31031.94,0.517,converted,
RES_0000831,LEAD_0003947,CUS_004572,PRJ_0016,PRJ_0016_U073,2024-12-29,11003.18,0.744,converted,
RES_0000832,LEAD_0000767,CUS_003143,PRJ_0022,PRJ_0022_U026,2023-08-28,54400.28,0.829,converted,
RES_0000833,LEAD_0008397,CUS_002897,PRJ_0020,PRJ_0020_U035,2025-09-29,7720.99,0.63,converted,
RES_0000834,LEAD_0002674,CUS_002035,PRJ_0013,PRJ_0013_U023,2024-10-25,23714.29,0.541,converted,
RES_0000835,LEAD_0003035,CUS_005870,PRJ_0004,PRJ_0004_U081,2023-12-06,22075.76,0.662,converted,
RES_0000836,LEAD_0006265,CUS_002203,PRJ_0011,PRJ_0011_U048,2025-02-06,15491.3,0.586,cancelled,2025-04-14
RES_0000837,LEAD_0009628,CUS_001070,PRJ_0022,PRJ_0022_U022,2025-03-23,15145.93,0.336,converted,
RES_0000838,LEAD_0000592,CUS_002915,PRJ_0017,PRJ_0017_U043,2023-11-16,7433.1,0.291,converted,
RES_0000839,LEAD_0007638,CUS_001735,PRJ_0017,PRJ_0017_U016,2022-08-21,15293.71,0.369,converted,
RES_0000840,LEAD_0005437,CUS_003230,PRJ_0028,PRJ_0028_U015,2022-12-09,7985.8,0.626,converted,
RES_0000841,LEAD_0009509,CUS_005612,PRJ_0024,PRJ_0024_U111,2022-08-22,36180.59,0.545,converted,
RES_0000842,LEAD_0002767,CUS_002385,PRJ_0018,PRJ_0018_U025,2021-04-30,15562.54,0.35,converted,
RES_0000843,LEAD_0001555,CUS_005473,PRJ_0009,PRJ_0009_U012,2025-09-22,13824.07,0.42,converted,
RES_0000844,LEAD_0002516,CUS_000033,PRJ_0014,PRJ_0014_U019,2025-03-17,24419.74,0.553,converted,
RES_0000845,LEAD_0008096,CUS_002369,PRJ_0003,PRJ_0003_U049,2022-08-06,10954.28,0.727,converted,
RES_0000846,LEAD_0007489,CUS_000760,PRJ_0005,PRJ_0005_U063,2022-07-17,14619.87,0.444,converted,
RES_0000847,LEAD_0003140,CUS_004267,PRJ_0007,PRJ_0007_U051,2023-03-29,23105.66,0.518,converted,
RES_0000848,LEAD_0003725,CUS_000589,PRJ_0024,PRJ_0024_U114,2021-11-05,23299.03,0.374,converted,
RES_0000849,LEAD_0006966,CUS_005278,PRJ_0022,PRJ_0022_U018,2022-05-22,16256.93,0.563,converted,
RES_0000850,LEAD_0003405,CUS_004953,PRJ_0018,PRJ_0018_U062,2024-11-08,31148.0,0.257,converted,
RES_0000851,LEAD_0004128,CUS_004199,PRJ_0017,PRJ_0017_U083,2021-11-11,23540.43,0.469,converted,
RES_0000852,LEAD_0001329,CUS_001378,PRJ_0017,PRJ_0017_U049,2023-06-01,21571.63,0.678,converted,
RES_0000853,LEAD_0002390,CUS_005401,PRJ_0028,PRJ_0028_U019,2021-09-09,9507.34,0.633,converted,
RES_0000854,LEAD_0005557,CUS_006369,PRJ_0018,PRJ_0018_U049,2025-07-03,34919.57,0.638,converted,
RES_0000855,LEAD_0001551,CUS_004378,PRJ_0005,PRJ_0005_U043,2025-07-13,20574.39,0.764,converted,
RES_0000856,LEAD_0001010,CUS_003150,PRJ_0018,PRJ_0018_U072,2023-07-17,23752.19,0.428,converted,
RES_0000857,LEAD_0001613,CUS_002116,PRJ_0008,PRJ_0008_U091,2024-12-31,31591.33,0.653,converted,
RES_0000858,LEAD_0006381,CUS_002192,PRJ_0024,PRJ_0024_U012,2023-06-24,31635.46,0.665,converted,
RES_0000859,LEAD_0000880,CUS_001971,PRJ_0007,PRJ_0007_U037,2023-12-25,14646.94,0.556,converted,
RES_0000860,LEAD_0004081,CUS_004677,PRJ_0028,PRJ_0028_U007,2021-02-17,13999.41,0.297,converted,
RES_0000861,LEAD_0006433,CUS_002531,PRJ_0002,PRJ_0002_U039,2024-12-05,12528.47,0.475,converted,
RES_0000862,LEAD_0002863,CUS_002163,PRJ_0001,PRJ_0001_U009,2022-11-10,24102.48,0.683,converted,
RES_0000863,LEAD_0009978,CUS_001131,PRJ_0021,PRJ_0021_U034,2024-12-27,14762.08,0.252,converted,
RES_0000864,LEAD_0001439,CUS_003977,PRJ_0017,PRJ_0017_U039,2025-10-02,24670.23,0.502,converted,
RES_0000865,LEAD_0000697,CUS_003601,PRJ_0017,PRJ_0017_U018,2022-12-01,11010.6,0.465,converted,
RES_0000866,LEAD_0005401,CUS_005139,PRJ_0013,PRJ_0013_U049,2023-09-21,17571.11,0.36,converted,
RES_0000867,LEAD_0001315,CUS_004468,PRJ_0015,PRJ_0015_U037,2022-03-23,20239.46,0.701,converted,
RES_0000868,LEAD_0000454,CUS_006089,PRJ_0019,PRJ_0019_U104,2022-08-10,16457.04,0.558,converted,
RES_0000869,LEAD_0005894,CUS_003735,PRJ_0020,PRJ_0020_U051,2023-11-18,7196.73,0.267,converted,
RES_0000870,LEAD_0009080,CUS_000639,PRJ_0027,PRJ_0027_U059,2021-07-27,12708.26,0.28,converted,
RES_0000871,LEAD_0000038,CUS_005797,PRJ_0011,PRJ_0011_U010,2023-05-20,19093.32,0.283,converted,
RES_0000872,LEAD_0004904,CUS_000317,PRJ_0026,PRJ_0026_U033,2023-09-28,29178.5,0.607,converted,
RES_0000873,LEAD_0000941,CUS_006346,PRJ_0026,PRJ_0026_U046,2023-09-22,19005.68,0.41,converted,
RES_0000874,LEAD_0003990,CUS_002327,PRJ_0010,PRJ_0010_U005,2022-11-20,18627.63,0.333,converted,
RES_0000875,LEAD_0000539,CUS_004748,PRJ_0005,PRJ_0005_U003,2021-08-25,27237.27,0.695,converted,
RES_0000876,LEAD_0008721,CUS_000506,PRJ_0001,PRJ_0001_U005,2024-02-03,32588.32,0.706,converted,
RES_0000877,LEAD_0005861,CUS_005258,PRJ_0025,PRJ_0025_U020,2025-01-05,14683.79,0.417,converted,
RES_0000878,LEAD_0009662,CUS_005716,PRJ_0012,PRJ_0012_U038,2022-07-18,15979.38,0.753,converted,
RES_0000879,LEAD_0006696,CUS_000869,PRJ_0014,PRJ_0014_U065,2024-01-30,24516.51,0.669,converted,
RES_0000880,LEAD_0009417,CUS_004991,PRJ_0009,PRJ_0009_U062,2023-03-29,29362.78,0.304,converted,
RES_0000881,LEAD_0006238,CUS_005278,PRJ_0023,PRJ_0023_U033,2023-11-26,23006.65,0.481,converted,
RES_0000882,LEAD_0003111,CUS_005950,PRJ_0003,PRJ_0003_U002,2025-05-10,20340.1,0.442,converted,
RES_0000883,LEAD_0003245,CUS_006111,PRJ_0008,PRJ_0008_U054,2022-05-05,22104.39,0.709,converted,
RES_0000884,LEAD_0002413,CUS_000262,PRJ_0012,PRJ_0012_U029,2024-05-26,42171.01,0.759,converted,
RES_0000885,LEAD_0008475,CUS_002871,PRJ_0026,PRJ_0026_U032,2021-11-07,23396.6,0.648,converted,
RES_0000886,LEAD_0006293,CUS_002861,PRJ_0011,PRJ_0011_U096,2021-12-29,28635.4,0.516,converted,
RES_0000887,LEAD_0002454,CUS_001534,PRJ_0013,PRJ_0013_U028,2025-09-21,20051.79,0.669,converted,
RES_0000888,LEAD_0010024,CUS_005407,PRJ_0016,PRJ_0016_U055,2023-08-24,8101.35,0.594,converted,
RES_0000889,LEAD_0002679,CUS_003941,PRJ_0005,PRJ_0005_U034,2025-11-23,24992.69,0.823,converted,
RES_0000890,LEAD_0009585,CUS_006201,PRJ_0015,PRJ_0015_U038,2024-12-10,10980.26,0.784,converted,
RES_0000891,LEAD_0000834,CUS_002593,PRJ_0025,PRJ_0025_U024,2021-10-04,22080.82,0.723,converted,
RES_0000892,LEAD_0006024,CUS_005698,PRJ_0027,PRJ_0027_U001,2022-02-11,7726.48,0.613,converted,
RES_0000893,LEAD_0005502,CUS_006400,PRJ_0026,PRJ_0026_U035,2024-03-19,33369.81,0.491,converted,
RES_0000894,LEAD_0009192,CUS_006308,PRJ_0014,PRJ_0014_U005,2023-04-21,16405.42,0.62,converted,
RES_0000895,LEAD_0004468,CUS_005303,PRJ_0008,PRJ_0008_U025,2022-09-20,14182.93,0.303,converted,
RES_0000896,LEAD_0007819,CUS_001104,PRJ_0016,PRJ_0016_U064,2023-11-28,19881.34,0.743,cancelled,2024-03-19
RES_0000897,LEAD_0008617,CUS_001208,PRJ_0025,PRJ_0025_U043,2025-06-27,19611.32,0.626,converted,
RES_0000898,LEAD_0006647,CUS_000425,PRJ_0011,PRJ_0011_U049,2022-07-23,21983.09,0.384,converted,
RES_0000899,LEAD_0006973,CUS_006363,PRJ_0018,PRJ_0018_U012,2021-06-09,42067.43,0.657,converted,
RES_0000900,LEAD_0008380,CUS_005540,PRJ_0014,PRJ_0014_U024,2024-04-01,13789.12,0.555,converted,
RES_0000901,LEAD_0003046,CUS_000527,PRJ_0018,PRJ_0018_U009,2023-09-07,12044.87,0.372,converted,
RES_0000902,LEAD_0002378,CUS_002380,PRJ_0023,PRJ_0023_U074,2021-06-17,28834.88,0.38,converted,
RES_0000903,LEAD_0007402,CUS_004936,PRJ_0024,PRJ_0024_U016,2023-12-26,37094.07,0.594,converted,
RES_0000904,LEAD_0004004,CUS_004724,PRJ_0025,PRJ_0025_U035,2023-09-01,26280.48,0.643,converted,
RES_0000905,LEAD_0003306,CUS_002610,PRJ_0012,PRJ_0012_U111,2022-09-23,20324.36,0.745,converted,
RES_0000906,LEAD_0008877,CUS_002100,PRJ_0024,PRJ_0024_U024,2024-04-14,22481.58,0.732,converted,
RES_0000907,LEAD_0001545,CUS_005422,PRJ_0002,PRJ_0002_U021,2021-12-28,18466.09,0.263,converted,
RES_0000908,LEAD_0003483,CUS_005376,PRJ_0003,PRJ_0003_U044,2021-10-15,12234.54,0.324,converted,
RES_0000909,LEAD_0006860,CUS_002368,PRJ_0006,PRJ_0006_U100,2024-05-15,16108.46,0.546,converted,
RES_0000910,LEAD_0001128,CUS_002862,PRJ_0008,PRJ_0008_U085,2024-12-05,21463.96,0.322,converted,
RES_0000911,LEAD_0003551,CUS_003404,PRJ_0015,PRJ_0015_U044,2021-10-01,13103.22,0.401,converted,
RES_0000912,LEAD_0004884,CUS_001793,PRJ_0014,PRJ_0014_U045,2024-03-24,23057.67,0.82,converted,
RES_0000913,LEAD_0009452,CUS_003240,PRJ_0009,PRJ_0009_U050,2024-03-11,20565.3,0.425,converted,
RES_0000914,LEAD_0001562,CUS_003150,PRJ_0013,PRJ_0013_U018,2024-07-22,30361.21,0.467,converted,
RES_0000915,LEAD_0003610,CUS_004724,PRJ_0003,PRJ_0003_U059,2023-03-07,6203.11,0.724,converted,
RES_0000916,LEAD_0005995,CUS_002447,PRJ_0004,PRJ_0004_U044,2024-09-25,11542.26,0.781,converted,
RES_0000917,LEAD_0003945,CUS_004212,PRJ_0005,PRJ_0005_U032,2024-04-13,24172.74,0.634,converted,
RES_0000918,LEAD_0009399,CUS_005497,PRJ_0026,PRJ_0026_U072,2023-12-27,14784.24,0.647,converted,
RES_0000919,LEAD_0006815,CUS_003361,PRJ_0021,PRJ_0021_U033,2025-02-25,21024.7,0.46,converted,
RES_0000920,LEAD_0006761,CUS_003657,PRJ_0002,PRJ_0002_U006,2022-04-10,10306.9,0.49,converted,
RES_0000921,LEAD_0001393,CUS_002915,PRJ_0008,PRJ_0008_U071,2021-12-23,11132.4,0.303,converted,
RES_0000922,LEAD_0007612,CUS_002527,PRJ_0004,PRJ_0004_U114,2022-11-06,15319.45,0.433,converted,
RES_0000923,LEAD_0006106,CUS_000721,PRJ_0023,PRJ_0023_U013,2026-01-05,24448.48,0.426,converted,
RES_0000924,LEAD_0008716,CUS_001474,PRJ_0001,PRJ_0001_U066,2024-06-03,35376.57,0.37,converted,
RES_0000925,LEAD_0001771,CUS_005953,PRJ_0022,PRJ_0022_U024,2022-06-27,28716.94,0.346,converted,
RES_0000926,LEAD_0000133,CUS_004930,PRJ_0012,PRJ_0012_U104,2021-06-14,22643.95,0.707,converted,
RES_0000927,LEAD_0002003,CUS_005321,PRJ_0007,PRJ_0007_U020,2023-06-01,13118.46,0.543,converted,
RES_0000928,LEAD_0000702,CUS_004776,PRJ_0004,PRJ_0004_U016,2025-02-15,15555.54,0.431,converted,
RES_0000929,LEAD_0007416,CUS_002154,PRJ_0003,PRJ_0003_U067,2021-07-29,11053.73,0.381,converted,
RES_0000930,LEAD_0003296,CUS_000319,PRJ_0003,PRJ_0003_U022,2021-12-24,12378.75,0.514,converted,
RES_0000931,LEAD_0009692,CUS_000120,PRJ_0017,PRJ_0017_U046,2025-04-11,21231.51,0.621,converted,
RES_0000932,LEAD_0001288,CUS_003244,PRJ_0001,PRJ_0001_U040,2021-08-30,15190.04,0.751,converted,
RES_0000933,LEAD_0006956,CUS_005458,PRJ_0025,PRJ_0025_U018,2022-06-25,7815.44,0.846,converted,
RES_0000934,LEAD_0003376,CUS_003643,PRJ_0011,PRJ_0011_U065,2025-10-21,11596.64,0.794,converted,
RES_0000935,LEAD_0002014,CUS_003123,PRJ_0006,PRJ_0006_U052,2025-10-29,32244.86,0.637,converted,
RES_0000936,LEAD_0006326,CUS_005113,PRJ_0018,PRJ_0018_U046,2021-07-28,23532.52,0.666,converted,
RES_0000937,LEAD_0005913,CUS_002957,PRJ_0020,PRJ_0020_U024,2025-01-11,14748.1,0.656,converted,
RES_0000938,LEAD_0007304,CUS_001473,PRJ_0012,PRJ_0012_U118,2024-06-01,28763.75,0.552,converted,
RES_0000939,LEAD_0009117,CUS_002812,PRJ_0003,PRJ_0003_U013,2022-05-12,15528.14,0.305,converted,
RES_0000940,LEAD_0000811,CUS_005039,PRJ_0028,PRJ_0028_U010,2025-03-12,25359.11,0.81,converted,
RES_0000941,LEAD_0003128,CUS_002464,PRJ_0007,PRJ_0007_U054,2021-11-25,26857.3,0.583,converted,
RES_0000942,LEAD_0010128,CUS_002106,PRJ_0002,PRJ_0002_U009,2021-08-20,12827.73,0.348,converted,
RES_0000943,LEAD_0009587,CUS_003975,PRJ_0016,PRJ_0016_U036,2024-02-15,22018.16,0.587,converted,
RES_0000944,LEAD_0002334,CUS_003833,PRJ_0002,PRJ_0002_U008,2025-05-09,19802.16,0.875,converted,
RES_0000945,LEAD_0009317,CUS_003925,PRJ_0014,PRJ_0014_U090,2023-11-10,19329.72,0.472,converted,
RES_0000946,LEAD_0006462,CUS_005149,PRJ_0016,PRJ_0016_U063,2022-03-03,12877.44,0.565,converted,
RES_0000947,LEAD_0004512,CUS_004172,PRJ_0004,PRJ_0004_U068,2024-08-10,14736.16,0.41,converted,
RES_0000948,LEAD_0000031,CUS_002804,PRJ_0008,PRJ_0008_U094,2024-02-17,19983.24,0.375,converted,
RES_0000949,LEAD_0001666,CUS_005554,PRJ_0014,PRJ_0014_U044,2024-11-14,14868.08,0.313,converted,
RES_0000950,LEAD_0002803,CUS_004337,PRJ_0002,PRJ_0002_U005,2022-01-04,12905.69,0.86,converted,
RES_0000951,LEAD_0002496,CUS_005689,PRJ_0013,PRJ_0013_U048,2024-02-24,13757.29,0.296,converted,
RES_0000952,LEAD_0009778,CUS_005208,PRJ_0023,PRJ_0023_U042,2021-01-05,42387.38,0.697,converted,
RES_0000953,LEAD_0007448,CUS_000832,PRJ_0025,PRJ_0025_U037,2025-07-05,16392.39,0.811,converted,
RES_0000954,LEAD_0007319,CUS_002671,PRJ_0015,PRJ_0015_U048,2022-12-17,18178.31,0.492,converted,
RES_0000955,LEAD_0007620,CUS_003435,PRJ_0020,PRJ_0020_U032,2023-11-24,10205.94,0.355,converted,
RES_0000956,LEAD_0003849,CUS_005581,PRJ_0016,PRJ_0016_U077,2021-01-11,11588.12,0.86,converted,
RES_0000957,LEAD_0005019,CUS_001536,PRJ_0010,PRJ_0010_U053,2025-10-16,13935.09,0.474,converted,
RES_0000958,LEAD_0009664,CUS_001791,PRJ_0020,PRJ_0020_U003,2023-12-16,22900.2,0.468,converted,
RES_0000959,LEAD_0005849,CUS_004452,PRJ_0017,PRJ_0017_U067,2022-08-10,19873.91,0.317,converted,
RES_0000960,LEAD_0008090,CUS_001297,PRJ_0009,PRJ_0009_U015,2025-06-24,14707.36,0.561,converted,
RES_0000961,LEAD_0007543,CUS_006425,PRJ_0017,PRJ_0017_U101,2023-10-22,11760.88,0.823,converted,
RES_0000962,LEAD_0008825,CUS_006425,PRJ_0009,PRJ_0009_U052,2024-12-11,25138.24,0.798,converted,
RES_0000963,LEAD_0009268,CUS_001416,PRJ_0019,PRJ_0019_U093,2023-07-17,8879.33,0.508,converted,
RES_0000964,LEAD_0006302,CUS_000930,PRJ_0009,PRJ_0009_U029,2022-03-25,21952.42,0.527,converted,
RES_0000965,LEAD_0003182,CUS_000690,PRJ_0020,PRJ_0020_U022,2025-07-26,21432.68,0.686,converted,
RES_0000966,LEAD_0001453,CUS_005184,PRJ_0020,PRJ_0020_U036,2021-06-25,9718.57,0.459,converted,
RES_0000967,LEAD_0009241,CUS_005271,PRJ_0011,PRJ_0011_U095,2022-07-21,47257.55,0.682,converted,
RES_0000968,LEAD_0008714,CUS_000562,PRJ_0005,PRJ_0005_U047,2026-01-08,33317.35,0.567,converted,
RES_0000969,LEAD_0003419,CUS_005692,PRJ_0008,PRJ_0008_U082,2022-08-26,21273.58,0.685,converted,
RES_0000970,LEAD_0008129,CUS_005567,PRJ_0008,PRJ_0008_U081,2024-01-18,21102.45,0.659,converted,
RES_0000971,LEAD_0009447,CUS_002771,PRJ_0024,PRJ_0024_U080,2024-06-28,18422.52,0.505,converted,
RES_0000972,LEAD_0001053,CUS_005136,PRJ_0012,PRJ_0012_U123,2022-02-25,28359.77,0.577,converted,
RES_0000973,LEAD_0004334,CUS_004492,PRJ_0016,PRJ_0016_U046,2023-12-02,10618.46,0.693,converted,
RES_0000974,LEAD_0000362,CUS_004677,PRJ_0011,PRJ_0011_U009,2022-03-14,30373.95,0.522,converted,
RES_0000975,LEAD_0009887,CUS_001172,PRJ_0006,PRJ_0006_U050,2024-08-09,17886.25,0.438,converted,
RES_0000976,LEAD_0006390,CUS_002445,PRJ_0026,PRJ_0026_U068,2023-07-26,20177.07,0.679,converted,
RES_0000977,LEAD_0007048,CUS_006195,PRJ_0018,PRJ_0018_U019,2021-03-26,29491.32,0.612,converted,
RES_0000978,LEAD_0000541,CUS_003174,PRJ_0004,PRJ_0004_U125,2023-01-30,31660.85,0.265,converted,
RES_0000979,LEAD_0001147,CUS_004170,PRJ_0003,PRJ_0003_U054,2025-04-21,29847.88,0.812,converted,
RES_0000980,LEAD_0003308,CUS_000357,PRJ_0025,PRJ_0025_U023,2025-11-28,16052.08,0.28,converted,
RES_0000981,LEAD_0009402,CUS_005509,PRJ_0002,PRJ_0002_U001,2023-05-16,12457.04,0.478,converted,
RES_0000982,LEAD_0006183,CUS_003396,PRJ_0023,PRJ_0023_U034,2021-10-25,29837.02,0.506,converted,
RES_0000983,LEAD_0004346,CUS_005550,PRJ_0004,PRJ_0004_U097,2024-12-30,16578.13,0.408,converted,
RES_0000984,LEAD_0003315,CUS_004435,PRJ_0018,PRJ_0018_U051,2024-08-23,45875.13,0.525,converted,
RES_0000985,LEAD_0007486,CUS_006302,PRJ_0013,PRJ_0013_U015,2022-03-28,17620.43,0.587,converted,
RES_0000986,LEAD_0002824,CUS_003975,PRJ_0023,PRJ_0023_U017,2025-10-28,21589.39,0.741,converted,
RES_0000987,LEAD_0003543,CUS_001418,PRJ_0018,PRJ_0018_U003,2025-02-17,19669.67,0.643,converted,
RES_0000988,LEAD_0005932,CUS_002415,PRJ_0028,PRJ_0028_U001,2026-01-19,26533.69,0.75,converted,
RES_0000989,LEAD_0001700,CUS_001646,PRJ_0028,PRJ_0028_U005,2023-09-08,6471.42,0.322,converted,
RES_0000990,LEAD_0001380,CUS_006438,PRJ_0028,PRJ_0028_U024,2025-01-06,29353.31,0.813,converted,
RES_0000991,LEAD_0007866,CUS_005039,PRJ_0002,PRJ_0002_U015,2023-11-12,21112.32,0.92,converted,
RES_0000992,LEAD_0000619,CUS_002719,PRJ_0006,PRJ_0006_U048,2025-09-27,25446.72,0.542,converted,
RES_0000993,LEAD_0010245,CUS_003705,PRJ_0027,PRJ_0027_U041,2021-02-08,11213.24,0.732,converted,
RES_0000994,LEAD_0006500,CUS_000666,PRJ_0006,PRJ_0006_U087,2024-11-23,14315.2,0.43,converted,
RES_0000995,LEAD_0001616,CUS_001845,PRJ_0015,PRJ_0015_U043,2023-06-21,27144.56,0.735,converted,
RES_0000996,LEAD_0002084,CUS_000280,PRJ_0010,PRJ_0010_U008,2024-06-25,26039.98,0.551,converted,
RES_0000997,LEAD_0007355,CUS_006481,PRJ_0013,PRJ_0013_U039,2024-11-15,20372.51,0.749,converted,
RES_0000998,LEAD_0008566,CUS_003389,PRJ_0009,PRJ_0009_U069,2025-03-12,19475.79,0.347,converted,
RES_0000999,LEAD_0002546,CUS_001657,PRJ_0005,PRJ_0005_U055,2021-08-23,14225.87,0.239,converted,
RES_0001000,LEAD_0008668,CUS_002226,PRJ_0006,PRJ_0006_U059,2022-10-17,24815.11,0.284,converted,
RES_0001001,LEAD_0001919,CUS_002452,PRJ_0015,PRJ_0015_U039,2024-01-21,12443.92,0.698,converted,
RES_0001002,LEAD_0006224,CUS_002560,PRJ_0018,PRJ_0018_U015,2022-05-06,36565.12,0.405,converted,
RES_0001003,LEAD_0004152,CUS_005516,PRJ_0016,PRJ_0016_U026,2021-06-17,16015.42,0.92,converted,
RES_0001004,LEAD_0006913,CUS_001488,PRJ_0024,PRJ_0024_U094,2023-12-16,17913.5,0.636,converted,
RES_0001005,LEAD_0002055,CUS_002326,PRJ_0024,PRJ_0024_U002,2025-05-17,29082.87,0.678,converted,
RES_0001006,LEAD_0001127,CUS_005883,PRJ_0022,PRJ_0022_U028,2023-12-17,66326.12,0.503,converted,
RES_0001007,LEAD_0006954,CUS_002808,PRJ_0013,PRJ_0013_U050,2022-09-29,8247.05,0.681,converted,
RES_0001008,LEAD_0007922,CUS_003494,PRJ_0002,PRJ_0002_U002,2021-07-08,21966.43,0.821,converted,
RES_0001009,LEAD_0002445,CUS_003458,PRJ_0007,PRJ_0007_U015,2024-01-15,21259.82,0.616,converted,
RES_0001010,LEAD_0001604,CUS_005698,PRJ_0005,PRJ_0005_U048,2023-01-02,11647.49,0.768,converted,
RES_0001011,LEAD_0010323,CUS_004062,PRJ_0002,PRJ_0002_U040,2024-09-20,27142.88,0.395,converted,
RES_0001012,LEAD_0008010,CUS_000238,PRJ_0009,PRJ_0009_U009,2021-04-05,43356.31,0.346,converted,
RES_0001013,LEAD_0009717,CUS_000745,PRJ_0008,PRJ_0008_U003,2022-02-09,13271.92,0.707,converted,
RES_0001014,LEAD_0008847,CUS_005621,PRJ_0001,PRJ_0001_U064,2024-02-24,25924.27,0.749,converted,
RES_0001015,LEAD_0003380,CUS_004234,PRJ_0003,PRJ_0003_U026,2021-08-19,16657.06,0.663,converted,
RES_0001016,LEAD_0008495,CUS_005231,PRJ_0012,PRJ_0012_U013,2021-12-07,16408.07,0.645,converted,
RES_0001017,LEAD_0001837,CUS_005903,PRJ_0008,PRJ_0008_U034,2023-01-20,16384.97,0.608,converted,
RES_0001018,LEAD_0003013,CUS_002490,PRJ_0012,PRJ_0012_U041,2023-05-09,15155.27,0.759,converted,
RES_0001019,LEAD_0000982,CUS_001213,PRJ_0015,PRJ_0015_U056,2024-08-02,13358.01,0.422,converted,
RES_0001020,LEAD_0001355,CUS_002425,PRJ_0007,PRJ_0007_U074,2025-09-10,19634.93,0.509,converted,
RES_0001021,LEAD_0006324,CUS_000103,PRJ_0015,PRJ_0015_U025,2022-06-24,19050.6,0.472,converted,
RES_0001022,LEAD_0000749,CUS_004759,PRJ_0025,PRJ_0025_U011,2021-12-09,23933.18,0.872,converted,
RES_0001023,LEAD_0007992,CUS_004441,PRJ_0013,PRJ_0013_U056,2023-03-25,11249.91,0.74,converted,
RES_0001024,LEAD_0009716,CUS_005222,PRJ_0002,PRJ_0002_U033,2022-08-09,9313.58,0.663,cancelled,2022-08-24
RES_0001025,LEAD_0006487,CUS_003841,PRJ_0023,PRJ_0023_U008,2024-09-28,12941.64,0.571,converted,
RES_0001026,LEAD_0003038,CUS_004929,PRJ_0005,PRJ_0005_U046,2024-12-04,7954.21,0.607,converted,
RES_0001027,LEAD_0010018,CUS_004489,PRJ_0004,PRJ_0004_U077,2025-07-27,28523.76,0.692,converted,
RES_0001028,LEAD_0008399,CUS_003608,PRJ_0012,PRJ_0012_U004,2021-04-03,19918.55,0.665,converted,
RES_0001029,LEAD_0005096,CUS_004379,PRJ_0021,PRJ_0021_U011,2021-05-29,27920.52,0.437,converted,
RES_0001030,LEAD_0003133,CUS_001415,PRJ_0028,PRJ_0028_U037,2024-10-20,17888.41,0.666,converted,
RES_0001031,LEAD_0005750,CUS_000634,PRJ_0024,PRJ_0024_U043,2024-08-19,26772.57,0.632,converted,
RES_0001032,LEAD_0003027,CUS_002093,PRJ_0025,PRJ_0025_U027,2021-02-27,13046.74,0.642,converted,
RES_0001033,LEAD_0005315,CUS_002602,PRJ_0014,PRJ_0014_U026,2023-03-08,15132.02,0.43,converted,
RES_0001034,LEAD_0003126,CUS_000041,PRJ_0022,PRJ_0022_U002,2024-11-20,42001.46,0.817,converted,
RES_0001035,LEAD_0007679,CUS_004651,PRJ_0010,PRJ_0010_U015,2022-09-30,11957.17,0.593,converted,
RES_0001036,LEAD_0002871,CUS_003051,PRJ_0015,PRJ_0015_U029,2024-03-13,22577.16,0.598,converted,
RES_0001037,LEAD_0009450,CUS_003770,PRJ_0022,PRJ_0022_U020,2022-08-30,19828.5,0.309,converted,
RES_0001038,LEAD_0002752,CUS_000576,PRJ_0022,PRJ_0022_U038,2021-08-06,21025.2,0.371,converted,
RES_0001039,LEAD_0001418,CUS_000143,PRJ_0003,PRJ_0003_U030,2023-10-01,15053.49,0.455,converted,
RES_0001040,LEAD_0000605,CUS_003547,PRJ_0010,PRJ_0010_U049,2024-05-02,35903.1,0.449,converted,
RES_0001041,LEAD_0004388,CUS_004462,PRJ_0019,PRJ_0019_U058,2022-01-24,20652.67,0.456,converted,
RES_0001042,LEAD_0000248,CUS_005605,PRJ_0026,PRJ_0026_U012,2021-07-19,31757.84,0.324,converted,
RES_0001043,LEAD_0001983,CUS_004084,PRJ_0009,PRJ_0009_U042,2025-04-09,30847.46,0.805,converted,
RES_0001044,LEAD_0006631,CUS_000571,PRJ_0022,PRJ_0022_U043,2022-08-22,22122.3,0.625,converted,
RES_0001045,LEAD_0003964,CUS_000393,PRJ_0003,PRJ_0003_U041,2021-05-16,10408.62,0.596,converted,
RES_0001046,LEAD_0010190,CUS_001091,PRJ_0006,PRJ_0006_U115,2021-08-03,10135.47,0.514,converted,
RES_0001047,LEAD_0007110,CUS_000135,PRJ_0024,PRJ_0024_U004,2023-05-16,29055.54,0.614,converted,
RES_0001048,LEAD_0001722,CUS_000043,PRJ_0014,PRJ_0014_U066,2025-07-29,15593.84,0.653,converted,
RES_0001049,LEAD_0006665,CUS_004099,PRJ_0001,PRJ_0001_U062,2022-11-06,9375.64,0.627,converted,
RES_0001050,LEAD_0010159,CUS_002348,PRJ_0003,PRJ_0003_U064,2024-07-22,13350.91,0.513,converted,
RES_0001051,LEAD_0002095,CUS_001109,PRJ_0015,PRJ_0015_U054,2021-03-31,13063.39,0.632,converted,
RES_0001052,LEAD_0007012,CUS_006288,PRJ_0010,PRJ_0010_U019,2025-01-25,24014.73,0.566,converted,
RES_0001053,LEAD_0002005,CUS_003791,PRJ_0012,PRJ_0012_U084,2021-12-26,9540.21,0.66,converted,
RES_0001054,LEAD_0009054,CUS_004160,PRJ_0009,PRJ_0009_U054,2024-02-26,23758.68,0.338,converted,
RES_0001055,LEAD_0007869,CUS_005829,PRJ_0020,PRJ_0020_U054,2022-07-24,27909.21,0.637,converted,
RES_0001056,LEAD_0008481,CUS_002618,PRJ_0028,PRJ_0028_U042,2025-12-17,23210.12,0.61,converted,
RES_0001057,LEAD_0008939,CUS_001527,PRJ_0016,PRJ_0016_U083,2026-01-09,8257.07,0.425,converted,
RES_0001058,LEAD_0002133,CUS_005731,PRJ_0026,PRJ_0026_U029,2023-12-01,30286.38,0.323,converted,
RES_0001059,LEAD_0007779,CUS_000456,PRJ_0006,PRJ_0006_U077,2025-06-30,27334.54,0.284,converted,
RES_0001060,LEAD_0002058,CUS_003999,PRJ_0007,PRJ_0007_U060,2023-04-05,23255.22,0.676,converted,
RES_0001061,LEAD_0009781,CUS_002523,PRJ_0004,PRJ_0004_U088,2022-04-14,10121.12,0.351,converted,
RES_0001062,LEAD_0008715,CUS_006338,PRJ_0014,PRJ_0014_U031,2024-09-01,22662.43,0.574,converted,
RES_0001063,LEAD_0000210,CUS_004780,PRJ_0001,PRJ_0001_U023,2025-10-11,16833.09,0.644,converted,
RES_0001064,LEAD_0002751,CUS_002291,PRJ_0017,PRJ_0017_U073,2021-03-02,17581.85,0.605,converted,
RES_0001065,LEAD_0002961,CUS_002040,PRJ_0001,PRJ_0001_U050,2021-09-24,36395.96,0.782,converted,
RES_0001066,LEAD_0007432,CUS_001630,PRJ_0026,PRJ_0026_U026,2023-11-10,17802.46,0.641,converted,
RES_0001067,LEAD_0005082,CUS_004384,PRJ_0012,PRJ_0012_U122,2024-03-25,23432.3,0.527,converted,
RES_0001068,LEAD_0004819,CUS_003713,PRJ_0009,PRJ_0009_U045,2025-07-07,25823.19,0.558,converted,
RES_0001069,LEAD_0003321,CUS_004802,PRJ_0001,PRJ_0001_U063,2021-06-24,18557.39,0.659,cancelled,2021-09-14
RES_0001070,LEAD_0007888,CUS_005262,PRJ_0003,PRJ_0003_U042,2023-09-13,14860.82,0.642,converted,
RES_0001071,LEAD_0008976,CUS_001474,PRJ_0010,PRJ_0010_U054,2022-01-27,32635.48,0.435,converted,
RES_0001072,LEAD_0008028,CUS_001280,PRJ_0023,PRJ_0023_U009,2025-06-17,30848.54,0.322,converted,
RES_0001073,LEAD_0010277,CUS_002118,PRJ_0022,PRJ_0022_U003,2022-02-28,26678.31,0.364,converted,
RES_0001074,LEAD_0010304,CUS_005881,PRJ_0008,PRJ_0008_U005,2022-12-30,12779.7,0.42,converted,
RES_0001075,LEAD_0005479,CUS_003362,PRJ_0011,PRJ_0011_U067,2025-01-09,28315.15,0.727,converted,
RES_0001076,LEAD_0000351,CUS_002607,PRJ_0010,PRJ_0010_U040,2022-04-28,18291.24,0.701,converted,
RES_0001077,LEAD_0001935,CUS_004968,PRJ_0013,PRJ_0013_U047,2025-10-03,15187.06,0.658,converted,
RES_0001078,LEAD_0001583,CUS_001500,PRJ_0015,PRJ_0015_U009,2025-01-29,24321.72,0.798,converted,
RES_0001079,LEAD_0004170,CUS_003231,PRJ_0022,PRJ_0022_U044,2024-05-25,22156.13,0.262,converted,
RES_0001080,LEAD_0002541,CUS_004089,PRJ_0022,PRJ_0022_U039,2025-10-13,19498.51,0.572,converted,
RES_0001081,LEAD_0010268,CUS_001925,PRJ_0004,PRJ_0004_U118,2024-05-05,23486.37,0.507,converted,
RES_0001082,LEAD_0010342,CUS_003156,PRJ_0022,PRJ_0022_U041,2022-05-06,24155.54,0.593,converted,
RES_0001083,LEAD_0005226,CUS_004774,PRJ_0019,PRJ_0019_U105,2021-12-16,23407.36,0.432,converted,
RES_0001084,LEAD_0006787,CUS_005033,PRJ_0003,PRJ_0003_U043,2025-01-24,7398.39,0.649,converted,
RES_0001085,LEAD_0008133,CUS_004451,PRJ_0023,PRJ_0023_U071,2024-10-31,47987.01,0.678,converted,
RES_0001086,LEAD_0000822,CUS_002989,PRJ_0015,PRJ_0015_U030,2023-11-07,15474.05,0.408,converted,
RES_0001087,LEAD_0006052,CUS_006082,PRJ_0017,PRJ_0017_U044,2023-03-18,30217.18,0.424,converted,
RES_0001088,LEAD_0001615,CUS_004794,PRJ_0026,PRJ_0026_U067,2022-03-07,13267.62,0.57,converted,
RES_0001089,LEAD_0004939,CUS_006406,PRJ_0019,PRJ_0019_U024,2024-12-16,34461.83,0.713,converted,
RES_0001090,LEAD_0002834,CUS_001251,PRJ_0024,PRJ_0024_U115,2025-12-24,14334.4,0.356,converted,
RES_0001091,LEAD_0006763,CUS_004906,PRJ_0009,PRJ_0009_U006,2021-10-14,53023.89,0.244,converted,
RES_0001092,LEAD_0007567,CUS_005163,PRJ_0023,PRJ_0023_U002,2022-09-30,18217.26,0.736,converted,
RES_0001093,LEAD_0007508,CUS_002388,PRJ_0024,PRJ_0024_U102,2024-06-27,21773.64,0.552,converted,
RES_0001094,LEAD_0004793,CUS_000632,PRJ_0002,PRJ_0002_U035,2022-08-05,11992.39,0.638,converted,
RES_0001095,LEAD_0003371,CUS_005098,PRJ_0012,PRJ_0012_U005,2021-10-26,20819.7,0.637,converted,
RES_0001096,LEAD_0005763,CUS_005651,PRJ_0025,PRJ_0025_U042,2021-11-26,9993.75,0.42,converted,
RES_0001097,LEAD_0002374,CUS_000456,PRJ_0027,PRJ_0027_U076,2022-05-07,26013.49,0.34,converted,
RES_0001098,LEAD_0002443,CUS_001662,PRJ_0003,PRJ_0003_U007,2024-04-17,10107.4,0.465,converted,
RES_0001099,LEAD_0009597,CUS_002970,PRJ_0002,PRJ_0002_U013,2025-09-28,13874.48,0.747,converted,
RES_0001100,LEAD_0003095,CUS_006180,PRJ_0014,PRJ_0014_U043,2024-07-30,10495.31,0.446,converted,
RES_0001101,LEAD_0002759,CUS_001754,PRJ_0010,PRJ_0010_U045,2021-04-12,8166.71,0.605,converted,
RES_0001102,LEAD_0003778,CUS_005196,PRJ_0006,PRJ_0006_U090,2021-03-25,37149.39,0.28,converted,
RES_0001103,LEAD_0009765,CUS_003263,PRJ_0028,PRJ_0028_U039,2024-02-04,20972.41,0.506,converted,
RES_0001104,LEAD_0004522,CUS_003911,PRJ_0006,PRJ_0006_U085,2025-09-27,24852.31,0.582,converted,
RES_0001105,LEAD_0009544,CUS_002990,PRJ_0022,PRJ_0022_U012,2022-05-04,23341.56,0.705,converted,
RES_0001106,LEAD_0006983,CUS_005694,PRJ_0001,PRJ_0001_U035,2023-01-22,23793.9,0.587,converted,
RES_0001107,LEAD_0006342,CUS_002597,PRJ_0002,PRJ_0002_U016,2023-03-21,10482.02,0.469,converted,
RES_0001108,LEAD_0002936,CUS_002449,PRJ_0022,PRJ_0022_U021,2024-02-17,35352.85,0.476,converted,
RES_0001109,LEAD_0003910,CUS_005752,PRJ_0025,PRJ_0025_U012,2024-05-16,14564.1,0.634,converted,
RES_0001110,LEAD_0005377,CUS_000351,PRJ_0028,PRJ_0028_U052,2022-10-10,28490.5,0.424,converted,
RES_0001111,LEAD_0003170,CUS_003746,PRJ_0009,PRJ_0009_U032,2021-03-07,16416.78,0.687,converted,
RES_0001112,LEAD_0005107,CUS_002680,PRJ_0014,PRJ_0014_U069,2023-11-11,25364.1,0.805,converted,
RES_0001113,LEAD_0009496,CUS_001461,PRJ_0004,PRJ_0004_U075,2023-08-10,5730.93,0.682,converted,
RES_0001114,LEAD_0009301,CUS_001067,PRJ_0007,PRJ_0007_U049,2023-01-27,10812.64,0.692,converted,
RES_0001115,LEAD_0007622,CUS_000552,PRJ_0002,PRJ_0002_U029,2025-05-13,16996.19,0.758,converted,
RES_0001116,LEAD_0002487,CUS_001476,PRJ_0015,PRJ_0015_U059,2023-03-21,28610.84,0.515,converted,
RES_0001117,LEAD_0007436,CUS_001029,PRJ_0013,PRJ_0013_U040,2025-01-18,24799.02,0.541,converted,
RES_0001118,LEAD_0008149,CUS_004311,PRJ_0023,PRJ_0023_U067,2022-03-05,15787.01,0.565,converted,
RES_0001119,LEAD_0004951,CUS_002262,PRJ_0025,PRJ_0025_U030,2023-07-24,15168.37,0.876,converted,
RES_0001120,LEAD_0004068,CUS_004115,PRJ_0006,PRJ_0006_U093,2025-10-20,20903.67,0.593,converted,
RES_0001121,LEAD_0002025,CUS_001856,PRJ_0016,PRJ_0016_U035,2022-05-19,18243.85,0.588,converted,
RES_0001122,LEAD_0009382,CUS_004459,PRJ_0001,PRJ_0001_U047,2023-03-02,20282.41,0.676,converted,
RES_0001123,LEAD_0006946,CUS_002257,PRJ_0011,PRJ_0011_U084,2025-08-08,41000.38,0.649,cancelled,2025-11-24
RES_0001124,LEAD_0007349,CUS_001761,PRJ_0007,PRJ_0007_U057,2023-03-14,10789.08,0.718,converted,
RES_0001125,LEAD_0007221,CUS_001387,PRJ_0021,PRJ_0021_U004,2021-07-08,18140.96,0.41,converted,
RES_0001126,LEAD_0008447,CUS_001595,PRJ_0009,PRJ_0009_U066,2024-02-09,19538.49,0.485,converted,
RES_0001127,LEAD_0004484,CUS_000332,PRJ_0025,PRJ_0025_U032,2025-05-04,11023.56,0.47,converted,
RES_0001128,LEAD_0003468,CUS_005902,PRJ_0014,PRJ_0014_U041,2021-04-03,17377.62,0.557,converted,
RES_0001129,LEAD_0000473,CUS_004006,PRJ_0024,PRJ_0024_U015,2022-03-20,24489.21,0.253,converted,
RES_0001130,LEAD_0010056,CUS_001950,PRJ_0021,PRJ_0021_U041,2021-11-25,19482.08,0.668,converted,
RES_0001131,LEAD_0006483,CUS_001869,PRJ_0012,PRJ_0012_U003,2024-05-31,34443.65,0.354,converted,
RES_0001132,LEAD_0005152,CUS_002090,PRJ_0021,PRJ_0021_U007,2021-03-19,27552.54,0.247,converted,
RES_0001133,LEAD_0009949,CUS_000233,PRJ_0018,PRJ_0018_U073,2025-09-01,11685.74,0.321,converted,
RES_0001134,LEAD_0001507,CUS_000777,PRJ_0003,PRJ_0003_U056,2025-04-12,18482.93,0.52,converted,
RES_0001135,LEAD_0006544,CUS_005363,PRJ_0002,PRJ_0002_U036,2023-08-27,7239.6,0.793,converted,
RES_0001136,LEAD_0002771,CUS_004796,PRJ_0013,PRJ_0013_U001,2021-02-18,28542.3,0.71,converted,
RES_0001137,LEAD_0009704,CUS_004429,PRJ_0013,PRJ_0013_U004,2023-02-24,32325.97,0.33,converted,
RES_0001138,LEAD_0006976,CUS_003695,PRJ_0006,PRJ_0006_U056,2021-10-30,13968.53,0.71,converted,
RES_0001139,LEAD_0007208,CUS_005281,PRJ_0007,PRJ_0007_U017,2024-05-03,17928.97,0.3,converted,
RES_0001140,LEAD_0009839,CUS_001050,PRJ_0019,PRJ_0019_U021,2024-11-22,16541.12,0.758,converted,
RES_0001141,LEAD_0006437,CUS_003945,PRJ_0024,PRJ_0024_U033,2025-06-23,15511.04,0.92,converted,
RES_0001142,LEAD_0000074,CUS_004423,PRJ_0003,PRJ_0003_U028,2021-03-19,32281.08,0.757,converted,
RES_0001143,LEAD_0004833,CUS_000309,PRJ_0020,PRJ_0020_U050,2021-10-03,36150.34,0.483,converted,
RES_0001144,LEAD_0007901,CUS_005859,PRJ_0015,PRJ_0015_U031,2023-06-19,10006.56,0.359,converted,
RES_0001145,LEAD_0006591,CUS_005266,PRJ_0015,PRJ_0015_U051,2024-12-06,14598.22,0.69,converted,
RES_0001146,LEAD_0009918,CUS_003318,PRJ_0017,PRJ_0017_U021,2021-05-07,18355.66,0.514,converted,
RES_0001147,LEAD_0007586,CUS_004806,PRJ_0009,PRJ_0009_U065,2025-08-20,34349.06,0.579,converted,
RES_0001148,LEAD_0004899,CUS_006159,PRJ_0020,PRJ_0020_U009,2021-12-21,17446.45,0.821,converted,
RES_0001149,LEAD_0010037,CUS_003174,PRJ_0013,PRJ_0013_U060,2024-12-18,19200.96,0.32,converted,
RES_0001150,LEAD_0007137,CUS_004722,PRJ_0013,PRJ_0013_U020,2024-07-19,30151.03,0.412,converted,
RES_0001151,LEAD_0000178,CUS_004868,PRJ_0018,PRJ_0018_U005,2023-07-24,12411.55,0.728,converted,
RES_0001152,LEAD_0009977,CUS_003345,PRJ_0011,PRJ_0011_U060,2023-01-09,21133.25,0.706,converted,
RES_0001153,LEAD_0003351,CUS_000196,PRJ_0020,PRJ_0020_U056,2022-12-10,10415.69,0.388,converted,
RES_0001154,LEAD_0001375,CUS_005894,PRJ_0014,PRJ_0014_U050,2023-09-02,15204.98,0.79,converted,
RES_0001155,LEAD_0001721,CUS_004600,PRJ_0002,PRJ_0002_U026,2021-09-09,20151.57,0.421,converted,
RES_0001156,LEAD_0004585,CUS_001242,PRJ_0004,PRJ_0004_U035,2025-04-21,25540.41,0.552,converted,
RES_0001157,LEAD_0006624,CUS_003203,PRJ_0014,PRJ_0014_U107,2025-03-26,22290.67,0.478,converted,
RES_0001158,LEAD_0009036,CUS_001062,PRJ_0023,PRJ_0023_U073,2025-11-26,29279.28,0.765,converted,
RES_0001159,LEAD_0008295,CUS_001146,PRJ_0027,PRJ_0027_U088,2023-09-04,21009.37,0.504,converted,
RES_0001160,LEAD_0002215,CUS_003444,PRJ_0013,PRJ_0013_U036,2022-05-11,18838.04,0.627,converted,
RES_0001161,LEAD_0001422,CUS_002686,PRJ_0013,PRJ_0013_U059,2023-01-26,24485.5,0.503,converted,
RES_0001162,LEAD_0009451,CUS_001898,PRJ_0010,PRJ_0010_U010,2025-05-19,35538.66,0.428,converted,
RES_0001163,LEAD_0005361,CUS_003264,PRJ_0017,PRJ_0017_U100,2024-03-15,22772.46,0.412,converted,
RES_0001164,LEAD_0010203,CUS_003223,PRJ_0022,PRJ_0022_U031,2023-01-10,51701.02,0.61,converted,
RES_0001165,LEAD_0007198,CUS_006195,PRJ_0011,PRJ_0011_U108,2024-05-14,20205.77,0.614,converted,
RES_0001166,LEAD_0001979,CUS_002165,PRJ_0015,PRJ_0015_U055,2022-08-03,11995.89,0.555,converted,
RES_0001167,LEAD_0001062,CUS_000058,PRJ_0005,PRJ_0005_U030,2022-03-02,18656.21,0.425,converted,
RES_0001168,LEAD_0001426,CUS_002905,PRJ_0010,PRJ_0010_U024,2025-01-19,14132.92,0.632,converted,
RES_0001169,LEAD_0005287,CUS_003899,PRJ_0005,PRJ_0005_U039,2021-04-30,15728.37,0.799,converted,
RES_0001170,LEAD_0007615,CUS_003695,PRJ_0025,PRJ_0025_U015,2022-12-25,25628.94,0.44,cancelled,2023-02-01
RES_0001171,LEAD_0001503,CUS_000962,PRJ_0011,PRJ_0011_U004,2025-12-13,44396.93,0.676,converted,
RES_0001172,LEAD_0003785,CUS_000181,PRJ_0014,PRJ_0014_U075,2022-08-10,16577.5,0.771,converted,
RES_0001173,LEAD_0004809,CUS_002985,PRJ_0009,PRJ_0009_U022,2025-08-14,43157.79,0.821,converted,
RES_0001174,LEAD_0005121,CUS_002518,PRJ_0005,PRJ_0005_U016,2021-04-20,22943.71,0.644,converted,
RES_0001175,LEAD_0008930,CUS_002396,PRJ_0016,PRJ_0016_U085,2025-11-14,12479.51,0.57,converted,
RES_0001176,LEAD_0005372,CUS_005620,PRJ_0017,PRJ_0017_U095,2021-02-04,24331.35,0.74,converted,
RES_0001177,LEAD_0006250,CUS_003807,PRJ_0016,PRJ_0016_U004,2024-12-15,17550.14,0.544,converted,
RES_0001178,LEAD_0008210,CUS_003551,PRJ_0004,PRJ_0004_U056,2021-06-11,14952.3,0.446,converted,
RES_0001179,LEAD_0000958,CUS_000684,PRJ_0023,PRJ_0023_U070,2024-10-31,11879.56,0.291,converted,
RES_0001180,LEAD_0007258,CUS_004637,PRJ_0013,PRJ_0013_U051,2025-05-03,15934.68,0.47,converted,
RES_0001181,LEAD_0002689,CUS_003003,PRJ_0014,PRJ_0014_U071,2023-04-26,15064.42,0.368,converted,
RES_0001182,LEAD_0007853,CUS_002424,PRJ_0028,PRJ_0028_U034,2023-02-04,12654.81,0.671,converted,
RES_0001183,LEAD_0006420,CUS_000108,PRJ_0027,PRJ_0027_U012,2022-03-03,14827.91,0.44,converted,
RES_0001184,LEAD_0006759,CUS_004799,PRJ_0011,PRJ_0011_U016,2022-09-11,11226.85,0.575,converted,
RES_0001185,LEAD_0009626,CUS_005125,PRJ_0017,PRJ_0017_U105,2025-05-22,20066.23,0.686,converted,
RES_0001186,LEAD_0000529,CUS_005257,PRJ_0006,PRJ_0006_U034,2025-12-23,32993.47,0.668,converted,
RES_0001187,LEAD_0000780,CUS_001629,PRJ_0024,PRJ_0024_U077,2025-10-27,24436.97,0.518,converted,
RES_0001188,LEAD_0000723,CUS_006023,PRJ_0011,PRJ_0011_U061,2023-09-30,12066.15,0.694,converted,
RES_0001189,LEAD_0008973,CUS_003927,PRJ_0010,PRJ_0010_U031,2021-05-30,15086.53,0.517,converted,
RES_0001190,LEAD_0008773,CUS_005324,PRJ_0008,PRJ_0008_U093,2025-04-22,17998.29,0.742,converted,
RES_0001191,LEAD_0008052,CUS_001776,PRJ_0004,PRJ_0004_U106,2021-10-26,28307.08,0.564,converted,
RES_0001192,LEAD_0001993,CUS_004137,PRJ_0023,PRJ_0023_U048,2023-01-09,15987.54,0.428,converted,
RES_0001193,LEAD_0002333,CUS_003647,PRJ_0002,PRJ_0002_U019,2021-04-06,16165.48,0.699,converted,
RES_0001194,LEAD_0007428,CUS_005668,PRJ_0006,PRJ_0006_U009,2024-06-03,15375.45,0.814,converted,
RES_0001195,LEAD_0007921,CUS_001688,PRJ_0010,PRJ_0010_U011,2023-12-29,16154.07,0.459,converted,
RES_0001196,LEAD_0002472,CUS_006309,PRJ_0022,PRJ_0022_U017,2023-12-28,17562.38,0.612,converted,
RES_0001197,LEAD_0005505,CUS_006106,PRJ_0021,PRJ_0021_U020,2024-02-27,31341.93,0.59,converted,
RES_0001198,LEAD_0005130,CUS_005707,PRJ_0014,PRJ_0014_U046,2022-10-23,17885.85,0.464,converted,
RES_0001199,LEAD_0001397,CUS_005776,PRJ_0013,PRJ_0013_U046,2023-08-30,16413.16,0.324,converted,
RES_0001200,LEAD_0002885,CUS_006045,PRJ_0013,PRJ_0013_U033,2026-01-02,14325.84,0.528,converted,
RES_0001201,LEAD_0001043,CUS_001656,PRJ_0010,PRJ_0010_U033,2024-09-16,28770.4,0.49,converted,
RES_0001202,LEAD_0006413,CUS_006381,PRJ_0005,PRJ_0005_U002,2023-03-27,13723.74,0.728,converted,
RES_0001203,LEAD_0008963,CUS_004627,PRJ_0010,PRJ_0010_U028,2021-01-31,19426.91,0.92,converted,
RES_0001204,LEAD_0002836,CUS_000256,PRJ_0006,PRJ_0006_U049,2021-04-30,18376.64,0.521,converted,
RES_0001205,LEAD_0000703,CUS_003905,PRJ_0006,PRJ_0006_U062,2023-10-11,40683.15,0.492,converted,
RES_0001206,LEAD_0001346,CUS_004845,PRJ_0024,PRJ_0024_U058,2021-05-28,32210.05,0.729,converted,
RES_0001207,LEAD_0005516,CUS_002296,PRJ_0013,PRJ_0013_U030,2021-09-07,24385.2,0.631,converted,
RES_0001208,LEAD_0002249,CUS_005764,PRJ_0012,PRJ_0012_U001,2022-12-26,14577.49,0.774,converted,
RES_0001209,LEAD_0004218,CUS_001191,PRJ_0026,PRJ_0026_U064,2022-02-17,10118.34,0.546,converted,
RES_0001210,LEAD_0004251,CUS_002732,PRJ_0005,PRJ_0005_U070,2022-09-15,12089.32,0.683,converted,
RES_0001211,LEAD_0010289,CUS_000319,PRJ_0021,PRJ_0021_U029,2025-08-24,9955.69,0.571,converted,
RES_0001212,LEAD_0008517,CUS_002814,PRJ_0022,PRJ_0022_U037,2021-11-05,24306.19,0.449,converted,
RES_0001213,LEAD_0003911,CUS_004082,PRJ_0003,PRJ_0003_U014,2025-01-31,9215.19,0.738,converted,
RES_0001214,LEAD_0001177,CUS_002824,PRJ_0023,PRJ_0023_U061,2021-03-31,35595.78,0.428,converted,
RES_0001215,LEAD_0008995,CUS_003491,PRJ_0028,PRJ_0028_U049,2021-09-29,11908.47,0.776,converted,
RES_0001216,LEAD_0006392,CUS_002471,PRJ_0003,PRJ_0003_U040,2025-05-13,14997.3,0.233,converted,
RES_0001217,LEAD_0004093,CUS_004020,PRJ_0003,PRJ_0003_U057,2022-12-01,14450.11,0.163,converted,
RES_0001218,LEAD_0009110,CUS_002405,PRJ_0008,PRJ_0008_U014,2023-01-20,17218.87,0.739,converted,
RES_0001219,LEAD_0008200,CUS_003609,PRJ_0005,PRJ_0005_U054,2021-07-07,30371.32,0.661,converted,
RES_0001220,LEAD_0005954,CUS_004806,PRJ_0015,PRJ_0015_U014,2025-02-15,19824.9,0.591,converted,
RES_0001221,LEAD_0005441,CUS_002707,PRJ_0021,PRJ_0021_U040,2025-03-10,19211.45,0.592,converted,
RES_0001222,LEAD_0000694,CUS_003748,PRJ_0020,PRJ_0020_U058,2025-05-16,18970.45,0.55,converted,
RES_0001223,LEAD_0006221,CUS_005215,PRJ_0014,PRJ_0014_U032,2021-10-29,24788.87,0.573,converted,
RES_0001224,LEAD_0000080,CUS_002654,PRJ_0023,PRJ_0023_U019,2024-11-23,11903.94,0.92,converted,
RES_0001225,LEAD_0008639,CUS_003213,PRJ_0023,PRJ_0023_U041,2024-09-08,24839.26,0.362,converted,
RES_0001226,LEAD_0007077,CUS_001800,PRJ_0008,PRJ_0008_U032,2024-12-03,25133.45,0.682,converted,
RES_0001227,LEAD_0003687,CUS_003756,PRJ_0009,PRJ_0009_U013,2022-09-27,28556.66,0.489,converted,
RES_0001228,LEAD_0000262,CUS_004263,PRJ_0009,PRJ_0009_U008,2024-02-01,33536.53,0.63,converted,
RES_0001229,LEAD_0002143,CUS_004903,PRJ_0011,PRJ_0011_U058,2026-01-19,17825.66,0.516,converted,
RES_0001230,LEAD_0004873,CUS_005762,PRJ_0024,PRJ_0024_U039,2021-06-18,20217.41,0.394,converted,
RES_0001231,LEAD_0006990,CUS_006077,PRJ_0019,PRJ_0019_U054,2025-11-05,47849.31,0.506,converted,
RES_0001232,LEAD_0003754,CUS_006310,PRJ_0014,PRJ_0014_U040,2025-04-30,17338.28,0.553,converted,
RES_0001233,LEAD_0001169,CUS_003515,PRJ_0006,PRJ_0006_U012,2023-08-07,34416.93,0.678,converted,
RES_0001234,LEAD_0000049,CUS_003388,PRJ_0017,PRJ_0017_U056,2022-08-20,27562.02,0.662,converted,
RES_0001235,LEAD_0000085,CUS_003591,PRJ_0001,PRJ_0001_U057,2021-05-06,35397.52,0.725,converted,
RES_0001236,LEAD_0000881,CUS_003041,PRJ_0028,PRJ_0028_U033,2025-04-05,25296.34,0.487,converted,
RES_0001237,LEAD_0008194,CUS_003089,PRJ_0021,PRJ_0021_U008,2021-06-29,28400.11,0.678,converted,
RES_0001238,LEAD_0002440,CUS_005386,PRJ_0012,PRJ_0012_U064,2024-07-02,15016.86,0.431,converted,
RES_0001239,LEAD_0000231,CUS_003214,PRJ_0017,PRJ_0017_U074,2025-04-16,15857.25,0.591,converted,
RES_0001240,LEAD_0000042,CUS_002908,PRJ_0021,PRJ_0021_U013,2025-07-18,22818.07,0.668,converted,
RES_0001241,LEAD_0003040,CUS_000314,PRJ_0026,PRJ_0026_U021,2024-06-24,6569.75,0.536,converted,
RES_0001242,LEAD_0000778,CUS_001116,PRJ_0011,PRJ_0011_U052,2023-07-21,22158.54,0.35,converted,
RES_0001243,LEAD_0009498,CUS_004669,PRJ_0015,PRJ_0015_U041,2024-06-22,16283.08,0.469,converted,
RES_0001244,LEAD_0001730,CUS_005496,PRJ_0010,PRJ_0010_U039,2025-10-31,25728.36,0.503,converted,
RES_0001245,LEAD_0005571,CUS_003653,PRJ_0001,PRJ_0001_U026,2023-02-27,25893.84,0.424,converted,
RES_0001246,LEAD_0006370,CUS_005560,PRJ_0013,PRJ_0013_U021,2022-12-20,20768.36,0.608,converted,
RES_0001247,LEAD_0007201,CUS_004861,PRJ_0005,PRJ_0005_U012,2022-06-28,17595.94,0.311,cancelled,2022-10-05
RES_0001248,LEAD_0002868,CUS_000554,PRJ_0023,PRJ_0023_U029,2021-07-16,42627.67,0.658,converted,
RES_0001249,LEAD_0009243,CUS_004324,PRJ_0004,PRJ_0004_U018,2022-03-31,18971.15,0.415,converted,
RES_0001250,LEAD_0009730,CUS_001095,PRJ_0024,PRJ_0024_U003,2022-02-28,23984.65,0.573,converted,
RES_0001251,LEAD_0009642,CUS_002799,PRJ_0013,PRJ_0013_U032,2025-01-01,22545.94,0.625,converted,
RES_0001252,LEAD_0000165,CUS_005681,PRJ_0027,PRJ_0027_U100,2023-09-25,14277.59,0.393,converted,
RES_0001253,LEAD_0007548,CUS_005635,PRJ_0026,PRJ_0026_U034,2023-03-15,14721.47,0.554,converted,
RES_0001254,LEAD_0002756,CUS_005987,PRJ_0012,PRJ_0012_U066,2025-10-05,28029.13,0.358,converted,
RES_0001255,LEAD_0010070,CUS_005589,PRJ_0010,PRJ_0010_U009,2021-02-20,31301.81,0.56,converted,
RES_0001256,LEAD_0007672,CUS_002456,PRJ_0024,PRJ_0024_U013,2025-12-17,15808.42,0.748,converted,
RES_0001257,LEAD_0001335,CUS_002814,PRJ_0013,PRJ_0013_U011,2026-01-20,14308.14,0.366,converted,
RES_0001258,LEAD_0004792,CUS_000563,PRJ_0014,PRJ_0014_U049,2023-03-09,19233.21,0.326,converted,
RES_0001259,LEAD_0008449,CUS_003449,PRJ_0014,PRJ_0014_U023,2022-02-11,11451.05,0.449,converted,
RES_0001260,LEAD_0007619,CUS_000104,PRJ_0005,PRJ_0005_U007,2025-01-05,22577.48,0.742,converted,
RES_0001261,LEAD_0000707,CUS_003946,PRJ_0004,PRJ_0004_U012,2021-05-04,12640.02,0.684,converted,
RES_0001262,LEAD_0002974,CUS_001788,PRJ_0018,PRJ_0018_U026,2021-02-08,25621.66,0.482,converted,
RES_0001263,LEAD_0009968,CUS_004690,PRJ_0012,PRJ_0012_U042,2025-09-30,16403.58,0.579,converted,
RES_0001264,LEAD_0003152,CUS_003765,PRJ_0010,PRJ_0010_U050,2021-05-15,29524.4,0.697,converted,
RES_0001265,LEAD_0004120,CUS_000746,PRJ_0026,PRJ_0026_U007,2025-06-29,19933.15,0.379,converted,
RES_0001266,LEAD_0009939,CUS_006119,PRJ_0025,PRJ_0025_U009,2025-12-03,8639.15,0.572,converted,
RES_0001267,LEAD_0009346,CUS_005180,PRJ_0005,PRJ_0005_U068,2022-04-09,28837.87,0.656,converted,
RES_0001268,LEAD_0006271,CUS_000126,PRJ_0023,PRJ_0023_U044,2023-03-21,31133.03,0.612,converted,
RES_0001269,LEAD_0007780,CUS_001489,PRJ_0012,PRJ_0012_U052,2021-02-26,14530.36,0.585,converted,
RES_0001270,LEAD_0004342,CUS_000679,PRJ_0018,PRJ_0018_U066,2022-06-03,16552.47,0.385,converted,
RES_0001271,LEAD_0008729,CUS_005239,PRJ_0001,PRJ_0001_U019,2023-12-29,35961.36,0.634,converted,
RES_0001272,LEAD_0008505,CUS_005428,PRJ_0005,PRJ_0005_U042,2025-11-29,7213.2,0.3,converted,
RES_0001273,LEAD_0005124,CUS_005020,PRJ_0014,PRJ_0014_U039,2022-10-22,14859.19,0.421,converted,
RES_0001274,LEAD_0001194,CUS_001959,PRJ_0021,PRJ_0021_U042,2021-05-16,14155.54,0.45,converted,
RES_0001275,LEAD_0002907,CUS_006416,PRJ_0020,PRJ_0020_U060,2022-02-23,13043.92,0.401,converted,
RES_0001276,LEAD_0008553,CUS_005449,PRJ_0013,PRJ_0013_U043,2023-12-09,22166.33,0.593,converted,
RES_0001277,LEAD_0008542,CUS_003092,PRJ_0025,PRJ_0025_U033,2024-04-23,5708.31,0.748,converted,
RES_0001278,LEAD_0003674,CUS_003082,PRJ_0016,PRJ_0016_U045,2025-06-28,21315.19,0.677,converted,
RES_0001279,LEAD_0006969,CUS_004491,PRJ_0014,PRJ_0014_U047,2022-10-12,18863.13,0.601,converted,
RES_0001280,LEAD_0002730,CUS_003809,PRJ_0017,PRJ_0017_U106,2023-06-11,11513.8,0.302,converted,
RES_0001281,LEAD_0010296,CUS_005245,PRJ_0012,PRJ_0012_U054,2025-02-05,16094.61,0.467,converted,
RES_0001282,LEAD_0003888,CUS_002530,PRJ_0024,PRJ_0024_U078,2023-10-03,33264.58,0.522,converted,
RES_0001283,LEAD_0008570,CUS_002488,PRJ_0024,PRJ_0024_U103,2025-11-16,35683.77,0.615,converted,
RES_0001284,LEAD_0000105,CUS_002050,PRJ_0005,PRJ_0005_U013,2021-02-22,22881.92,0.193,converted,
RES_0001285,LEAD_0001657,CUS_003186,PRJ_0004,PRJ_0004_U041,2023-07-17,19595.17,0.436,converted,
RES_0001286,LEAD_0007415,CUS_004377,PRJ_0017,PRJ_0017_U007,2025-01-05,8793.97,0.711,converted,
RES_0001287,LEAD_0002987,CUS_005495,PRJ_0025,PRJ_0025_U007,2024-12-30,19204.81,0.864,converted,
RES_0001288,LEAD_0008888,CUS_005427,PRJ_0012,PRJ_0012_U105,2023-12-18,15416.2,0.465,converted,
RES_0001289,LEAD_0001333,CUS_005270,PRJ_0019,PRJ_0019_U063,2021-10-31,9659.31,0.813,converted,
RES_0001290,LEAD_0000215,CUS_003409,PRJ_0011,PRJ_0011_U045,2022-10-20,7318.08,0.576,converted,
RES_0001291,LEAD_0004903,CUS_004952,PRJ_0011,PRJ_0011_U022,2023-04-14,19870.21,0.592,converted,
RES_0001292,LEAD_0008240,CUS_003303,PRJ_0018,PRJ_0018_U018,2021-02-17,19979.51,0.599,converted,
RES_0001293,LEAD_0001420,CUS_006162,PRJ_0006,PRJ_0006_U054,2024-02-08,22160.77,0.497,converted,
RES_0001294,LEAD_0003636,CUS_005128,PRJ_0026,PRJ_0026_U063,2021-11-22,16880.44,0.521,converted,
RES_0001295,LEAD_0008813,CUS_001029,PRJ_0019,PRJ_0019_U001,2025-09-14,19454.79,0.481,converted,
RES_0001296,LEAD_0000182,CUS_000770,PRJ_0019,PRJ_0019_U094,2023-09-15,22320.24,0.487,converted,
RES_0001297,LEAD_0004711,CUS_003756,PRJ_0005,PRJ_0005_U058,2022-01-01,16129.8,0.449,converted,
RES_0001298,LEAD_0002447,CUS_000538,PRJ_0016,PRJ_0016_U068,2021-11-16,24847.1,0.643,converted,
RES_0001299,LEAD_0005817,CUS_003787,PRJ_0017,PRJ_0017_U090,2021-08-26,18272.09,0.459,converted,
RES_0001300,LEAD_0006080,CUS_003558,PRJ_0015,PRJ_0015_U023,2024-02-14,4279.86,0.523,converted,
RES_0001301,LEAD_0003173,CUS_005969,PRJ_0003,PRJ_0003_U065,2024-05-01,16148.64,0.373,converted,
RES_0001302,LEAD_0001224,CUS_006252,PRJ_0015,PRJ_0015_U033,2021-05-23,21814.82,0.309,converted,
RES_0001303,LEAD_0000071,CUS_004140,PRJ_0011,PRJ_0011_U034,2025-12-13,13618.82,0.514,converted,
RES_0001304,LEAD_0000545,CUS_001883,PRJ_0003,PRJ_0003_U034,2023-10-12,5992.73,0.429,converted,
RES_0001305,LEAD_0009471,CUS_001513,PRJ_0014,PRJ_0014_U048,2023-04-11,10427.01,0.294,converted,
RES_0001306,LEAD_0003147,CUS_000150,PRJ_0001,PRJ_0001_U056,2025-08-10,21565.45,0.299,converted,
RES_0001307,LEAD_0008409,CUS_002285,PRJ_0020,PRJ_0020_U027,2023-11-29,26747.45,0.73,converted,
RES_0001308,LEAD_0005582,CUS_000618,PRJ_0013,PRJ_0013_U044,2025-09-08,10740.8,0.716,converted,
RES_0001309,LEAD_0009773,CUS_003939,PRJ_0007,PRJ_0007_U026,2024-08-14,29944.08,0.433,converted,
RES_0001310,LEAD_0010279,CUS_002306,PRJ_0028,PRJ_0028_U006,2021-10-21,14838.32,0.537,converted,
RES_0001311,LEAD_0003995,CUS_003217,PRJ_0012,PRJ_0012_U051,2023-06-26,17747.66,0.427,converted,
RES_0001312,LEAD_0004270,CUS_002986,PRJ_0011,PRJ_0011_U051,2023-10-10,17715.41,0.746,converted,
RES_0001313,LEAD_0007880,CUS_006081,PRJ_0025,PRJ_0025_U036,2024-02-10,24997.03,0.454,converted,
RES_0001314,LEAD_0005835,CUS_000543,PRJ_0003,PRJ_0003_U039,2021-10-18,18079.78,0.274,converted,
RES_0001315,LEAD_0002869,CUS_002368,PRJ_0021,PRJ_0021_U014,2021-09-03,9435.8,0.515,converted,
RES_0001316,LEAD_0004238,CUS_003539,PRJ_0006,PRJ_0006_U122,2021-06-24,26887.03,0.452,converted,
RES_0001317,LEAD_0008020,CUS_005937,PRJ_0018,PRJ_0018_U064,2021-08-08,13410.23,0.42,converted,
RES_0001318,LEAD_0002683,CUS_002646,PRJ_0003,PRJ_0003_U036,2024-03-22,8575.92,0.321,converted,
RES_0001319,LEAD_0006350,CUS_006044,PRJ_0011,PRJ_0011_U040,2022-01-02,12960.64,0.714,converted,
RES_0001320,LEAD_0002544,CUS_005454,PRJ_0008,PRJ_0008_U040,2025-10-06,26538.36,0.662,converted,
RES_0001321,LEAD_0004036,CUS_002940,PRJ_0008,PRJ_0008_U002,2022-11-16,21083.08,0.589,converted,
RES_0001322,LEAD_0001245,CUS_001607,PRJ_0024,PRJ_0024_U121,2021-08-12,16659.93,0.376,converted,
RES_0001323,LEAD_0007531,CUS_004868,PRJ_0019,PRJ_0019_U051,2022-06-07,18412.06,0.905,converted,
RES_0001324,LEAD_0008831,CUS_006317,PRJ_0014,PRJ_0014_U053,2022-06-08,13776.32,0.366,converted,
RES_0001325,LEAD_0007018,CUS_000907,PRJ_0001,PRJ_0001_U044,2022-03-12,14123.75,0.54,converted,
RES_0001326,LEAD_0004065,CUS_003742,PRJ_0017,PRJ_0017_U093,2023-04-22,12624.48,0.718,converted,
RES_0001327,LEAD_0000760,CUS_006430,PRJ_0003,PRJ_0003_U027,2023-01-28,13573.3,0.53,converted,
RES_0001328,LEAD_0001386,CUS_003679,PRJ_0008,PRJ_0008_U080,2022-08-25,21422.3,0.349,converted,
RES_0001329,LEAD_0001202,CUS_004904,PRJ_0008,PRJ_0008_U011,2022-06-28,15226.93,0.682,converted,
RES_0001330,LEAD_0003402,CUS_003229,PRJ_0008,PRJ_0008_U058,2023-01-10,20279.06,0.618,converted,
RES_0001331,LEAD_0002831,CUS_004358,PRJ_0008,PRJ_0008_U056,2022-01-07,42735.9,0.485,converted,
RES_0001332,LEAD_0008860,CUS_005226,PRJ_0003,PRJ_0003_U037,2024-12-14,9402.44,0.633,converted,
RES_0001333,LEAD_0004408,CUS_006034,PRJ_0009,PRJ_0009_U056,2021-06-19,18435.54,0.463,converted,
RES_0001334,LEAD_0008728,CUS_002315,PRJ_0017,PRJ_0017_U071,2021-03-06,5094.48,0.511,converted,
RES_0001335,LEAD_0003828,CUS_002052,PRJ_0007,PRJ_0007_U056,2025-06-23,54928.74,0.536,converted,
RES_0001336,LEAD_0004830,CUS_005482,PRJ_0027,PRJ_0027_U085,2024-08-01,22783.16,0.373,converted,
RES_0001337,LEAD_0001282,CUS_000977,PRJ_0016,PRJ_0016_U090,2023-04-07,24994.99,0.653,converted,
RES_0001338,LEAD_0003030,CUS_001557,PRJ_0028,PRJ_0028_U018,2021-05-12,22003.78,0.545,converted,
RES_0001339,LEAD_0002637,CUS_005364,PRJ_0028,PRJ_0028_U023,2022-09-08,20021.47,0.713,converted,
RES_0001340,LEAD_0004292,CUS_001017,PRJ_0023,PRJ_0023_U026,2024-02-02,41216.65,0.412,converted,
RES_0001341,LEAD_0001283,CUS_004256,PRJ_0012,PRJ_0012_U101,2021-05-28,22086.02,0.521,converted,
RES_0001342,LEAD_0004122,CUS_002026,PRJ_0003,PRJ_0003_U011,2023-06-24,11461.98,0.722,converted,
RES_0001343,LEAD_0010016,CUS_000342,PRJ_0008,PRJ_0008_U015,2022-07-06,9891.84,0.432,converted,
RES_0001344,LEAD_0005020,CUS_001463,PRJ_0019,PRJ_0019_U028,2025-09-11,17415.04,0.436,converted,
RES_0001345,LEAD_0004696,CUS_002108,PRJ_0005,PRJ_0005_U011,2024-04-29,9859.5,0.624,converted,
RES_0001346,LEAD_0001744,CUS_000986,PRJ_0005,PRJ_0005_U014,2025-11-05,22140.43,0.677,converted,
RES_0001347,LEAD_0004000,CUS_003684,PRJ_0019,PRJ_0019_U030,2021-03-08,20388.08,0.385,converted,
RES_0001348,LEAD_0000741,CUS_002560,PRJ_0006,PRJ_0006_U004,2023-10-18,29280.32,0.218,converted,
RES_0001349,LEAD_0010360,CUS_004177,PRJ_0018,PRJ_0018_U034,2023-08-22,18145.49,0.852,converted,
RES_0001350,LEAD_0001625,CUS_000016,PRJ_0010,PRJ_0010_U004,2022-12-07,26783.28,0.535,converted,
RES_0001351,LEAD_0000525,CUS_000784,PRJ_0018,PRJ_0018_U058,2023-12-17,42970.03,0.309,converted,
RES_0001352,LEAD_0007683,CUS_004178,PRJ_0008,PRJ_0008_U046,2023-01-28,15450.62,0.575,converted,
RES_0001353,LEAD_0004594,CUS_001702,PRJ_0026,PRJ_0026_U024,2024-01-07,18597.2,0.66,converted,
RES_0001354,LEAD_0003236,CUS_003494,PRJ_0010,PRJ_0010_U020,2022-03-23,22576.11,0.879,converted,
RES_0001355,LEAD_0003258,CUS_001875,PRJ_0010,PRJ_0010_U012,2022-07-06,19367.75,0.674,converted,
RES_0001356,LEAD_0009408,CUS_000013,PRJ_0023,PRJ_0023_U066,2025-07-24,33085.69,0.784,converted,
RES_0001357,LEAD_0007856,CUS_002206,PRJ_0001,PRJ_0001_U015,2024-02-10,18235.44,0.334,converted,
RES_0001358,LEAD_0002632,CUS_002754,PRJ_0004,PRJ_0004_U087,2024-01-24,11203.09,0.686,converted,
RES_0001359,LEAD_0000882,CUS_004215,PRJ_0013,PRJ_0013_U024,2025-12-02,23161.3,0.617,converted,
RES_0001360,LEAD_0000435,CUS_006105,PRJ_0008,PRJ_0008_U004,2023-08-01,18408.15,0.428,converted,
RES_0001361,LEAD_0007749,CUS_005403,PRJ_0003,PRJ_0003_U045,2022-11-14,9343.14,0.859,converted,
RES_0001362,LEAD_0003298,CUS_004303,PRJ_0018,PRJ_0018_U050,2021-09-28,18020.0,0.586,converted,
RES_0001363,LEAD_0009646,CUS_001169,PRJ_0013,PRJ_0013_U037,2023-07-02,15971.41,0.686,converted,
RES_0001364,LEAD_0000289,CUS_003406,PRJ_0017,PRJ_0017_U053,2023-04-13,19711.58,0.641,converted,
RES_0001365,LEAD_0003693,CUS_005484,PRJ_0001,PRJ_0001_U025,2023-08-26,28932.02,0.863,converted,
RES_0001366,LEAD_0000843,CUS_000143,PRJ_0010,PRJ_0010_U036,2021-04-06,17520.94,0.41,converted,
RES_0001367,LEAD_0009954,CUS_003735,PRJ_0011,PRJ_0011_U106,2024-12-31,24844.5,0.42,converted,
RES_0001368,LEAD_0006070,CUS_005940,PRJ_0007,PRJ_0007_U061,2025-10-13,24746.52,0.465,converted,
RES_0001369,LEAD_0007013,CUS_002620,PRJ_0009,PRJ_0009_U038,2021-02-18,31932.02,0.529,converted,
RES_0001370,LEAD_0002400,CUS_004776,PRJ_0012,PRJ_0012_U043,2024-01-25,25074.9,0.507,converted,
RES_0001371,LEAD_0006889,CUS_006143,PRJ_0027,PRJ_0027_U097,2022-10-13,30163.45,0.547,converted,
RES_0001372,LEAD_0001042,CUS_000479,PRJ_0009,PRJ_0009_U043,2021-05-29,10589.06,0.528,converted,
RES_0001373,LEAD_0004554,CUS_000229,PRJ_0009,PRJ_0009_U010,2023-04-23,11159.14,0.383,converted,
RES_0001374,LEAD_0000801,CUS_004801,PRJ_0010,PRJ_0010_U055,2024-12-18,36707.5,0.562,converted,
RES_0001375,LEAD_0007616,CUS_002046,PRJ_0010,PRJ_0010_U016,2023-01-17,46000.53,0.56,converted,
RES_0001376,LEAD_0006244,CUS_005502,PRJ_0011,PRJ_0011_U102,2023-01-20,17150.85,0.756,converted,
RES_0001377,LEAD_0004640,CUS_000552,PRJ_0013,PRJ_0013_U045,2021-04-09,15963.86,0.779,converted,
RES_0001378,LEAD_0004295,CUS_005147,PRJ_0007,PRJ_0007_U043,2025-12-26,27628.49,0.514,converted,
RES_0001379,LEAD_0009433,CUS_006182,PRJ_0023,PRJ_0023_U076,2021-10-11,31546.97,0.808,converted,
RES_0001380,LEAD_0007914,CUS_003341,PRJ_0008,PRJ_0008_U072,2023-05-24,11583.6,0.596,converted,
RES_0001381,LEAD_0005719,CUS_006189,PRJ_0011,PRJ_0011_U023,2022-12-28,14033.52,0.585,converted,
RES_0001382,LEAD_0009354,CUS_003064,PRJ_0004,PRJ_0004_U045,2021-11-05,17478.51,0.574,converted,
RES_0001383,LEAD_0004443,CUS_000696,PRJ_0004,PRJ_0004_U052,2022-05-22,12090.12,0.451,converted,
RES_0001384,LEAD_0006573,CUS_006268,PRJ_0020,PRJ_0020_U016,2021-07-14,24694.48,0.697,converted,
RES_0001385,LEAD_0001032,CUS_006086,PRJ_0025,PRJ_0025_U044,2021-07-18,13225.57,0.338,converted,
RES_0001386,LEAD_0005675,CUS_001143,PRJ_0026,PRJ_0026_U069,2025-08-02,19986.16,0.795,converted,
RES_0001387,LEAD_0001546,CUS_003893,PRJ_0024,PRJ_0024_U038,2021-01-18,20131.48,0.649,converted,
RES_0001388,LEAD_0006886,CUS_003470,PRJ_0013,PRJ_0013_U054,2022-05-02,14185.42,0.293,converted,
RES_0001389,LEAD_0006740,CUS_006500,PRJ_0007,PRJ_0007_U082,2022-05-27,15239.93,0.562,converted,
RES_0001390,LEAD_0001026,CUS_004483,PRJ_0019,PRJ_0019_U059,2024-08-30,14820.03,0.72,converted,
RES_0001391,LEAD_0009090,CUS_005238,PRJ_0025,PRJ_0025_U021,2022-10-17,10623.17,0.33,converted,
RES_0001392,LEAD_0004367,CUS_006463,PRJ_0018,PRJ_0018_U038,2021-02-23,55907.17,0.727,converted,
RES_0001393,LEAD_0005866,CUS_002026,PRJ_0012,PRJ_0012_U020,2022-07-21,21241.08,0.583,converted,
RES_0001394,LEAD_0008078,CUS_005154,PRJ_0028,PRJ_0028_U008,2025-12-28,42647.86,0.392,converted,
RES_0001395,LEAD_0002355,CUS_002530,PRJ_0018,PRJ_0018_U032,2024-08-06,30100.22,0.354,converted,
RES_0001396,LEAD_0007049,CUS_004284,PRJ_0016,PRJ_0016_U031,2023-06-13,10011.06,0.409,converted,
RES_0001397,LEAD_0005255,CUS_000900,PRJ_0010,PRJ_0010_U025,2024-10-11,15334.75,0.642,converted,
RES_0001398,LEAD_0008257,CUS_005642,PRJ_0016,PRJ_0016_U082,2025-06-02,24188.6,0.594,converted,
RES_0001399,LEAD_0004609,CUS_001171,PRJ_0019,PRJ_0019_U084,2023-03-06,12899.11,0.446,converted,
RES_0001400,LEAD_0004305,CUS_002541,PRJ_0007,PRJ_0007_U034,2021-09-09,23996.92,0.602,converted,
RES_0001401,LEAD_0005363,CUS_003343,PRJ_0014,PRJ_0014_U014,2022-05-02,12195.1,0.283,converted,
RES_0001402,LEAD_0009120,CUS_002091,PRJ_0026,PRJ_0026_U049,2023-05-01,16291.57,0.618,converted,
RES_0001403,LEAD_0006001,CUS_004062,PRJ_0028,PRJ_0028_U022,2024-01-27,19581.42,0.321,converted,
RES_0001404,LEAD_0001681,CUS_001664,PRJ_0017,PRJ_0017_U096,2024-06-17,30738.9,0.39,converted,
RES_0001405,LEAD_0003310,CUS_004287,PRJ_0008,PRJ_0008_U050,2023-04-06,14264.69,0.515,converted,
RES_0001406,LEAD_0000364,CUS_006022,PRJ_0009,PRJ_0009_U073,2021-12-20,27583.75,0.35,converted,
RES_0001407,LEAD_0002826,CUS_003669,PRJ_0009,PRJ_0009_U060,2025-05-19,26638.12,0.303,converted,
RES_0001408,LEAD_0000472,CUS_001238,PRJ_0005,PRJ_0005_U051,2025-01-20,15120.56,0.411,converted,
RES_0001409,LEAD_0003339,CUS_000517,PRJ_0020,PRJ_0020_U039,2025-08-02,22526.31,0.29,converted,
RES_0001410,LEAD_0009137,CUS_002296,PRJ_0007,PRJ_0007_U078,2025-07-10,42794.47,0.742,converted,
RES_0001411,LEAD_0008697,CUS_002394,PRJ_0005,PRJ_0005_U060,2025-01-31,16285.71,0.702,converted,
RES_0001412,LEAD_0002577,CUS_002609,PRJ_0016,PRJ_0016_U030,2023-09-25,20648.46,0.702,converted,
RES_0001413,LEAD_0001990,CUS_005021,PRJ_0008,PRJ_0008_U060,2024-04-09,23068.83,0.765,converted,
RES_0001414,LEAD_0007594,CUS_003432,PRJ_0024,PRJ_0024_U089,2025-11-22,21351.59,0.587,converted,
RES_0001415,LEAD_0008043,CUS_005024,PRJ_0011,PRJ_0011_U100,2022-03-12,15266.5,0.724,converted,
RES_0001416,LEAD_0003814,CUS_002869,PRJ_0003,PRJ_0003_U029,2021-02-28,6977.76,0.79,converted,
RES_0001417,LEAD_0002629,CUS_000021,PRJ_0003,PRJ_0003_U066,2025-11-08,13296.04,0.733,converted,
RES_0001418,LEAD_0000816,CUS_002568,PRJ_0005,PRJ_0005_U062,2022-08-15,17178.27,0.398,converted,
RES_0001419,LEAD_0007237,CUS_002295,PRJ_0014,PRJ_0014_U009,2021-10-28,12335.86,0.605,converted,
RES_0001420,LEAD_0003091,CUS_004313,PRJ_0027,PRJ_0027_U033,2021-02-20,22038.9,0.542,cancelled,2021-05-20
RES_0001421,LEAD_0004599,CUS_003488,PRJ_0003,PRJ_0003_U033,2025-04-25,20679.2,0.368,converted,
RES_0001422,LEAD_0000180,CUS_003968,PRJ_0007,PRJ_0007_U070,2025-08-27,14180.15,0.159,converted,
RES_0001423,LEAD_0008818,CUS_001404,PRJ_0025,PRJ_0025_U004,2023-07-06,11186.56,0.718,converted,
RES_0001424,LEAD_0001158,CUS_006066,PRJ_0005,PRJ_0005_U044,2022-12-04,9934.65,0.523,converted,
RES_0001425,LEAD_0004047,CUS_000301,PRJ_0010,PRJ_0010_U046,2022-10-31,17161.75,0.705,converted,
RES_0001426,LEAD_0003394,CUS_002387,PRJ_0028,PRJ_0028_U040,2021-09-09,15938.42,0.437,converted,
RES_0001427,LEAD_0002178,CUS_005871,PRJ_0010,PRJ_0010_U057,2024-05-13,35904.71,0.604,converted,
RES_0001428,LEAD_0002794,CUS_005882,PRJ_0006,PRJ_0006_U120,2024-10-04,12320.08,0.49,converted,
RES_0001429,LEAD_0003860,CUS_002017,PRJ_0025,PRJ_0025_U047,2021-07-19,9150.33,0.381,converted,
RES_0001430,LEAD_0004300,CUS_003207,PRJ_0006,PRJ_0006_U008,2022-06-09,23872.7,0.599,cancelled,2022-07-12
RES_0001431,LEAD_0008061,CUS_002871,PRJ_0012,PRJ_0012_U126,2022-12-28,16323.32,0.606,converted,
RES_0001432,LEAD_0001953,CUS_001377,PRJ_0001,PRJ_0001_U049,2022-04-12,19583.85,0.517,converted,
RES_0001433,LEAD_0000556,CUS_002697,PRJ_0016,PRJ_0016_U102,2025-07-31,18133.97,0.491,converted,
RES_0001434,LEAD_0001585,CUS_001899,PRJ_0003,PRJ_0003_U016,2021-10-08,7036.94,0.46,converted,
RES_0001435,LEAD_0010000,CUS_000468,PRJ_0005,PRJ_0005_U019,2023-05-06,15888.74,0.277,converted,
RES_0001436,LEAD_0005729,CUS_002022,PRJ_0025,PRJ_0025_U005,2023-05-22,10837.59,0.625,converted,
RES_0001437,LEAD_0007150,CUS_003651,PRJ_0020,PRJ_0020_U053,2022-02-17,16437.52,0.52,converted,
RES_0001438,LEAD_0007817,CUS_006329,PRJ_0028,PRJ_0028_U002,2023-04-19,10618.44,0.449,converted,
RES_0001439,LEAD_0008744,CUS_005709,PRJ_0009,PRJ_0009_U020,2023-06-17,20499.11,0.441,converted,
RES_0001440,LEAD_0006735,CUS_003754,PRJ_0006,PRJ_0006_U110,2023-11-17,21394.28,0.531,converted,
RES_0001441,LEAD_0006801,CUS_004082,PRJ_0026,PRJ_0026_U059,2023-04-09,24593.41,0.748,converted,
RES_0001442,LEAD_0006448,CUS_001536,PRJ_0009,PRJ_0009_U001,2022-12-12,14092.92,0.443,converted,
RES_0001443,LEAD_0003143,CUS_000633,PRJ_0012,PRJ_0012_U027,2026-01-08,17453.28,0.35,converted,
RES_0001444,LEAD_0009508,CUS_003616,PRJ_0006,PRJ_0006_U047,2025-09-15,15422.5,0.494,converted,
RES_0001445,LEAD_0003206,CUS_001113,PRJ_0023,PRJ_0023_U012,2024-09-15,17780.85,0.356,converted,
RES_0001446,LEAD_0006204,CUS_001866,PRJ_0010,PRJ_0010_U027,2025-05-04,17016.53,0.457,converted,
RES_0001447,LEAD_0009427,CUS_005216,PRJ_0010,PRJ_0010_U037,2025-06-12,32201.67,0.696,converted,
RES_0001448,LEAD_0004741,CUS_003117,PRJ_0028,PRJ_0028_U026,2025-11-07,20421.95,0.57,converted,
RES_0001449,LEAD_0005307,CUS_006314,PRJ_0010,PRJ_0010_U001,2025-08-26,13204.89,0.477,converted,
RES_0001450,LEAD_0003609,CUS_004009,PRJ_0011,PRJ_0011_U068,2024-12-12,32346.83,0.397,converted,
RES_0001451,LEAD_0001153,CUS_003746,PRJ_0017,PRJ_0017_U014,2021-03-17,14114.26,0.599,converted,
RES_0001452,LEAD_0010130,CUS_001630,PRJ_0016,PRJ_0016_U059,2021-05-01,10471.85,0.611,converted,
RES_0001453,LEAD_0000408,CUS_001644,PRJ_0023,PRJ_0023_U043,2021-05-14,26607.96,0.733,converted,
RES_0001454,LEAD_0010091,CUS_002201,PRJ_0026,PRJ_0026_U056,2024-02-06,19163.08,0.24,converted,
RES_0001455,LEAD_0007086,CUS_000754,PRJ_0005,PRJ_0005_U041,2024-08-17,32833.73,0.558,converted,
RES_0001456,LEAD_0000666,CUS_001477,PRJ_0020,PRJ_0020_U047,2021-11-18,26435.92,0.714,converted,
RES_0001457,LEAD_0009613,CUS_004088,PRJ_0008,PRJ_0008_U053,2022-02-21,17211.46,0.53,converted,
RES_0001458,LEAD_0003768,CUS_002224,PRJ_0014,PRJ_0014_U025,2022-07-07,26814.29,0.533,converted,
RES_0001459,LEAD_0007443,CUS_004700,PRJ_0017,PRJ_0017_U080,2025-04-01,11796.5,0.17,converted,
RES_0001460,LEAD_0000787,CUS_001515,PRJ_0008,PRJ_0008_U008,2025-10-27,17421.53,0.254,converted,
RES_0001461,LEAD_0006940,CUS_005621,PRJ_0003,PRJ_0003_U061,2025-04-26,20895.38,0.69,converted,
RES_0001462,LEAD_0003203,CUS_005673,PRJ_0010,PRJ_0010_U018,2023-10-10,18458.15,0.677,converted,
RES_0001463,LEAD_0005245,CUS_005077,PRJ_0024,PRJ_0024_U042,2022-12-20,19733.76,0.591,converted,
RES_0001464,LEAD_0009248,CUS_005613,PRJ_0027,PRJ_0027_U047,2023-04-22,16046.67,0.614,converted,
RES_0001465,LEAD_0006251,CUS_000085,PRJ_0019,PRJ_0019_U085,2025-08-12,24804.76,0.666,converted,
RES_0001466,LEAD_0001972,CUS_002590,PRJ_0009,PRJ_0009_U031,2023-01-05,22700.13,0.525,converted,
RES_0001467,LEAD_0000531,CUS_002156,PRJ_0005,PRJ_0005_U036,2024-01-11,20802.21,0.854,converted,
RES_0001468,LEAD_0000997,CUS_004696,PRJ_0014,PRJ_0014_U089,2021-10-10,18992.17,0.534,converted,
RES_0001469,LEAD_0004602,CUS_005469,PRJ_0004,PRJ_0004_U120,2022-01-21,20686.19,0.495,converted,
RES_0001470,LEAD_0002313,CUS_004798,PRJ_0012,PRJ_0012_U106,2021-02-18,10467.07,0.703,converted,
RES_0001471,LEAD_0007325,CUS_005973,PRJ_0004,PRJ_0004_U023,2025-12-03,9066.4,0.57,converted,
RES_0001472,LEAD_0000157,CUS_005049,PRJ_0016,PRJ_0016_U050,2024-08-28,20331.94,0.681,converted,
RES_0001473,LEAD_0005740,CUS_004873,PRJ_0016,PRJ_0016_U040,2022-05-15,10605.11,0.552,converted,
RES_0001474,LEAD_0006430,CUS_006164,PRJ_0012,PRJ_0012_U030,2023-04-18,32335.13,0.674,converted,
RES_0001475,LEAD_0000496,CUS_004463,PRJ_0023,PRJ_0023_U021,2025-10-30,13408.29,0.415,converted,
RES_0001476,LEAD_0010294,CUS_001169,PRJ_0004,PRJ_0004_U061,2021-08-19,14229.19,0.573,converted,
RES_0001477,LEAD_0000152,CUS_000777,PRJ_0009,PRJ_0009_U034,2021-11-23,32936.57,0.601,converted,
RES_0001478,LEAD_0009293,CUS_001801,PRJ_0006,PRJ_0006_U101,2021-05-10,23914.32,0.501,converted,
RES_0001479,LEAD_0000695,CUS_002853,PRJ_0005,PRJ_0005_U028,2024-05-30,27310.78,0.64,converted,
RES_0001480,LEAD_0006214,CUS_002588,PRJ_0009,PRJ_0009_U028,2022-01-15,21651.19,0.354,converted,
RES_0001481,LEAD_0001739,CUS_002994,PRJ_0023,PRJ_0023_U050,2024-07-06,24930.15,0.325,converted,
RES_0001482,LEAD_0003002,CUS_005473,PRJ_0020,PRJ_0020_U025,2022-03-09,17239.43,0.654,converted,
RES_0001483,LEAD_0006742,CUS_000585,PRJ_0018,PRJ_0018_U053,2022-12-29,15873.59,0.402,converted,
RES_0001484,LEAD_0003032,CUS_001622,PRJ_0007,PRJ_0007_U019,2024-05-18,22176.13,0.404,converted,
RES_0001485,LEAD_0008874,CUS_004432,PRJ_0028,PRJ_0028_U020,2024-10-07,15770.33,0.596,converted,
RES_0001486,LEAD_0007655,CUS_002629,PRJ_0008,PRJ_0008_U017,2025-11-05,12136.95,0.462,converted,
RES_0001487,LEAD_0006222,CUS_005312,PRJ_0017,PRJ_0017_U008,2023-11-05,8550.53,0.299,converted,
RES_0001488,LEAD_0005786,CUS_002138,PRJ_0005,PRJ_0005_U045,2021-02-27,12507.61,0.678,converted,
RES_0001489,LEAD_0006272,CUS_001198,PRJ_0019,PRJ_0019_U075,2022-01-31,25981.06,0.585,converted,
RES_0001490,LEAD_0009109,CUS_005876,PRJ_0005,PRJ_0005_U009,2023-03-30,24361.4,0.92,converted,
RES_0001491,LEAD_0005047,CUS_001590,PRJ_0001,PRJ_0001_U041,2022-11-22,30340.63,0.581,converted,
RES_0001492,LEAD_0000427,CUS_002236,PRJ_0017,PRJ_0017_U050,2021-11-21,19115.99,0.578,converted,
RES_0001493,LEAD_0002224,CUS_003665,PRJ_0019,PRJ_0019_U007,2021-12-17,9969.4,0.246,converted,
RES_0001494,LEAD_0005240,CUS_001110,PRJ_0009,PRJ_0009_U078,2022-04-16,35271.31,0.269,converted,
RES_0001495,LEAD_0002763,CUS_002794,PRJ_0005,PRJ_0005_U010,2024-02-24,14507.34,0.477,converted,
RES_0001496,LEAD_0010020,CUS_004230,PRJ_0011,PRJ_0011_U003,2021-07-24,24735.72,0.658,converted,
RES_0001497,LEAD_0006211,CUS_006098,PRJ_0014,PRJ_0014_U036,2022-02-02,22779.94,0.504,converted,
RES_0001498,LEAD_0006799,CUS_001222,PRJ_0018,PRJ_0018_U045,2021-02-01,32143.81,0.612,converted,
RES_0001499,LEAD_0009606,CUS_002287,PRJ_0026,PRJ_0026_U077,2024-01-06,10681.33,0.694,converted,
RES_0001500,LEAD_0007380,CUS_004564,PRJ_0011,PRJ_0011_U098,2021-10-05,13719.51,0.28,converted,
RES_0001501,LEAD_0006642,CUS_000751,PRJ_0016,PRJ_0016_U078,2021-11-22,17036.96,0.674,converted,
RES_0001502,LEAD_0003699,CUS_006318,PRJ_0014,PRJ_0014_U028,2022-12-25,18436.64,0.309,converted,
RES_0001503,LEAD_0004100,CUS_004811,PRJ_0009,PRJ_0009_U040,2023-03-17,13843.98,0.732,converted,
RES_0001504,LEAD_0008892,CUS_000452,PRJ_0012,PRJ_0012_U050,2024-05-19,42426.81,0.535,converted,
RES_0001505,LEAD_0010324,CUS_001790,PRJ_0016,PRJ_0016_U049,2021-02-17,8944.65,0.901,converted,
RES_0001506,LEAD_0001204,CUS_004659,PRJ_0014,PRJ_0014_U056,2025-11-01,20357.3,0.592,converted,
RES_0001507,LEAD_0006112,CUS_004540,PRJ_0026,PRJ_0026_U048,2023-10-21,14021.95,0.609,converted,
RES_0001508,LEAD_0005412,CUS_004265,PRJ_0005,PRJ_0005_U018,2023-03-16,24125.52,0.744,converted,
RES_0001509,LEAD_0008551,CUS_005552,PRJ_0012,PRJ_0012_U008,2023-01-07,27012.46,0.423,converted,
RES_0001510,LEAD_0008169,CUS_006018,PRJ_0005,PRJ_0005_U008,2023-08-21,22569.39,0.385,converted,
RES_0001511,LEAD_0006073,CUS_000973,PRJ_0004,PRJ_0004_U101,2021-05-16,8398.77,0.603,converted,
RES_0001512,LEAD_0005036,CUS_000389,PRJ_0024,PRJ_0024_U073,2023-04-14,42693.87,0.227,converted,
RES_0001513,LEAD_0000806,CUS_003177,PRJ_0026,PRJ_0026_U052,2024-12-27,17470.02,0.894,cancelled,2025-02-24
RES_0001514,LEAD_0006075,CUS_002171,PRJ_0024,PRJ_0024_U026,2021-11-10,24489.35,0.694,converted,
RES_0001515,LEAD_0010198,CUS_004099,PRJ_0027,PRJ_0027_U022,2024-01-11,27623.43,0.765,converted,
RES_0001516,LEAD_0007305,CUS_000876,PRJ_0017,PRJ_0017_U004,2024-07-13,15068.86,0.38,converted,
RES_0001517,LEAD_0005606,CUS_004328,PRJ_0028,PRJ_0028_U041,2021-11-21,11000.06,0.471,converted,
RES_0001518,LEAD_0002509,CUS_004000,PRJ_0006,PRJ_0006_U070,2024-10-20,30589.8,0.67,converted,
RES_0001519,LEAD_0001303,CUS_000777,PRJ_0001,PRJ_0001_U051,2023-03-24,19184.05,0.679,converted,
RES_0001520,LEAD_0007646,CUS_004445,PRJ_0008,PRJ_0008_U033,2023-12-04,23112.91,0.47,converted,
RES_0001521,LEAD_0004607,CUS_005013,PRJ_0017,PRJ_0017_U072,2022-08-31,7011.48,0.486,converted,
RES_0001522,LEAD_0007140,CUS_001815,PRJ_0016,PRJ_0016_U087,2021-09-13,16530.76,0.41,converted,
RES_0001523,LEAD_0000438,CUS_000048,PRJ_0023,PRJ_0023_U020,2024-03-30,27860.31,0.657,converted,
RES_0001524,LEAD_0001174,CUS_003843,PRJ_0027,PRJ_0027_U023,2025-11-23,4425.59,0.552,converted,
RES_0001525,LEAD_0010288,CUS_005933,PRJ_0027,PRJ_0027_U102,2021-04-25,14297.67,0.372,converted,
RES_0001526,LEAD_0002700,CUS_001069,PRJ_0019,PRJ_0019_U026,2022-11-04,6258.25,0.58,converted,
RES_0001527,LEAD_0006450,CUS_006164,PRJ_0026,PRJ_0026_U023,2024-01-08,22981.43,0.856,converted,
RES_0001528,LEAD_0008779,CUS_002678,PRJ_0020,PRJ_0020_U055,2022-12-10,9243.12,0.51,converted,
RES_0001529,LEAD_0002638,CUS_001400,PRJ_0011,PRJ_0011_U099,2022-01-24,14241.7,0.61,converted,
RES_0001530,LEAD_0009869,CUS_002877,PRJ_0019,PRJ_0019_U037,2023-05-12,19057.35,0.631,converted,
RES_0001531,LEAD_0003234,CUS_001403,PRJ_0008,PRJ_0008_U048,2022-08-01,29277.47,0.624,converted,
RES_0001532,LEAD_0008719,CUS_002974,PRJ_0018,PRJ_0018_U071,2024-07-01,24493.43,0.618,converted,
RES_0001533,LEAD_0008583,CUS_000575,PRJ_0027,PRJ_0027_U066,2024-12-19,13138.28,0.348,converted,
RES_0001534,LEAD_0010310,CUS_003984,PRJ_0019,PRJ_0019_U003,2021-08-30,32918.59,0.461,converted,
RES_0001535,LEAD_0001704,CUS_006416,PRJ_0012,PRJ_0012_U120,2021-10-02,10445.76,0.591,converted,
RES_0001536,LEAD_0007082,CUS_004072,PRJ_0008,PRJ_0008_U010,2025-03-27,21031.53,0.514,converted,
RES_0001537,LEAD_0008896,CUS_003264,PRJ_0007,PRJ_0007_U045,2024-07-05,25797.21,0.647,converted,
RES_0001538,LEAD_0000820,CUS_006081,PRJ_0012,PRJ_0012_U099,2022-05-04,19086.81,0.493,converted,
RES_0001539,LEAD_0003186,CUS_003193,PRJ_0007,PRJ_0007_U005,2025-06-14,29863.74,0.583,converted,
RES_0001540,LEAD_0010321,CUS_002794,PRJ_0001,PRJ_0001_U007,2021-08-06,12878.2,0.678,converted,
RES_0001541,LEAD_0010009,CUS_004128,PRJ_0014,PRJ_0014_U092,2025-02-24,6810.75,0.682,converted,
RES_0001542,LEAD_0000398,CUS_004571,PRJ_0018,PRJ_0018_U040,2022-02-14,14904.99,0.803,converted,
RES_0001543,LEAD_0007800,CUS_000681,PRJ_0017,PRJ_0017_U057,2022-05-30,17858.76,0.501,converted,
RES_0001544,LEAD_0002450,CUS_000061,PRJ_0012,PRJ_0012_U021,2025-11-13,11293.69,0.735,cancelled,2026-01-29
RES_0001545,LEAD_0009520,CUS_000168,PRJ_0017,PRJ_0017_U089,2025-09-03,26456.31,0.217,converted,
RES_0001546,LEAD_0003230,CUS_000817,PRJ_0018,PRJ_0018_U030,2025-03-26,19531.95,0.681,converted,
RES_0001547,LEAD_0002602,CUS_005739,PRJ_0020,PRJ_0020_U038,2024-07-10,26934.61,0.239,converted,
RES_0001548,LEAD_0007291,CUS_006333,PRJ_0018,PRJ_0018_U033,2024-12-01,17993.26,0.545,converted,
RES_0001549,LEAD_0003284,CUS_001189,PRJ_0012,PRJ_0012_U017,2022-11-27,21201.2,0.437,converted,
RES_0001550,LEAD_0009439,CUS_000578,PRJ_0017,PRJ_0017_U017,2021-08-08,16812.28,0.674,converted,
RES_0001551,LEAD_0003769,CUS_004406,PRJ_0003,PRJ_0003_U038,2025-11-22,13603.81,0.552,converted,
RES_0001552,LEAD_0001408,CUS_001210,PRJ_0016,PRJ_0016_U013,2024-02-12,16137.16,0.239,converted,
RES_0001553,LEAD_0004510,CUS_003949,PRJ_0027,PRJ_0027_U084,2021-07-28,16807.93,0.548,converted,
RES_0001554,LEAD_0002580,CUS_001844,PRJ_0020,PRJ_0020_U026,2024-04-03,12827.15,0.464,converted,
RES_0001555,LEAD_0004182,CUS_001157,PRJ_0026,PRJ_0026_U031,2022-11-12,20302.5,0.618,converted,
RES_0001556,LEAD_0003270,CUS_004514,PRJ_0019,PRJ_0019_U048,2022-06-27,29889.03,0.704,converted,
RES_0001557,LEAD_0001868,CUS_000563,PRJ_0014,PRJ_0014_U010,2022-06-26,8326.54,0.447,converted,
RES_0001558,LEAD_0005966,CUS_002853,PRJ_0028,PRJ_0028_U025,2024-06-23,28820.64,0.597,converted,
RES_0001559,LEAD_0007205,CUS_005169,PRJ_0011,PRJ_0011_U091,2021-11-10,12710.27,0.293,converted,
RES_0001560,LEAD_0009925,CUS_005058,PRJ_0016,PRJ_0016_U011,2024-05-08,15452.31,0.92,converted,
RES_0001561,LEAD_0002742,CUS_004590,PRJ_0018,PRJ_0018_U077,2022-11-28,11975.93,0.724,converted,
RES_0001562,LEAD_0008776,CUS_003624,PRJ_0020,PRJ_0020_U052,2025-05-01,17829.74,0.688,converted,
RES_0001563,LEAD_0003654,CUS_002431,PRJ_0026,PRJ_0026_U011,2022-11-13,10804.38,0.654,converted,
RES_0001564,LEAD_0004460,CUS_004527,PRJ_0027,PRJ_0027_U067,2023-10-05,23425.62,0.764,converted,
RES_0001565,LEAD_0004843,CUS_001583,PRJ_0012,PRJ_0012_U075,2024-09-15,16165.0,0.531,converted,
RES_0001566,LEAD_0002375,CUS_002959,PRJ_0009,PRJ_0009_U036,2022-08-22,47438.94,0.443,converted,
RES_0001567,LEAD_0002299,CUS_002094,PRJ_0005,PRJ_0005_U006,2023-09-22,15604.32,0.572,converted,
RES_0001568,LEAD_0004561,CUS_006066,PRJ_0005,PRJ_0005_U069,2021-09-24,34409.45,0.614,converted,
RES_0001569,LEAD_0004603,CUS_002975,PRJ_0023,PRJ_0023_U032,2023-09-14,8918.66,0.397,converted,
RES_0001570,LEAD_0000939,CUS_003207,PRJ_0023,PRJ_0023_U053,2022-05-26,22158.81,0.489,converted,
RES_0001571,LEAD_0002645,CUS_005206,PRJ_0008,PRJ_0008_U020,2021-10-23,12008.06,0.607,converted,
RES_0001572,LEAD_0009756,CUS_002784,PRJ_0008,PRJ_0008_U099,2023-05-16,15678.63,0.497,converted,
RES_0001573,LEAD_0008984,CUS_001294,PRJ_0028,PRJ_0028_U009,2023-04-27,15888.57,0.555,converted,
RES_0001574,LEAD_0010163,CUS_001744,PRJ_0026,PRJ_0026_U041,2025-04-11,13163.63,0.719,converted,
RES_0001575,LEAD_0008037,CUS_005190,PRJ_0012,PRJ_0012_U119,2023-10-26,8039.41,0.718,converted,
RES_0001576,LEAD_0005007,CUS_005043,PRJ_0009,PRJ_0009_U004,2022-01-03,18540.0,0.412,converted,
RES_0001577,LEAD_0005507,CUS_004234,PRJ_0024,PRJ_0024_U091,2022-11-27,32743.17,0.657,converted,
RES_0001578,LEAD_0008012,CUS_006359,PRJ_0020,PRJ_0020_U037,2026-01-19,13558.77,0.75,converted,
RES_0001579,LEAD_0009098,CUS_002031,PRJ_0027,PRJ_0027_U083,2021-08-27,9820.41,0.782,converted,
RES_0001580,LEAD_0009852,CUS_000174,PRJ_0009,PRJ_0009_U018,2022-09-05,26903.45,0.389,converted,
RES_0001581,LEAD_0000464,CUS_005811,PRJ_0009,PRJ_0009_U005,2022-12-23,30687.27,0.583,converted,
RES_0001582,LEAD_0001755,CUS_002290,PRJ_0007,PRJ_0007_U001,2022-11-28,12615.69,0.416,converted,
RES_0001583,LEAD_0005008,CUS_005346,PRJ_0014,PRJ_0014_U004,2023-02-15,11786.3,0.547,converted,
RES_0001584,LEAD_0008388,CUS_001395,PRJ_0028,PRJ_0028_U031,2024-02-07,21906.07,0.764,converted,
RES_0001585,LEAD_0004394,CUS_001569,PRJ_0014,PRJ_0014_U080,2023-11-05,16213.03,0.501,converted,
RES_0001586,LEAD_0003107,CUS_001549,PRJ_0019,PRJ_0019_U098,2024-09-02,18958.11,0.41,converted,
RES_0001587,LEAD_0001336,CUS_002733,PRJ_0028,PRJ_0028_U032,2022-10-31,19012.05,0.551,converted,
RES_0001588,LEAD_0002717,CUS_004085,PRJ_0023,PRJ_0023_U051,2021-12-31,17538.94,0.508,converted,
RES_0001589,LEAD_0003455,CUS_005073,PRJ_0027,PRJ_0027_U062,2025-05-05,19320.53,0.811,converted,
RES_0001590,LEAD_0008764,CUS_005088,PRJ_0012,PRJ_0012_U069,2022-11-08,12244.21,0.62,converted,
RES_0001591,LEAD_0007744,CUS_006257,PRJ_0027,PRJ_0027_U020,2021-12-05,14884.25,0.632,converted,
RES_0001592,LEAD_0005873,CUS_002913,PRJ_0023,PRJ_0023_U004,2022-12-21,9579.9,0.731,converted,
RES_0001593,LEAD_0003775,CUS_000188,PRJ_0023,PRJ_0023_U001,2021-04-14,15332.75,0.672,converted,
RES_0001594,LEAD_0007972,CUS_003092,PRJ_0018,PRJ_0018_U021,2023-09-07,29051.75,0.763,converted,
RES_0001595,LEAD_0005539,CUS_000947,PRJ_0005,PRJ_0005_U049,2025-11-26,20088.06,0.435,converted,
RES_0001596,LEAD_0005957,CUS_002742,PRJ_0026,PRJ_0026_U076,2021-12-12,9484.56,0.461,converted,
RES_0001597,LEAD_0007314,CUS_004764,PRJ_0004,PRJ_0004_U048,2021-05-29,22121.66,0.347,converted,
RES_0001598,LEAD_0002918,CUS_003527,PRJ_0008,PRJ_0008_U036,2022-08-31,22480.9,0.419,converted,
RES_0001599,LEAD_0001516,CUS_003008,PRJ_0012,PRJ_0012_U036,2021-08-20,39319.63,0.551,converted,
RES_0001600,LEAD_0009425,CUS_004442,PRJ_0014,PRJ_0014_U034,2023-03-04,12474.84,0.307,converted,
RES_0001601,LEAD_0008836,CUS_000829,PRJ_0016,PRJ_0016_U037,2023-12-07,13657.9,0.426,converted,
RES_0001602,LEAD_0000325,CUS_000736,PRJ_0005,PRJ_0005_U021,2021-02-10,18473.19,0.407,converted,
RES_0001603,LEAD_0001216,CUS_003790,PRJ_0004,PRJ_0004_U051,2022-05-19,22045.42,0.531,converted,
RES_0001604,LEAD_0008932,CUS_006418,PRJ_0001,PRJ_0001_U003,2021-07-31,18858.7,0.352,converted,
RES_0001605,LEAD_0010113,CUS_001313,PRJ_0020,PRJ_0020_U043,2023-02-06,15470.13,0.625,converted,
RES_0001606,LEAD_0001130,CUS_001133,PRJ_0028,PRJ_0028_U036,2025-03-19,13244.89,0.557,converted,
RES_0001607,LEAD_0004429,CUS_003854,PRJ_0001,PRJ_0001_U024,2024-12-07,14860.79,0.62,converted,
RES_0001608,LEAD_0000179,CUS_000324,PRJ_0016,PRJ_0016_U015,2024-12-17,17553.09,0.468,converted,
RES_0001609,LEAD_0001175,CUS_000617,PRJ_0006,PRJ_0006_U096,2023-01-28,14504.16,0.391,converted,
RES_0001610,LEAD_0008424,CUS_003105,PRJ_0012,PRJ_0012_U022,2021-07-10,33389.24,0.349,converted,
RES_0001611,LEAD_0004688,CUS_000837,PRJ_0008,PRJ_0008_U097,2023-09-12,9832.51,0.35,converted,
RES_0001612,LEAD_0008370,CUS_004955,PRJ_0023,PRJ_0023_U059,2024-03-23,28783.58,0.807,converted,
RES_0001613,LEAD_0006207,CUS_000843,PRJ_0005,PRJ_0005_U029,2021-08-11,9036.77,0.681,converted,
RES_0001614,LEAD_0004088,CUS_002852,PRJ_0018,PRJ_0018_U041,2022-12-21,17578.41,0.731,converted,
RES_0001615,LEAD_0004343,CUS_005652,PRJ_0012,PRJ_0012_U080,2024-07-23,26749.67,0.754,converted,
RES_0001616,LEAD_0003261,CUS_000390,PRJ_0004,PRJ_0004_U047,2025-07-20,6879.66,0.511,converted,
RES_0001617,LEAD_0002573,CUS_004329,PRJ_0009,PRJ_0009_U011,2023-10-14,31370.47,0.572,converted,
RES_0001618,LEAD_0000623,CUS_003729,PRJ_0023,PRJ_0023_U065,2024-03-05,30417.22,0.45,converted,
RES_0001619,LEAD_0001682,CUS_005677,PRJ_0011,PRJ_0011_U019,2021-08-19,12013.33,0.538,converted,
RES_0001620,LEAD_0000479,CUS_005649,PRJ_0028,PRJ_0028_U004,2025-02-13,23390.0,0.707,converted,
RES_0001621,LEAD_0000221,CUS_003542,PRJ_0023,PRJ_0023_U049,2024-06-12,33072.75,0.537,converted,
RES_0001622,LEAD_0004242,CUS_003495,PRJ_0006,PRJ_0006_U106,2021-04-27,27529.91,0.758,converted,
RES_0001623,LEAD_0004611,CUS_000362,PRJ_0019,PRJ_0019_U006,2022-11-12,19809.42,0.509,converted,
RES_0001624,LEAD_0001678,CUS_003015,PRJ_0012,PRJ_0012_U117,2021-08-29,11020.67,0.629,converted,
RES_0001625,LEAD_0002297,CUS_004438,PRJ_0016,PRJ_0016_U024,2023-10-06,29696.89,0.245,converted,
RES_0001626,LEAD_0008952,CUS_004103,PRJ_0009,PRJ_0009_U074,2022-03-26,20905.38,0.633,converted,
RES_0001627,LEAD_0007289,CUS_001683,PRJ_0016,PRJ_0016_U039,2025-05-03,12727.91,0.438,converted,
RES_0001628,LEAD_0008262,CUS_003999,PRJ_0027,PRJ_0027_U061,2021-06-28,20678.83,0.599,converted,
RES_0001629,LEAD_0001371,CUS_000873,PRJ_0009,PRJ_0009_U068,2023-09-13,21939.67,0.321,converted,
RES_0001630,LEAD_0006365,CUS_006427,PRJ_0028,PRJ_0028_U029,2024-11-12,21778.12,0.642,converted,
RES_0001631,LEAD_0003297,CUS_000330,PRJ_0006,PRJ_0006_U089,2021-03-22,34889.43,0.539,converted,
RES_0001632,LEAD_0009567,CUS_003942,PRJ_0009,PRJ_0009_U055,2022-10-30,34534.13,0.672,converted,
RES_0001633,LEAD_0004970,CUS_000430,PRJ_0017,PRJ_0017_U019,2025-01-28,10404.02,0.421,converted,
RES_0001634,LEAD_0001463,CUS_001235,PRJ_0023,PRJ_0023_U039,2021-03-19,27357.12,0.396,converted,
RES_0001635,LEAD_0003917,CUS_000544,PRJ_0018,PRJ_0018_U024,2021-06-22,27359.57,0.715,converted,
RES_0001636,LEAD_0002640,CUS_004703,PRJ_0020,PRJ_0020_U030,2023-12-31,10554.31,0.561,converted,
RES_0001637,LEAD_0009837,CUS_005320,PRJ_0011,PRJ_0011_U057,2021-10-28,29125.97,0.69,converted,
RES_0001638,LEAD_0002939,CUS_002530,PRJ_0016,PRJ_0016_U081,2025-06-15,18512.8,0.487,converted,
RES_0001639,LEAD_0005482,CUS_000960,PRJ_0028,PRJ_0028_U011,2024-12-01,12334.17,0.628,converted,
RES_0001640,LEAD_0001980,CUS_000217,PRJ_0009,PRJ_0009_U072,2021-05-25,21216.4,0.73,converted,
RES_0001641,LEAD_0004723,CUS_004511,PRJ_0006,PRJ_0006_U064,2021-05-07,28481.56,0.573,converted,
RES_0001642,LEAD_0006506,CUS_006443,PRJ_0003,PRJ_0003_U003,2021-03-31,8382.6,0.56,converted,
RES_0001643,LEAD_0007268,CUS_000890,PRJ_0001,PRJ_0001_U060,2022-01-02,31447.73,0.552,converted,
RES_0001644,LEAD_0006606,CUS_002994,PRJ_0012,PRJ_0012_U087,2025-11-09,12758.11,0.43,converted,
RES_0001645,LEAD_0003183,CUS_000249,PRJ_0023,PRJ_0023_U018,2021-07-28,35644.1,0.92,converted,
RES_0001646,LEAD_0002861,CUS_000726,PRJ_0012,PRJ_0012_U016,2026-01-06,15489.98,0.907,converted,
RES_0001647,LEAD_0006581,CUS_000589,PRJ_0014,PRJ_0014_U109,2025-12-16,22514.49,0.358,converted,
RES_0001648,LEAD_0000850,CUS_002809,PRJ_0007,PRJ_0007_U027,2025-06-28,25828.96,0.478,converted,
RES_0001649,LEAD_0008701,CUS_005688,PRJ_0016,PRJ_0016_U089,2023-11-19,20561.28,0.497,converted,
RES_0001650,LEAD_0008053,CUS_002753,PRJ_0016,PRJ_0016_U012,2024-01-18,34030.55,0.327,converted,
RES_0001651,LEAD_0002654,CUS_001992,PRJ_0008,PRJ_0008_U069,2024-07-27,17205.01,0.717,converted,
RES_0001652,LEAD_0009224,CUS_000692,PRJ_0018,PRJ_0018_U052,2022-08-26,30234.75,0.578,converted,
RES_0001653,LEAD_0002032,CUS_002071,PRJ_0004,PRJ_0004_U098,2022-08-23,8904.92,0.633,converted,
RES_0001654,LEAD_0009749,CUS_001022,PRJ_0017,PRJ_0017_U024,2025-11-16,15384.29,0.599,converted,
RES_0001655,LEAD_0001080,CUS_002582,PRJ_0020,PRJ_0020_U005,2025-06-01,18663.82,0.51,converted,
RES_0001656,LEAD_0009503,CUS_001325,PRJ_0017,PRJ_0017_U079,2022-12-02,7711.93,0.357,converted,
RES_0001657,LEAD_0004636,CUS_004220,PRJ_0017,PRJ_0017_U011,2022-01-10,26980.75,0.52,converted,
RES_0001658,LEAD_0004573,CUS_006228,PRJ_0004,PRJ_0004_U107,2023-01-04,7631.12,0.554,converted,
RES_0001659,LEAD_0008401,CUS_000002,PRJ_0023,PRJ_0023_U005,2023-12-25,19435.48,0.857,converted,
RES_0001660,LEAD_0006779,CUS_004490,PRJ_0027,PRJ_0027_U025,2022-02-11,7118.75,0.651,converted,
RES_0001661,LEAD_0004057,CUS_000916,PRJ_0016,PRJ_0016_U054,2021-09-06,11191.54,0.248,converted,
RES_0001662,LEAD_0002314,CUS_005890,PRJ_0028,PRJ_0028_U054,2022-01-01,27383.48,0.582,converted,
RES_0001663,LEAD_0004849,CUS_001693,PRJ_0011,PRJ_0011_U017,2025-01-16,18437.81,0.618,converted,
RES_0001664,LEAD_0010236,CUS_000653,PRJ_0020,PRJ_0020_U049,2025-06-21,17781.74,0.575,converted,
RES_0001665,LEAD_0006101,CUS_001128,PRJ_0014,PRJ_0014_U037,2025-11-23,25699.7,0.722,converted,
RES_0001666,LEAD_0010311,CUS_003897,PRJ_0005,PRJ_0005_U057,2024-11-17,9829.6,0.271,converted,
RES_0001667,LEAD_0000340,CUS_002737,PRJ_0001,PRJ_0001_U004,2022-06-19,18986.99,0.435,converted,
RES_0001668,LEAD_0008953,CUS_003155,PRJ_0006,PRJ_0006_U112,2025-02-03,11960.16,0.656,converted,
RES_0001669,LEAD_0000589,CUS_004416,PRJ_0004,PRJ_0004_U072,2023-09-06,7268.54,0.513,converted,
RES_0001670,LEAD_0003366,CUS_001818,PRJ_0007,PRJ_0007_U041,2021-11-22,23488.24,0.583,converted,
RES_0001671,LEAD_0002171,CUS_004890,PRJ_0012,PRJ_0012_U079,2022-02-25,22560.53,0.413,converted,
RES_0001672,LEAD_0009770,CUS_001149,PRJ_0003,PRJ_0003_U055,2023-06-11,21121.11,0.532,converted,
RES_0001673,LEAD_0004820,CUS_004213,PRJ_0023,PRJ_0023_U056,2023-12-24,33688.69,0.677,converted,
RES_0001674,LEAD_0009104,CUS_003958,PRJ_0009,PRJ_0009_U076,2021-12-22,43084.86,0.664,converted,
RES_0001675,LEAD_0005134,CUS_003433,PRJ_0005,PRJ_0005_U015,2021-06-16,25927.42,0.799,converted,
RES_0001676,LEAD_0005633,CUS_003230,PRJ_0018,PRJ_0018_U069,2021-08-25,20022.42,0.459,converted,
RES_0001677,LEAD_0009757,CUS_003614,PRJ_0026,PRJ_0026_U061,2021-10-27,16938.58,0.362,converted,
RES_0001678,LEAD_0003257,CUS_004675,PRJ_0009,PRJ_0009_U049,2021-03-30,37979.7,0.505,converted,
RES_0001679,LEAD_0002182,CUS_000755,PRJ_0020,PRJ_0020_U059,2021-02-07,35465.89,0.811,converted,
RES_0001680,LEAD_0005468,CUS_000424,PRJ_0018,PRJ_0018_U036,2024-09-22,20860.82,0.864,converted,
RES_0001681,LEAD_0006690,CUS_005902,PRJ_0006,PRJ_0006_U051,2023-02-04,21376.2,0.588,converted,
RES_0001682,LEAD_0008540,CUS_000528,PRJ_0001,PRJ_0001_U054,2024-03-09,42088.66,0.86,converted,
RES_0001683,LEAD_0009091,CUS_001047,PRJ_0003,PRJ_0003_U020,2022-09-12,7008.99,0.647,converted,
RES_0001684,LEAD_0000844,CUS_004625,PRJ_0008,PRJ_0008_U016,2023-08-26,23433.48,0.838,converted,
RES_0001685,LEAD_0003986,CUS_003874,PRJ_0024,PRJ_0024_U099,2023-01-05,33080.43,0.477,converted,
RES_0001686,LEAD_0008754,CUS_002346,PRJ_0027,PRJ_0027_U070,2022-03-08,34123.33,0.683,converted,
RES_0001687,LEAD_0007163,CUS_005364,PRJ_0009,PRJ_0009_U067,2023-02-12,33442.35,0.71,converted,
RES_0001688,LEAD_0007301,CUS_001725,PRJ_0005,PRJ_0005_U035,2023-09-06,11395.29,0.466,converted,
RES_0001689,LEAD_0007794,CUS_000506,PRJ_0007,PRJ_0007_U044,2025-06-13,21088.66,0.669,converted,
RES_0001690,LEAD_0008472,CUS_006203,PRJ_0014,PRJ_0014_U106,2022-09-21,20095.73,0.651,converted,
RES_0001691,LEAD_0003716,CUS_001672,PRJ_0006,PRJ_0006_U025,2022-07-08,14439.58,0.596,converted,
RES_0001692,LEAD_0008638,CUS_001614,PRJ_0024,PRJ_0024_U095,2024-11-28,19013.97,0.151,converted,
RES_0001693,LEAD_0000559,CUS_005436,PRJ_0016,PRJ_0016_U093,2023-03-31,11286.07,0.391,converted,
RES_0001694,LEAD_0004772,CUS_001997,PRJ_0017,PRJ_0017_U054,2023-08-31,19929.93,0.421,converted,
RES_0001695,LEAD_0003837,CUS_005075,PRJ_0011,PRJ_0011_U088,2022-10-01,36983.46,0.406,converted,
RES_0001696,LEAD_0006831,CUS_003867,PRJ_0014,PRJ_0014_U001,2023-03-10,17077.93,0.732,converted,
RES_0001697,LEAD_0005970,CUS_002658,PRJ_0024,PRJ_0024_U061,2025-08-11,18343.28,0.92,converted,
RES_0001698,LEAD_0009285,CUS_005240,PRJ_0005,PRJ_0005_U020,2021-07-19,15047.62,0.503,converted,
RES_0001699,LEAD_0008254,CUS_002641,PRJ_0008,PRJ_0008_U089,2021-02-11,16101.44,0.264,converted,
RES_0001700,LEAD_0000507,CUS_004824,PRJ_0012,PRJ_0012_U057,2023-10-09,10491.08,0.632,converted,
RES_0001701,LEAD_0001774,CUS_000491,PRJ_0004,PRJ_0004_U069,2022-09-07,24567.66,0.61,converted,
RES_0001702,LEAD_0006174,CUS_003500,PRJ_0003,PRJ_0003_U018,2022-04-07,11162.3,0.493,converted,
RES_0001703,LEAD_0005360,CUS_000791,PRJ_0018,PRJ_0018_U010,2026-01-06,29238.57,0.374,converted,
RES_0001704,LEAD_0008515,CUS_004762,PRJ_0026,PRJ_0026_U010,2022-09-15,22678.05,0.268,converted,
RES_0001705,LEAD_0009944,CUS_001552,PRJ_0004,PRJ_0004_U065,2021-02-02,10974.74,0.802,converted,
RES_0001706,LEAD_0001913,CUS_006450,PRJ_0011,PRJ_0011_U050,2023-09-23,10681.93,0.707,converted,
RES_0001707,LEAD_0004915,CUS_004687,PRJ_0007,PRJ_0007_U069,2022-08-08,24206.27,0.572,converted,
RES_0001708,LEAD_0004523,CUS_004973,PRJ_0006,PRJ_0006_U092,2024-02-17,9252.73,0.659,converted,
RES_0001709,LEAD_0006825,CUS_004580,PRJ_0006,PRJ_0006_U029,2025-12-26,6959.27,0.511,converted,
RES_0001710,LEAD_0002854,CUS_002785,PRJ_0027,PRJ_0027_U073,2021-06-03,18010.52,0.546,converted,
RES_0001711,LEAD_0009351,CUS_000041,PRJ_0007,PRJ_0007_U042,2024-07-23,24979.15,0.728,converted,
RES_0001712,LEAD_0004307,CUS_002085,PRJ_0026,PRJ_0026_U050,2022-12-07,9160.57,0.617,converted,
RES_0001713,LEAD_0007889,CUS_003840,PRJ_0020,PRJ_0020_U021,2024-02-04,33332.06,0.733,converted,
RES_0001714,LEAD_0006734,CUS_004035,PRJ_0006,PRJ_0006_U103,2022-04-16,19465.65,0.67,converted,
RES_0001715,LEAD_0005720,CUS_005728,PRJ_0008,PRJ_0008_U101,2021-03-14,8090.13,0.67,converted,
RES_0001716,LEAD_0009728,CUS_003431,PRJ_0027,PRJ_0027_U039,2021-09-27,10739.08,0.499,converted,
RES_0001717,LEAD_0002100,CUS_003995,PRJ_0026,PRJ_0026_U060,2021-04-14,11302.23,0.647,converted,
RES_0001718,LEAD_0007582,CUS_004262,PRJ_0001,PRJ_0001_U013,2024-07-16,28289.92,0.357,converted,
RES_0001719,LEAD_0007593,CUS_005896,PRJ_0006,PRJ_0006_U067,2021-08-06,8809.98,0.474,converted,
RES_0001720,LEAD_0009537,CUS_005808,PRJ_0008,PRJ_0008_U043,2024-01-03,16156.77,0.402,converted,
RES_0001721,LEAD_0000641,CUS_001035,PRJ_0006,PRJ_0006_U039,2024-08-14,29090.17,0.703,converted,
RES_0001722,LEAD_0001271,CUS_005373,PRJ_0026,PRJ_0026_U020,2025-09-18,7346.01,0.784,converted,
RES_0001723,LEAD_0001986,CUS_003116,PRJ_0009,PRJ_0009_U002,2023-05-21,11044.59,0.669,converted,
RES_0001724,LEAD_0002238,CUS_003701,PRJ_0008,PRJ_0008_U027,2023-10-13,20000.22,0.579,converted,
RES_0001725,LEAD_0010057,CUS_002842,PRJ_0001,PRJ_0001_U045,2024-08-23,18292.03,0.48,converted,
RES_0001726,LEAD_0006058,CUS_006100,PRJ_0018,PRJ_0018_U011,2022-04-22,43127.28,0.358,converted,
RES_0001727,LEAD_0008423,CUS_003781,PRJ_0018,PRJ_0018_U056,2022-09-08,19015.66,0.498,converted,
RES_0001728,LEAD_0009658,CUS_000537,PRJ_0009,PRJ_0009_U058,2022-01-06,36521.08,0.614,converted,
RES_0001729,LEAD_0003214,CUS_001005,PRJ_0026,PRJ_0026_U025,2025-12-31,30848.79,0.769,converted,
RES_0001730,LEAD_0009411,CUS_005697,PRJ_0004,PRJ_0004_U039,2022-12-25,10564.27,0.342,converted,
RES_0001731,LEAD_0010199,CUS_000204,PRJ_0017,PRJ_0017_U087,2022-12-20,12558.49,0.221,converted,
RES_0001732,LEAD_0000480,CUS_002079,PRJ_0007,PRJ_0007_U040,2025-07-12,51888.66,0.672,converted,
RES_0001733,LEAD_0000663,CUS_006242,PRJ_0020,PRJ_0020_U019,2024-03-11,25897.22,0.512,converted,
RES_0001734,LEAD_0009345,CUS_005335,PRJ_0009,PRJ_0009_U007,2023-07-18,20811.92,0.394,converted,
RES_0001735,LEAD_0008465,CUS_003155,PRJ_0024,PRJ_0024_U049,2025-09-05,20173.79,0.663,converted,
RES_0001736,LEAD_0002989,CUS_001759,PRJ_0011,PRJ_0011_U066,2021-10-16,17676.45,0.405,converted,
RES_0001737,LEAD_0005465,CUS_005345,PRJ_0011,PRJ_0011_U083,2025-10-19,16355.75,0.527,converted,
RES_0001738,LEAD_0003982,CUS_005896,PRJ_0014,PRJ_0014_U030,2022-01-30,32223.84,0.386,converted,
RES_0001739,LEAD_0003978,CUS_002627,PRJ_0001,PRJ_0001_U017,2025-02-22,43436.09,0.273,converted,
RES_0001740,LEAD_0000185,CUS_001087,PRJ_0008,PRJ_0008_U045,2021-05-22,25710.6,0.45,converted,
RES_0001741,LEAD_0009838,CUS_000260,PRJ_0020,PRJ_0020_U042,2023-10-12,9202.51,0.224,converted,
RES_0001742,LEAD_0002351,CUS_000471,PRJ_0014,PRJ_0014_U013,2025-06-01,20720.9,0.567,converted,
RES_0001743,LEAD_0000554,CUS_004356,PRJ_0020,PRJ_0020_U040,2024-12-08,28174.26,0.712,converted,
RES_0001744,LEAD_0000298,CUS_004356,PRJ_0008,PRJ_0008_U021,2024-09-08,11684.16,0.66,converted,
RES_0001745,LEAD_0008331,CUS_003717,PRJ_0012,PRJ_0012_U085,2023-02-21,19617.94,0.587,converted,
RES_0001746,LEAD_0008640,CUS_006323,PRJ_0004,PRJ_0004_U115,2021-06-09,9118.68,0.618,converted,
RES_0001747,LEAD_0005145,CUS_000706,PRJ_0017,PRJ_0017_U107,2024-02-05,15845.8,0.268,converted,
RES_0001748,LEAD_0005262,CUS_001714,PRJ_0017,PRJ_0017_U051,2023-12-19,13044.44,0.577,converted,
RES_0001749,LEAD_0005027,CUS_005510,PRJ_0011,PRJ_0011_U002,2023-03-31,32544.1,0.674,converted,
RES_0001750,LEAD_0003951,CUS_000286,PRJ_0007,PRJ_0007_U064,2024-08-07,12837.27,0.474,converted,
RES_0001751,LEAD_0008743,CUS_002288,PRJ_0008,PRJ_0008_U057,2022-08-25,18857.54,0.573,converted,
RES_0001752,LEAD_0006694,CUS_005835,PRJ_0008,PRJ_0008_U044,2025-06-13,12255.02,0.565,converted,
RES_0001753,LEAD_0009052,CUS_000393,PRJ_0026,PRJ_0026_U078,2023-04-01,26219.75,0.554,converted,
RES_0001754,LEAD_0002489,CUS_001561,PRJ_0012,PRJ_0012_U058,2024-06-30,29894.49,0.499,converted,
RES_0001755,LEAD_0002183,CUS_006184,PRJ_0007,PRJ_0007_U035,2023-08-20,14405.68,0.494,converted,
RES_0001756,LEAD_0009270,CUS_001968,PRJ_0019,PRJ_0019_U064,2022-11-15,26018.15,0.69,converted,
RES_0001757,LEAD_0003940,CUS_005068,PRJ_0006,PRJ_0006_U099,2022-01-07,25115.68,0.736,converted,
RES_0001758,LEAD_0001188,CUS_001113,PRJ_0017,PRJ_0017_U076,2022-07-20,9848.54,0.435,converted,
RES_0001759,LEAD_0004160,CUS_004397,PRJ_0016,PRJ_0016_U044,2023-07-07,23080.21,0.54,converted,
RES_0001760,LEAD_0006225,CUS_003929,PRJ_0026,PRJ_0026_U075,2025-07-07,11171.03,0.647,converted,
RES_0001761,LEAD_0004557,CUS_005122,PRJ_0024,PRJ_0024_U086,2025-10-14,17877.78,0.395,converted,
RES_0001762,LEAD_0004324,CUS_004154,PRJ_0026,PRJ_0026_U022,2023-09-26,9243.92,0.479,converted,
RES_0001763,LEAD_0005818,CUS_001922,PRJ_0024,PRJ_0024_U022,2024-08-18,20662.43,0.793,converted,
RES_0001764,LEAD_0000970,CUS_001916,PRJ_0007,PRJ_0007_U079,2021-08-17,14794.14,0.404,converted,
RES_0001765,LEAD_0010001,CUS_004456,PRJ_0027,PRJ_0027_U081,2021-04-18,12335.05,0.315,converted,
RES_0001766,LEAD_0010272,CUS_006395,PRJ_0014,PRJ_0014_U006,2025-11-29,7720.0,0.584,converted,
RES_0001767,LEAD_0004726,CUS_005831,PRJ_0024,PRJ_0024_U020,2025-05-04,34513.29,0.482,converted,
RES_0001768,LEAD_0003627,CUS_006191,PRJ_0017,PRJ_0017_U032,2022-02-20,15077.26,0.503,converted,
RES_0001769,LEAD_0004923,CUS_004746,PRJ_0018,PRJ_0018_U017,2023-10-21,16370.9,0.681,converted,
RES_0001770,LEAD_0007542,CUS_001510,PRJ_0007,PRJ_0007_U030,2023-03-10,22833.76,0.306,converted,
RES_0001771,LEAD_0007255,CUS_005047,PRJ_0017,PRJ_0017_U040,2025-01-09,19592.97,0.418,converted,
RES_0001772,LEAD_0005136,CUS_003081,PRJ_0026,PRJ_0026_U019,2023-05-19,9665.39,0.186,converted,
RES_0001773,LEAD_0006622,CUS_002574,PRJ_0012,PRJ_0012_U048,2025-10-05,24496.0,0.741,converted,
RES_0001774,LEAD_0008457,CUS_001031,PRJ_0018,PRJ_0018_U061,2022-01-11,47078.76,0.778,converted,
RES_0001775,LEAD_0006597,CUS_006026,PRJ_0017,PRJ_0017_U102,2024-04-03,28996.47,0.539,converted,
RES_0001776,LEAD_0010327,CUS_004468,PRJ_0019,PRJ_0019_U045,2023-02-16,32776.3,0.536,converted,
RES_0001777,LEAD_0001610,CUS_005891,PRJ_0027,PRJ_0027_U027,2021-04-05,8255.75,0.915,converted,
RES_0001778,LEAD_0007793,CUS_004510,PRJ_0014,PRJ_0014_U101,2021-11-15,16623.34,0.717,converted,
RES_0001779,LEAD_0009711,CUS_003212,PRJ_0027,PRJ_0027_U090,2021-06-22,19245.81,0.823,converted,
RES_0001780,LEAD_0004931,CUS_001780,PRJ_0024,PRJ_0024_U108,2025-11-15,18351.36,0.452,converted,
RES_0001781,LEAD_0005359,CUS_004802,PRJ_0019,PRJ_0019_U088,2023-05-26,27989.39,0.645,converted,
RES_0001782,LEAD_0001226,CUS_000945,PRJ_0004,PRJ_0004_U055,2024-05-06,9233.03,0.565,converted,
RES_0001783,LEAD_0001765,CUS_002914,PRJ_0004,PRJ_0004_U049,2024-01-04,16703.51,0.744,converted,
RES_0001784,LEAD_0000288,CUS_002908,PRJ_0017,PRJ_0017_U009,2023-08-13,7425.44,0.716,converted,
RES_0001785,LEAD_0002967,CUS_005048,PRJ_0027,PRJ_0027_U004,2022-04-17,17095.58,0.226,converted,
RES_0001786,LEAD_0003165,CUS_003179,PRJ_0018,PRJ_0018_U014,2023-03-05,16282.45,0.681,converted,
RES_0001787,LEAD_0000453,CUS_000235,PRJ_0024,PRJ_0024_U023,2022-03-28,20337.85,0.614,converted,
RES_0001788,LEAD_0006596,CUS_000600,PRJ_0008,PRJ_0008_U062,2022-05-13,27009.63,0.433,converted,
RES_0001789,LEAD_0000658,CUS_003896,PRJ_0012,PRJ_0012_U032,2023-11-26,25373.64,0.622,converted,
RES_0001790,LEAD_0002846,CUS_006479,PRJ_0027,PRJ_0027_U077,2023-04-02,18899.6,0.871,converted,
RES_0001791,LEAD_0004232,CUS_002210,PRJ_0008,PRJ_0008_U007,2025-03-17,14869.58,0.351,converted,
RES_0001792,LEAD_0004867,CUS_001710,PRJ_0012,PRJ_0012_U110,2021-06-05,14644.49,0.65,converted,
RES_0001793,LEAD_0008846,CUS_004150,PRJ_0011,PRJ_0011_U055,2021-03-27,42606.0,0.57,converted,
RES_0001794,LEAD_0004241,CUS_006481,PRJ_0019,PRJ_0019_U034,2022-05-29,11237.36,0.799,converted,
RES_0001795,LEAD_0004528,CUS_005290,PRJ_0016,PRJ_0016_U014,2022-07-09,26603.62,0.707,converted,
RES_0001796,LEAD_0007407,CUS_002806,PRJ_0007,PRJ_0007_U073,2025-05-21,23700.62,0.635,converted,
RES_0001797,LEAD_0001004,CUS_002174,PRJ_0024,PRJ_0024_U055,2022-04-23,16936.05,0.486,converted,
RES_0001798,LEAD_0008142,CUS_000552,PRJ_0018,PRJ_0018_U022,2023-03-19,22398.7,0.674,converted,
RES_0001799,LEAD_0005870,CUS_006037,PRJ_0019,PRJ_0019_U102,2021-04-14,17968.76,0.482,converted,
RES_0001800,LEAD_0005381,CUS_000131,PRJ_0011,PRJ_0011_U020,2025-02-20,8636.84,0.608,converted,
RES_0001801,LEAD_0001269,CUS_004393,PRJ_0008,PRJ_0008_U012,2022-09-08,20748.71,0.581,converted,
RES_0001802,LEAD_0005847,CUS_000147,PRJ_0026,PRJ_0026_U043,2025-04-18,28570.89,0.275,converted,
RES_0001803,LEAD_0005639,CUS_000708,PRJ_0016,PRJ_0016_U033,2021-06-15,26978.67,0.309,converted,
RES_0001804,LEAD_0008494,CUS_000664,PRJ_0018,PRJ_0018_U004,2023-05-25,27870.06,0.649,converted,
RES_0001805,LEAD_0009678,CUS_004328,PRJ_0017,PRJ_0017_U091,2022-09-09,21054.5,0.463,converted,
RES_0001806,LEAD_0004857,CUS_001219,PRJ_0012,PRJ_0012_U047,2023-05-13,14056.85,0.643,converted,
RES_0001807,LEAD_0006718,CUS_001554,PRJ_0014,PRJ_0014_U057,2024-03-25,29347.27,0.627,converted,
RES_0001808,LEAD_0006667,CUS_003164,PRJ_0006,PRJ_0006_U043,2022-12-30,17660.36,0.849,converted,
RES_0001809,LEAD_0006804,CUS_002291,PRJ_0019,PRJ_0019_U042,2025-10-20,19619.48,0.523,converted,
RES_0001810,LEAD_0000897,CUS_005574,PRJ_0012,PRJ_0012_U024,2021-10-26,16541.82,0.533,converted,
RES_0001811,LEAD_0008863,CUS_005963,PRJ_0018,PRJ_0018_U074,2024-07-29,14804.59,0.717,converted,
RES_0001812,LEAD_0008166,CUS_001842,PRJ_0024,PRJ_0024_U046,2021-04-05,11387.69,0.188,converted,
RES_0001813,LEAD_0003269,CUS_004586,PRJ_0014,PRJ_0014_U082,2024-04-08,24406.94,0.664,converted,
RES_0001814,LEAD_0004966,CUS_005382,PRJ_0007,PRJ_0007_U050,2022-05-02,18941.71,0.664,converted,
RES_0001815,LEAD_0006474,CUS_003150,PRJ_0016,PRJ_0016_U058,2025-07-27,12214.2,0.421,converted,
RES_0001816,LEAD_0004669,CUS_002470,PRJ_0012,PRJ_0012_U053,2024-12-25,8248.0,0.547,converted,
RES_0001817,LEAD_0001009,CUS_002681,PRJ_0019,PRJ_0019_U076,2024-11-16,22277.45,0.486,converted,
RES_0001818,LEAD_0000984,CUS_004205,PRJ_0024,PRJ_0024_U018,2022-07-09,20205.93,0.592,converted,
RES_0001819,LEAD_0004948,CUS_004985,PRJ_0017,PRJ_0017_U038,2024-03-05,7145.05,0.589,converted,
RES_0001820,LEAD_0006378,CUS_003792,PRJ_0007,PRJ_0007_U032,2021-03-21,8648.11,0.474,converted,
RES_0001821,LEAD_0009981,CUS_000874,PRJ_0008,PRJ_0008_U065,2022-04-29,20061.63,0.735,cancelled,2022-05-09
RES_0001822,LEAD_0006071,CUS_002275,PRJ_0016,PRJ_0016_U056,2023-09-07,9882.69,0.669,converted,
RES_0001823,LEAD_0001187,CUS_000772,PRJ_0006,PRJ_0006_U068,2022-08-26,11505.0,0.308,converted,
RES_0001824,LEAD_0001978,CUS_006386,PRJ_0006,PRJ_0006_U017,2023-08-29,16000.4,0.672,converted,
RES_0001825,LEAD_0000916,CUS_005385,PRJ_0006,PRJ_0006_U035,2024-06-05,24300.94,0.342,converted,
RES_0001826,LEAD_0001306,CUS_002222,PRJ_0026,PRJ_0026_U013,2025-10-20,5695.98,0.497,converted,
RES_0001827,LEAD_0003050,CUS_004352,PRJ_0026,PRJ_0026_U062,2025-05-16,14722.55,0.491,converted,
RES_0001828,LEAD_0001274,CUS_005684,PRJ_0016,PRJ_0016_U017,2024-08-21,16672.77,0.716,converted,
RES_0001829,LEAD_0002797,CUS_005743,PRJ_0014,PRJ_0014_U093,2025-01-03,6213.31,0.751,converted,
RES_0001830,LEAD_0008835,CUS_003370,PRJ_0004,PRJ_0004_U089,2021-08-22,16352.26,0.402,converted,
RES_0001831,LEAD_0004993,CUS_000650,PRJ_0014,PRJ_0014_U018,2025-01-23,14860.39,0.563,converted,
RES_0001832,LEAD_0009855,CUS_003961,PRJ_0017,PRJ_0017_U081,2023-10-06,9383.42,0.66,converted,
RES_0001833,LEAD_0005073,CUS_000213,PRJ_0007,PRJ_0007_U008,2021-08-13,48247.13,0.311,converted,
RES_0001834,LEAD_0007135,CUS_001920,PRJ_0017,PRJ_0017_U029,2023-12-22,19194.95,0.788,converted,
RES_0001835,LEAD_0003290,CUS_002606,PRJ_0017,PRJ_0017_U063,2025-05-29,11583.6,0.736,converted,
RES_0001836,LEAD_0006282,CUS_000860,PRJ_0027,PRJ_0027_U069,2024-04-08,10928.89,0.801,converted,
RES_0001837,LEAD_0004764,CUS_001230,PRJ_0019,PRJ_0019_U050,2025-01-24,15243.61,0.788,converted,
RES_0001838,LEAD_0005688,CUS_002142,PRJ_0027,PRJ_0027_U068,2023-10-06,24759.61,0.527,converted,
RES_0001839,LEAD_0004323,CUS_003588,PRJ_0007,PRJ_0007_U009,2025-06-07,18881.6,0.353,converted,
RES_0001840,LEAD_0005594,CUS_002275,PRJ_0004,PRJ_0004_U110,2025-12-07,16198.64,0.448,converted,
RES_0001841,LEAD_0010322,CUS_002738,PRJ_0011,PRJ_0011_U103,2026-01-01,13130.86,0.679,converted,
RES_0001842,LEAD_0003479,CUS_004915,PRJ_0008,PRJ_0008_U102,2021-08-13,12174.61,0.777,converted,
RES_0001843,LEAD_0007746,CUS_000752,PRJ_0008,PRJ_0008_U096,2025-07-01,33720.74,0.593,converted,
RES_0001844,LEAD_0003304,CUS_004635,PRJ_0004,PRJ_0004_U014,2022-03-03,12661.78,0.575,converted,
RES_0001845,LEAD_0001691,CUS_001174,PRJ_0008,PRJ_0008_U049,2022-07-21,31563.6,0.712,converted,
RES_0001846,LEAD_0005823,CUS_006175,PRJ_0026,PRJ_0026_U006,2025-01-12,21008.71,0.697,converted,
RES_0001847,LEAD_0007093,CUS_005903,PRJ_0016,PRJ_0016_U018,2023-01-13,11010.96,0.854,cancelled,2023-02-01
RES_0001848,LEAD_0009369,CUS_000650,PRJ_0016,PRJ_0016_U051,2025-07-25,17260.93,0.612,converted,
RES_0001849,LEAD_0008606,CUS_001528,PRJ_0007,PRJ_0007_U004,2024-01-10,23646.69,0.751,converted,
RES_0001850,LEAD_0008865,CUS_005218,PRJ_0014,PRJ_0014_U076,2023-01-08,19964.72,0.743,converted,
RES_0001851,LEAD_0006095,CUS_005251,PRJ_0011,PRJ_0011_U006,2025-11-02,18472.2,0.789,converted,
RES_0001852,LEAD_0000887,CUS_005782,PRJ_0007,PRJ_0007_U062,2023-04-06,36537.31,0.52,converted,
RES_0001853,LEAD_0009979,CUS_005712,PRJ_0004,PRJ_0004_U076,2022-04-07,19521.63,0.614,converted,
RES_0001854,LEAD_0006190,CUS_002058,PRJ_0006,PRJ_0006_U114,2025-03-24,35335.6,0.56,converted,
RES_0001855,LEAD_0008474,CUS_005503,PRJ_0018,PRJ_0018_U028,2023-11-16,43315.7,0.678,converted,
RES_0001856,LEAD_0006157,CUS_003768,PRJ_0018,PRJ_0018_U043,2021-07-13,12291.03,0.516,converted,
RES_0001857,LEAD_0005448,CUS_003495,PRJ_0027,PRJ_0027_U019,2022-05-25,9736.42,0.727,converted,
RES_0001858,LEAD_0003130,CUS_003476,PRJ_0017,PRJ_0017_U082,2024-10-24,5359.07,0.51,converted,
RES_0001859,LEAD_0002810,CUS_004588,PRJ_0024,PRJ_0024_U060,2023-08-03,24951.78,0.625,converted,
RES_0001860,LEAD_0003909,CUS_003297,PRJ_0017,PRJ_0017_U012,2022-02-07,10082.79,0.402,converted,
RES_0001861,LEAD_0007685,CUS_000330,PRJ_0006,PRJ_0006_U027,2023-08-16,13533.69,0.586,converted,
RES_0001862,LEAD_0003683,CUS_003673,PRJ_0016,PRJ_0016_U092,2022-03-09,28743.47,0.648,converted,
RES_0001863,LEAD_0009103,CUS_006345,PRJ_0011,PRJ_0011_U105,2022-11-24,24232.8,0.657,converted,
RES_0001864,LEAD_0007965,CUS_005124,PRJ_0011,PRJ_0011_U046,2024-09-20,25433.69,0.633,converted,
RES_0001865,LEAD_0008546,CUS_003188,PRJ_0016,PRJ_0016_U070,2023-10-09,10712.23,0.549,converted,
RES_0001866,LEAD_0009177,CUS_001630,PRJ_0011,PRJ_0011_U062,2022-05-30,29646.02,0.472,converted,
RES_0001867,LEAD_0006096,CUS_003098,PRJ_0024,PRJ_0024_U027,2024-06-15,16376.43,0.677,converted,
RES_0001868,LEAD_0000187,CUS_000709,PRJ_0026,PRJ_0026_U002,2023-12-18,10694.69,0.746,converted,
RES_0001869,LEAD_0009612,CUS_003884,PRJ_0019,PRJ_0019_U029,2022-05-01,26937.21,0.75,converted,
RES_0001870,LEAD_0000447,CUS_004223,PRJ_0019,PRJ_0019_U083,2025-07-20,20603.55,0.525,converted,
RES_0001871,LEAD_0007403,CUS_001476,PRJ_0019,PRJ_0019_U074,2022-10-07,36272.26,0.362,converted,
RES_0001872,LEAD_0009380,CUS_003592,PRJ_0011,PRJ_0011_U013,2023-06-08,15952.45,0.409,converted,
RES_0001873,LEAD_0008675,CUS_003328,PRJ_0007,PRJ_0007_U025,2024-12-24,19100.06,0.793,converted,
RES_0001874,LEAD_0007515,CUS_003100,PRJ_0018,PRJ_0018_U035,2023-10-20,9178.34,0.372,converted,
RES_0001875,LEAD_0010044,CUS_001770,PRJ_0004,PRJ_0004_U027,2023-10-26,11229.74,0.349,converted,
RES_0001876,LEAD_0002149,CUS_005911,PRJ_0024,PRJ_0024_U119,2025-07-05,23290.21,0.401,cancelled,2025-07-17
RES_0001877,LEAD_0000637,CUS_005514,PRJ_0027,PRJ_0027_U038,2022-05-02,14507.55,0.69,converted,
RES_0001878,LEAD_0004135,CUS_003725,PRJ_0014,PRJ_0014_U087,2025-05-02,15347.23,0.593,converted,
RES_0001879,LEAD_0007040,CUS_004894,PRJ_0011,PRJ_0011_U028,2025-07-09,24398.08,0.715,converted,
RES_0001880,LEAD_0008883,CUS_000221,PRJ_0019,PRJ_0019_U027,2022-10-21,15655.54,0.521,converted,
RES_0001881,LEAD_0004879,CUS_003322,PRJ_0026,PRJ_0026_U003,2025-12-02,21578.71,0.766,cancelled,2026-02-13
RES_0001882,LEAD_0003136,CUS_002648,PRJ_0027,PRJ_0027_U089,2025-06-13,8867.12,0.687,converted,
RES_0001883,LEAD_0000885,CUS_002157,PRJ_0006,PRJ_0006_U015,2021-11-01,33992.9,0.646,converted,
RES_0001884,LEAD_0000465,CUS_002297,PRJ_0006,PRJ_0006_U036,2021-11-26,11063.78,0.706,converted,
RES_0001885,LEAD_0008237,CUS_002217,PRJ_0014,PRJ_0014_U103,2022-07-13,15528.96,0.654,converted,
RES_0001886,LEAD_0006197,CUS_001282,PRJ_0017,PRJ_0017_U003,2025-08-01,16964.72,0.647,converted,
RES_0001887,LEAD_0005193,CUS_005687,PRJ_0024,PRJ_0024_U067,2025-06-01,13153.31,0.65,converted,
RES_0001888,LEAD_0008986,CUS_003875,PRJ_0011,PRJ_0011_U053,2025-09-08,37097.62,0.288,converted,
RES_0001889,LEAD_0005301,CUS_006400,PRJ_0012,PRJ_0012_U056,2024-09-30,12591.2,0.413,converted,
RES_0001890,LEAD_0002388,CUS_005751,PRJ_0017,PRJ_0017_U075,2022-04-14,19697.59,0.472,converted,
RES_0001891,LEAD_0007225,CUS_001640,PRJ_0004,PRJ_0004_U046,2024-05-19,23070.98,0.481,converted,
RES_0001892,LEAD_0009076,CUS_002226,PRJ_0004,PRJ_0004_U116,2021-12-25,13034.37,0.418,converted,
RES_0001893,LEAD_0002790,CUS_001479,PRJ_0008,PRJ_0008_U019,2022-04-18,14242.37,0.595,converted,
RES_0001894,LEAD_0005214,CUS_001292,PRJ_0026,PRJ_0026_U001,2024-04-18,11261.04,0.318,converted,
RES_0001895,LEAD_0010259,CUS_001842,PRJ_0012,PRJ_0012_U046,2025-04-10,26013.37,0.354,converted,
RES_0001896,LEAD_0007662,CUS_004853,PRJ_0011,PRJ_0011_U077,2025-03-02,12807.4,0.263,converted,
RES_0001897,LEAD_0005762,CUS_001317,PRJ_0019,PRJ_0019_U044,2023-10-30,18345.43,0.679,converted,
RES_0001898,LEAD_0005097,CUS_006498,PRJ_0008,PRJ_0008_U047,2025-08-21,13078.04,0.687,converted,
RES_0001899,LEAD_0002905,CUS_003714,PRJ_0027,PRJ_0027_U052,2024-11-11,14777.05,0.643,converted,
RES_0001900,LEAD_0001449,CUS_001652,PRJ_0011,PRJ_0011_U107,2024-03-12,34881.51,0.425,converted,
RES_0001901,LEAD_0005682,CUS_000277,PRJ_0027,PRJ_0027_U040,2024-09-23,16089.23,0.683,converted,
RES_0001902,LEAD_0001339,CUS_001780,PRJ_0004,PRJ_0004_U102,2023-10-28,24064.4,0.359,converted,
RES_0001903,LEAD_0010008,CUS_004888,PRJ_0026,PRJ_0026_U057,2024-08-03,16944.11,0.679,converted,
RES_0001904,LEAD_0003522,CUS_005770,PRJ_0019,PRJ_0019_U047,2022-09-24,18556.91,0.714,converted,
RES_0001905,LEAD_0004479,CUS_003279,PRJ_0016,PRJ_0016_U101,2021-08-05,18533.38,0.484,converted,
RES_0001906,LEAD_0001597,CUS_004430,PRJ_0008,PRJ_0008_U066,2023-07-18,30110.7,0.741,converted,
RES_0001907,LEAD_0005941,CUS_002232,PRJ_0017,PRJ_0017_U010,2022-03-27,27070.25,0.357,converted,
RES_0001908,LEAD_0000166,CUS_001649,PRJ_0014,PRJ_0014_U079,2021-05-17,13174.15,0.8,converted,
RES_0001909,LEAD_0003771,CUS_003463,PRJ_0004,PRJ_0004_U084,2022-08-11,38129.76,0.615,converted,
RES_0001910,LEAD_0007078,CUS_002750,PRJ_0012,PRJ_0012_U113,2022-07-06,9982.51,0.821,converted,
RES_0001911,LEAD_0001115,CUS_001122,PRJ_0007,PRJ_0007_U065,2023-10-19,30730.81,0.435,converted,
RES_0001912,LEAD_0000299,CUS_004861,PRJ_0016,PRJ_0016_U079,2022-12-01,12657.64,0.333,converted,
RES_0001913,LEAD_0002736,CUS_005590,PRJ_0012,PRJ_0012_U026,2026-01-01,41385.95,0.271,converted,
RES_0001914,LEAD_0008263,CUS_002259,PRJ_0004,PRJ_0004_U031,2024-07-08,34096.39,0.594,converted,
RES_0001915,LEAD_0008385,CUS_004703,PRJ_0011,PRJ_0011_U080,2022-11-06,7556.94,0.386,converted,
RES_0001916,LEAD_0002104,CUS_005881,PRJ_0027,PRJ_0027_U015,2024-03-14,9358.58,0.346,converted,
RES_0001917,LEAD_0005337,CUS_000168,PRJ_0027,PRJ_0027_U086,2023-03-30,10185.09,0.26,converted,
RES_0001918,LEAD_0001838,CUS_002474,PRJ_0004,PRJ_0004_U117,2021-12-10,12902.16,0.645,converted,
RES_0001919,LEAD_0009832,CUS_006402,PRJ_0024,PRJ_0024_U088,2022-10-22,21436.88,0.224,converted,
RES_0001920,LEAD_0009573,CUS_001095,PRJ_0027,PRJ_0027_U008,2022-12-22,17778.63,0.782,converted,
RES_0001921,LEAD_0003047,CUS_001727,PRJ_0016,PRJ_0016_U094,2023-12-11,28676.11,0.462,converted,
RES_0001922,LEAD_0005706,CUS_000216,PRJ_0012,PRJ_0012_U002,2024-04-21,24589.1,0.751,converted,
RES_0001923,LEAD_0003294,CUS_006289,PRJ_0007,PRJ_0007_U033,2021-10-22,33307.77,0.496,converted,
RES_0001924,LEAD_0005928,CUS_005289,PRJ_0027,PRJ_0027_U065,2024-03-10,6453.89,0.615,converted,
RES_0001925,LEAD_0000858,CUS_003702,PRJ_0011,PRJ_0011_U063,2021-11-10,16621.59,0.635,converted,
RES_0001926,LEAD_0002562,CUS_003630,PRJ_0011,PRJ_0011_U012,2024-06-27,11568.41,0.459,converted,
RES_0001927,LEAD_0002641,CUS_004339,PRJ_0006,PRJ_0006_U063,2021-08-14,11994.95,0.581,converted,
RES_0001928,LEAD_0000616,CUS_003872,PRJ_0006,PRJ_0006_U044,2024-08-15,25152.92,0.694,converted,
RES_0001929,LEAD_0000804,CUS_000042,PRJ_0012,PRJ_0012_U070,2022-11-13,15543.12,0.413,converted,
RES_0001930,LEAD_0004679,CUS_002959,PRJ_0007,PRJ_0007_U011,2021-05-01,19188.13,0.44,converted,
RES_0001931,LEAD_0002619,CUS_002910,PRJ_0019,PRJ_0019_U040,2025-01-08,16714.54,0.534,converted,
RES_0001932,LEAD_0003793,CUS_000920,PRJ_0004,PRJ_0004_U030,2023-01-28,12822.7,0.643,converted,
RES_0001933,LEAD_0001504,CUS_002971,PRJ_0012,PRJ_0012_U095,2023-11-15,24015.78,0.485,converted,
RES_0001934,LEAD_0001506,CUS_005395,PRJ_0016,PRJ_0016_U103,2025-02-14,13453.22,0.738,converted,
RES_0001935,LEAD_0000671,CUS_002974,PRJ_0006,PRJ_0006_U074,2025-07-11,7418.75,0.681,converted,
RES_0001936,LEAD_0002371,CUS_005206,PRJ_0008,PRJ_0008_U075,2023-07-31,12869.2,0.735,converted,
RES_0001937,LEAD_0000532,CUS_005834,PRJ_0014,PRJ_0014_U015,2022-09-23,8766.91,0.499,converted,
RES_0001938,LEAD_0003407,CUS_002625,PRJ_0016,PRJ_0016_U076,2022-05-20,18287.97,0.673,converted,
RES_0001939,LEAD_0007617,CUS_002327,PRJ_0016,PRJ_0016_U066,2024-11-08,17072.63,0.362,converted,
RES_0001940,LEAD_0002105,CUS_000617,PRJ_0014,PRJ_0014_U100,2023-09-18,14340.38,0.398,converted,
RES_0001941,LEAD_0008077,CUS_005253,PRJ_0027,PRJ_0027_U099,2021-10-13,19552.88,0.432,converted,
RES_0001942,LEAD_0004995,CUS_002119,PRJ_0012,PRJ_0012_U081,2023-07-04,20029.38,0.429,converted,
RES_0001943,LEAD_0009872,CUS_005497,PRJ_0017,PRJ_0017_U036,2022-05-23,22290.42,0.603,converted,
RES_0001944,LEAD_0008049,CUS_005942,PRJ_0024,PRJ_0024_U031,2021-04-10,11277.46,0.691,converted,
RES_0001945,LEAD_0007785,CUS_001717,PRJ_0017,PRJ_0017_U025,2022-12-28,10551.02,0.665,converted,
RES_0001946,LEAD_0005389,CUS_004339,PRJ_0024,PRJ_0024_U059,2021-03-26,49959.73,0.721,converted,
RES_0001947,LEAD_0004016,CUS_005924,PRJ_0006,PRJ_0006_U046,2021-04-21,26756.57,0.723,converted,
RES_0001948,LEAD_0009108,CUS_001680,PRJ_0024,PRJ_0024_U104,2022-09-19,26790.01,0.576,converted,
RES_0001949,LEAD_0006998,CUS_004858,PRJ_0017,PRJ_0017_U085,2023-08-15,27869.47,0.44,converted,
RES_0001950,LEAD_0008145,CUS_003192,PRJ_0027,PRJ_0027_U071,2023-11-22,7994.72,0.804,converted,
RES_0001951,LEAD_0000147,CUS_003402,PRJ_0011,PRJ_0011_U056,2021-04-30,20199.37,0.517,converted,
RES_0001952,LEAD_0002295,CUS_006449,PRJ_0004,PRJ_0004_U124,2023-10-20,13113.7,0.648,converted,
RES_0001953,LEAD_0000721,CUS_004294,PRJ_0017,PRJ_0017_U031,2024-08-14,35482.23,0.642,converted,
RES_0001954,LEAD_0009510,CUS_005288,PRJ_0019,PRJ_0019_U071,2022-10-11,31927.95,0.39,converted,
RES_0001955,LEAD_0008076,CUS_006273,PRJ_0008,PRJ_0008_U055,2023-08-09,16140.32,0.671,converted,
RES_0001956,LEAD_0009304,CUS_003658,PRJ_0016,PRJ_0016_U016,2022-07-08,12570.95,0.749,converted,
RES_0001957,LEAD_0007854,CUS_002253,PRJ_0006,PRJ_0006_U111,2023-03-07,28117.59,0.73,converted,
RES_0001958,LEAD_0008609,CUS_002498,PRJ_0024,PRJ_0024_U072,2021-05-05,12082.17,0.604,converted,
RES_0001959,LEAD_0006876,CUS_000124,PRJ_0011,PRJ_0011_U093,2025-11-21,20379.57,0.339,converted,
RES_0001960,LEAD_0002595,CUS_004657,PRJ_0007,PRJ_0007_U047,2025-06-27,19254.15,0.496,converted,
RES_0001961,LEAD_0007278,CUS_000012,PRJ_0027,PRJ_0027_U002,2021-11-09,12857.51,0.701,converted,
RES_0001962,LEAD_0000137,CUS_004596,PRJ_0016,PRJ_0016_U084,2022-08-24,8366.09,0.598,converted,
RES_0001963,LEAD_0005431,CUS_002006,PRJ_0008,PRJ_0008_U031,2022-08-12,20431.4,0.427,converted,
RES_0001964,LEAD_0008608,CUS_001201,PRJ_0012,PRJ_0012_U031,2024-07-05,15446.58,0.685,converted,
RES_0001965,LEAD_0000196,CUS_001049,PRJ_0006,PRJ_0006_U016,2023-04-17,35235.25,0.43,converted,
RES_0001966,LEAD_0009748,CUS_004522,PRJ_0012,PRJ_0012_U102,2025-10-14,12401.35,0.43,converted,
RES_0001967,LEAD_0003279,CUS_002165,PRJ_0004,PRJ_0004_U103,2024-04-22,17203.59,0.699,converted,
RES_0001968,LEAD_0004971,CUS_005512,PRJ_0004,PRJ_0004_U050,2021-04-11,19621.02,0.114,converted,
RES_0001969,LEAD_0002468,CUS_000700,PRJ_0008,PRJ_0008_U018,2024-01-24,16092.83,0.427,converted,
RES_0001970,LEAD_0000742,CUS_005969,PRJ_0006,PRJ_0006_U006,2021-07-30,19633.37,0.404,converted,
RES_0001971,LEAD_0005308,CUS_006064,PRJ_0004,PRJ_0004_U003,2023-06-18,17520.75,0.74,converted,
RES_0001972,LEAD_0001874,CUS_005274,PRJ_0019,PRJ_0019_U101,2024-03-27,12478.4,0.628,converted,
RES_0001973,LEAD_0004028,CUS_002135,PRJ_0004,PRJ_0004_U070,2023-07-05,23706.67,0.542,converted,
RES_0001974,LEAD_0004486,CUS_004456,PRJ_0007,PRJ_0007_U071,2025-12-04,14556.29,0.418,converted,
RES_0001975,LEAD_0001912,CUS_002576,PRJ_0011,PRJ_0011_U101,2024-10-26,12489.78,0.724,converted,
RES_0001976,LEAD_0006909,CUS_002067,PRJ_0004,PRJ_0004_U013,2025-09-21,11954.67,0.531,converted,
RES_0001977,LEAD_0005284,CUS_004929,PRJ_0014,PRJ_0014_U097,2022-09-26,8384.81,0.547,converted,
RES_0001978,LEAD_0006524,CUS_000223,PRJ_0011,PRJ_0011_U089,2022-11-16,10116.27,0.529,converted,
RES_0001979,LEAD_0001328,CUS_000281,PRJ_0019,PRJ_0019_U097,2023-08-17,18016.34,0.876,converted,
RES_0001980,LEAD_0007925,CUS_005512,PRJ_0014,PRJ_0014_U078,2021-05-20,27753.52,0.27,converted,
RES_0001981,LEAD_0010076,CUS_001556,PRJ_0014,PRJ_0014_U016,2022-08-31,6745.96,0.639,converted,
RES_0001982,LEAD_0003902,CUS_004824,PRJ_0016,PRJ_0016_U099,2023-05-13,21897.24,0.563,converted,
RES_0001983,LEAD_0003011,CUS_001639,PRJ_0027,PRJ_0027_U003,2025-10-12,18175.69,0.538,converted,
RES_0001984,LEAD_0005486,CUS_004355,PRJ_0024,PRJ_0024_U011,2023-09-19,32575.01,0.773,converted,
RES_0001985,LEAD_0005556,CUS_003248,PRJ_0014,PRJ_0014_U105,2024-11-23,17067.76,0.668,converted,
RES_0001986,LEAD_0005600,CUS_002843,PRJ_0008,PRJ_0008_U086,2024-12-20,19713.21,0.408,converted,
RES_0001987,LEAD_0003752,CUS_000185,PRJ_0014,PRJ_0014_U091,2022-11-14,8920.53,0.479,converted,
RES_0001988,LEAD_0005613,CUS_005984,PRJ_0004,PRJ_0004_U001,2025-02-21,30592.1,0.657,converted,
RES_0001989,LEAD_0002260,CUS_004913,PRJ_0006,PRJ_0006_U037,2024-02-18,22165.63,0.562,converted,
RES_0001990,LEAD_0007973,CUS_004085,PRJ_0006,PRJ_0006_U069,2023-02-05,8126.59,0.502,converted,
RES_0001991,LEAD_0004139,CUS_005553,PRJ_0011,PRJ_0011_U072,2021-12-29,14014.04,0.4,converted,
RES_0001992,LEAD_0000860,CUS_005399,PRJ_0007,PRJ_0007_U053,2023-08-08,25461.43,0.683,converted,
RES_0001993,LEAD_0000370,CUS_001199,PRJ_0027,PRJ_0027_U049,2024-11-08,6317.11,0.73,converted,
RES_0001994,LEAD_0008840,CUS_003882,PRJ_0016,PRJ_0016_U003,2022-12-17,7547.69,0.723,converted,
RES_0001995,LEAD_0009803,CUS_001783,PRJ_0017,PRJ_0017_U037,2025-09-19,15371.52,0.433,converted,
RES_0001996,LEAD_0004121,CUS_005516,PRJ_0024,PRJ_0024_U100,2023-09-28,9865.07,0.793,converted,
RES_0001997,LEAD_0001814,CUS_005577,PRJ_0007,PRJ_0007_U018,2022-04-11,20492.63,0.911,converted,
RES_0001998,LEAD_0001272,CUS_004257,PRJ_0006,PRJ_0006_U076,2022-09-11,47294.36,0.411,converted,
RES_0001999,LEAD_0009982,CUS_000014,PRJ_0006,PRJ_0006_U038,2024-09-08,19877.39,0.721,converted,
RES_0002000,LEAD_0007149,CUS_000955,PRJ_0017,PRJ_0017_U077,2021-04-17,13483.87,0.682,converted,
RES_0002001,LEAD_0008501,CUS_005391,PRJ_0008,PRJ_0008_U076,2021-01-15,8379.18,0.346,converted,
RES_0002002,LEAD_0008736,CUS_000542,PRJ_0011,PRJ_0011_U092,2025-05-23,30916.82,0.559,converted,
RES_0002003,LEAD_0005254,CUS_000577,PRJ_0014,PRJ_0014_U096,2024-09-29,10944.33,0.752,converted,
RES_0002004,LEAD_0004315,CUS_001199,PRJ_0014,PRJ_0014_U022,2024-10-12,11810.56,0.768,converted,
RES_0002005,LEAD_0009365,CUS_001728,PRJ_0014,PRJ_0014_U098,2021-04-18,18305.36,0.15,converted,
RES_0002006,LEAD_0007932,CUS_005433,PRJ_0006,PRJ_0006_U013,2024-02-13,15321.85,0.465,converted,
RES_0002007,LEAD_0008413,CUS_006097,PRJ_0006,PRJ_0006_U045,2025-11-08,9999.21,0.531,converted,
RES_0002008,LEAD_0000128,CUS_001604,PRJ_0012,PRJ_0012_U068,2023-03-02,25375.46,0.397,converted,
RES_0002009,LEAD_0002439,CUS_002789,PRJ_0017,PRJ_0017_U108,2025-04-06,14798.09,0.737,converted,
RES_0002010,LEAD_0001474,CUS_003444,PRJ_0011,PRJ_0011_U081,2023-02-04,23248.49,0.484,converted,
RES_0002011,LEAD_0002617,CUS_002874,PRJ_0007,PRJ_0007_U075,2024-07-19,16850.55,0.731,converted,
RES_0002012,LEAD_0001425,CUS_001518,PRJ_0006,PRJ_0006_U086,2022-09-21,15140.31,0.54,converted,
RES_0002013,LEAD_0001925,CUS_005794,PRJ_0012,PRJ_0012_U093,2025-08-17,18201.81,0.92,converted,
RES_0002014,LEAD_0004691,CUS_000197,PRJ_0007,PRJ_0007_U038,2023-12-24,31916.87,0.486,converted,
RES_0002015,LEAD_0008934,CUS_001436,PRJ_0016,PRJ_0016_U048,2021-12-08,16330.13,0.785,converted,
RES_0002016,LEAD_0008543,CUS_005884,PRJ_0008,PRJ_0008_U073,2023-11-23,36750.14,0.389,converted,
RES_0002017,LEAD_0004621,CUS_000681,PRJ_0008,PRJ_0008_U022,2022-09-01,23604.44,0.414,converted,
RES_0002018,LEAD_0001000,CUS_006461,PRJ_0027,PRJ_0027_U009,2022-02-05,15916.57,0.516,converted,
RES_0002019,LEAD_0000390,CUS_006241,PRJ_0019,PRJ_0019_U070,2025-09-25,10238.96,0.679,converted,
RES_0002020,LEAD_0009506,CUS_005268,PRJ_0027,PRJ_0027_U091,2024-04-04,29028.03,0.386,converted,
RES_0002021,LEAD_0008270,CUS_001229,PRJ_0027,PRJ_0027_U080,2025-02-21,10427.9,0.608,converted,
RES_0002022,LEAD_0009666,CUS_001577,PRJ_0014,PRJ_0014_U021,2025-06-08,11442.46,0.787,converted,
RES_0002023,LEAD_0004174,CUS_000777,PRJ_0008,PRJ_0008_U023,2021-11-16,19543.19,0.482,converted,
RES_0002024,LEAD_0009870,CUS_000543,PRJ_0017,PRJ_0017_U078,2022-03-05,7919.32,0.291,converted,
RES_0002025,LEAD_0008189,CUS_004776,PRJ_0014,PRJ_0014_U007,2021-01-30,18148.18,0.333,converted,
RES_0002026,LEAD_0007518,CUS_005085,PRJ_0024,PRJ_0024_U041,2025-10-17,27480.83,0.349,converted,
RES_0002027,LEAD_0001904,CUS_001731,PRJ_0007,PRJ_0007_U055,2024-05-30,20505.68,0.592,converted,
RES_0002028,LEAD_0001100,CUS_003477,PRJ_0006,PRJ_0006_U020,2022-11-13,24726.04,0.501,converted,
RES_0002029,LEAD_0003409,CUS_000822,PRJ_0016,PRJ_0016_U001,2022-07-29,23763.83,0.425,converted,
RES_0002030,LEAD_0001364,CUS_002418,PRJ_0011,PRJ_0011_U026,2024-12-05,29250.5,0.695,converted,
RES_0002031,LEAD_0003876,CUS_005884,PRJ_0016,PRJ_0016_U060,2022-05-24,18961.87,0.417,converted,
RES_0002032,LEAD_0007592,CUS_003443,PRJ_0019,PRJ_0019_U103,2021-07-01,26815.69,0.657,converted,
RES_0002033,LEAD_0006176,CUS_005860,PRJ_0006,PRJ_0006_U078,2022-08-24,17435.16,0.616,converted,
RES_0002034,LEAD_0006700,CUS_005723,PRJ_0014,PRJ_0014_U063,2022-12-29,8930.88,0.429,converted,
RES_0002035,LEAD_0009093,CUS_005938,PRJ_0006,PRJ_0006_U088,2024-11-27,39843.38,0.65,converted,
RES_0002036,LEAD_0007975,CUS_005411,PRJ_0024,PRJ_0024_U052,2025-12-22,31756.44,0.66,converted,
RES_0002037,LEAD_0007056,CUS_004245,PRJ_0027,PRJ_0027_U037,2021-12-23,17204.03,0.559,converted,
RES_0002038,LEAD_0007958,CUS_002164,PRJ_0008,PRJ_0008_U064,2025-11-28,33042.93,0.471,converted,
RES_0002039,LEAD_0006006,CUS_002543,PRJ_0011,PRJ_0011_U044,2023-05-21,24127.34,0.805,converted,
RES_0002040,LEAD_0000306,CUS_001156,PRJ_0027,PRJ_0027_U030,2024-07-24,23400.41,0.506,converted,
RES_0002041,LEAD_0004516,CUS_004900,PRJ_0012,PRJ_0012_U116,2022-02-26,18307.37,0.386,converted,
RES_0002042,LEAD_0001988,CUS_001362,PRJ_0017,PRJ_0017_U027,2025-05-15,14239.27,0.702,converted,
RES_0002043,LEAD_0007792,CUS_001487,PRJ_0027,PRJ_0027_U054,2021-10-03,36670.53,0.414,converted,
RES_0002044,LEAD_0009232,CUS_002145,PRJ_0019,PRJ_0019_U065,2021-09-28,11331.94,0.729,converted,
RES_0002045,LEAD_0007213,CUS_001457,PRJ_0014,PRJ_0014_U008,2024-02-28,10947.55,0.655,converted,
RES_0002046,LEAD_0009055,CUS_005664,PRJ_0011,PRJ_0011_U074,2024-10-23,23873.73,0.711,converted,
RES_0002047,LEAD_0004777,CUS_005100,PRJ_0019,PRJ_0019_U079,2022-11-12,27580.76,0.754,converted,
RES_0002048,LEAD_0009336,CUS_003213,PRJ_0016,PRJ_0016_U072,2024-02-05,29772.13,0.334,converted,
RES_0002049,LEAD_0004074,CUS_005358,PRJ_0019,PRJ_0019_U072,2025-08-03,21190.5,0.803,converted,
RES_0002050,LEAD_0006109,CUS_005890,PRJ_0014,PRJ_0014_U011,2024-09-18,12103.81,0.697,converted,
RES_0002051,LEAD_0007926,CUS_002515,PRJ_0016,PRJ_0016_U042,2024-07-16,11485.39,0.648,converted,
RES_0002052,LEAD_0006010,CUS_006074,PRJ_0006,PRJ_0006_U003,2025-09-06,14999.28,0.515,converted,
RES_0002053,LEAD_0002972,CUS_001446,PRJ_0011,PRJ_0011_U027,2025-07-27,16133.18,0.714,converted,
RES_0002054,LEAD_0009121,CUS_006077,PRJ_0006,PRJ_0006_U095,2022-06-03,20518.05,0.743,converted,
RES_0002055,LEAD_0001392,CUS_001799,PRJ_0016,PRJ_0016_U019,2025-01-05,28484.15,0.516,converted,
RES_0002056,LEAD_0000874,CUS_002687,PRJ_0008,PRJ_0008_U074,2024-08-29,15252.64,0.632,converted,
RES_0002057,LEAD_0009992,CUS_003295,PRJ_0017,PRJ_0017_U088,2023-12-12,20103.97,0.804,converted,
RES_0002058,LEAD_0006706,CUS_000609,PRJ_0012,PRJ_0012_U007,2023-03-02,9588.63,0.56,converted,
RES_0002059,LEAD_0005521,CUS_001735,PRJ_0004,PRJ_0004_U004,2025-11-04,21510.33,0.466,converted,
RES_0002060,LEAD_0005889,CUS_003232,PRJ_0024,PRJ_0024_U105,2023-08-22,26982.76,0.72,converted,
RES_0002061,LEAD_0002162,CUS_000092,PRJ_0024,PRJ_0024_U001,2023-04-30,28365.39,0.848,converted,
RES_0002062,LEAD_0009073,CUS_001741,PRJ_0004,PRJ_0004_U019,2021-05-09,21683.24,0.438,converted,
RES_0002063,LEAD_0004957,CUS_001772,PRJ_0019,PRJ_0019_U092,2021-11-18,30621.42,0.725,converted,
RES_0002064,LEAD_0007196,CUS_000714,PRJ_0012,PRJ_0012_U076,2022-10-19,20207.11,0.591,converted,
RES_0002065,LEAD_0003930,CUS_003808,PRJ_0024,PRJ_0024_U110,2023-04-04,36597.03,0.265,converted,
RES_0002066,LEAD_0009634,CUS_006082,PRJ_0019,PRJ_0019_U086,2023-11-01,10846.07,0.339,converted,
RES_0002067,LEAD_0002937,CUS_004768,PRJ_0011,PRJ_0011_U090,2025-11-07,17112.45,0.684,converted,
RES_0002068,LEAD_0004968,CUS_001783,PRJ_0027,PRJ_0027_U035,2025-05-14,17975.2,0.428,converted,
RES_0002069,LEAD_0002218,CUS_001946,PRJ_0017,PRJ_0017_U015,2025-10-06,14910.31,0.708,converted,
RES_0002070,LEAD_0003584,CUS_000579,PRJ_0008,PRJ_0008_U090,2025-08-02,9437.43,0.693,converted,
RES_0002071,LEAD_0010217,CUS_000666,PRJ_0019,PRJ_0019_U011,2023-05-21,20948.12,0.363,converted,
RES_0002072,LEAD_0007016,CUS_000182,PRJ_0024,PRJ_0024_U098,2025-11-15,12598.58,0.258,converted,
RES_0002073,LEAD_0010186,CUS_000971,PRJ_0027,PRJ_0027_U018,2022-04-19,21724.75,0.413,converted,
RES_0002074,LEAD_0003424,CUS_000307,PRJ_0014,PRJ_0014_U020,2021-11-11,12359.09,0.385,converted,
RES_0002075,LEAD_0005367,CUS_002315,PRJ_0006,PRJ_0006_U058,2022-11-23,15628.64,0.388,converted,
RES_0002076,LEAD_0005931,CUS_005721,PRJ_0012,PRJ_0012_U006,2024-12-14,28117.8,0.507,converted,
RES_0002077,LEAD_0000870,CUS_005929,PRJ_0014,PRJ_0014_U029,2021-07-09,10073.45,0.734,converted,
RES_0002078,LEAD_0008422,CUS_001359,PRJ_0016,PRJ_0016_U052,2025-10-30,13944.6,0.777,converted,
RES_0002079,LEAD_0010303,CUS_003211,PRJ_0011,PRJ_0011_U078,2025-01-03,26119.06,0.551,converted,
RES_0002080,LEAD_0007022,CUS_004925,PRJ_0011,PRJ_0011_U075,2021-02-03,21089.13,0.523,converted,
RES_0002081,LEAD_0007411,CUS_003791,PRJ_0011,PRJ_0011_U086,2025-02-17,15473.75,0.782,converted,
RES_0002082,LEAD_0006147,CUS_006398,PRJ_0004,PRJ_0004_U123,2024-08-31,12820.56,0.691,converted,
RES_0002083,LEAD_0005242,CUS_003843,PRJ_0006,PRJ_0006_U001,2023-09-09,14658.57,0.703,converted,
RES_0002084,LEAD_0002784,CUS_000486,PRJ_0006,PRJ_0006_U108,2025-06-13,35420.76,0.841,converted,
RES_0002085,LEAD_0006159,CUS_004611,PRJ_0019,PRJ_0019_U033,2024-11-06,42863.32,0.251,converted,
RES_0002086,LEAD_0002053,CUS_002174,PRJ_0017,PRJ_0017_U001,2023-06-21,12675.93,0.489,converted,
RES_0002087,LEAD_0004782,CUS_001037,PRJ_0012,PRJ_0012_U083,2022-07-13,18172.23,0.741,converted,
RES_0002088,LEAD_0008589,CUS_001565,PRJ_0019,PRJ_0019_U008,2023-01-10,15867.01,0.49,converted,
RES_0002089,LEAD_0005103,CUS_002043,PRJ_0019,PRJ_0019_U010,2022-04-17,20884.82,0.558,converted,
RES_0002090,LEAD_0000461,CUS_002805,PRJ_0006,PRJ_0006_U018,2024-02-18,21758.01,0.666,converted,
RES_0002091,LEAD_0006651,CUS_002447,PRJ_0006,PRJ_0006_U026,2025-08-14,14592.24,0.659,converted,
RES_0002092,LEAD_0009921,CUS_001097,PRJ_0004,PRJ_0004_U022,2021-09-20,15270.92,0.493,converted,
RES_0002093,LEAD_0004530,CUS_000661,PRJ_0027,PRJ_0027_U098,2023-04-27,7689.75,0.706,converted,
RES_0002094,LEAD_0003286,CUS_004234,PRJ_0019,PRJ_0019_U087,2025-08-16,20907.04,0.753,converted,
RES_0002095,LEAD_0003719,CUS_004969,PRJ_0011,PRJ_0011_U033,2026-01-03,24683.65,0.55,converted,
RES_0002096,LEAD_0006517,CUS_001309,PRJ_0017,PRJ_0017_U061,2021-07-10,17520.3,0.693,converted,
RES_0002097,LEAD_0000740,CUS_005750,PRJ_0008,PRJ_0008_U042,2022-04-10,22320.54,0.645,converted,
RES_0002098,LEAD_0002662,CUS_002535,PRJ_0024,PRJ_0024_U074,2025-07-12,17008.7,0.647,converted,
RES_0002099,LEAD_0002102,CUS_006148,PRJ_0019,PRJ_0019_U043,2023-05-29,17044.98,0.538,converted,
RES_0002100,LEAD_0005148,CUS_001329,PRJ_0004,PRJ_0004_U074,2025-07-19,14571.05,0.601,converted,
RES_0002101,LEAD_0001752,CUS_004982,PRJ_0024,PRJ_0024_U006,2025-02-15,8965.68,0.694,converted,
RES_0002102,LEAD_0010392,CUS_005237,PRJ_0024,PRJ_0024_U068,2024-01-05,18608.23,0.82,converted,
RES_0002103,LEAD_0002079,CUS_002305,PRJ_0017,PRJ_0017_U094,2024-01-30,17507.5,0.506,converted,
RES_0002104,LEAD_0008356,CUS_002809,PRJ_0017,PRJ_0017_U020,2023-08-05,10531.28,0.443,converted,
RES_0002105,LEAD_0005575,CUS_005799,PRJ_0008,PRJ_0008_U051,2024-04-08,15738.05,0.92,converted,
RES_0002106,LEAD_0005356,CUS_001117,PRJ_0027,PRJ_0027_U079,2024-06-22,11790.56,0.757,converted,
RES_0002107,LEAD_0006094,CUS_005107,PRJ_0016,PRJ_0016_U010,2023-10-10,20092.28,0.49,converted,
RES_0002108,LEAD_0001379,CUS_002490,PRJ_0024,PRJ_0024_U048,2022-02-26,16145.51,0.737,converted,
RES_0002109,LEAD_0005673,CUS_005961,PRJ_0024,PRJ_0024_U062,2023-06-23,19019.75,0.681,converted,
RES_0002110,LEAD_0005622,CUS_005570,PRJ_0027,PRJ_0027_U057,2025-05-05,16900.94,0.822,converted,
RES_0002111,LEAD_0005772,CUS_005719,PRJ_0019,PRJ_0019_U035,2022-08-19,26013.33,0.753,converted,
RES_0002112,LEAD_0001630,CUS_001564,PRJ_0012,PRJ_0012_U074,2021-08-06,13983.9,0.443,converted,
RES_0002113,LEAD_0004889,CUS_005399,PRJ_0014,PRJ_0014_U003,2022-10-09,14785.88,0.537,converted,
RES_0002114,LEAD_0000235,CUS_005680,PRJ_0017,PRJ_0017_U059,2021-12-22,12048.3,0.846,converted,
RES_0002115,LEAD_0006092,CUS_006223,PRJ_0017,PRJ_0017_U042,2024-02-15,6938.86,0.231,converted,
RES_0002116,LEAD_0002189,CUS_005942,PRJ_0014,PRJ_0014_U077,2023-04-28,24846.49,0.666,converted,
RES_0002117,LEAD_0000819,CUS_003501,PRJ_0016,PRJ_0016_U007,2025-10-24,25369.55,0.89,converted,
RES_0002118,LEAD_0006756,CUS_004588,PRJ_0016,PRJ_0016_U067,2021-07-09,14759.57,0.558,converted,
RES_0002119,LEAD_0008114,CUS_004577,PRJ_0011,PRJ_0011_U036,2023-07-03,12983.65,0.586,converted,
RES_0002120,LEAD_0009393,CUS_004659,PRJ_0004,PRJ_0004_U112,2021-11-20,11735.31,0.627,converted,
RES_0002121,LEAD_0004946,CUS_002837,PRJ_0014,PRJ_0014_U073,2022-07-21,15967.35,0.692,converted,
RES_0002122,LEAD_0005591,CUS_002639,PRJ_0014,PRJ_0014_U051,2022-10-22,20297.89,0.684,converted,
RES_0002123,LEAD_0001229,CUS_003378,PRJ_0027,PRJ_0027_U034,2022-01-14,24314.85,0.594,converted,
RES_0002124,LEAD_0000160,CUS_001616,PRJ_0016,PRJ_0016_U020,2025-11-08,23111.81,0.616,converted,
RES_0002125,LEAD_0009702,CUS_000888,PRJ_0024,PRJ_0024_U113,2022-12-23,12690.07,0.218,converted,
RES_0002126,LEAD_0008361,CUS_006424,PRJ_0014,PRJ_0014_U017,2024-12-26,10367.51,0.664,converted,
RES_0002127,LEAD_0009250,CUS_000623,PRJ_0014,PRJ_0014_U038,2022-06-30,11128.24,0.544,cancelled,2022-09-07
RES_0002128,LEAD_0002829,CUS_000632,PRJ_0024,PRJ_0024_U021,2024-09-28,19563.57,0.76,converted,
RES_0002129,LEAD_0000437,CUS_005585,PRJ_0014,PRJ_0014_U067,2025-06-16,14087.1,0.632,converted,
RES_0002130,LEAD_0005790,CUS_002026,PRJ_0011,PRJ_0011_U014,2022-07-01,38086.94,0.763,converted,
RES_0002131,LEAD_0009344,CUS_000480,PRJ_0004,PRJ_0004_U036,2022-09-22,17951.3,0.387,converted,
RES_0002132,LEAD_0005687,CUS_005104,PRJ_0017,PRJ_0017_U052,2024-06-14,30914.06,0.358,converted,
RES_0002133,LEAD_0002343,CUS_001998,PRJ_0014,PRJ_0014_U070,2023-02-03,19691.0,0.447,converted,
RES_0002134,LEAD_0006466,CUS_002267,PRJ_0019,PRJ_0019_U099,2023-04-01,14634.03,0.723,converted,
RES_0002135,LEAD_0002423,CUS_003831,PRJ_0027,PRJ_0027_U055,2022-01-17,15849.58,0.43,converted,
RES_0002136,LEAD_0003607,CUS_001873,PRJ_0017,PRJ_0017_U065,2023-08-25,21969.91,0.596,converted,
RES_0002137,LEAD_0002242,CUS_000852,PRJ_0016,PRJ_0016_U071,2025-03-07,13368.16,0.582,converted,
RES_0002138,LEAD_0008325,CUS_005353,PRJ_0004,PRJ_0004_U127,2024-03-23,8565.54,0.354,converted,
RES_0002139,LEAD_0002236,CUS_004301,PRJ_0019,PRJ_0019_U036,2022-12-12,19579.24,0.678,converted,
RES_0002140,LEAD_0004744,CUS_000328,PRJ_0016,PRJ_0016_U027,2021-08-22,11254.42,0.629,converted,
RES_0002141,LEAD_0001310,CUS_006465,PRJ_0027,PRJ_0027_U050,2023-11-19,19722.14,0.713,converted,
RES_0002142,LEAD_0006338,CUS_001651,PRJ_0016,PRJ_0016_U097,2023-09-29,11170.54,0.762,converted,
RES_0002143,LEAD_0001228,CUS_001944,PRJ_0027,PRJ_0027_U026,2024-08-05,27204.6,0.788,converted,
RES_0002144,LEAD_0002000,CUS_003684,PRJ_0008,PRJ_0008_U013,2025-06-05,28606.36,0.466,converted,
RES_0002145,LEAD_0000277,CUS_004793,PRJ_0014,PRJ_0014_U081,2021-12-15,32353.94,0.391,converted,
RES_0002146,LEAD_0002954,CUS_002296,PRJ_0008,PRJ_0008_U030,2021-10-15,15582.1,0.595,converted,
RES_0002147,LEAD_0004779,CUS_004176,PRJ_0016,PRJ_0016_U022,2025-08-13,14976.84,0.477,converted,
RES_0002148,LEAD_0010087,CUS_001246,PRJ_0024,PRJ_0024_U092,2025-09-18,18706.92,0.402,converted,
RES_0002149,LEAD_0007654,CUS_003568,PRJ_0024,PRJ_0024_U116,2023-03-07,27286.36,0.353,converted,
RES_0002150,LEAD_0002768,CUS_005828,PRJ_0008,PRJ_0008_U052,2025-08-30,16921.01,0.697,converted,
RES_0002151,LEAD_0008261,CUS_001509,PRJ_0016,PRJ_0016_U062,2024-05-16,13619.99,0.583,converted,
RES_0002152,LEAD_0004936,CUS_004360,PRJ_0004,PRJ_0004_U093,2025-02-20,14170.96,0.454,converted,
RES_0002153,LEAD_0003823,CUS_000094,PRJ_0004,PRJ_0004_U119,2022-11-17,10511.04,0.843,converted,
RES_0002154,LEAD_0003803,CUS_002809,PRJ_0004,PRJ_0004_U053,2021-11-28,18053.2,0.353,converted,
RES_0002155,LEAD_0006069,CUS_002723,PRJ_0016,PRJ_0016_U061,2022-12-19,31941.01,0.562,converted,
RES_0002156,LEAD_0009737,CUS_004894,PRJ_0006,PRJ_0006_U010,2024-12-25,6608.23,0.407,converted,
RES_0002157,LEAD_0004678,CUS_005997,PRJ_0014,PRJ_0014_U002,2023-05-02,19014.34,0.551,converted,
RES_0002158,LEAD_0008459,CUS_004740,PRJ_0027,PRJ_0027_U093,2023-07-25,19766.31,0.51,converted,
RES_0002159,LEAD_0001440,CUS_005571,PRJ_0012,PRJ_0012_U011,2022-10-29,17304.9,0.755,converted,
RES_0002160,LEAD_0002391,CUS_002511,PRJ_0017,PRJ_0017_U062,2021-07-24,21361.2,0.719,converted,
RES_0002161,LEAD_0003237,CUS_002781,PRJ_0027,PRJ_0027_U005,2025-02-21,12807.04,0.405,converted,
RES_0002162,LEAD_0009858,CUS_001289,PRJ_0014,PRJ_0014_U072,2026-01-06,23015.15,0.38,converted,
RES_0002163,LEAD_0010328,CUS_000596,PRJ_0024,PRJ_0024_U118,2023-05-11,14352.93,0.398,converted,
RES_0002164,LEAD_0003159,CUS_003970,PRJ_0014,PRJ_0014_U064,2025-08-27,23295.86,0.603,converted,
RES_0002165,LEAD_0003635,CUS_001910,PRJ_0014,PRJ_0014_U042,2024-02-15,15036.64,0.645,converted,
RES_0002166,LEAD_0003651,CUS_000369,PRJ_0017,PRJ_0017_U066,2025-11-27,15742.79,0.726,converted,
RES_0002167,LEAD_0001400,CUS_004019,PRJ_0017,PRJ_0017_U097,2023-09-16,22431.04,0.681,converted,
RES_0002168,LEAD_0007823,CUS_002781,PRJ_0012,PRJ_0012_U049,2023-12-06,11368.5,0.369,converted,
RES_0002169,LEAD_0001830,CUS_006189,PRJ_0019,PRJ_0019_U082,2024-12-27,20486.19,0.562,converted,
RES_0002170,LEAD_0002929,CUS_001153,PRJ_0014,PRJ_0014_U027,2021-04-13,12769.26,0.318,converted,
RES_0002171,LEAD_0002607,CUS_002758,PRJ_0012,PRJ_0012_U092,2024-06-16,29516.41,0.568,converted,
RES_0002172,LEAD_0000007,CUS_005723,PRJ_0004,PRJ_0004_U032,2025-11-26,14272.24,0.356,converted,
RES_0002173,LEAD_0008105,CUS_003188,PRJ_0008,PRJ_0008_U083,2024-04-19,21196.45,0.43,converted,
RES_0002174,LEAD_0002022,CUS_006153,PRJ_0012,PRJ_0012_U088,2023-01-27,25249.46,0.585,converted,
RES_0002175,LEAD_0009694,CUS_000928,PRJ_0017,PRJ_0017_U109,2024-06-08,8946.66,0.477,converted,
RES_0002176,LEAD_0006402,CUS_002885,PRJ_0024,PRJ_0024_U079,2022-11-23,16686.51,0.387,converted,
RES_0002177,LEAD_0009640,CUS_006251,PRJ_0006,PRJ_0006_U041,2021-11-19,19727.52,0.911,converted,
RES_0002178,LEAD_0005055,CUS_003710,PRJ_0012,PRJ_0012_U040,2023-10-16,18737.35,0.597,converted,
RES_0002179,LEAD_0007771,CUS_002132,PRJ_0004,PRJ_0004_U026,2025-04-26,15434.21,0.436,converted,
RES_0002180,LEAD_0009322,CUS_005676,PRJ_0017,PRJ_0017_U002,2025-08-06,18864.45,0.67,converted,
RES_0002181,LEAD_0001775,CUS_001587,PRJ_0008,PRJ_0008_U098,2024-11-30,33667.98,0.653,converted,
RES_0002182,LEAD_0006629,CUS_001770,PRJ_0019,PRJ_0019_U014,2024-10-25,31370.29,0.502,converted,
RES_0002183,LEAD_0009047,CUS_003964,PRJ_0024,PRJ_0024_U040,2021-09-06,11681.33,0.297,converted,
RES_0002184,LEAD_0003322,CUS_005054,PRJ_0012,PRJ_0012_U009,2022-08-11,14069.36,0.459,converted,
RES_0002185,LEAD_0003404,CUS_000286,PRJ_0004,PRJ_0004_U006,2021-03-15,11408.07,0.706,converted,
RES_0002186,LEAD_0005003,CUS_005254,PRJ_0024,PRJ_0024_U106,2024-04-14,31477.57,0.814,converted,
RES_0002187,LEAD_0009881,CUS_003529,PRJ_0011,PRJ_0011_U097,2022-08-05,31096.65,0.348,converted,
RES_0002188,LEAD_0001160,CUS_000723,PRJ_0019,PRJ_0019_U022,2021-02-06,20150.35,0.263,converted,
RES_0002189,LEAD_0005944,CUS_006051,PRJ_0006,PRJ_0006_U053,2025-12-07,13615.89,0.441,converted,
RES_0002190,LEAD_0005481,CUS_002424,PRJ_0011,PRJ_0011_U005,2025-09-11,16120.35,0.678,converted,
RES_0002191,LEAD_0000194,CUS_005381,PRJ_0011,PRJ_0011_U035,2021-12-04,8516.95,0.652,converted,
RES_0002192,LEAD_0000579,CUS_001465,PRJ_0019,PRJ_0019_U057,2024-05-31,16969.11,0.753,converted,
RES_0002193,LEAD_0006220,CUS_006288,PRJ_0006,PRJ_0006_U083,2025-08-18,28259.74,0.571,converted,
RES_0002194,LEAD_0006582,CUS_005123,PRJ_0004,PRJ_0004_U033,2021-02-24,5747.75,0.411,converted,
RES_0002195,LEAD_0008871,CUS_004297,PRJ_0004,PRJ_0004_U094,2024-07-21,16333.48,0.565,converted,
RES_0002196,LEAD_0005323,CUS_003998,PRJ_0011,PRJ_0011_U029,2023-08-09,11884.45,0.467,converted,
RES_0002197,LEAD_0005949,CUS_005744,PRJ_0019,PRJ_0019_U055,2025-12-16,27348.22,0.533,converted,
RES_0002198,LEAD_0003809,CUS_005290,PRJ_0006,PRJ_0006_U084,2021-07-25,34220.95,0.578,converted,
RES_0002199,LEAD_0003939,CUS_000082,PRJ_0006,PRJ_0006_U121,2024-06-06,16136.65,0.605,converted,
RES_0002200,LEAD_0004220,CUS_003440,PRJ_0012,PRJ_0012_U034,2025-05-26,31053.01,0.656,converted,
RES_0002201,LEAD_0006417,CUS_004217,PRJ_0019,PRJ_0019_U041,2023-04-10,14077.97,0.645,converted,
RES_0002202,LEAD_0007097,CUS_005099,PRJ_0004,PRJ_0004_U105,2025-10-31,14282.32,0.667,converted,
RES_0002203,LEAD_0008215,CUS_005775,PRJ_0004,PRJ_0004_U067,2021-11-07,15566.83,0.65,converted,
RES_0002204,LEAD_0009931,CUS_002750,PRJ_0019,PRJ_0019_U016,2022-04-04,22487.74,0.745,converted,
RES_0002205,LEAD_0009898,CUS_003364,PRJ_0004,PRJ_0004_U010,2022-09-23,9938.47,0.49,converted,
RES_0002206,LEAD_0010147,CUS_002837,PRJ_0024,PRJ_0024_U037,2025-12-09,23625.43,0.65,converted,
RES_0002207,LEAD_0009808,CUS_004785,PRJ_0011,PRJ_0011_U043,2024-09-23,32567.87,0.459,converted,
RES_0002208,LEAD_0000924,CUS_000466,PRJ_0024,PRJ_0024_U071,2021-03-24,22784.9,0.318,converted,
RES_0002209,LEAD_0007184,CUS_005001,PRJ_0006,PRJ_0006_U102,2022-04-15,20218.19,0.593,converted,
RES_0002210,LEAD_0002308,CUS_005247,PRJ_0019,PRJ_0019_U018,2023-10-15,17983.84,0.361,converted,
RES_0002211,LEAD_0002268,CUS_004991,PRJ_0012,PRJ_0012_U014,2022-05-20,19200.33,0.35,converted,
RES_0002212,LEAD_0000259,CUS_004984,PRJ_0006,PRJ_0006_U071,2021-12-20,9209.86,0.591,converted,
RES_0002213,LEAD_0005001,CUS_000165,PRJ_0011,PRJ_0011_U079,2025-10-16,15385.48,0.585,converted,
RES_0002214,LEAD_0009532,CUS_003527,PRJ_0012,PRJ_0012_U107,2025-12-28,25449.61,0.368,converted,
RES_0002215,LEAD_0004875,CUS_005603,PRJ_0011,PRJ_0011_U071,2022-02-16,18791.48,0.692,converted,
RES_0002216,LEAD_0002275,CUS_001880,PRJ_0004,PRJ_0004_U122,2024-09-13,16057.7,0.693,converted,
RES_0002217,LEAD_0009384,CUS_006338,PRJ_0024,PRJ_0024_U081,2025-02-16,24232.2,0.447,converted,
RES_0002218,LEAD_0004625,CUS_002829,PRJ_0012,PRJ_0012_U100,2021-07-15,15268.17,0.701,cancelled,2021-09-15
RES_0002219,LEAD_0004949,CUS_002407,PRJ_0019,PRJ_0019_U005,2021-02-04,19836.51,0.442,converted,
RES_0002220,LEAD_0000371,CUS_000478,PRJ_0004,PRJ_0004_U079,2024-04-23,7219.71,0.3,converted,
RES_0002221,LEAD_0005592,CUS_003218,PRJ_0011,PRJ_0011_U024,2025-06-10,22311.17,0.713,converted,
RES_0002222,LEAD_0009676,CUS_002264,PRJ_0011,PRJ_0011_U094,2022-11-26,30128.2,0.312,converted,
RES_0002223,LEAD_0005348,CUS_005324,PRJ_0012,PRJ_0012_U112,2024-11-17,16389.05,0.706,converted,
RES_0002224,LEAD_0000906,CUS_001215,PRJ_0004,PRJ_0004_U008,2022-01-01,18426.54,0.488,converted,
RES_0002225,LEAD_0007711,CUS_005148,PRJ_0004,PRJ_0004_U083,2021-02-19,17002.98,0.591,converted,
RES_0002226,LEAD_0009994,CUS_002750,PRJ_0004,PRJ_0004_U113,2022-03-17,25965.33,0.696,converted,
RES_0002227,LEAD_0007750,CUS_005312,PRJ_0012,PRJ_0012_U010,2021-10-08,14681.33,0.294,converted,
RES_0002228,LEAD_0003960,CUS_005685,PRJ_0006,PRJ_0006_U113,2021-10-05,33824.61,0.544,converted,
RES_0002229,LEAD_0004967,CUS_006345,PRJ_0019,PRJ_0019_U049,2022-06-17,27395.88,0.74,converted,
RES_0002230,LEAD_0007379,CUS_001015,PRJ_0019,PRJ_0019_U096,2022-09-23,12441.37,0.579,converted,
RES_0002231,LEAD_0007605,CUS_004139,PRJ_0019,PRJ_0019_U061,2025-08-04,18502.65,0.665,converted,
RES_0002232,LEAD_0008757,CUS_005242,PRJ_0004,PRJ_0004_U059,2023-06-01,16880.9,0.661,converted,
RES_0002233,LEAD_0008980,CUS_003657,PRJ_0012,PRJ_0012_U019,2021-04-10,12775.5,0.503,converted,
RES_0002234,LEAD_0005996,CUS_000044,PRJ_0012,PRJ_0012_U035,2025-10-08,13721.63,0.402,converted,
RES_0002235,LEAD_0008371,CUS_000135,PRJ_0006,PRJ_0006_U032,2025-09-26,35651.25,0.775,converted,
RES_0002236,LEAD_0003728,CUS_003326,PRJ_0019,PRJ_0019_U067,2024-01-16,12173.24,0.544,converted,
RES_0002237,LEAD_0001377,CUS_006090,PRJ_0011,PRJ_0011_U042,2021-02-17,32043.57,0.719,converted,
RES_0002238,LEAD_0004184,CUS_004228,PRJ_0006,PRJ_0006_U061,2025-05-09,21501.03,0.709,converted,
RES_0002239,LEAD_0005511,CUS_002585,PRJ_0006,PRJ_0006_U042,2025-03-31,27230.13,0.26,converted,
RES_0002240,LEAD_0010347,CUS_003375,PRJ_0012,PRJ_0012_U090,2023-08-16,43137.73,0.438,converted,
RES_0002241,LEAD_0009831,CUS_003511,PRJ_0004,PRJ_0004_U025,2023-06-22,7148.86,0.514,converted,
RES_0002242,LEAD_0002673,CUS_004634,PRJ_0011,PRJ_0011_U032,2023-03-18,19067.96,0.26,converted,
RES_0002243,LEAD_0006165,CUS_000236,PRJ_0004,PRJ_0004_U082,2024-10-22,20648.61,0.33,converted,
RES_0002244,LEAD_0008993,CUS_001794,PRJ_0012,PRJ_0012_U077,2021-07-24,7070.42,0.542,converted,
RES_0002245,LEAD_0009632,CUS_000647,PRJ_0004,PRJ_0004_U121,2022-09-18,13217.39,0.412,converted,
RES_0002246,LEAD_0001550,CUS_002386,PRJ_0019,PRJ_0019_U012,2023-03-09,7105.24,0.212,converted,
RES_0002247,LEAD_0000768,CUS_001209,PRJ_0024,PRJ_0024_U083,2023-03-27,48373.16,0.698,converted,
RES_0002248,LEAD_0009442,CUS_005056,PRJ_0006,PRJ_0006_U117,2021-06-28,23100.88,0.675,converted,
RES_0002249,LEAD_0005948,CUS_006160,PRJ_0024,PRJ_0024_U054,2024-04-17,28287.05,0.594,converted,
RES_0002250,LEAD_0000846,CUS_002339,PRJ_0019,PRJ_0019_U013,2024-09-27,9247.37,0.797,converted,
RES_0002251,LEAD_0006098,CUS_004426,PRJ_0004,PRJ_0004_U024,2022-11-19,16757.92,0.635,converted,
RES_0002252,LEAD_0007843,CUS_002860,PRJ_0006,PRJ_0006_U002,2021-11-08,11652.56,0.503,converted,
RES_0002253,LEAD_0001805,CUS_000895,PRJ_0019,PRJ_0019_U062,2025-07-30,16667.54,0.505,converted,
RES_0002254,LEAD_0000073,CUS_005428,PRJ_0019,PRJ_0019_U068,2023-08-20,12191.93,0.374,converted,
RES_0002255,LEAD_0009960,CUS_002434,PRJ_0006,PRJ_0006_U107,2021-03-13,20165.57,0.468,converted,
RES_0002256,LEAD_0006675,CUS_001880,PRJ_0012,PRJ_0012_U071,2021-09-10,15280.91,0.721,converted,
RES_0002257,LEAD_0008794,CUS_005369,PRJ_0019,PRJ_0019_U066,2022-12-13,20615.15,0.403,converted,
RES_0002258,LEAD_0009512,CUS_005365,PRJ_0024,PRJ_0024_U050,2023-11-27,18985.15,0.534,converted,
RES_0002259,LEAD_0005292,CUS_002102,PRJ_0024,PRJ_0024_U032,2023-03-23,16315.54,0.748,converted,
RES_0002260,LEAD_0008901,CUS_005169,PRJ_0006,PRJ_0006_U118,2021-04-18,22223.44,0.373,converted,
RES_0002261,LEAD_0001368,CUS_006375,PRJ_0024,PRJ_0024_U045,2021-11-03,13681.57,0.811,converted,
RES_0002262,LEAD_0010246,CUS_005669,PRJ_0024,PRJ_0024_U101,2024-01-16,33327.96,0.563,converted,
RES_0002263,LEAD_0005209,CUS_002906,PRJ_0024,PRJ_0024_U087,2025-03-07,16882.11,0.593,converted,
RES_0002264,LEAD_0006813,CUS_002199,PRJ_0004,PRJ_0004_U071,2021-07-09,11034.25,0.734,converted,
RES_0002265,LEAD_0003179,CUS_004143,PRJ_0024,PRJ_0024_U053,2021-01-18,19723.81,0.736,converted,
RES_0002266,LEAD_0003082,CUS_000961,PRJ_0012,PRJ_0012_U060,2022-04-01,19368.66,0.492,converted,
RES_0002267,LEAD_0005384,CUS_004264,PRJ_0024,PRJ_0024_U069,2021-06-20,12392.12,0.644,converted,
RES_0002268,LEAD_0003634,CUS_000181,PRJ_0019,PRJ_0019_U080,2022-12-18,11307.23,0.766,converted,
RES_0002269,LEAD_0005180,CUS_004414,PRJ_0012,PRJ_0012_U044,2025-05-21,17373.65,0.765,converted,
RES_0002270,LEAD_0003156,CUS_006483,PRJ_0004,PRJ_0004_U092,2021-09-11,6767.47,0.815,converted,
RES_0002271,LEAD_0007814,CUS_006401,PRJ_0004,PRJ_0004_U034,2025-09-15,24279.2,0.291,converted,
RES_0002272,LEAD_0005085,CUS_003194,PRJ_0004,PRJ_0004_U057,2023-01-13,9932.94,0.583,converted,
RES_0002273,LEAD_0004312,CUS_004543,PRJ_0024,PRJ_0024_U014,2022-11-18,22811.74,0.745,converted,
RES_0002274,LEAD_0001934,CUS_000705,PRJ_0004,PRJ_0004_U063,2021-09-21,14588.99,0.508,converted,
RES_0002275,LEAD_0008246,CUS_005934,PRJ_0012,PRJ_0012_U098,2023-04-02,21759.42,0.687,converted,
RES_0002276,LEAD_0005430,CUS_006402,PRJ_0012,PRJ_0012_U127,2024-04-10,15832.35,0.356,converted,
RES_0002277,LEAD_0009519,CUS_001007,PRJ_0012,PRJ_0012_U091,2023-10-18,32316.42,0.459,converted,
RES_0002278,LEAD_0002033,CUS_000908,PRJ_0019,PRJ_0019_U019,2021-09-17,14018.0,0.442,converted,
RES_0002279,LEAD_0003811,CUS_003531,PRJ_0019,PRJ_0019_U078,2025-05-14,29077.53,0.515,converted,
RES_0002280,LEAD_0007687,CUS_002676,PRJ_0019,PRJ_0019_U090,2024-04-23,20024.76,0.359,converted,
RES_0002281,LEAD_0008045,CUS_004489,PRJ_0004,PRJ_0004_U066,2024-09-07,24565.02,0.589,converted,
RES_0002282,LEAD_0007983,CUS_001891,PRJ_0012,PRJ_0012_U094,2022-01-24,21545.24,0.834,converted,
RES_0002283,LEAD_0003641,CUS_003608,PRJ_0019,PRJ_0019_U002,2024-02-14,21276.18,0.731,converted,
RES_0002284,LEAD_0004091,CUS_001522,PRJ_0012,PRJ_0012_U018,2021-11-10,12187.44,0.463,converted,
RES_0002285,LEAD_0007010,CUS_004301,PRJ_0024,PRJ_0024_U093,2023-03-02,8228.88,0.727,converted,
RES_0002286,LEAD_0002344,CUS_001516,PRJ_0024,PRJ_0024_U109,2025-05-28,23391.82,0.634,converted,
RES_0002287,LEAD_0002121,CUS_003120,PRJ_0024,PRJ_0024_U057,2023-11-10,10080.28,0.782,converted,
RES_0002288,LEAD_0004224,CUS_001996,PRJ_0012,PRJ_0012_U062,2025-05-01,18959.97,0.651,converted,
RES_0002289,LEAD_0006646,CUS_003641,PRJ_0024,PRJ_0024_U025,2022-09-19,33676.38,0.635,converted,
RES_0002290,LEAD_0004423,CUS_000940,PRJ_0004,PRJ_0004_U038,2024-01-24,9654.2,0.553,converted,
RES_0002291,LEAD_0007113,CUS_003682,PRJ_0012,PRJ_0012_U065,2023-02-01,10813.12,0.457,converted,
RES_0002292,LEAD_0002675,CUS_005515,PRJ_0012,PRJ_0012_U103,2022-10-20,20273.81,0.433,converted,
RES_0002293,LEAD_0002372,CUS_002821,PRJ_0012,PRJ_0012_U078,2023-07-26,15961.74,0.399,converted,
RES_0002294,LEAD_0009762,CUS_003660,PRJ_0012,PRJ_0012_U015,2025-08-27,25833.26,0.786,converted,
RES_0002295,LEAD_0003229,CUS_006467,PRJ_0024,PRJ_0024_U107,2022-07-05,12412.92,0.902,converted,
RES_0002296,LEAD_0000420,CUS_002297,PRJ_0012,PRJ_0012_U089,2021-03-27,21657.12,0.562,converted,
RES_0002297,LEAD_0002193,CUS_005393,PRJ_0012,PRJ_0012_U072,2025-11-19,13470.05,0.665,converted,
RES_0002298,LEAD_0003531,CUS_006116,PRJ_0012,PRJ_0012_U012,2023-01-02,15938.1,0.652,converted,
RES_0002299,LEAD_0001909,CUS_001625,PRJ_0004,PRJ_0004_U095,2023-06-04,10842.26,0.529,converted,
RES_0002300,LEAD_0002061,CUS_003868,PRJ_0024,PRJ_0024_U082,2024-07-08,16429.26,0.403,converted,
RES_0002301,LEAD_0004290,CUS_000147,PRJ_0024,PRJ_0024_U035,2023-01-31,26605.59,0.439,converted,
RES_0002302,LEAD_0005343,CUS_004635,PRJ_0004,PRJ_0004_U007,2023-08-16,6123.56,0.519,converted,
RES_0002303,LEAD_0006768,CUS_006076,PRJ_0019,PRJ_0019_U031,2025-01-15,11340.57,0.582,converted,
RES_0002304,LEAD_0009859,CUS_005372,PRJ_0004,PRJ_0004_U062,2024-04-05,15644.8,0.823,converted,
RES_0002305,LEAD_0008153,CUS_000524,PRJ_0004,PRJ_0004_U111,2022-12-24,22568.95,0.601,converted,
RES_0002306,LEAD_0007688,CUS_006305,PRJ_0004,PRJ_0004_U096,2023-01-26,15187.21,0.563,converted,
RES_0002307,LEAD_0003375,CUS_000283,PRJ_0024,PRJ_0024_U007,2024-08-13,21472.65,0.84,converted,
RES_0002308,LEAD_0004805,CUS_000107,PRJ_0024,PRJ_0024_U005,2022-03-22,23160.47,0.412,converted,
