transaction_id,reservation_id,customer_id,project_id,unit_id,transaction_date,list_price_eur,discount_pct,final_price_eur,estimated_cost_eur,estimated_margin_eur,expected_rent_eur_month,gross_yield_pct
TRX_0000001,RES_0000001,CUS_004809,PRJ_0024,PRJ_0024_U008,2024-04-12,196423.95,0.0226,191990.5,148819.83,43170.67,640.6,4.004
TRX_0000002,RES_0000002,CUS_006308,PRJ_0005,PRJ_0005_U053,2024-12-26,266902.32,0.0303,258822.63,197831.37,60991.27,1326.7,6.151
TRX_0000003,RES_0000003,CUS_005389,PRJ_0008,PRJ_0008_U063,2024-04-30,224903.91,0.0501,213639.27,185057.64,28581.63,849.68,4.773
TRX_0000004,RES_0000004,CUS_005346,PRJ_0025,PRJ_0025_U025,2026-03-28,460251.5,0.0359,443719.44,336911.27,106808.17,2241.96,6.063
TRX_0000005,RES_0000005,CUS_003746,PRJ_0015,PRJ_0015_U060,2024-08-31,304174.31,0.0314,294619.33,247470.77,47148.56,1258.81,5.127
TRX_0000006,RES_0000006,CUS_001503,PRJ_0014,PRJ_0014_U085,2026-01-30,218509.72,0.0306,211815.05,158671.7,53143.35,932.56,5.283
TRX_0000007,RES_0000007,CUS_001287,PRJ_0004,PRJ_0004_U060,2026-07-28,241512.38,0.0294,234411.61,210793.68,23617.94,770.87,3.946
TRX_0000008,RES_0000008,CUS_003114,PRJ_0017,PRJ_0017_U099,2026-05-02,381897.06,0.0287,370943.99,282278.09,88665.9,1696.03,5.487
TRX_0000009,RES_0000009,CUS_006322,PRJ_0001,PRJ_0001_U006,2026-01-16,510284.65,0.047,486282.24,407381.78,78900.46,2652.16,6.545
TRX_0000010,RES_0000010,CUS_004058,PRJ_0007,PRJ_0007_U076,2025-11-14,421277.41,0.0463,401752.62,332280.66,69471.96,1490.36,4.452
TRX_0000011,RES_0000011,CUS_005682,PRJ_0027,PRJ_0027_U094,2025-03-07,200244.5,0.0321,193812.23,144793.49,49018.73,990.07,6.13
TRX_0000012,RES_0000012,CUS_001927,PRJ_0015,PRJ_0015_U034,2025-03-14,228371.17,0.0322,221013.36,188410.02,32603.34,1191.5,6.469
TRX_0000013,RES_0000013,CUS_004203,PRJ_0026,PRJ_0026_U058,2025-05-28,230540.44,0.023,225237.39,158540.38,66697.02,897.82,4.783
TRX_0000014,RES_0000014,CUS_006340,PRJ_0018,PRJ_0018_U008,2026-01-01,356785.36,0.0236,348365.67,234011.48,114354.19,1490.81,5.135
TRX_0000015,RES_0000015,CUS_000110,PRJ_0008,PRJ_0008_U037,2022-11-21,330685.96,0.0202,324019.94,283506.72,40513.22,1377.21,5.1
TRX_0000016,RES_0000016,CUS_002915,PRJ_0017,PRJ_0017_U034,2026-05-31,230424.45,0.0158,226782.11,165535.94,61246.17,805.01,4.26
TRX_0000017,RES_0000017,CUS_000597,PRJ_0026,PRJ_0026_U047,2024-10-23,326822.07,0.0239,319008.18,245060.4,73947.78,1707.15,6.422
TRX_0000018,RES_0000018,CUS_005459,PRJ_0027,PRJ_0027_U029,2025-01-16,305578.71,0.0319,295845.27,224104.63,71740.64,1219.44,4.946
TRX_0000019,RES_0000019,CUS_002941,PRJ_0021,PRJ_0021_U003,2024-07-20,399817.3,0.0387,384353.33,273738.01,110615.32,1620.01,5.058
TRX_0000020,RES_0000020,CUS_005941,PRJ_0001,PRJ_0001_U027,2023-07-09,433407.2,0.0402,416002.1,334771.78,81230.32,1431.48,4.129
TRX_0000021,RES_0000021,CUS_005349,PRJ_0016,PRJ_0016_U029,2026-01-27,234497.61,0.0194,229953.78,173116.15,56837.63,749.59,3.912
TRX_0000022,RES_0000022,CUS_003775,PRJ_0002,PRJ_0002_U004,2025-03-16,580469.19,0.0274,564535.79,371188.11,193347.68,2351.33,4.998
TRX_0000023,RES_0000023,CUS_002302,PRJ_0028,PRJ_0028_U035,2025-11-26,346778.79,0.0376,333723.84,250993.75,82730.09,1821.72,6.551
TRX_0000024,RES_0000024,CUS_001855,PRJ_0013,PRJ_0013_U009,2025-03-26,262442.15,0.0383,252388.14,182062.61,70325.53,1117.33,5.312
TRX_0000025,RES_0000025,CUS_002019,PRJ_0014,PRJ_0014_U104,2026-03-08,281636.87,0.0354,271680.56,202341.67,69338.89,1350.86,5.967
TRX_0000026,RES_0000026,CUS_000483,PRJ_0003,PRJ_0003_U046,2025-07-19,340664.56,0.0374,327935.42,248185.27,79750.15,1437.74,5.261
TRX_0000027,RES_0000027,CUS_001349,PRJ_0023,PRJ_0023_U052,2024-06-24,430150.05,0.0263,418835.67,307568.36,111267.31,2033.75,5.827
TRX_0000028,RES_0000028,CUS_005861,PRJ_0021,PRJ_0021_U028,2025-10-27,282976.06,0.0261,275596.14,205144.06,70452.09,1063.25,4.63
TRX_0000029,RES_0000029,CUS_005583,PRJ_0018,PRJ_0018_U075,2026-01-01,694527.95,0.0344,670640.81,467078.1,203562.71,3374.48,6.038
TRX_0000030,RES_0000030,CUS_003388,PRJ_0001,PRJ_0001_U038,2025-05-01,936409.91,0.0467,892720.1,593571.35,299148.75,3996.64,5.372
TRX_0000031,RES_0000031,CUS_004731,PRJ_0024,PRJ_0024_U017,2022-09-09,419360.78,0.04,402598.76,377977.78,24620.98,1559.26,4.648
TRX_0000032,RES_0000032,CUS_000709,PRJ_0019,PRJ_0019_U091,2024-04-24,608845.63,0.031,589943.5,511151.91,78791.59,2945.58,5.992
TRX_0000033,RES_0000033,CUS_000540,PRJ_0015,PRJ_0015_U010,2024-09-29,227179.54,0.0438,217230.53,166805.84,50424.68,1109.81,6.131
TRX_0000034,RES_0000034,CUS_002543,PRJ_0002,PRJ_0002_U044,2025-05-12,202952.01,0.0308,196698.38,157515.77,39182.61,910.17,5.553
TRX_0000035,RES_0000035,CUS_005100,PRJ_0009,PRJ_0009_U071,2023-04-05,454757.51,0.0324,440019.6,348294.11,91725.49,1967.39,5.365
TRX_0000036,RES_0000036,CUS_005594,PRJ_0016,PRJ_0016_U075,2024-04-12,317540.13,0.0286,308455.98,225556.82,82899.15,1304.94,5.077
TRX_0000037,RES_0000037,CUS_000823,PRJ_0001,PRJ_0001_U012,2023-06-26,398129.11,0.0398,382275.09,292225.77,90049.32,2116.54,6.644
TRX_0000038,RES_0000038,CUS_004360,PRJ_0020,PRJ_0020_U008,2023-12-07,254518.67,0.0443,243237.63,183857.74,59379.9,989.02,4.879
TRX_0000039,RES_0000039,CUS_001892,PRJ_0007,PRJ_0007_U067,2025-01-07,448403.76,0.0208,439089.83,337572.61,101517.22,2319.78,6.34
TRX_0000040,RES_0000040,CUS_001479,PRJ_0016,PRJ_0016_U098,2024-08-14,301084.08,0.0427,288226.25,250947.21,37279.04,1258.85,5.241
TRX_0000041,RES_0000041,CUS_003888,PRJ_0012,PRJ_0012_U055,2025-05-29,324894.74,0.0482,309249.9,217523.44,91726.46,1718.06,6.667
TRX_0000042,RES_0000042,CUS_006343,PRJ_0005,PRJ_0005_U026,2026-01-27,205307.57,0.0425,196577.07,173441.78,23135.29,668.12,4.079
TRX_0000043,RES_0000043,CUS_004825,PRJ_0014,PRJ_0014_U102,2026-03-03,345695.51,0.0479,329151.77,257478.5,71673.27,1870.96,6.821
TRX_0000044,RES_0000044,CUS_003599,PRJ_0002,PRJ_0002_U034,2025-04-09,313042.2,0.0427,299676.83,230479.26,69197.57,1140.82,4.568
TRX_0000045,RES_0000045,CUS_006175,PRJ_0001,PRJ_0001_U042,2024-09-10,242435.43,0.0422,232213.28,188012.06,44201.22,1226.57,6.339
TRX_0000046,RES_0000046,CUS_006344,PRJ_0021,PRJ_0021_U037,2024-12-12,433438.73,0.0403,415972.89,324853.55,91119.34,2196.4,6.336
TRX_0000047,RES_0000047,CUS_005930,PRJ_0026,PRJ_0026_U017,2024-12-04,344517.53,0.0269,335236.39,253648.37,81588.02,1718.39,6.151
TRX_0000048,RES_0000048,CUS_000683,PRJ_0017,PRJ_0017_U033,2026-03-25,356376.4,0.0374,343039.5,309941.47,33098.02,1750.93,6.125
TRX_0000049,RES_0000049,CUS_001653,PRJ_0011,PRJ_0011_U070,2024-02-19,362069.64,0.0355,349231.84,275267.18,73964.66,1275.18,4.382
TRX_0000050,RES_0000050,CUS_003952,PRJ_0005,PRJ_0005_U066,2023-01-21,474794.8,0.027,461974.87,427048.78,34926.09,2503.73,6.504
TRX_0000051,RES_0000051,CUS_005408,PRJ_0028,PRJ_0028_U050,2025-12-17,319319.89,0.0361,307792.32,262332.38,45459.94,1571.05,6.125
TRX_0000052,RES_0000052,CUS_000982,PRJ_0026,PRJ_0026_U044,2024-09-06,467589.86,0.0239,456427.75,385511.28,70916.48,1492.11,3.923
TRX_0000053,RES_0000053,CUS_004384,PRJ_0012,PRJ_0012_U037,2025-03-23,319077.77,0.0376,307084.39,251311.78,55772.61,1110.57,4.34
TRX_0000054,RES_0000054,CUS_005307,PRJ_0024,PRJ_0024_U051,2024-04-03,335483.12,0.0208,328489.38,244055.4,84433.98,1557.0,5.688
TRX_0000055,RES_0000055,CUS_000951,PRJ_0023,PRJ_0023_U037,2025-03-31,376633.16,0.0473,358835.64,307743.13,51092.5,1885.35,6.305
TRX_0000056,RES_0000056,CUS_001752,PRJ_0010,PRJ_0010_U013,2024-09-06,466320.78,0.0249,454690.36,350585.32,104105.04,1538.1,4.059
TRX_0000057,RES_0000057,CUS_000987,PRJ_0019,PRJ_0019_U046,2024-04-12,300332.08,0.0321,290695.32,250860.91,39834.41,969.28,4.001
TRX_0000058,RES_0000058,CUS_001670,PRJ_0010,PRJ_0010_U043,2024-11-20,184623.59,0.033,178526.28,137965.99,40560.28,988.76,6.646
TRX_0000059,RES_0000059,CUS_002892,PRJ_0010,PRJ_0010_U059,2026-01-07,268435.77,0.0383,258159.6,196222.9,61936.7,1425.08,6.624
TRX_0000060,RES_0000060,CUS_002950,PRJ_0014,PRJ_0014_U058,2026-01-27,185782.87,0.0308,180053.71,159479.24,20574.47,681.42,4.541
TRX_0000061,RES_0000061,CUS_002507,PRJ_0028,PRJ_0028_U046,2025-12-04,366510.96,0.0428,350837.18,222614.57,128222.61,1313.89,4.494
TRX_0000062,RES_0000062,CUS_002468,PRJ_0008,PRJ_0008_U092,2024-03-21,240845.5,0.0233,235236.48,210709.5,24526.98,795.44,4.058
TRX_0000063,RES_0000063,CUS_003197,PRJ_0016,PRJ_0016_U096,2024-04-02,295918.86,0.0432,283129.24,202521.51,80607.73,1512.59,6.411
TRX_0000064,RES_0000064,CUS_005442,PRJ_0006,PRJ_0006_U011,2023-11-19,308750.89,0.0323,298777.16,225758.66,73018.5,1406.42,5.649
TRX_0000065,RES_0000065,CUS_003511,PRJ_0026,PRJ_0026_U070,2025-03-24,273077.73,0.0323,264251.13,177838.27,86412.86,1277.07,5.799
TRX_0000066,RES_0000066,CUS_003301,PRJ_0003,PRJ_0003_U005,2025-08-25,383814.44,0.0409,368098.19,294245.04,73853.15,1282.55,4.181
TRX_0000067,RES_0000067,CUS_004966,PRJ_0023,PRJ_0023_U068,2024-02-15,445565.08,0.0492,423634.5,338754.41,84880.08,1861.65,5.273
TRX_0000068,RES_0000068,CUS_005326,PRJ_0027,PRJ_0027_U031,2025-07-04,334395.79,0.0296,324512.09,272251.2,52260.89,1114.17,4.12
TRX_0000069,RES_0000069,CUS_002316,PRJ_0020,PRJ_0020_U014,2023-12-03,494406.43,0.0345,477372.33,322639.61,154732.72,2038.56,5.124
TRX_0000070,RES_0000070,CUS_002966,PRJ_0012,PRJ_0012_U121,2025-06-02,475485.58,0.0244,463894.71,399292.63,64602.08,1733.24,4.484
TRX_0000071,RES_0000071,CUS_001693,PRJ_0009,PRJ_0009_U047,2023-10-07,446180.86,0.0372,429576.13,344349.19,85226.94,1764.8,4.93
TRX_0000072,RES_0000072,CUS_001918,PRJ_0027,PRJ_0027_U010,2025-05-28,190716.09,0.0387,183333.15,156465.59,26867.56,861.43,5.638
TRX_0000073,RES_0000073,CUS_001827,PRJ_0026,PRJ_0026_U018,2024-10-07,428384.81,0.0476,408011.1,322550.77,85460.33,2087.53,6.14
TRX_0000074,RES_0000074,CUS_002374,PRJ_0015,PRJ_0015_U053,2024-11-05,223873.6,0.0315,216810.91,179350.17,37460.74,962.77,5.329
TRX_0000075,RES_0000075,CUS_005933,PRJ_0001,PRJ_0001_U001,2025-03-23,683325.19,0.036,658691.86,551330.45,107361.42,2837.87,5.17
TRX_0000076,RES_0000076,CUS_000836,PRJ_0017,PRJ_0017_U026,2026-04-23,371928.82,0.0238,363083.6,257666.03,105417.57,1995.66,6.596
TRX_0000077,RES_0000077,CUS_003159,PRJ_0014,PRJ_0014_U059,2026-02-24,212417.59,0.0456,202732.8,169114.57,33618.23,852.87,5.048
TRX_0000078,RES_0000078,CUS_001807,PRJ_0008,PRJ_0008_U100,2023-10-20,324170.43,0.0428,310289.74,241657.32,68632.41,1308.11,5.059
TRX_0000079,RES_0000079,CUS_004443,PRJ_0017,PRJ_0017_U092,2026-01-17,158515.93,0.0474,151005.99,136820.23,14185.76,550.0,4.371
TRX_0000080,RES_0000080,CUS_005102,PRJ_0010,PRJ_0010_U006,2024-11-16,754367.94,0.0648,705456.32,545027.84,160428.48,3971.95,6.756
TRX_0000081,RES_0000081,CUS_006189,PRJ_0006,PRJ_0006_U116,2024-03-29,476946.73,0.0465,454777.55,398998.67,55778.88,2374.83,6.266
TRX_0000082,RES_0000082,CUS_005440,PRJ_0022,PRJ_0022_U009,2023-08-02,621393.01,0.048,591578.62,480821.21,110757.42,2066.59,4.192
TRX_0000083,RES_0000083,CUS_000543,PRJ_0028,PRJ_0028_U017,2025-12-18,300740.33,0.0259,292946.76,199223.4,93723.36,1079.38,4.421
TRX_0000084,RES_0000084,CUS_003762,PRJ_0015,PRJ_0015_U052,2024-10-03,301159.81,0.0349,290657.87,206052.99,84604.88,1438.05,5.937
TRX_0000085,RES_0000085,CUS_003361,PRJ_0023,PRJ_0023_U038,2023-10-15,644588.06,0.0341,622590.47,539440.46,83150.01,2672.12,5.15
TRX_0000086,RES_0000086,CUS_001684,PRJ_0010,PRJ_0010_U052,2025-01-08,460250.43,0.0298,446521.43,367613.45,78907.97,1554.74,4.178
TRX_0000087,RES_0000087,CUS_001225,PRJ_0013,PRJ_0013_U013,2024-12-09,202470.2,0.0269,197031.09,151804.04,45227.05,754.95,4.598
TRX_0000088,RES_0000088,CUS_005297,PRJ_0006,PRJ_0006_U119,2024-11-01,396577.44,0.034,383087.08,387628.96,-4541.88,2103.13,6.588
TRX_0000089,RES_0000089,CUS_006494,PRJ_0008,PRJ_0008_U009,2022-10-12,264857.59,0.0385,254672.66,169236.38,85436.27,1268.75,5.978
TRX_0000090,RES_0000090,CUS_005687,PRJ_0004,PRJ_0004_U015,2026-09-17,460150.11,0.0449,439482.15,338269.38,101212.77,2478.71,6.768
TRX_0000091,RES_0000091,CUS_003337,PRJ_0027,PRJ_0027_U016,2025-02-11,354341.25,0.0218,346633.2,285139.29,61493.91,1732.86,5.999
TRX_0000092,RES_0000092,CUS_002009,PRJ_0011,PRJ_0011_U069,2024-12-10,205279.79,0.0298,199161.41,158973.14,40188.27,857.27,5.165
TRX_0000093,RES_0000093,CUS_003658,PRJ_0008,PRJ_0008_U026,2025-03-13,394294.06,0.0273,383514.81,309370.19,74144.62,1861.03,5.823
TRX_0000094,RES_0000094,CUS_003034,PRJ_0007,PRJ_0007_U021,2024-02-14,472101.06,0.0348,455693.1,357312.33,98380.77,1826.16,4.809
TRX_0000095,RES_0000095,CUS_001827,PRJ_0001,PRJ_0001_U016,2023-06-18,364846.48,0.0408,349968.61,271196.87,78771.74,1943.23,6.663
TRX_0000096,RES_0000096,CUS_003987,PRJ_0010,PRJ_0010_U002,2024-11-20,556306.18,0.0344,537165.23,432443.74,104721.48,2622.66,5.859
TRX_0000097,RES_0000097,CUS_000768,PRJ_0011,PRJ_0011_U054,2023-10-03,231019.43,0.0402,221740.89,198025.12,23715.77,1231.36,6.664
TRX_0000098,RES_0000098,CUS_003047,PRJ_0015,PRJ_0015_U057,2024-12-18,171273.37,0.0529,162221.24,125125.66,37095.57,701.85,5.192
TRX_0000099,RES_0000099,CUS_002444,PRJ_0005,PRJ_0005_U023,2023-11-01,153239.37,0.0185,150409.52,105983.49,44426.03,813.6,6.491
TRX_0000100,RES_0000100,CUS_002260,PRJ_0027,PRJ_0027_U075,2025-03-22,258674.48,0.0449,247060.84,196148.39,50912.45,895.46,4.349
TRX_0000101,RES_0000101,CUS_006134,PRJ_0018,PRJ_0018_U031,2026-05-29,419391.41,0.0441,400906.62,340701.87,60204.75,1511.24,4.523
TRX_0000102,RES_0000102,CUS_000924,PRJ_0013,PRJ_0013_U055,2024-11-28,317388.97,0.0289,308221.8,241533.27,66688.53,1468.54,5.717
TRX_0000103,RES_0000103,CUS_000964,PRJ_0024,PRJ_0024_U034,2023-04-18,355293.23,0.045,339288.17,261979.39,77308.78,1714.39,6.063
TRX_0000104,RES_0000104,CUS_005123,PRJ_0002,PRJ_0002_U010,2025-08-30,293948.95,0.0509,278992.38,214931.81,64060.57,1364.76,5.87
TRX_0000105,RES_0000105,CUS_000154,PRJ_0004,PRJ_0004_U090,2026-10-14,267236.69,0.022,261361.03,210445.88,50915.15,956.48,4.392
TRX_0000106,RES_0000106,CUS_006389,PRJ_0007,PRJ_0007_U006,2024-05-19,427767.62,0.0316,414241.24,330078.21,84163.03,1409.99,4.085
TRX_0000107,RES_0000107,CUS_002502,PRJ_0003,PRJ_0003_U063,2025-10-22,113238.6,0.0296,109885.17,85000.84,24884.33,550.0,6.006
TRX_0000108,RES_0000108,CUS_002238,PRJ_0002,PRJ_0002_U023,2025-07-19,250135.99,0.0166,245980.51,176039.68,69940.83,1218.65,5.945
TRX_0000109,RES_0000109,CUS_005679,PRJ_0020,PRJ_0020_U044,2023-10-27,410572.03,0.0243,400605.81,287295.45,113310.36,1697.41,5.085
TRX_0000110,RES_0000110,CUS_000100,PRJ_0028,PRJ_0028_U043,2025-07-20,385587.4,0.0374,371161.88,277482.88,93679.0,1895.94,6.13
TRX_0000111,RES_0000111,CUS_005104,PRJ_0024,PRJ_0024_U112,2022-05-20,281716.04,0.0296,273381.66,226437.61,46944.05,1408.92,6.184
TRX_0000112,RES_0000112,CUS_001735,PRJ_0009,PRJ_0009_U051,2025-07-28,658289.82,0.0485,626366.59,522397.75,103968.84,2177.46,4.172
TRX_0000113,RES_0000113,CUS_004609,PRJ_0021,PRJ_0021_U023,2024-12-16,279800.16,0.0285,271833.92,224318.75,47515.17,938.1,4.141
TRX_0000114,RES_0000114,CUS_004229,PRJ_0009,PRJ_0009_U023,2024-01-23,520550.29,0.0399,499771.84,363499.21,136272.63,2098.54,5.039
TRX_0000115,RES_0000115,CUS_006351,PRJ_0023,PRJ_0023_U057,2024-05-04,493454.45,0.0394,474034.13,360223.17,113810.95,1775.17,4.494
TRX_0000116,RES_0000116,CUS_000055,PRJ_0020,PRJ_0020_U020,2024-01-06,222136.67,0.047,211700.45,161315.92,50384.54,949.3,5.381
TRX_0000117,RES_0000117,CUS_004770,PRJ_0011,PRJ_0011_U001,2023-12-13,232558.5,0.035,224414.67,193659.51,30755.16,1114.18,5.958
TRX_0000118,RES_0000118,CUS_005292,PRJ_0007,PRJ_0007_U059,2025-04-01,478715.25,0.0226,467912.32,360457.59,107454.73,2320.24,5.95
TRX_0000119,RES_0000119,CUS_003719,PRJ_0021,PRJ_0021_U005,2024-07-22,161764.93,0.0318,156628.67,119882.18,36746.49,835.04,6.398
TRX_0000120,RES_0000120,CUS_001446,PRJ_0022,PRJ_0022_U025,2023-05-30,476262.13,0.0348,459666.95,426260.93,33406.01,1718.08,4.485
TRX_0000121,RES_0000121,CUS_000992,PRJ_0004,PRJ_0004_U011,2026-09-10,336776.84,0.0421,322586.27,270338.24,52248.03,1177.51,4.38
TRX_0000122,RES_0000122,CUS_000813,PRJ_0013,PRJ_0013_U002,2025-01-23,299646.85,0.0398,287710.26,200303.31,87406.95,1233.97,5.147
TRX_0000123,RES_0000123,CUS_000677,PRJ_0019,PRJ_0019_U053,2024-04-20,323263.93,0.0455,308541.14,283638.4,24902.74,1180.32,4.591
TRX_0000124,RES_0000124,CUS_001822,PRJ_0020,PRJ_0020_U061,2023-12-10,351687.34,0.0448,335932.21,284399.77,51532.44,1627.87,5.815
TRX_0000125,RES_0000125,CUS_003248,PRJ_0018,PRJ_0018_U027,2026-03-10,627710.35,0.0374,604218.87,439521.99,164696.89,3034.67,6.027
TRX_0000126,RES_0000126,CUS_003684,PRJ_0023,PRJ_0023_U006,2024-03-16,400953.87,0.0298,388986.25,287391.32,101594.93,1586.46,4.894
TRX_0000127,RES_0000127,CUS_004215,PRJ_0015,PRJ_0015_U028,2025-08-28,333396.25,0.0331,322365.13,227612.31,94752.82,1568.35,5.838
TRX_0000128,RES_0000128,CUS_002488,PRJ_0011,PRJ_0011_U007,2024-03-26,286438.05,0.0472,272927.32,235259.35,37667.97,937.85,4.124
TRX_0000129,RES_0000129,CUS_001464,PRJ_0021,PRJ_0021_U039,2024-07-20,380218.18,0.0318,368128.83,293129.8,74999.03,1646.23,5.366
TRX_0000130,RES_0000130,CUS_001300,PRJ_0013,PRJ_0013_U006,2025-07-01,264821.68,0.0267,257739.77,220127.83,37611.94,1366.28,6.361
TRX_0000131,RES_0000131,CUS_005633,PRJ_0013,PRJ_0013_U019,2025-01-31,437116.93,0.0265,425538.13,357409.56,68128.57,1556.72,4.39
TRX_0000132,RES_0000132,CUS_004311,PRJ_0007,PRJ_0007_U072,2024-09-20,703028.24,0.048,669276.1,455655.03,213621.07,2798.37,5.017
TRX_0000133,RES_0000133,CUS_002168,PRJ_0005,PRJ_0005_U064,2023-06-06,206781.73,0.0359,199354.44,141171.12,58183.32,984.97,5.929
TRX_0000134,RES_0000134,CUS_006053,PRJ_0015,PRJ_0015_U036,2024-10-04,193134.88,0.0339,186592.27,138117.94,48474.33,888.67,5.715
TRX_0000135,RES_0000135,CUS_005859,PRJ_0006,PRJ_0006_U031,2025-01-24,380425.04,0.044,363670.83,298533.08,65137.76,1692.27,5.584
TRX_0000136,RES_0000136,CUS_002299,PRJ_0015,PRJ_0015_U042,2024-09-30,349505.97,0.0281,339671.7,231385.33,108286.37,1292.2,4.565
TRX_0000137,RES_0000137,CUS_003543,PRJ_0018,PRJ_0018_U063,2026-05-17,631168.03,0.0483,600654.51,487131.69,113522.82,2212.26,4.42
TRX_0000138,RES_0000138,CUS_003510,PRJ_0023,PRJ_0023_U036,2025-01-04,404680.1,0.0433,387173.27,321881.58,65291.69,1827.63,5.665
TRX_0000139,RES_0000139,CUS_003197,PRJ_0014,PRJ_0014_U060,2026-06-08,237967.83,0.0462,226979.86,166233.1,60746.76,1024.93,5.419
TRX_0000140,RES_0000140,CUS_001796,PRJ_0001,PRJ_0001_U008,2023-05-10,255782.02,0.0232,249860.23,201822.92,48037.31,916.55,4.402
TRX_0000141,RES_0000141,CUS_005457,PRJ_0001,PRJ_0001_U011,2024-06-05,580402.02,0.0387,557929.59,473782.14,84147.45,2690.59,5.787
TRX_0000142,RES_0000142,CUS_002557,PRJ_0007,PRJ_0007_U068,2025-11-17,407518.54,0.0343,393542.72,339302.17,54240.55,1893.05,5.772
TRX_0000143,RES_0000143,CUS_004767,PRJ_0011,PRJ_0011_U085,2023-11-20,443476.99,0.0317,429414.48,365691.42,63723.07,1772.2,4.952
TRX_0000144,RES_0000144,CUS_001024,PRJ_0019,PRJ_0019_U089,2024-05-28,349040.35,0.0314,338083.08,251694.06,86389.02,1158.71,4.113
TRX_0000145,RES_0000145,CUS_000144,PRJ_0021,PRJ_0021_U024,2024-10-20,208591.41,0.0327,201760.7,150309.4,51451.29,864.08,5.139
TRX_0000146,RES_0000146,CUS_001742,PRJ_0015,PRJ_0015_U003,2025-01-22,241491.08,0.0213,236349.93,178847.77,57502.16,972.07,4.935
TRX_0000147,RES_0000147,CUS_004140,PRJ_0028,PRJ_0028_U021,2025-08-28,315399.19,0.038,303414.2,258008.11,45406.08,1320.75,5.224
TRX_0000148,RES_0000148,CUS_005232,PRJ_0003,PRJ_0003_U019,2025-07-31,317568.98,0.0197,311322.82,246092.73,65230.08,1501.19,5.786
TRX_0000149,RES_0000149,CUS_003611,PRJ_0019,PRJ_0019_U023,2024-03-28,321431.7,0.0544,303942.35,236194.98,67747.37,1521.39,6.007
TRX_0000150,RES_0000150,CUS_004297,PRJ_0012,PRJ_0012_U097,2025-06-03,457212.28,0.0292,443872.84,368133.96,75738.87,1774.85,4.798
TRX_0000151,RES_0000151,CUS_004346,PRJ_0009,PRJ_0009_U063,2024-10-31,408568.19,0.0342,394595.17,309780.09,84815.08,2119.53,6.446
TRX_0000152,RES_0000152,CUS_003452,PRJ_0025,PRJ_0025_U001,2026-04-11,196684.4,0.0363,189542.93,156956.36,32586.57,1022.38,6.473
TRX_0000153,RES_0000153,CUS_006259,PRJ_0018,PRJ_0018_U013,2026-05-10,404786.66,0.0312,392144.85,292722.98,99421.88,1565.52,4.791
TRX_0000154,RES_0000154,CUS_001427,PRJ_0023,PRJ_0023_U046,2024-03-16,439936.4,0.023,429805.59,332552.21,97253.37,2166.58,6.049
TRX_0000155,RES_0000155,CUS_002656,PRJ_0010,PRJ_0010_U034,2025-01-18,406718.37,0.035,392484.88,329202.15,63282.73,2001.67,6.12
TRX_0000156,RES_0000156,CUS_006133,PRJ_0015,PRJ_0015_U005,2024-10-26,414831.45,0.0245,404665.67,316899.15,87766.51,1860.25,5.516
TRX_0000157,RES_0000157,CUS_004462,PRJ_0020,PRJ_0020_U029,2024-10-29,526626.41,0.0395,505836.71,349127.85,156708.85,1857.19,4.406
TRX_0000158,RES_0000158,CUS_003260,PRJ_0023,PRJ_0023_U015,2025-04-09,513254.73,0.0406,492424.07,375469.56,116954.5,2470.58,6.021
TRX_0000159,RES_0000159,CUS_000650,PRJ_0009,PRJ_0009_U026,2025-07-18,421273.26,0.0214,412249.94,303792.97,108456.96,1595.77,4.645
TRX_0000160,RES_0000160,CUS_001549,PRJ_0013,PRJ_0013_U016,2025-03-15,199386.32,0.0455,190318.88,152811.07,37507.8,962.36,6.068
TRX_0000161,RES_0000161,CUS_005960,PRJ_0015,PRJ_0015_U040,2025-10-28,288358.66,0.0153,283932.67,198390.06,85542.61,1226.59,5.184
TRX_0000162,RES_0000163,CUS_002899,PRJ_0018,PRJ_0018_U054,2026-03-31,423004.53,0.0238,412941.85,278831.95,134109.9,1507.25,4.38
TRX_0000163,RES_0000164,CUS_003083,PRJ_0027,PRJ_0027_U013,2025-03-10,296913.11,0.0398,285082.71,241071.53,44011.18,1524.29,6.416
TRX_0000164,RES_0000165,CUS_000496,PRJ_0001,PRJ_0001_U059,2025-02-08,589476.17,0.0235,575612.35,459072.39,116539.96,2116.45,4.412
TRX_0000165,RES_0000166,CUS_002201,PRJ_0004,PRJ_0004_U037,2026-08-11,525193.0,0.0445,501813.34,417980.96,83832.39,1951.58,4.667
TRX_0000166,RES_0000167,CUS_003234,PRJ_0004,PRJ_0004_U020,2026-11-21,235902.66,0.0395,226581.71,219157.31,7424.41,970.0,5.137
TRX_0000167,RES_0000168,CUS_004260,PRJ_0010,PRJ_0010_U044,2025-08-20,425625.9,0.0283,413561.05,287660.44,125900.6,2083.6,6.046
TRX_0000168,RES_0000169,CUS_006009,PRJ_0023,PRJ_0023_U077,2023-12-23,599563.45,0.0186,588423.89,440529.5,147894.38,1959.02,3.995
TRX_0000169,RES_0000170,CUS_005820,PRJ_0018,PRJ_0018_U057,2025-12-20,471699.69,0.0422,451801.12,351704.19,100096.93,1839.88,4.887
TRX_0000170,RES_0000171,CUS_002083,PRJ_0001,PRJ_0001_U036,2023-08-01,686007.14,0.0479,653169.07,527848.62,125320.45,2174.26,3.995
TRX_0000171,RES_0000172,CUS_004357,PRJ_0020,PRJ_0020_U013,2025-01-12,262184.37,0.039,251970.94,218557.39,33413.55,1234.71,5.88
TRX_0000172,RES_0000173,CUS_001786,PRJ_0023,PRJ_0023_U075,2023-12-08,524887.14,0.0439,501851.14,387293.73,114557.41,2373.98,5.677
TRX_0000173,RES_0000174,CUS_003514,PRJ_0017,PRJ_0017_U064,2026-01-18,378876.32,0.0466,361222.7,282099.23,79123.46,1655.74,5.5
TRX_0000174,RES_0000175,CUS_001440,PRJ_0024,PRJ_0024_U066,2023-02-04,365871.6,0.0278,355699.45,264874.13,90825.32,1717.96,5.796
TRX_0000175,RES_0000176,CUS_005222,PRJ_0027,PRJ_0027_U074,2025-02-03,160466.56,0.0512,152258.16,127998.56,24259.6,550.0,4.335
TRX_0000176,RES_0000178,CUS_004434,PRJ_0024,PRJ_0024_U030,2024-07-09,323740.37,0.0358,312165.6,219955.14,92210.46,1593.61,6.126
TRX_0000177,RES_0000179,CUS_004768,PRJ_0009,PRJ_0009_U039,2025-09-27,503087.03,0.0406,482672.63,408642.02,74030.61,2544.33,6.326
TRX_0000178,RES_0000180,CUS_004939,PRJ_0028,PRJ_0028_U027,2025-08-12,354133.16,0.026,344925.82,248967.28,95958.53,1180.64,4.107
TRX_0000179,RES_0000182,CUS_006076,PRJ_0018,PRJ_0018_U070,2026-01-21,451734.72,0.0559,426491.25,362103.52,64387.73,2109.44,5.935
TRX_0000180,RES_0000183,CUS_005165,PRJ_0022,PRJ_0022_U011,2025-11-08,681712.23,0.0241,665281.88,425541.33,239740.55,3408.72,6.148
TRX_0000181,RES_0000184,CUS_003356,PRJ_0015,PRJ_0015_U035,2024-08-01,272903.84,0.0233,266533.99,200854.32,65679.66,865.8,3.898
TRX_0000182,RES_0000185,CUS_001448,PRJ_0006,PRJ_0006_U081,2025-06-16,188570.79,0.0246,183939.87,151194.85,32745.02,809.54,5.281
TRX_0000183,RES_0000186,CUS_001759,PRJ_0028,PRJ_0028_U053,2025-07-24,314514.88,0.0396,302060.85,223659.12,78401.73,1239.77,4.925
TRX_0000184,RES_0000187,CUS_005708,PRJ_0007,PRJ_0007_U029,2023-11-29,402152.77,0.0497,382180.76,308705.3,73475.46,1548.25,4.861
TRX_0000185,RES_0000188,CUS_006350,PRJ_0010,PRJ_0010_U038,2024-10-03,669377.29,0.0476,637513.53,473913.94,163599.58,3479.85,6.55
TRX_0000186,RES_0000189,CUS_004587,PRJ_0002,PRJ_0002_U042,2025-03-14,260299.73,0.0428,249160.58,211674.65,37485.93,859.12,4.138
TRX_0000187,RES_0000190,CUS_003460,PRJ_0003,PRJ_0003_U017,2025-07-29,186559.49,0.039,179283.45,156704.64,22578.81,852.51,5.706
TRX_0000188,RES_0000191,CUS_000129,PRJ_0027,PRJ_0027_U101,2025-05-14,281541.31,0.0338,272037.09,218831.16,53205.92,1182.32,5.215
TRX_0000189,RES_0000192,CUS_002296,PRJ_0022,PRJ_0022_U029,2025-04-06,549774.1,0.0444,525358.08,456493.68,68864.4,2667.06,6.092
TRX_0000190,RES_0000193,CUS_004359,PRJ_0027,PRJ_0027_U092,2025-06-29,462156.78,0.0175,454061.86,347731.93,106329.92,1959.62,5.179
TRX_0000191,RES_0000194,CUS_004913,PRJ_0024,PRJ_0024_U065,2023-03-23,468387.34,0.0345,452238.38,383851.86,68386.52,1754.92,4.657
TRX_0000192,RES_0000195,CUS_003861,PRJ_0027,PRJ_0027_U045,2025-03-13,266372.61,0.0242,259934.3,187002.48,72931.83,1082.0,4.995
TRX_0000193,RES_0000196,CUS_001081,PRJ_0014,PRJ_0014_U084,2026-03-19,341191.48,0.0325,330105.23,278787.56,51317.67,1646.2,5.984
TRX_0000194,RES_0000197,CUS_002175,PRJ_0024,PRJ_0024_U064,2025-10-10,320586.28,0.0345,309528.42,268917.34,40611.07,1389.0,5.385
TRX_0000195,RES_0000198,CUS_006411,PRJ_0020,PRJ_0020_U007,2025-03-07,441309.19,0.0403,423543.45,328341.15,95202.29,2151.37,6.095
TRX_0000196,RES_0000199,CUS_000854,PRJ_0021,PRJ_0021_U018,2025-10-05,223552.48,0.0324,216313.05,168412.11,47900.95,1184.2,6.569
TRX_0000197,RES_0000200,CUS_000062,PRJ_0019,PRJ_0019_U032,2024-10-07,180511.04,0.0295,175184.4,139420.63,35763.77,654.52,4.483
TRX_0000198,RES_0000201,CUS_003002,PRJ_0008,PRJ_0008_U095,2023-01-14,187673.2,0.0432,179562.68,150874.16,28688.52,928.93,6.208
TRX_0000199,RES_0000202,CUS_005490,PRJ_0001,PRJ_0001_U002,2023-08-09,438532.78,0.0386,421589.92,332795.38,88794.54,1858.61,5.29
TRX_0000200,RES_0000203,CUS_001428,PRJ_0009,PRJ_0009_U014,2023-12-21,593945.84,0.0195,582366.63,495247.68,87118.95,2334.95,4.811
TRX_0000201,RES_0000204,CUS_004428,PRJ_0005,PRJ_0005_U022,2025-07-31,237278.91,0.0362,228688.16,183016.46,45671.71,937.18,4.918
TRX_0000202,RES_0000205,CUS_003614,PRJ_0027,PRJ_0027_U048,2025-02-11,234697.68,0.0613,220315.2,170571.63,49743.57,975.22,5.312
TRX_0000203,RES_0000206,CUS_000637,PRJ_0017,PRJ_0017_U084,2026-05-04,237675.93,0.0242,231925.19,198010.94,33914.25,919.8,4.759
TRX_0000204,RES_0000207,CUS_000629,PRJ_0015,PRJ_0015_U020,2025-11-29,178153.31,0.0431,170477.06,179376.78,-8899.73,824.91,5.807
TRX_0000205,RES_0000208,CUS_003160,PRJ_0017,PRJ_0017_U086,2026-03-06,408438.0,0.027,397396.12,277668.17,119727.94,1641.4,4.956
TRX_0000206,RES_0000209,CUS_004709,PRJ_0016,PRJ_0016_U095,2024-03-24,259636.08,0.0516,246232.18,195288.61,50943.56,1285.48,6.265
TRX_0000207,RES_0000211,CUS_000251,PRJ_0023,PRJ_0023_U010,2024-02-25,580867.47,0.0237,567123.47,452517.36,114606.11,3063.19,6.482
TRX_0000208,RES_0000212,CUS_006342,PRJ_0021,PRJ_0021_U021,2024-07-10,381951.08,0.0355,368407.18,275764.43,92642.75,1483.27,4.831
TRX_0000209,RES_0000213,CUS_000953,PRJ_0011,PRJ_0011_U104,2023-12-26,401001.18,0.0519,380185.65,267042.32,113143.34,2015.62,6.362
TRX_0000210,RES_0000214,CUS_004689,PRJ_0024,PRJ_0024_U120,2022-04-06,519124.97,0.0515,492374.89,366224.53,126150.36,1994.88,4.862
TRX_0000211,RES_0000215,CUS_004526,PRJ_0021,PRJ_0021_U035,2024-11-28,319319.77,0.0465,304470.88,250093.77,54377.11,1144.3,4.51
TRX_0000212,RES_0000216,CUS_000742,PRJ_0010,PRJ_0010_U041,2025-01-10,530197.79,0.0204,519385.69,454230.49,65155.2,2748.06,6.349
TRX_0000213,RES_0000217,CUS_000567,PRJ_0023,PRJ_0023_U058,2024-03-15,622866.29,0.0532,589706.89,460859.98,128846.91,2812.53,5.723
TRX_0000214,RES_0000218,CUS_002396,PRJ_0012,PRJ_0012_U109,2025-07-20,236829.89,0.0372,228028.93,216032.64,11996.29,1018.38,5.359
TRX_0000215,RES_0000219,CUS_005055,PRJ_0013,PRJ_0013_U027,2025-03-09,284706.64,0.0436,272290.62,212008.62,60282.01,1097.87,4.838
TRX_0000216,RES_0000220,CUS_005137,PRJ_0017,PRJ_0017_U047,2025-12-24,347050.37,0.034,335261.52,248163.32,87098.21,1806.13,6.465
TRX_0000217,RES_0000221,CUS_002664,PRJ_0012,PRJ_0012_U025,2025-05-06,341647.0,0.0192,335101.0,301686.69,33414.32,1617.65,5.793
TRX_0000218,RES_0000222,CUS_004694,PRJ_0021,PRJ_0021_U036,2025-03-23,263402.98,0.0313,255169.26,216740.6,38428.66,1357.48,6.384
TRX_0000219,RES_0000223,CUS_003610,PRJ_0010,PRJ_0010_U026,2024-12-17,565929.19,0.0359,545614.93,378737.16,166877.77,2441.88,5.371
TRX_0000220,RES_0000224,CUS_001645,PRJ_0005,PRJ_0005_U067,2023-05-30,216315.09,0.0165,212754.65,155717.32,57037.33,1126.4,6.353
TRX_0000221,RES_0000225,CUS_005869,PRJ_0014,PRJ_0014_U095,2026-05-21,268032.49,0.0239,261621.08,214425.5,47195.58,1217.13,5.583
TRX_0000222,RES_0000226,CUS_003780,PRJ_0016,PRJ_0016_U057,2024-04-13,294867.6,0.0405,282920.26,199775.25,83145.01,1010.57,4.286
TRX_0000223,RES_0000228,CUS_006380,PRJ_0006,PRJ_0006_U028,2023-07-16,370125.2,0.044,353823.73,276747.47,77076.26,1537.16,5.213
TRX_0000224,RES_0000229,CUS_000032,PRJ_0008,PRJ_0008_U039,2025-09-04,376595.36,0.0344,363655.5,267499.68,96155.82,2013.55,6.644
TRX_0000225,RES_0000231,CUS_004417,PRJ_0005,PRJ_0005_U065,2023-04-08,245503.0,0.0342,237104.2,185132.7,51971.5,1195.53,6.051
TRX_0000226,RES_0000232,CUS_000588,PRJ_0016,PRJ_0016_U023,2025-01-14,237743.23,0.0338,229707.46,201737.92,27969.54,1257.53,6.569
TRX_0000227,RES_0000233,CUS_000128,PRJ_0008,PRJ_0008_U029,2025-05-20,307364.18,0.049,292308.3,251333.31,40974.99,1399.73,5.746
TRX_0000228,RES_0000234,CUS_002697,PRJ_0024,PRJ_0024_U036,2025-10-21,390540.51,0.0388,375389.83,275363.52,100026.31,2022.17,6.464
TRX_0000229,RES_0000235,CUS_000934,PRJ_0009,PRJ_0009_U037,2023-01-13,504189.26,0.037,485525.05,337995.77,147529.28,2646.45,6.541
TRX_0000230,RES_0000236,CUS_001974,PRJ_0007,PRJ_0007_U024,2024-04-26,222788.43,0.0371,214526.0,178628.57,35897.44,710.71,3.976
TRX_0000231,RES_0000237,CUS_003098,PRJ_0026,PRJ_0026_U045,2024-10-04,231062.65,0.0294,224263.26,195688.51,28574.75,1008.01,5.394
TRX_0000232,RES_0000238,CUS_000816,PRJ_0001,PRJ_0001_U031,2024-11-10,488458.48,0.0262,475658.74,345056.13,130602.61,1979.94,4.995
TRX_0000233,RES_0000239,CUS_001056,PRJ_0027,PRJ_0027_U014,2025-04-27,240508.83,0.0376,231472.84,165648.14,65824.7,1069.4,5.544
TRX_0000234,RES_0000240,CUS_006369,PRJ_0003,PRJ_0003_U025,2025-10-27,321870.4,0.0309,311908.65,243611.47,68297.18,1082.05,4.163
TRX_0000235,RES_0000241,CUS_001551,PRJ_0026,PRJ_0026_U040,2024-08-12,362562.32,0.0384,348648.99,237351.42,111297.58,1458.59,5.02
TRX_0000236,RES_0000242,CUS_002588,PRJ_0016,PRJ_0016_U074,2025-08-30,198667.45,0.0518,188383.64,168845.53,19538.11,666.9,4.248
TRX_0000237,RES_0000243,CUS_003242,PRJ_0004,PRJ_0004_U086,2026-10-11,304190.67,0.0258,296357.3,225942.87,70414.44,1334.88,5.405
TRX_0000238,RES_0000244,CUS_003571,PRJ_0013,PRJ_0013_U053,2024-11-18,208308.46,0.0121,205782.82,166144.9,39637.92,861.2,5.022
TRX_0000239,RES_0000245,CUS_001483,PRJ_0023,PRJ_0023_U072,2024-03-22,412223.29,0.0498,391711.22,354066.44,37644.77,1528.39,4.682
TRX_0000240,RES_0000246,CUS_001797,PRJ_0008,PRJ_0008_U070,2024-04-04,405477.44,0.0384,389893.42,294320.23,95573.19,1293.23,3.98
TRX_0000241,RES_0000247,CUS_003316,PRJ_0012,PRJ_0012_U108,2025-04-11,270583.03,0.0417,259293.89,209682.09,49611.8,946.15,4.379
TRX_0000242,RES_0000248,CUS_002089,PRJ_0012,PRJ_0012_U039,2025-07-01,190905.43,0.0305,185084.3,132321.31,52762.99,1023.32,6.635
TRX_0000243,RES_0000249,CUS_004696,PRJ_0026,PRJ_0026_U009,2024-08-23,248569.38,0.0304,241012.34,197175.23,43837.11,874.18,4.353
TRX_0000244,RES_0000250,CUS_003230,PRJ_0003,PRJ_0003_U024,2025-07-23,195446.56,0.0371,188200.57,155257.87,32942.7,798.79,5.093
TRX_0000245,RES_0000251,CUS_001996,PRJ_0027,PRJ_0027_U032,2025-05-31,362875.81,0.0335,350716.29,266807.89,83908.4,1854.75,6.346
TRX_0000246,RES_0000252,CUS_000804,PRJ_0024,PRJ_0024_U117,2025-05-02,452220.8,0.0458,431488.1,348023.93,83464.18,1679.29,4.67
TRX_0000247,RES_0000253,CUS_006317,PRJ_0006,PRJ_0006_U091,2023-06-27,442216.55,0.0278,429933.96,398331.4,31602.56,1812.26,5.058
TRX_0000248,RES_0000254,CUS_000654,PRJ_0020,PRJ_0020_U017,2024-02-03,326647.12,0.0434,312483.28,241990.74,70492.54,1720.26,6.606
TRX_0000249,RES_0000255,CUS_000628,PRJ_0012,PRJ_0012_U124,2025-08-23,257060.74,0.0308,249142.64,189823.08,59319.56,865.39,4.168
TRX_0000250,RES_0000256,CUS_003586,PRJ_0001,PRJ_0001_U010,2023-08-12,483048.94,0.0428,462366.72,356331.58,106035.14,1640.4,4.257
TRX_0000251,RES_0000257,CUS_003657,PRJ_0023,PRJ_0023_U069,2024-10-16,464529.92,0.0245,453155.53,299985.11,153170.42,1804.19,4.778
TRX_0000252,RES_0000258,CUS_006249,PRJ_0016,PRJ_0016_U038,2024-03-13,220718.44,0.0333,213375.67,163397.9,49977.77,710.03,3.993
TRX_0000253,RES_0000259,CUS_002084,PRJ_0019,PRJ_0019_U025,2024-05-23,483342.64,0.0249,471313.51,350167.99,121145.53,2511.03,6.393
TRX_0000254,RES_0000260,CUS_004952,PRJ_0004,PRJ_0004_U040,2026-09-15,357380.51,0.0343,345128.26,249507.85,95620.41,1701.71,5.917
TRX_0000255,RES_0000261,CUS_005366,PRJ_0004,PRJ_0004_U002,2026-07-11,270679.04,0.0226,264548.45,231805.78,32742.67,914.13,4.147
TRX_0000256,RES_0000262,CUS_001967,PRJ_0027,PRJ_0027_U011,2025-04-06,268900.14,0.0193,263708.11,224543.8,39164.31,1266.73,5.764
TRX_0000257,RES_0000263,CUS_001642,PRJ_0020,PRJ_0020_U002,2024-03-26,251180.1,0.0253,244834.42,173935.89,70898.53,938.24,4.599
TRX_0000258,RES_0000264,CUS_003008,PRJ_0004,PRJ_0004_U043,2026-12-17,193327.49,0.0328,186982.21,168465.73,18516.48,682.26,4.379
TRX_0000259,RES_0000265,CUS_006154,PRJ_0002,PRJ_0002_U020,2025-08-24,212837.92,0.0279,206897.27,152917.74,53979.54,906.82,5.26
TRX_0000260,RES_0000266,CUS_005688,PRJ_0015,PRJ_0015_U015,2025-01-03,220496.88,0.0358,212594.58,159997.95,52596.63,884.11,4.99
TRX_0000261,RES_0000267,CUS_003037,PRJ_0008,PRJ_0008_U077,2024-07-21,257621.82,0.0354,248510.49,197395.16,51115.33,1054.57,5.092
TRX_0000262,RES_0000268,CUS_000218,PRJ_0020,PRJ_0020_U010,2025-01-09,452152.63,0.0379,435020.88,327281.33,107739.55,2373.2,6.546
TRX_0000263,RES_0000269,CUS_001332,PRJ_0022,PRJ_0022_U008,2023-05-14,514018.12,0.0338,496647.52,420751.01,75896.51,1864.02,4.504
TRX_0000264,RES_0000270,CUS_003627,PRJ_0011,PRJ_0011_U076,2025-07-03,425030.04,0.0349,410206.87,322990.65,87216.23,1701.82,4.978
TRX_0000265,RES_0000271,CUS_002542,PRJ_0007,PRJ_0007_U014,2024-02-06,669951.2,0.0254,652953.54,514132.46,138821.09,3066.84,5.636
TRX_0000266,RES_0000272,CUS_005390,PRJ_0001,PRJ_0001_U058,2025-10-29,522867.56,0.0318,506264.39,341752.95,164511.44,1666.64,3.95
TRX_0000267,RES_0000273,CUS_002540,PRJ_0021,PRJ_0021_U030,2025-04-13,267083.57,0.053,252933.43,169090.03,83843.41,1018.1,4.83
TRX_0000268,RES_0000274,CUS_004192,PRJ_0015,PRJ_0015_U021,2024-11-18,408999.3,0.0392,392964.01,288431.51,104532.5,1659.93,5.069
TRX_0000269,RES_0000275,CUS_005286,PRJ_0012,PRJ_0012_U086,2025-03-22,216551.57,0.0271,210689.68,175387.07,35302.61,713.1,4.062
TRX_0000270,RES_0000276,CUS_005216,PRJ_0024,PRJ_0024_U029,2023-11-01,489611.76,0.0472,466489.36,406301.03,60188.32,2253.41,5.797
TRX_0000271,RES_0000277,CUS_000696,PRJ_0010,PRJ_0010_U022,2025-04-26,624697.97,0.0299,606016.36,442341.33,163675.03,2949.61,5.841
TRX_0000272,RES_0000278,CUS_005675,PRJ_0020,PRJ_0020_U041,2024-02-19,264259.55,0.0393,253868.74,183015.34,70853.4,1177.07,5.564
TRX_0000273,RES_0000279,CUS_000351,PRJ_0019,PRJ_0019_U039,2024-05-27,433183.46,0.0207,424200.18,315229.33,108970.86,1555.02,4.399
TRX_0000274,RES_0000280,CUS_000785,PRJ_0009,PRJ_0009_U003,2022-12-19,578244.0,0.0505,549062.86,430501.87,118560.99,3004.3,6.566
TRX_0000275,RES_0000281,CUS_001579,PRJ_0006,PRJ_0006_U055,2023-08-02,221038.99,0.0244,215639.38,185073.91,30565.47,708.32,3.942
TRX_0000276,RES_0000282,CUS_000840,PRJ_0004,PRJ_0004_U100,2026-08-20,364713.27,0.0396,350269.89,290310.49,59959.4,1873.04,6.417
TRX_0000277,RES_0000283,CUS_004523,PRJ_0007,PRJ_0007_U048,2024-12-25,551051.46,0.022,538901.92,441310.22,97591.7,2283.85,5.086
TRX_0000278,RES_0000284,CUS_004929,PRJ_0011,PRJ_0011_U073,2023-11-28,302276.08,0.0299,293235.61,235385.53,57850.07,1181.41,4.835
TRX_0000279,RES_0000285,CUS_003690,PRJ_0023,PRJ_0023_U003,2024-03-16,377629.03,0.0408,362237.97,295654.3,66583.67,1218.61,4.037
TRX_0000280,RES_0000286,CUS_005150,PRJ_0025,PRJ_0025_U006,2025-11-04,286415.74,0.0266,278803.2,209782.31,69020.89,1372.39,5.907
TRX_0000281,RES_0000287,CUS_002000,PRJ_0002,PRJ_0002_U030,2025-05-29,206428.47,0.0406,198042.22,157562.95,40479.28,915.69,5.548
TRX_0000282,RES_0000288,CUS_004170,PRJ_0023,PRJ_0023_U027,2023-10-19,251898.42,0.0247,245675.39,213067.38,32608.01,1137.09,5.554
TRX_0000283,RES_0000289,CUS_001418,PRJ_0007,PRJ_0007_U007,2024-11-12,426900.76,0.0313,413525.21,358797.15,54728.06,1926.2,5.59
TRX_0000284,RES_0000290,CUS_006255,PRJ_0027,PRJ_0027_U095,2025-06-02,190989.79,0.0274,185764.38,141543.02,44221.36,816.85,5.277
TRX_0000285,RES_0000291,CUS_004062,PRJ_0012,PRJ_0012_U023,2025-08-05,537704.49,0.0405,515913.74,420849.54,95064.2,2496.16,5.806
TRX_0000286,RES_0000292,CUS_001611,PRJ_0028,PRJ_0028_U047,2025-07-29,144856.68,0.037,139493.58,103868.32,35625.26,716.23,6.161
TRX_0000287,RES_0000293,CUS_004622,PRJ_0002,PRJ_0002_U014,2025-07-14,277117.68,0.0233,270662.16,211551.98,59110.18,1221.04,5.414
TRX_0000288,RES_0000294,CUS_000240,PRJ_0002,PRJ_0002_U027,2025-06-30,138512.88,0.0453,132238.29,102703.18,29535.11,550.0,4.991
TRX_0000289,RES_0000295,CUS_002384,PRJ_0004,PRJ_0004_U021,2026-07-26,156493.94,0.0417,149973.33,123650.4,26322.93,630.76,5.047
TRX_0000290,RES_0000296,CUS_001223,PRJ_0017,PRJ_0017_U005,2026-04-15,259493.69,0.0316,251295.72,214059.57,37236.16,926.11,4.422
TRX_0000291,RES_0000297,CUS_004802,PRJ_0003,PRJ_0003_U048,2025-12-22,328095.4,0.0268,319297.81,264092.11,55205.69,1371.59,5.155
TRX_0000292,RES_0000298,CUS_006493,PRJ_0009,PRJ_0009_U075,2022-12-19,382140.14,0.0321,369872.56,261345.33,108527.23,1705.03,5.532
TRX_0000293,RES_0000299,CUS_003698,PRJ_0003,PRJ_0003_U021,2025-12-04,277207.69,0.0288,269230.27,206865.06,62365.22,1303.57,5.81
TRX_0000294,RES_0000300,CUS_004899,PRJ_0025,PRJ_0025_U026,2026-01-11,211174.84,0.029,205040.26,143650.49,61389.77,747.07,4.372
TRX_0000295,RES_0000301,CUS_003149,PRJ_0020,PRJ_0020_U011,2024-07-29,330192.42,0.0407,316741.71,249588.1,67153.61,1782.61,6.754
TRX_0000296,RES_0000302,CUS_005518,PRJ_0013,PRJ_0013_U042,2025-02-06,306937.31,0.0315,297279.3,215192.66,82086.64,1180.24,4.764
TRX_0000297,RES_0000303,CUS_000839,PRJ_0006,PRJ_0006_U023,2024-03-08,320343.45,0.0281,311346.88,271861.65,39485.24,1686.26,6.499
TRX_0000298,RES_0000304,CUS_005027,PRJ_0022,PRJ_0022_U040,2023-03-22,622801.14,0.0213,609549.3,462915.53,146633.77,2982.32,5.871
TRX_0000299,RES_0000305,CUS_005768,PRJ_0020,PRJ_0020_U001,2025-03-02,243213.49,0.0408,233287.43,213752.94,19534.5,1043.41,5.367
TRX_0000300,RES_0000307,CUS_002269,PRJ_0027,PRJ_0027_U078,2025-03-31,287238.68,0.0279,279220.95,233053.22,46167.72,1103.32,4.742
TRX_0000301,RES_0000308,CUS_004360,PRJ_0015,PRJ_0015_U049,2025-01-12,238926.63,0.0402,229328.1,198750.78,30577.31,1215.22,6.359
TRX_0000302,RES_0000309,CUS_004482,PRJ_0002,PRJ_0002_U037,2025-03-23,320962.65,0.047,305893.45,245125.62,60767.83,1140.57,4.474
TRX_0000303,RES_0000310,CUS_000160,PRJ_0008,PRJ_0008_U078,2024-04-11,305480.94,0.0445,291883.02,240785.14,51097.87,1552.72,6.384
TRX_0000304,RES_0000311,CUS_001283,PRJ_0017,PRJ_0017_U110,2026-05-05,377492.53,0.0422,361552.37,301814.13,59738.24,1879.29,6.237
TRX_0000305,RES_0000312,CUS_001051,PRJ_0006,PRJ_0006_U005,2025-06-26,342787.45,0.0272,333451.64,264662.2,68789.44,1259.52,4.533
TRX_0000306,RES_0000313,CUS_006102,PRJ_0010,PRJ_0010_U017,2025-09-01,443555.06,0.0331,428875.28,347071.85,81803.44,1660.43,4.646
TRX_0000307,RES_0000314,CUS_001924,PRJ_0012,PRJ_0012_U063,2025-04-17,292536.23,0.0451,279341.06,223760.96,55580.11,1033.99,4.442
TRX_0000308,RES_0000315,CUS_000911,PRJ_0017,PRJ_0017_U068,2026-03-09,434337.29,0.0296,421466.34,302957.06,118509.28,2040.48,5.81
TRX_0000309,RES_0000316,CUS_003168,PRJ_0023,PRJ_0023_U014,2023-10-22,600135.66,0.0466,572169.98,419258.08,152911.89,2164.56,4.54
TRX_0000310,RES_0000317,CUS_005337,PRJ_0003,PRJ_0003_U060,2025-10-06,279860.31,0.039,268946.99,232148.08,36798.9,991.61,4.424
TRX_0000311,RES_0000318,CUS_004409,PRJ_0004,PRJ_0004_U042,2026-07-06,414999.01,0.0425,397378.48,343777.03,53601.45,1321.15,3.99
TRX_0000312,RES_0000319,CUS_004985,PRJ_0018,PRJ_0018_U007,2026-02-18,327879.38,0.0568,309271.47,256112.83,53158.64,1072.42,4.161
TRX_0000313,RES_0000320,CUS_004790,PRJ_0005,PRJ_0005_U017,2023-01-17,164640.08,0.0424,157660.92,130104.83,27556.09,584.71,4.45
TRX_0000314,RES_0000321,CUS_004975,PRJ_0010,PRJ_0010_U023,2025-01-10,566657.85,0.0495,538593.89,485626.13,52967.77,2699.85,6.015
TRX_0000315,RES_0000322,CUS_005062,PRJ_0006,PRJ_0006_U014,2023-06-28,415773.2,0.0402,399078.39,279525.82,119552.57,1500.6,4.512
TRX_0000316,RES_0000323,CUS_001832,PRJ_0023,PRJ_0023_U040,2024-01-10,580640.57,0.0443,554937.43,438866.05,116071.37,2694.66,5.827
TRX_0000317,RES_0000324,CUS_001757,PRJ_0016,PRJ_0016_U086,2024-03-25,372849.61,0.0284,362248.3,283755.28,78493.02,1712.95,5.674
TRX_0000318,RES_0000325,CUS_002700,PRJ_0016,PRJ_0016_U100,2024-08-05,281660.79,0.0423,269738.15,221695.09,48043.06,907.33,4.036
TRX_0000319,RES_0000326,CUS_002008,PRJ_0003,PRJ_0003_U015,2025-11-11,232710.02,0.0405,223293.81,172143.6,51150.21,1062.52,5.71
TRX_0000320,RES_0000327,CUS_002973,PRJ_0015,PRJ_0015_U016,2024-12-07,321826.68,0.0237,314194.56,238373.63,75820.93,1087.01,4.152
TRX_0000321,RES_0000328,CUS_003027,PRJ_0007,PRJ_0007_U028,2023-12-19,595135.81,0.0272,578973.6,457611.95,121361.64,1963.57,4.07
TRX_0000322,RES_0000329,CUS_000664,PRJ_0028,PRJ_0028_U013,2025-10-07,343421.67,0.0365,330883.6,252092.79,78790.8,1539.84,5.584
TRX_0000323,RES_0000330,CUS_001833,PRJ_0001,PRJ_0001_U021,2023-07-26,403441.38,0.0328,390225.16,357290.93,32934.23,1690.69,5.199
TRX_0000324,RES_0000331,CUS_005439,PRJ_0008,PRJ_0008_U067,2024-07-26,389648.01,0.052,369402.7,310844.23,58558.46,1993.11,6.475
TRX_0000325,RES_0000332,CUS_004683,PRJ_0011,PRJ_0011_U059,2023-09-19,431865.0,0.0289,419364.64,309218.55,110146.09,1792.46,5.129
TRX_0000326,RES_0000333,CUS_003661,PRJ_0027,PRJ_0027_U096,2025-02-27,220945.7,0.038,212545.69,182771.34,29774.35,784.84,4.431
TRX_0000327,RES_0000334,CUS_005015,PRJ_0009,PRJ_0009_U016,2023-07-03,402209.85,0.052,381307.18,290808.9,90498.28,1512.86,4.761
TRX_0000328,RES_0000335,CUS_003114,PRJ_0011,PRJ_0011_U047,2024-02-14,314176.39,0.035,303175.57,224180.39,78995.18,1524.17,6.033
TRX_0000329,RES_0000336,CUS_002992,PRJ_0015,PRJ_0015_U024,2024-10-31,359236.9,0.0346,346821.92,296298.87,50523.05,1564.1,5.412
TRX_0000330,RES_0000337,CUS_005678,PRJ_0002,PRJ_0002_U045,2025-07-02,279481.85,0.0425,267604.63,204163.06,63441.57,1007.95,4.52
TRX_0000331,RES_0000338,CUS_004123,PRJ_0008,PRJ_0008_U006,2023-11-03,253963.61,0.0513,240943.6,188050.69,52892.9,1287.52,6.412
TRX_0000332,RES_0000339,CUS_003580,PRJ_0011,PRJ_0011_U039,2025-07-10,412604.56,0.0361,397716.5,344521.85,53194.65,2111.96,6.372
TRX_0000333,RES_0000340,CUS_001303,PRJ_0019,PRJ_0019_U004,2024-04-07,313636.23,0.046,299217.11,228558.12,70658.99,1449.85,5.815
TRX_0000334,RES_0000341,CUS_002159,PRJ_0019,PRJ_0019_U095,2024-06-06,265809.13,0.0268,258676.54,197556.18,61120.36,1400.05,6.495
TRX_0000335,RES_0000342,CUS_003005,PRJ_0005,PRJ_0005_U040,2025-08-15,347393.56,0.0428,332534.77,222847.22,109687.55,1147.63,4.141
TRX_0000336,RES_0000343,CUS_004442,PRJ_0023,PRJ_0023_U024,2024-02-27,463162.85,0.0238,452136.44,350393.18,101743.26,1723.27,4.574
TRX_0000337,RES_0000344,CUS_000004,PRJ_0028,PRJ_0028_U003,2025-10-14,131852.11,0.0609,123821.66,87227.83,36593.83,550.0,5.33
TRX_0000338,RES_0000345,CUS_004703,PRJ_0026,PRJ_0026_U066,2024-09-14,337266.44,0.0346,325594.17,256607.63,68986.53,1480.1,5.455
TRX_0000339,RES_0000346,CUS_004270,PRJ_0023,PRJ_0023_U045,2024-01-14,460538.51,0.03,446743.83,392695.98,54047.86,1543.54,4.146
TRX_0000340,RES_0000347,CUS_001858,PRJ_0021,PRJ_0021_U017,2025-07-11,260694.99,0.0332,252045.45,175053.92,76991.53,1123.06,5.347
TRX_0000341,RES_0000348,CUS_005418,PRJ_0018,PRJ_0018_U023,2026-04-04,670060.83,0.0432,641120.77,565941.68,75179.08,3070.12,5.746
TRX_0000342,RES_0000349,CUS_006404,PRJ_0009,PRJ_0009_U030,2022-12-10,541276.57,0.0282,526017.51,376695.87,149321.64,2806.61,6.403
TRX_0000343,RES_0000350,CUS_001802,PRJ_0006,PRJ_0006_U075,2023-06-04,429155.02,0.0405,411763.2,296652.96,115110.24,2016.53,5.877
TRX_0000344,RES_0000351,CUS_000130,PRJ_0003,PRJ_0003_U004,2025-12-30,347100.64,0.0393,333476.01,292723.25,40752.76,1767.99,6.362
TRX_0000345,RES_0000352,CUS_004120,PRJ_0028,PRJ_0028_U051,2025-09-23,153622.69,0.0373,147890.05,105539.22,42350.83,619.97,5.031
TRX_0000346,RES_0000353,CUS_001846,PRJ_0027,PRJ_0027_U082,2025-03-06,140477.82,0.03,136261.98,92370.42,43891.56,724.85,6.383
TRX_0000347,RES_0000354,CUS_004226,PRJ_0013,PRJ_0013_U038,2024-11-22,229985.31,0.0354,221854.88,156570.65,65284.23,846.83,4.58
TRX_0000348,RES_0000355,CUS_003395,PRJ_0007,PRJ_0007_U063,2024-06-23,364899.11,0.0336,352654.47,265056.06,87598.4,1262.28,4.295
TRX_0000349,RES_0000356,CUS_003491,PRJ_0007,PRJ_0007_U012,2024-02-16,292425.74,0.0303,283551.71,231166.65,52385.06,1114.78,4.718
TRX_0000350,RES_0000357,CUS_002040,PRJ_0010,PRJ_0010_U014,2024-11-04,302067.51,0.0538,285811.6,214732.97,71078.63,1525.88,6.407
TRX_0000351,RES_0000358,CUS_005532,PRJ_0001,PRJ_0001_U034,2023-08-17,420692.77,0.0417,403163.14,297788.1,105375.04,1438.27,4.281
TRX_0000352,RES_0000359,CUS_002987,PRJ_0018,PRJ_0018_U002,2026-04-10,222384.08,0.0253,216749.26,171649.48,45099.79,829.19,4.591
TRX_0000353,RES_0000360,CUS_004193,PRJ_0017,PRJ_0017_U028,2026-04-22,240027.4,0.0464,228888.71,193765.26,35123.45,763.19,4.001
TRX_0000354,RES_0000361,CUS_005840,PRJ_0010,PRJ_0010_U021,2025-01-10,646876.27,0.0442,618285.24,428121.82,190163.42,2426.05,4.709
TRX_0000355,RES_0000362,CUS_001268,PRJ_0015,PRJ_0015_U012,2025-01-14,241011.3,0.0324,233201.8,175774.69,57427.11,802.19,4.128
TRX_0000356,RES_0000363,CUS_005234,PRJ_0027,PRJ_0027_U044,2025-01-14,396113.14,0.0256,385970.18,292227.35,93742.82,1578.67,4.908
TRX_0000357,RES_0000364,CUS_003062,PRJ_0016,PRJ_0016_U025,2024-08-14,186092.8,0.0284,180816.46,127294.12,53522.33,652.7,4.332
TRX_0000358,RES_0000365,CUS_000232,PRJ_0020,PRJ_0020_U006,2025-01-26,242949.93,0.0394,233375.61,166365.32,67010.3,1258.22,6.47
TRX_0000359,RES_0000366,CUS_000076,PRJ_0004,PRJ_0004_U005,2026-11-28,307926.47,0.0247,300329.99,225941.23,74388.75,1355.05,5.414
TRX_0000360,RES_0000367,CUS_002251,PRJ_0022,PRJ_0022_U014,2024-10-14,408414.32,0.05,387990.79,291021.51,96969.28,1945.6,6.017
TRX_0000361,RES_0000368,CUS_006461,PRJ_0003,PRJ_0003_U062,2025-11-21,315022.36,0.0509,298989.83,283299.67,15690.16,1228.81,4.932
TRX_0000362,RES_0000369,CUS_002591,PRJ_0003,PRJ_0003_U009,2025-12-20,231413.07,0.0195,226898.93,169850.1,57048.83,1091.5,5.773
TRX_0000363,RES_0000370,CUS_004715,PRJ_0026,PRJ_0026_U073,2024-11-29,165064.93,0.0212,161561.72,121477.45,40084.27,725.86,5.391
TRX_0000364,RES_0000371,CUS_004556,PRJ_0020,PRJ_0020_U048,2023-11-11,265365.67,0.0353,255996.89,203329.06,52667.84,965.93,4.528
TRX_0000365,RES_0000372,CUS_000047,PRJ_0007,PRJ_0007_U080,2023-12-21,476174.64,0.0384,457910.51,308279.14,149631.37,2437.41,6.387
TRX_0000366,RES_0000373,CUS_002244,PRJ_0028,PRJ_0028_U038,2025-10-22,256943.14,0.0435,245774.49,177569.71,68204.79,883.88,4.316
TRX_0000367,RES_0000375,CUS_004811,PRJ_0004,PRJ_0004_U091,2026-10-22,378907.9,0.0325,366574.88,289336.24,77238.65,1599.83,5.237
TRX_0000368,RES_0000376,CUS_005762,PRJ_0017,PRJ_0017_U022,2026-01-19,221445.75,0.021,216803.44,188598.03,28205.41,871.59,4.824
TRX_0000369,RES_0000377,CUS_002317,PRJ_0009,PRJ_0009_U027,2023-03-13,471380.33,0.0316,456464.85,360182.41,96282.44,2188.36,5.753
TRX_0000370,RES_0000378,CUS_001029,PRJ_0025,PRJ_0025_U045,2026-03-07,361169.65,0.0386,347229.82,258915.55,88314.28,1309.82,4.527
TRX_0000371,RES_0000379,CUS_000345,PRJ_0021,PRJ_0021_U001,2025-09-29,201112.19,0.0214,196809.89,162281.54,34528.35,894.56,5.454
TRX_0000372,RES_0000380,CUS_002193,PRJ_0001,PRJ_0001_U048,2023-06-09,620168.44,0.0406,594960.19,508808.31,86151.87,2282.37,4.603
TRX_0000373,RES_0000381,CUS_000270,PRJ_0026,PRJ_0026_U065,2024-09-30,544360.93,0.0389,523211.55,383319.31,139892.24,2539.78,5.825
TRX_0000374,RES_0000382,CUS_003303,PRJ_0007,PRJ_0007_U016,2024-01-08,222006.7,0.043,212460.86,189531.88,22928.97,923.03,5.213
TRX_0000375,RES_0000383,CUS_003157,PRJ_0015,PRJ_0015_U045,2025-05-01,315498.51,0.0381,303478.13,212984.38,90493.75,1630.36,6.447
TRX_0000376,RES_0000384,CUS_001951,PRJ_0009,PRJ_0009_U017,2024-05-25,250927.47,0.0414,240550.21,200274.04,40276.17,868.05,4.33
TRX_0000377,RES_0000385,CUS_004267,PRJ_0013,PRJ_0013_U034,2025-02-23,259396.67,0.0441,247962.6,203364.43,44598.17,1142.48,5.529
TRX_0000378,RES_0000386,CUS_002037,PRJ_0006,PRJ_0006_U082,2023-08-25,501915.13,0.033,485360.3,372066.15,113294.15,2199.87,5.439
TRX_0000379,RES_0000387,CUS_000760,PRJ_0003,PRJ_0003_U052,2025-08-28,239964.8,0.0628,224889.64,188739.43,36150.21,760.2,4.056
TRX_0000380,RES_0000388,CUS_000580,PRJ_0023,PRJ_0023_U031,2024-10-06,459604.55,0.035,443510.11,332862.82,110647.29,1477.96,3.999
TRX_0000381,RES_0000389,CUS_005361,PRJ_0003,PRJ_0003_U058,2025-12-02,295394.0,0.0091,292705.89,231466.79,61239.1,1037.96,4.255
TRX_0000382,RES_0000390,CUS_001203,PRJ_0013,PRJ_0013_U014,2025-03-01,364929.85,0.0478,347468.03,280978.81,66489.22,1967.96,6.796
TRX_0000383,RES_0000391,CUS_004069,PRJ_0004,PRJ_0004_U029,2026-09-21,423970.7,0.0382,407763.28,312043.39,95719.89,2222.93,6.542
TRX_0000384,RES_0000392,CUS_006332,PRJ_0019,PRJ_0019_U056,2026-02-04,391573.58,0.0387,376419.31,279135.79,97283.51,1725.34,5.5
TRX_0000385,RES_0000393,CUS_004468,PRJ_0027,PRJ_0027_U024,2025-06-06,205242.5,0.0371,197626.94,176471.3,21155.64,856.15,5.199
TRX_0000386,RES_0000394,CUS_006205,PRJ_0028,PRJ_0028_U028,2025-11-25,365906.62,0.0518,346943.2,279631.2,67312.0,1159.06,4.009
TRX_0000387,RES_0000395,CUS_001781,PRJ_0006,PRJ_0006_U033,2023-10-10,255342.52,0.0374,245786.56,170946.8,74839.77,1216.16,5.938
TRX_0000388,RES_0000396,CUS_004985,PRJ_0010,PRJ_0010_U051,2025-10-17,376162.27,0.0457,358973.36,277553.04,81420.32,1990.26,6.653
TRX_0000389,RES_0000397,CUS_003353,PRJ_0016,PRJ_0016_U021,2024-09-01,298208.83,0.0395,286419.88,224761.03,61658.85,1360.45,5.7
TRX_0000390,RES_0000398,CUS_001010,PRJ_0016,PRJ_0016_U091,2024-03-29,260875.48,0.0415,250051.89,200949.14,49102.75,1375.4,6.601
TRX_0000391,RES_0000399,CUS_004119,PRJ_0027,PRJ_0027_U006,2025-03-02,424678.36,0.0476,404456.86,333547.73,70909.13,1445.38,4.288
TRX_0000392,RES_0000400,CUS_005284,PRJ_0002,PRJ_0002_U017,2025-05-06,299872.1,0.0309,290620.92,233906.67,56714.26,967.53,3.995
TRX_0000393,RES_0000401,CUS_004433,PRJ_0006,PRJ_0006_U021,2024-07-24,392945.61,0.0278,382016.05,283204.03,98812.02,2119.12,6.657
TRX_0000394,RES_0000402,CUS_001183,PRJ_0020,PRJ_0020_U034,2024-03-06,327735.16,0.0441,313271.46,256500.01,56771.45,1586.16,6.076
TRX_0000395,RES_0000403,CUS_003277,PRJ_0021,PRJ_0021_U031,2024-12-07,511114.73,0.0286,496479.39,433648.65,62830.74,2081.62,5.031
TRX_0000396,RES_0000404,CUS_000685,PRJ_0019,PRJ_0019_U038,2025-07-18,267556.31,0.0355,258059.69,220584.83,37474.86,864.87,4.022
TRX_0000397,RES_0000405,CUS_006227,PRJ_0013,PRJ_0013_U012,2025-01-09,462157.65,0.0292,448676.17,357337.89,91338.28,1733.2,4.636
TRX_0000398,RES_0000406,CUS_005012,PRJ_0028,PRJ_0028_U048,2025-08-24,425641.28,0.0333,411473.62,307561.61,103912.01,1476.3,4.305
TRX_0000399,RES_0000407,CUS_002478,PRJ_0023,PRJ_0023_U054,2024-04-11,380573.4,0.0282,369845.69,272995.39,96850.3,1622.17,5.263
TRX_0000400,RES_0000408,CUS_002154,PRJ_0022,PRJ_0022_U013,2023-06-18,787293.14,0.0206,771058.3,577897.08,193161.22,4200.0,6.536
TRX_0000401,RES_0000409,CUS_005745,PRJ_0005,PRJ_0005_U005,2023-02-19,341764.82,0.0338,330213.21,244452.74,85760.47,1525.05,5.542
TRX_0000402,RES_0000410,CUS_001274,PRJ_0024,PRJ_0024_U044,2023-09-24,604365.8,0.0283,587277.46,415025.07,172252.39,2530.49,5.171
TRX_0000403,RES_0000411,CUS_003698,PRJ_0010,PRJ_0010_U007,2024-09-19,572194.55,0.0274,556532.03,424736.98,131795.05,2344.79,5.056
TRX_0000404,RES_0000412,CUS_006415,PRJ_0023,PRJ_0023_U028,2024-08-30,546189.13,0.0224,533961.65,378219.21,155742.45,1984.72,4.46
TRX_0000405,RES_0000413,CUS_004547,PRJ_0016,PRJ_0016_U028,2024-06-24,186215.77,0.0547,176029.43,147927.17,28102.26,875.21,5.966
TRX_0000406,RES_0000414,CUS_001703,PRJ_0007,PRJ_0007_U003,2024-05-12,356045.04,0.0521,337496.99,298040.85,39456.14,1856.81,6.602
TRX_0000407,RES_0000415,CUS_000361,PRJ_0027,PRJ_0027_U036,2025-04-30,262448.5,0.044,250913.12,186115.34,64797.78,847.8,4.055
TRX_0000408,RES_0000416,CUS_003137,PRJ_0020,PRJ_0020_U018,2024-09-07,522702.17,0.0448,499259.86,383843.25,115416.61,2810.85,6.756
TRX_0000409,RES_0000417,CUS_005389,PRJ_0014,PRJ_0014_U054,2026-01-27,347137.44,0.0301,336694.77,266565.41,70129.36,1152.61,4.108
TRX_0000410,RES_0000418,CUS_004153,PRJ_0009,PRJ_0009_U053,2023-05-18,540517.77,0.0346,521824.57,426384.42,95440.14,2671.99,6.145
TRX_0000411,RES_0000419,CUS_004689,PRJ_0019,PRJ_0019_U069,2025-08-23,428322.67,0.0396,411364.21,297280.52,114083.7,1824.91,5.323
TRX_0000412,RES_0000420,CUS_004742,PRJ_0023,PRJ_0023_U055,2024-02-04,424052.73,0.0275,412389.19,330701.72,81687.47,1692.93,4.926
TRX_0000413,RES_0000421,CUS_000126,PRJ_0020,PRJ_0020_U045,2025-08-08,281279.03,0.0384,270467.01,214882.68,55584.33,1201.44,5.331
TRX_0000414,RES_0000422,CUS_005594,PRJ_0006,PRJ_0006_U079,2024-12-06,296354.46,0.039,284781.85,221408.5,63373.35,949.07,3.999
TRX_0000415,RES_0000423,CUS_001246,PRJ_0022,PRJ_0022_U030,2023-03-08,807342.86,0.0321,781463.8,616493.92,164969.88,4200.0,6.449
TRX_0000416,RES_0000424,CUS_001682,PRJ_0017,PRJ_0017_U013,2026-06-02,184034.91,0.0316,178226.22,137703.05,40523.17,633.82,4.268
TRX_0000417,RES_0000425,CUS_003611,PRJ_0023,PRJ_0023_U063,2025-03-22,637469.19,0.0404,611723.21,498648.98,113074.23,2187.06,4.29
TRX_0000418,RES_0000427,CUS_006214,PRJ_0005,PRJ_0005_U037,2023-03-04,444205.92,0.0386,427072.86,304449.91,122622.95,1650.58,4.638
TRX_0000419,RES_0000428,CUS_001576,PRJ_0013,PRJ_0013_U003,2025-01-05,380964.59,0.0437,364316.94,291611.12,72705.82,1708.33,5.627
TRX_0000420,RES_0000429,CUS_002554,PRJ_0004,PRJ_0004_U108,2026-11-18,294524.42,0.026,286853.9,203699.34,83154.56,1296.4,5.423
TRX_0000421,RES_0000430,CUS_002337,PRJ_0027,PRJ_0027_U046,2025-06-14,283629.51,0.0537,268385.71,203915.56,64470.15,1450.75,6.487
TRX_0000422,RES_0000431,CUS_003285,PRJ_0020,PRJ_0020_U012,2024-01-05,368308.88,0.0338,355841.76,301480.86,54360.91,1271.57,4.288
TRX_0000423,RES_0000432,CUS_005833,PRJ_0018,PRJ_0018_U020,2026-02-20,750411.55,0.0295,728242.95,513447.12,214795.83,3724.17,6.137
TRX_0000424,RES_0000433,CUS_001821,PRJ_0022,PRJ_0022_U006,2025-12-06,457145.96,0.0418,438047.73,313698.22,124349.5,1699.16,4.655
TRX_0000425,RES_0000434,CUS_004550,PRJ_0006,PRJ_0006_U022,2023-09-09,334105.58,0.0218,326809.63,259814.8,66994.83,1107.03,4.065
TRX_0000426,RES_0000435,CUS_003810,PRJ_0013,PRJ_0013_U005,2025-03-29,273262.88,0.0575,257547.01,211624.78,45922.23,1071.48,4.992
TRX_0000427,RES_0000436,CUS_006411,PRJ_0023,PRJ_0023_U022,2023-11-17,376607.23,0.0424,360621.47,286263.89,74357.58,1423.17,4.736
TRX_0000428,RES_0000437,CUS_002449,PRJ_0027,PRJ_0027_U056,2025-05-30,162669.14,0.0416,155897.24,115707.69,40189.55,712.76,5.486
TRX_0000429,RES_0000438,CUS_001801,PRJ_0028,PRJ_0028_U045,2025-08-27,371667.41,0.0221,363438.91,287788.62,75650.29,1881.74,6.213
TRX_0000430,RES_0000439,CUS_003522,PRJ_0019,PRJ_0019_U073,2024-07-25,360716.4,0.0373,347264.9,265389.44,81875.46,1862.24,6.435
TRX_0000431,RES_0000440,CUS_000677,PRJ_0015,PRJ_0015_U047,2024-11-20,166436.72,0.0444,159046.63,117903.79,41142.84,695.03,5.244
TRX_0000432,RES_0000441,CUS_004061,PRJ_0002,PRJ_0002_U038,2025-08-12,340280.18,0.0483,323841.32,277821.63,46019.69,1759.17,6.519
TRX_0000433,RES_0000442,CUS_004875,PRJ_0007,PRJ_0007_U046,2024-04-27,433076.68,0.0402,415652.93,346592.59,69060.34,1936.97,5.592
TRX_0000434,RES_0000443,CUS_006314,PRJ_0020,PRJ_0020_U023,2023-12-20,345427.23,0.0308,334788.49,242672.83,92115.67,1431.63,5.131
TRX_0000435,RES_0000444,CUS_001216,PRJ_0018,PRJ_0018_U065,2026-01-25,488479.19,0.0205,478462.52,378614.0,99848.52,1654.71,4.15
TRX_0000436,RES_0000445,CUS_005194,PRJ_0010,PRJ_0010_U060,2024-11-22,284606.62,0.0483,270850.19,225312.4,45537.79,1259.42,5.58
TRX_0000437,RES_0000446,CUS_000086,PRJ_0005,PRJ_0005_U033,2023-09-17,164862.28,0.0278,160283.14,122202.62,38080.53,550.0,4.118
TRX_0000438,RES_0000447,CUS_002250,PRJ_0004,PRJ_0004_U126,2026-12-15,498832.75,0.0468,475484.49,378385.75,97098.74,2448.82,6.18
TRX_0000439,RES_0000448,CUS_004866,PRJ_0011,PRJ_0011_U018,2023-10-20,632266.85,0.0251,616378.49,460707.02,155671.47,2432.93,4.737
TRX_0000440,RES_0000449,CUS_002770,PRJ_0021,PRJ_0021_U016,2024-07-22,385251.19,0.0329,372558.42,247475.16,125083.26,1906.32,6.14
TRX_0000441,RES_0000450,CUS_001637,PRJ_0025,PRJ_0025_U029,2026-02-15,307925.97,0.0338,297522.09,279714.6,17807.49,1199.11,4.836
TRX_0000442,RES_0000451,CUS_004006,PRJ_0023,PRJ_0023_U035,2024-01-20,664330.07,0.0321,643009.42,579888.8,63120.62,3425.94,6.394
TRX_0000443,RES_0000452,CUS_003370,PRJ_0026,PRJ_0026_U074,2025-01-10,239482.77,0.0421,229409.04,172610.73,56798.31,1086.99,5.686
TRX_0000444,RES_0000453,CUS_003615,PRJ_0028,PRJ_0028_U012,2025-12-14,284522.03,0.0564,268475.72,187887.05,80588.67,1014.03,4.532
TRX_0000445,RES_0000454,CUS_000270,PRJ_0002,PRJ_0002_U012,2025-07-24,392370.06,0.0356,378415.66,269059.54,109356.13,1891.14,5.997
TRX_0000446,RES_0000455,CUS_004709,PRJ_0004,PRJ_0004_U104,2026-08-08,138981.67,0.0358,134006.85,100088.09,33918.76,629.69,5.639
TRX_0000447,RES_0000456,CUS_004959,PRJ_0011,PRJ_0011_U021,2023-09-28,390683.07,0.0298,379028.53,308023.81,71004.72,1403.05,4.442
TRX_0000448,RES_0000457,CUS_000148,PRJ_0001,PRJ_0001_U037,2025-06-21,532717.23,0.0429,509839.04,366189.47,143649.57,2296.03,5.404
TRX_0000449,RES_0000458,CUS_004586,PRJ_0001,PRJ_0001_U030,2023-04-08,318135.98,0.0462,303437.57,228679.17,74758.4,1223.66,4.839
TRX_0000450,RES_0000459,CUS_005309,PRJ_0001,PRJ_0001_U055,2024-05-07,718364.49,0.0288,697655.18,534544.92,163110.26,2351.39,4.045
TRX_0000451,RES_0000460,CUS_001569,PRJ_0004,PRJ_0004_U009,2026-10-04,404918.22,0.0413,388211.99,291719.68,96492.31,1380.92,4.269
TRX_0000452,RES_0000463,CUS_002209,PRJ_0023,PRJ_0023_U007,2024-07-20,407444.42,0.0415,390525.79,363102.7,27423.09,2121.58,6.519
TRX_0000453,RES_0000464,CUS_005054,PRJ_0007,PRJ_0007_U052,2026-02-20,251907.18,0.0141,248362.64,189778.65,58583.99,1132.55,5.472
TRX_0000454,RES_0000465,CUS_004515,PRJ_0014,PRJ_0014_U052,2026-01-10,301980.09,0.0455,288229.93,250594.33,37635.6,1056.99,4.401
TRX_0000455,RES_0000466,CUS_001388,PRJ_0012,PRJ_0012_U114,2025-07-11,466815.42,0.0537,441762.15,322515.03,119247.13,2199.53,5.975
TRX_0000456,RES_0000467,CUS_004129,PRJ_0022,PRJ_0022_U005,2024-03-09,816059.97,0.032,789925.57,529207.82,260717.75,4200.0,6.38
TRX_0000457,RES_0000468,CUS_001602,PRJ_0012,PRJ_0012_U128,2025-12-04,279610.21,0.0564,263851.91,209984.73,53867.18,1023.4,4.654
TRX_0000458,RES_0000469,CUS_000183,PRJ_0006,PRJ_0006_U024,2023-08-13,604149.15,0.0365,582091.43,428828.92,153262.51,2595.07,5.35
TRX_0000459,RES_0000470,CUS_001083,PRJ_0013,PRJ_0013_U008,2025-03-12,153339.78,0.0557,144791.4,111124.19,33667.21,742.32,6.152
TRX_0000460,RES_0000471,CUS_002761,PRJ_0006,PRJ_0006_U109,2023-05-24,337843.04,0.0311,327337.32,280757.49,46579.83,1298.99,4.762
TRX_0000461,RES_0000472,CUS_000397,PRJ_0006,PRJ_0006_U030,2026-01-02,290372.6,0.0369,279666.43,224439.78,55226.65,1349.94,5.792
TRX_0000462,RES_0000473,CUS_001711,PRJ_0026,PRJ_0026_U037,2024-09-22,255350.29,0.0293,247874.52,164416.68,83457.84,1378.03,6.671
TRX_0000463,RES_0000474,CUS_000225,PRJ_0016,PRJ_0016_U053,2024-04-18,240234.49,0.055,227032.53,180351.22,46681.31,821.85,4.344
TRX_0000464,RES_0000475,CUS_000587,PRJ_0008,PRJ_0008_U024,2024-02-25,403895.05,0.0334,390403.89,304509.23,85894.66,2137.16,6.569
TRX_0000465,RES_0000476,CUS_001497,PRJ_0025,PRJ_0025_U014,2025-11-25,289451.67,0.0586,272482.95,221516.75,50966.2,1551.05,6.831
TRX_0000466,RES_0000477,CUS_005822,PRJ_0007,PRJ_0007_U077,2024-02-14,371134.27,0.0316,359393.06,269359.6,90033.45,1657.97,5.536
TRX_0000467,RES_0000478,CUS_003462,PRJ_0022,PRJ_0022_U027,2024-03-01,437254.82,0.0437,418128.54,342046.57,76081.97,2328.53,6.683
TRX_0000468,RES_0000479,CUS_006022,PRJ_0005,PRJ_0005_U004,2025-11-07,209587.31,0.0347,202323.84,164853.71,37470.13,842.89,4.999
TRX_0000469,RES_0000480,CUS_005199,PRJ_0010,PRJ_0010_U058,2024-11-22,466612.59,0.0342,450649.53,410802.92,39846.61,1721.44,4.584
TRX_0000470,RES_0000481,CUS_004745,PRJ_0028,PRJ_0028_U044,2025-09-24,311153.3,0.0242,303638.65,236770.55,66868.09,1145.98,4.529
TRX_0000471,RES_0000482,CUS_001529,PRJ_0011,PRJ_0011_U031,2023-11-29,133175.02,0.0441,127299.01,100693.55,26605.46,550.0,5.185
TRX_0000472,RES_0000483,CUS_005512,PRJ_0003,PRJ_0003_U035,2025-12-25,181167.39,0.057,170841.53,138243.56,32597.97,826.31,5.804
TRX_0000473,RES_0000484,CUS_004713,PRJ_0013,PRJ_0013_U052,2025-04-14,427920.7,0.0288,415616.18,366761.31,48854.87,1531.42,4.422
TRX_0000474,RES_0000485,CUS_003525,PRJ_0009,PRJ_0009_U033,2023-04-28,347522.58,0.0364,334868.88,292407.69,42461.19,1172.01,4.2
TRX_0000475,RES_0000486,CUS_006444,PRJ_0008,PRJ_0008_U028,2025-10-12,348578.38,0.0198,341669.52,211479.81,130189.71,1497.33,5.259
TRX_0000476,RES_0000487,CUS_006180,PRJ_0014,PRJ_0014_U033,2026-02-16,252741.91,0.0384,243047.59,212879.16,30168.43,1035.29,5.112
TRX_0000477,RES_0000488,CUS_005350,PRJ_0005,PRJ_0005_U027,2023-04-03,583785.27,0.0511,553959.53,463723.45,90236.08,2637.12,5.713
TRX_0000478,RES_0000489,CUS_004353,PRJ_0014,PRJ_0014_U074,2026-05-19,285908.72,0.0152,281571.14,219382.65,62188.5,910.61,3.881
TRX_0000479,RES_0000490,CUS_000164,PRJ_0009,PRJ_0009_U035,2023-04-06,322192.04,0.0332,311499.63,241835.43,69664.2,1588.28,6.119
TRX_0000480,RES_0000491,CUS_005628,PRJ_0006,PRJ_0006_U094,2023-09-29,334231.48,0.0192,327798.67,233516.65,94282.02,1504.81,5.509
TRX_0000481,RES_0000492,CUS_004994,PRJ_0007,PRJ_0007_U013,2025-05-17,502535.25,0.0507,477058.25,399354.43,77703.82,2328.25,5.857
TRX_0000482,RES_0000493,CUS_004898,PRJ_0024,PRJ_0024_U090,2022-05-10,205502.17,0.0271,199926.31,136321.83,63604.49,749.93,4.501
TRX_0000483,RES_0000494,CUS_001591,PRJ_0010,PRJ_0010_U030,2024-11-09,325927.93,0.0283,316715.17,258369.22,58345.94,1499.23,5.68
TRX_0000484,RES_0000495,CUS_005518,PRJ_0026,PRJ_0026_U028,2024-09-23,222400.37,0.0323,215222.9,180932.07,34290.83,866.21,4.83
TRX_0000485,RES_0000496,CUS_003387,PRJ_0025,PRJ_0025_U002,2026-03-31,232933.61,0.0432,222859.64,176822.18,46037.46,1170.96,6.305
TRX_0000486,RES_0000497,CUS_001633,PRJ_0001,PRJ_0001_U061,2023-09-15,306584.66,0.0386,294744.04,269381.22,25362.82,1047.17,4.263
TRX_0000487,RES_0000498,CUS_002478,PRJ_0024,PRJ_0024_U047,2025-12-17,451775.36,0.0299,438247.0,392978.16,45268.84,1857.36,5.086
TRX_0000488,RES_0000500,CUS_003688,PRJ_0012,PRJ_0012_U028,2025-06-28,265735.35,0.0333,256891.67,223606.64,33285.03,1138.62,5.319
TRX_0000489,RES_0000501,CUS_003492,PRJ_0018,PRJ_0018_U078,2026-01-09,522251.64,0.0258,508757.7,441900.76,66856.95,2447.16,5.772
TRX_0000490,RES_0000502,CUS_003292,PRJ_0020,PRJ_0020_U031,2024-01-11,333115.92,0.0237,325205.73,237132.75,88072.98,1475.32,5.444
TRX_0000491,RES_0000503,CUS_005829,PRJ_0016,PRJ_0016_U032,2024-09-07,227672.29,0.0482,216703.27,203975.75,12727.52,872.84,4.833
TRX_0000492,RES_0000504,CUS_003981,PRJ_0001,PRJ_0001_U067,2024-01-27,400644.7,0.0301,388583.24,313841.86,74741.38,1272.98,3.931
TRX_0000493,RES_0000505,CUS_001409,PRJ_0026,PRJ_0026_U042,2024-09-29,493157.64,0.0289,478903.7,326231.94,152671.76,1579.25,3.957
TRX_0000494,RES_0000506,CUS_000495,PRJ_0022,PRJ_0022_U042,2023-05-13,559707.49,0.0243,546102.7,420514.03,125588.67,2839.7,6.24
TRX_0000495,RES_0000507,CUS_003503,PRJ_0012,PRJ_0012_U045,2025-03-03,394396.8,0.0379,379444.95,280959.04,98485.91,1539.0,4.867
TRX_0000496,RES_0000508,CUS_005852,PRJ_0020,PRJ_0020_U033,2023-12-03,289300.93,0.0466,275813.19,215452.11,60361.08,934.3,4.065
TRX_0000497,RES_0000509,CUS_003866,PRJ_0002,PRJ_0002_U018,2026-01-28,277134.65,0.0234,270657.43,233023.24,37634.19,908.43,4.028
TRX_0000498,RES_0000510,CUS_002405,PRJ_0015,PRJ_0015_U027,2024-10-11,467814.28,0.0297,453931.08,338998.66,114932.43,2104.25,5.563
TRX_0000499,RES_0000511,CUS_006441,PRJ_0021,PRJ_0021_U009,2024-09-04,287274.52,0.0391,276052.7,229901.34,46151.36,1046.01,4.547
TRX_0000500,RES_0000512,CUS_000821,PRJ_0014,PRJ_0014_U099,2026-02-16,400842.42,0.0513,380278.56,293505.63,86772.93,2139.0,6.75
TRX_0000501,RES_0000513,CUS_005196,PRJ_0001,PRJ_0001_U053,2023-06-04,477135.69,0.0253,465053.91,408872.58,56181.34,2274.83,5.87
TRX_0000502,RES_0000514,CUS_005527,PRJ_0003,PRJ_0003_U010,2025-12-20,281885.47,0.038,271182.49,235678.42,35504.07,1469.67,6.503
TRX_0000503,RES_0000515,CUS_000203,PRJ_0013,PRJ_0013_U058,2025-03-15,419040.65,0.0214,410078.87,317276.26,92802.61,1903.22,5.569
TRX_0000504,RES_0000516,CUS_004058,PRJ_0024,PRJ_0024_U097,2025-10-02,322560.09,0.0165,317223.52,248016.19,69207.32,1212.55,4.587
TRX_0000505,RES_0000517,CUS_001346,PRJ_0006,PRJ_0006_U080,2023-07-02,455891.15,0.0342,440304.91,384682.05,55622.86,1686.12,4.595
TRX_0000506,RES_0000518,CUS_003886,PRJ_0009,PRJ_0009_U024,2023-08-19,392465.2,0.0419,376005.21,262898.31,113106.91,1868.37,5.963
TRX_0000507,RES_0000519,CUS_004330,PRJ_0021,PRJ_0021_U019,2024-12-15,435087.89,0.04,417701.38,331958.71,85742.67,1573.92,4.522
TRX_0000508,RES_0000520,CUS_006177,PRJ_0002,PRJ_0002_U032,2025-05-22,273649.83,0.0326,264736.72,211823.61,52913.11,907.24,4.112
TRX_0000509,RES_0000521,CUS_001486,PRJ_0027,PRJ_0027_U063,2025-03-08,164054.75,0.0352,158282.93,122505.78,35777.15,644.36,4.885
TRX_0000510,RES_0000522,CUS_002175,PRJ_0023,PRJ_0023_U011,2024-07-14,731414.7,0.0355,705430.3,510665.72,194764.59,2757.06,4.69
TRX_0000511,RES_0000523,CUS_000628,PRJ_0008,PRJ_0008_U038,2022-12-05,524754.75,0.0431,502120.59,416044.65,86075.94,2556.24,6.109
TRX_0000512,RES_0000524,CUS_005772,PRJ_0015,PRJ_0015_U032,2024-12-11,280105.79,0.0254,272994.39,222807.6,50186.78,1284.17,5.645
TRX_0000513,RES_0000525,CUS_003052,PRJ_0022,PRJ_0022_U033,2023-06-17,620695.44,0.0447,592957.27,526468.52,66488.75,2192.92,4.438
TRX_0000514,RES_0000526,CUS_005410,PRJ_0010,PRJ_0010_U032,2025-01-22,298142.06,0.0324,288478.74,228078.89,60399.84,1296.26,5.392
TRX_0000515,RES_0000528,CUS_005984,PRJ_0002,PRJ_0002_U043,2025-04-24,312889.48,0.0291,303786.04,227852.07,75933.97,1142.3,4.512
TRX_0000516,RES_0000529,CUS_004396,PRJ_0020,PRJ_0020_U057,2024-04-04,305774.4,0.0397,293630.11,224251.51,69378.6,1612.3,6.589
TRX_0000517,RES_0000530,CUS_002443,PRJ_0012,PRJ_0012_U125,2026-01-06,635623.81,0.0317,615446.8,454936.63,160510.17,2842.04,5.541
TRX_0000518,RES_0000531,CUS_005234,PRJ_0014,PRJ_0014_U088,2026-01-08,345222.11,0.0278,335616.84,243699.58,91917.27,1318.43,4.714
TRX_0000519,RES_0000532,CUS_006066,PRJ_0025,PRJ_0025_U038,2025-12-04,328656.75,0.023,321081.94,276891.2,44190.74,1616.31,6.041
TRX_0000520,RES_0000533,CUS_000605,PRJ_0019,PRJ_0019_U060,2025-10-28,308444.86,0.0575,290700.74,271778.97,18921.77,1475.86,6.092
TRX_0000521,RES_0000534,CUS_005691,PRJ_0027,PRJ_0027_U007,2025-04-16,576676.27,0.0517,546854.44,400710.53,146143.91,2257.66,4.954
TRX_0000522,RES_0000535,CUS_003085,PRJ_0004,PRJ_0004_U064,2026-12-03,303978.77,0.0554,287149.17,211162.13,75987.05,1077.94,4.505
TRX_0000523,RES_0000536,CUS_000724,PRJ_0001,PRJ_0001_U028,2023-05-08,469452.04,0.0289,455908.13,419780.4,36127.73,2224.07,5.854
TRX_0000524,RES_0000537,CUS_000680,PRJ_0014,PRJ_0014_U083,2026-05-03,210208.45,0.0234,205295.48,166276.77,39018.7,982.16,5.741
TRX_0000525,RES_0000538,CUS_006492,PRJ_0023,PRJ_0023_U030,2025-03-16,340729.77,0.0286,330979.23,256686.51,74292.71,1609.84,5.837
TRX_0000526,RES_0000539,CUS_004300,PRJ_0001,PRJ_0001_U039,2023-05-22,319227.34,0.042,305805.98,261632.46,44173.52,1250.14,4.906
TRX_0000527,RES_0000540,CUS_002065,PRJ_0027,PRJ_0027_U053,2025-01-25,508580.25,0.0151,500921.0,398430.27,102490.73,2158.66,5.171
TRX_0000528,RES_0000541,CUS_004634,PRJ_0026,PRJ_0026_U055,2024-07-09,335077.14,0.048,319006.6,245834.14,73172.46,1113.56,4.189
TRX_0000529,RES_0000542,CUS_003793,PRJ_0025,PRJ_0025_U046,2025-12-13,270804.65,0.0409,259729.53,212968.75,46760.78,1381.65,6.383
TRX_0000530,RES_0000543,CUS_005449,PRJ_0022,PRJ_0022_U001,2023-03-09,332693.84,0.0249,324421.13,250805.47,73615.66,1242.17,4.595
TRX_0000531,RES_0000544,CUS_002140,PRJ_0003,PRJ_0003_U032,2025-07-17,386069.89,0.038,371392.95,282602.23,88790.72,1883.1,6.084
TRX_0000532,RES_0000545,CUS_005193,PRJ_0023,PRJ_0023_U060,2024-01-24,169400.88,0.035,163468.44,124417.8,39050.65,639.07,4.691
TRX_0000533,RES_0000546,CUS_005635,PRJ_0021,PRJ_0021_U025,2024-08-12,196914.34,0.0257,191845.53,133914.74,57930.79,966.26,6.044
TRX_0000534,RES_0000549,CUS_005387,PRJ_0016,PRJ_0016_U088,2025-02-17,382269.14,0.0364,368372.79,282568.61,85804.18,1650.31,5.376
TRX_0000535,RES_0000551,CUS_003231,PRJ_0003,PRJ_0003_U051,2025-11-25,270392.34,0.0316,261849.67,194393.24,67456.43,914.15,4.189
TRX_0000536,RES_0000552,CUS_005793,PRJ_0026,PRJ_0026_U014,2024-07-03,302819.7,0.031,293444.7,219660.03,73784.67,1322.5,5.408
TRX_0000537,RES_0000553,CUS_003419,PRJ_0024,PRJ_0024_U010,2024-07-03,296735.19,0.04,284872.74,232935.34,51937.4,1326.03,5.586
TRX_0000538,RES_0000554,CUS_001439,PRJ_0012,PRJ_0012_U033,2025-07-14,317825.38,0.0378,305806.67,245775.34,60031.33,1627.66,6.387
TRX_0000539,RES_0000555,CUS_003303,PRJ_0015,PRJ_0015_U002,2025-09-19,321756.2,0.0324,311315.43,224173.5,87141.93,1427.68,5.503
TRX_0000540,RES_0000556,CUS_004129,PRJ_0018,PRJ_0018_U048,2026-02-07,474742.7,0.0328,459150.89,317908.48,141242.41,2144.67,5.605
TRX_0000541,RES_0000557,CUS_005707,PRJ_0014,PRJ_0014_U012,2026-03-11,325446.76,0.0453,310716.43,276604.12,34112.31,1255.87,4.85
TRX_0000542,RES_0000559,CUS_006417,PRJ_0008,PRJ_0008_U041,2023-05-18,457513.48,0.0454,436733.76,316303.32,120430.44,2293.66,6.302
TRX_0000543,RES_0000560,CUS_001287,PRJ_0002,PRJ_0002_U003,2025-03-27,130239.12,0.0455,124308.76,98196.95,26111.8,550.0,5.309
TRX_0000544,RES_0000561,CUS_000647,PRJ_0001,PRJ_0001_U022,2023-05-21,613850.35,0.047,585022.02,509331.35,75690.66,2656.66,5.449
TRX_0000545,RES_0000562,CUS_001979,PRJ_0026,PRJ_0026_U008,2025-09-23,343119.54,0.0235,335049.9,258377.63,76672.27,1167.8,4.183
TRX_0000546,RES_0000563,CUS_006293,PRJ_0008,PRJ_0008_U088,2025-02-10,180226.03,0.039,173201.9,123846.57,49355.34,807.13,5.592
TRX_0000547,RES_0000564,CUS_004256,PRJ_0010,PRJ_0010_U048,2025-05-31,456713.73,0.0489,434383.36,345302.98,89080.38,2130.78,5.886
TRX_0000548,RES_0000565,CUS_005125,PRJ_0017,PRJ_0017_U058,2026-03-07,226675.03,0.0403,217548.36,146159.31,71389.05,1000.29,5.518
TRX_0000549,RES_0000566,CUS_005586,PRJ_0019,PRJ_0019_U020,2024-10-11,493102.7,0.0357,475515.86,351949.46,123566.39,2239.64,5.652
TRX_0000550,RES_0000567,CUS_003767,PRJ_0016,PRJ_0016_U043,2024-05-16,365864.13,0.035,353073.4,264176.48,88896.93,1906.08,6.478
TRX_0000551,RES_0000568,CUS_005303,PRJ_0006,PRJ_0006_U072,2024-04-18,211813.4,0.0151,208612.55,146643.45,61969.11,878.65,5.054
TRX_0000552,RES_0000569,CUS_003662,PRJ_0007,PRJ_0007_U039,2024-02-01,376224.58,0.0375,362112.43,304962.74,57149.69,1667.71,5.527
TRX_0000553,RES_0000570,CUS_001392,PRJ_0020,PRJ_0020_U015,2024-02-09,540308.73,0.0278,525311.41,430131.82,95179.58,1891.53,4.321
TRX_0000554,RES_0000571,CUS_000178,PRJ_0018,PRJ_0018_U076,2026-03-24,322778.03,0.0238,315089.54,251649.93,63439.61,1195.85,4.554
TRX_0000555,RES_0000572,CUS_005241,PRJ_0025,PRJ_0025_U039,2025-11-13,338368.6,0.0323,327431.05,233532.86,93898.19,1566.34,5.74
TRX_0000556,RES_0000573,CUS_003911,PRJ_0018,PRJ_0018_U059,2026-03-01,534731.18,0.0164,525960.3,401434.98,124525.32,2407.01,5.492
TRX_0000557,RES_0000574,CUS_004647,PRJ_0013,PRJ_0013_U017,2024-12-19,292127.25,0.0332,282436.65,208893.69,73542.95,1015.21,4.313
TRX_0000558,RES_0000575,CUS_006189,PRJ_0003,PRJ_0003_U053,2026-02-07,313276.19,0.0266,304955.97,242006.45,62949.53,1296.51,5.102
TRX_0000559,RES_0000576,CUS_002113,PRJ_0021,PRJ_0021_U002,2024-10-15,265493.33,0.0433,253995.61,215674.73,38320.88,986.98,4.663
TRX_0000560,RES_0000577,CUS_002354,PRJ_0023,PRJ_0023_U062,2023-11-29,578298.58,0.0213,565964.05,485351.73,80612.32,2787.93,5.911
TRX_0000561,RES_0000578,CUS_006148,PRJ_0013,PRJ_0013_U026,2025-02-21,331832.78,0.0296,322017.41,229833.01,92184.41,1187.6,4.426
TRX_0000562,RES_0000579,CUS_002737,PRJ_0013,PRJ_0013_U007,2025-01-24,321454.04,0.022,314369.02,252619.79,61749.23,1362.61,5.201
TRX_0000563,RES_0000580,CUS_005595,PRJ_0018,PRJ_0018_U037,2026-04-20,469231.0,0.0273,456428.95,359597.58,96831.37,1888.92,4.966
TRX_0000564,RES_0000581,CUS_005335,PRJ_0026,PRJ_0026_U051,2025-02-27,206995.76,0.0267,201475.96,157174.13,44301.82,930.7,5.543
TRX_0000565,RES_0000582,CUS_004424,PRJ_0025,PRJ_0025_U008,2025-11-18,206999.53,0.0284,201113.7,155403.91,45709.78,688.84,4.11
TRX_0000566,RES_0000583,CUS_002152,PRJ_0006,PRJ_0006_U073,2023-06-14,394767.4,0.0549,373080.08,337311.11,35768.97,1764.39,5.675
TRX_0000567,RES_0000584,CUS_001346,PRJ_0025,PRJ_0025_U041,2026-01-20,182358.57,0.0376,175496.63,141093.63,34403.01,756.1,5.17
TRX_0000568,RES_0000585,CUS_004581,PRJ_0027,PRJ_0027_U021,2025-03-02,252177.2,0.0256,245732.54,211574.31,34158.23,1217.98,5.948
TRX_0000569,RES_0000586,CUS_005785,PRJ_0018,PRJ_0018_U068,2026-02-08,277642.83,0.0332,268437.07,223666.66,44770.41,1366.81,6.11
TRX_0000570,RES_0000587,CUS_003242,PRJ_0002,PRJ_0002_U046,2025-08-21,198537.06,0.0345,191691.43,137484.69,54206.74,932.25,5.836
TRX_0000571,RES_0000588,CUS_001586,PRJ_0017,PRJ_0017_U070,2026-05-04,403611.34,0.0445,385647.21,272559.99,113087.22,1682.46,5.235
TRX_0000572,RES_0000589,CUS_001350,PRJ_0015,PRJ_0015_U011,2025-01-10,392022.29,0.033,379102.17,308984.1,70118.07,1289.47,4.082
TRX_0000573,RES_0000590,CUS_001848,PRJ_0011,PRJ_0011_U082,2023-11-03,340352.97,0.038,327416.73,283779.07,43637.66,1365.14,5.003
TRX_0000574,RES_0000591,CUS_001914,PRJ_0024,PRJ_0024_U085,2022-05-12,466365.25,0.046,444895.39,349760.61,95134.78,2379.59,6.418
TRX_0000575,RES_0000592,CUS_000001,PRJ_0005,PRJ_0005_U038,2024-04-01,363918.8,0.0387,349834.85,259104.56,90730.29,1622.46,5.565
TRX_0000576,RES_0000593,CUS_006248,PRJ_0011,PRJ_0011_U041,2023-12-08,351007.77,0.0452,335157.66,249217.8,85939.87,1435.55,5.14
TRX_0000577,RES_0000594,CUS_002464,PRJ_0001,PRJ_0001_U052,2023-06-30,418072.71,0.0384,402018.02,357496.76,44521.25,1757.33,5.246
TRX_0000578,RES_0000595,CUS_003540,PRJ_0024,PRJ_0024_U084,2022-07-11,197892.29,0.0322,191514.85,163879.16,27635.69,642.97,4.029
TRX_0000579,RES_0000596,CUS_005321,PRJ_0003,PRJ_0003_U006,2025-11-12,427233.86,0.0467,407299.16,310615.79,96683.37,2088.31,6.153
TRX_0000580,RES_0000597,CUS_002110,PRJ_0025,PRJ_0025_U022,2026-02-02,215086.54,0.05,204324.14,166968.01,37356.14,1117.3,6.562
TRX_0000581,RES_0000598,CUS_005600,PRJ_0014,PRJ_0014_U108,2026-03-19,330793.06,0.0388,317951.6,291111.93,26839.68,1384.94,5.227
TRX_0000582,RES_0000599,CUS_001914,PRJ_0013,PRJ_0013_U022,2025-01-10,381944.3,0.0459,364407.63,290101.5,74306.13,1659.01,5.463
TRX_0000583,RES_0000600,CUS_005072,PRJ_0024,PRJ_0024_U096,2022-10-19,254882.05,0.0205,249667.18,163243.96,86423.21,1126.89,5.416
TRX_0000584,RES_0000601,CUS_005631,PRJ_0015,PRJ_0015_U008,2025-06-30,388123.57,0.0341,374878.41,269474.86,105403.55,1540.2,4.93
TRX_0000585,RES_0000602,CUS_001866,PRJ_0012,PRJ_0012_U061,2025-08-02,297978.08,0.0344,287722.37,266133.16,21589.22,1004.25,4.188
TRX_0000586,RES_0000603,CUS_005762,PRJ_0005,PRJ_0005_U001,2026-01-17,380341.0,0.0328,367861.77,281494.93,86366.83,1563.67,5.101
TRX_0000587,RES_0000604,CUS_001840,PRJ_0011,PRJ_0011_U015,2024-02-03,287501.57,0.0273,279663.67,190630.9,89032.78,1165.03,4.999
TRX_0000588,RES_0000605,CUS_005086,PRJ_0016,PRJ_0016_U069,2026-01-25,352690.25,0.0241,344175.04,266111.76,78063.28,1698.01,5.92
TRX_0000589,RES_0000606,CUS_002827,PRJ_0007,PRJ_0007_U002,2024-03-11,228749.16,0.0323,221351.8,178042.5,43309.3,1186.19,6.431
TRX_0000590,RES_0000607,CUS_004688,PRJ_0015,PRJ_0015_U006,2025-01-05,348844.74,0.0385,335403.51,271094.42,64309.09,1694.0,6.061
TRX_0000591,RES_0000608,CUS_006146,PRJ_0009,PRJ_0009_U048,2024-07-04,297908.98,0.0544,281701.16,228334.21,53366.96,1182.21,5.036
TRX_0000592,RES_0000609,CUS_005585,PRJ_0027,PRJ_0027_U060,2025-05-21,302957.44,0.0387,291233.49,212027.56,79205.93,973.55,4.011
TRX_0000593,RES_0000610,CUS_004351,PRJ_0003,PRJ_0003_U050,2025-08-24,224320.23,0.0366,216118.15,175088.49,41029.66,819.83,4.552
TRX_0000594,RES_0000611,CUS_005733,PRJ_0013,PRJ_0013_U057,2025-07-11,338326.95,0.0487,321866.38,273393.76,48472.62,1472.07,5.488
TRX_0000595,RES_0000612,CUS_001834,PRJ_0001,PRJ_0001_U043,2023-09-19,394175.38,0.0406,378158.17,295106.91,83051.27,1479.12,4.694
TRX_0000596,RES_0000613,CUS_003438,PRJ_0016,PRJ_0016_U006,2025-11-24,466988.37,0.051,443186.21,309315.98,133870.23,2529.2,6.848
TRX_0000597,RES_0000614,CUS_003869,PRJ_0005,PRJ_0005_U024,2023-04-29,130438.85,0.035,125871.47,87065.42,38806.05,593.59,5.659
TRX_0000598,RES_0000615,CUS_004855,PRJ_0021,PRJ_0021_U027,2024-12-31,448862.2,0.0432,429475.15,359656.75,69818.4,1664.26,4.65
TRX_0000599,RES_0000616,CUS_000568,PRJ_0004,PRJ_0004_U058,2026-07-06,252697.92,0.054,239042.19,186843.95,52198.24,849.04,4.262
TRX_0000600,RES_0000617,CUS_000209,PRJ_0005,PRJ_0005_U025,2025-10-13,411275.59,0.0442,393081.11,324579.48,68501.63,1655.32,5.053
TRX_0000601,RES_0000618,CUS_000340,PRJ_0025,PRJ_0025_U040,2026-01-28,430487.13,0.0178,422817.47,323527.8,99289.67,1919.77,5.449
TRX_0000602,RES_0000619,CUS_001439,PRJ_0006,PRJ_0006_U065,2023-09-16,320768.24,0.0465,305841.07,238331.93,67509.13,1166.41,4.577
TRX_0000603,RES_0000620,CUS_006036,PRJ_0015,PRJ_0015_U018,2025-12-27,216502.35,0.0351,208898.37,136549.73,72348.64,1012.82,5.818
TRX_0000604,RES_0000621,CUS_003294,PRJ_0005,PRJ_0005_U059,2023-01-17,314871.05,0.0229,307667.43,222222.17,85445.27,1302.69,5.081
TRX_0000605,RES_0000622,CUS_001126,PRJ_0009,PRJ_0009_U046,2023-03-30,409760.12,0.0162,403119.36,369719.3,33400.07,1690.15,5.031
TRX_0000606,RES_0000623,CUS_000813,PRJ_0007,PRJ_0007_U036,2024-12-22,555043.81,0.0334,536483.61,443947.15,92536.46,2085.55,4.665
TRX_0000607,RES_0000624,CUS_003473,PRJ_0025,PRJ_0025_U016,2026-04-24,402709.16,0.0402,386530.51,301687.58,84842.93,1478.75,4.591
TRX_0000608,RES_0000625,CUS_003340,PRJ_0019,PRJ_0019_U077,2024-07-13,259482.96,0.0231,253496.54,194423.8,59072.74,965.17,4.569
TRX_0000609,RES_0000626,CUS_002583,PRJ_0003,PRJ_0003_U012,2025-12-17,399518.38,0.0434,382190.21,321597.8,60592.41,1776.48,5.578
TRX_0000610,RES_0000627,CUS_006496,PRJ_0022,PRJ_0022_U036,2024-08-10,532446.13,0.0538,503803.35,455113.5,48689.85,2084.43,4.965
TRX_0000611,RES_0000628,CUS_006332,PRJ_0006,PRJ_0006_U040,2025-07-29,604659.47,0.0486,575274.68,463163.29,112111.39,2500.59,5.216
TRX_0000612,RES_0000629,CUS_004095,PRJ_0025,PRJ_0025_U010,2025-12-04,466794.12,0.0157,459473.45,328764.19,130709.26,1510.86,3.946
TRX_0000613,RES_0000630,CUS_000104,PRJ_0017,PRJ_0017_U006,2026-05-08,280995.22,0.0255,273842.51,190341.36,83501.14,1500.67,6.576
TRX_0000614,RES_0000631,CUS_005889,PRJ_0013,PRJ_0013_U041,2025-06-25,398736.75,0.0503,378670.81,296987.08,81683.73,1787.75,5.665
TRX_0000615,RES_0000632,CUS_002621,PRJ_0007,PRJ_0007_U031,2024-04-22,610990.33,0.0384,587555.46,468695.11,118860.35,2181.94,4.456
TRX_0000616,RES_0000633,CUS_001544,PRJ_0007,PRJ_0007_U023,2024-05-02,410001.06,0.0446,391731.36,296796.68,94934.68,1865.27,5.714
TRX_0000617,RES_0000634,CUS_006265,PRJ_0014,PRJ_0014_U094,2026-04-25,333231.38,0.0413,319482.42,269247.44,50234.98,1560.23,5.86
TRX_0000618,RES_0000635,CUS_003104,PRJ_0018,PRJ_0018_U039,2026-03-22,412127.87,0.032,398956.82,259853.56,139103.26,1356.59,4.08
TRX_0000619,RES_0000636,CUS_003917,PRJ_0011,PRJ_0011_U011,2025-03-02,376040.42,0.0167,369759.71,287850.71,81909.0,1853.78,6.016
TRX_0000620,RES_0000637,CUS_001922,PRJ_0017,PRJ_0017_U103,2026-02-13,359146.71,0.0476,342059.6,291698.64,50360.96,1494.7,5.244
TRX_0000621,RES_0000638,CUS_002458,PRJ_0017,PRJ_0017_U048,2026-02-18,265951.59,0.0412,254990.53,182818.47,72172.06,1224.51,5.763
TRX_0000622,RES_0000639,CUS_004409,PRJ_0025,PRJ_0025_U003,2026-02-09,261397.42,0.0428,250218.13,214432.22,35785.9,1165.48,5.589
TRX_0000623,RES_0000640,CUS_000928,PRJ_0022,PRJ_0022_U034,2023-05-09,629416.95,0.0391,604796.99,542031.2,62765.79,2252.05,4.468
TRX_0000624,RES_0000641,CUS_005824,PRJ_0020,PRJ_0020_U004,2024-03-14,300379.7,0.0383,288880.72,219774.55,69106.18,1263.24,5.247
TRX_0000625,RES_0000642,CUS_003706,PRJ_0005,PRJ_0005_U056,2024-05-14,246316.91,0.0462,234927.86,169961.2,64966.66,1133.75,5.791
TRX_0000626,RES_0000643,CUS_004400,PRJ_0016,PRJ_0016_U009,2024-05-04,288762.75,0.0265,281124.19,194799.74,86324.45,1339.94,5.72
TRX_0000627,RES_0000644,CUS_004657,PRJ_0012,PRJ_0012_U115,2025-11-22,477012.17,0.0356,460025.76,365417.49,94608.27,1605.95,4.189
TRX_0000628,RES_0000645,CUS_003868,PRJ_0012,PRJ_0012_U096,2025-07-27,261696.04,0.0409,250991.88,211442.85,39549.03,1294.21,6.188
TRX_0000629,RES_0000646,CUS_003379,PRJ_0013,PRJ_0013_U025,2025-05-04,159326.63,0.0368,153471.28,113924.34,39546.93,704.98,5.512
TRX_0000630,RES_0000647,CUS_002954,PRJ_0027,PRJ_0027_U087,2025-05-23,326054.56,0.0369,314028.6,229056.74,84971.86,1353.86,5.174
TRX_0000631,RES_0000648,CUS_003458,PRJ_0022,PRJ_0022_U015,2023-03-23,291437.91,0.0359,280972.26,213657.23,67315.03,1193.46,5.097
TRX_0000632,RES_0000649,CUS_001851,PRJ_0022,PRJ_0022_U019,2023-05-15,511898.0,0.0361,493411.73,361343.55,132068.18,2262.13,5.502
TRX_0000633,RES_0000650,CUS_001636,PRJ_0019,PRJ_0019_U052,2025-06-05,342305.46,0.0371,329606.84,242923.61,86683.22,1754.74,6.388
TRX_0000634,RES_0000651,CUS_001804,PRJ_0015,PRJ_0015_U007,2025-01-24,356087.7,0.0409,341517.89,269949.53,71568.36,1731.0,6.082
TRX_0000635,RES_0000652,CUS_002377,PRJ_0006,PRJ_0006_U066,2023-11-26,311115.06,0.0448,297169.45,225137.36,72032.09,1017.44,4.109
TRX_0000636,RES_0000653,CUS_005337,PRJ_0008,PRJ_0008_U001,2023-09-03,228762.29,0.0485,217659.25,148757.9,68901.35,1183.7,6.526
TRX_0000637,RES_0000654,CUS_006215,PRJ_0009,PRJ_0009_U021,2023-05-09,298544.29,0.0543,282339.28,209380.84,72958.44,1331.9,5.661
TRX_0000638,RES_0000655,CUS_003089,PRJ_0021,PRJ_0021_U015,2024-12-05,292694.71,0.0292,284154.68,202126.7,82027.97,1437.72,6.072
TRX_0000639,RES_0000656,CUS_000561,PRJ_0027,PRJ_0027_U043,2025-02-19,320907.87,0.0367,309129.27,202248.79,106880.48,1655.25,6.425
TRX_0000640,RES_0000657,CUS_003071,PRJ_0026,PRJ_0026_U038,2024-10-25,418769.62,0.0488,398342.27,291914.47,106427.8,2234.93,6.733
TRX_0000641,RES_0000658,CUS_002315,PRJ_0001,PRJ_0001_U018,2023-05-31,645926.74,0.03,626550.53,460016.1,166534.44,2105.14,4.032
TRX_0000642,RES_0000659,CUS_003310,PRJ_0009,PRJ_0009_U044,2023-10-04,464330.26,0.0326,449213.39,329116.27,120097.12,1553.14,4.149
TRX_0000643,RES_0000660,CUS_005266,PRJ_0023,PRJ_0023_U023,2025-08-14,454988.13,0.0443,434818.42,381763.22,53055.2,1866.03,5.15
TRX_0000644,RES_0000661,CUS_003763,PRJ_0014,PRJ_0014_U068,2026-03-06,302174.27,0.0457,288378.62,204439.33,83939.29,1601.83,6.666
TRX_0000645,RES_0000662,CUS_003551,PRJ_0027,PRJ_0027_U017,2025-04-08,522703.26,0.0298,507128.11,356342.25,150785.86,1960.11,4.638
TRX_0000646,RES_0000663,CUS_005828,PRJ_0022,PRJ_0022_U023,2025-08-07,684929.37,0.0316,663318.15,459009.6,204308.56,3709.35,6.711
TRX_0000647,RES_0000664,CUS_002038,PRJ_0004,PRJ_0004_U099,2026-10-22,209770.71,0.0344,202545.12,147006.7,55538.42,1002.28,5.938
TRX_0000648,RES_0000665,CUS_003799,PRJ_0013,PRJ_0013_U010,2024-12-26,439195.26,0.0384,422345.85,307230.92,115114.93,1850.28,5.257
TRX_0000649,RES_0000666,CUS_000226,PRJ_0017,PRJ_0017_U098,2026-03-03,268516.96,0.031,260199.04,216790.4,43408.63,1407.67,6.492
TRX_0000650,RES_0000667,CUS_004043,PRJ_0025,PRJ_0025_U034,2025-12-07,119755.17,0.0242,116851.29,86078.82,30772.47,564.13,5.793
TRX_0000651,RES_0000668,CUS_003544,PRJ_0024,PRJ_0024_U056,2025-11-23,430911.4,0.0465,410894.67,366611.5,44283.17,2188.22,6.391
TRX_0000652,RES_0000669,CUS_000541,PRJ_0016,PRJ_0016_U005,2024-05-31,281349.79,0.0555,265722.49,242853.99,22868.49,1250.4,5.647
TRX_0000653,RES_0000670,CUS_006484,PRJ_0022,PRJ_0022_U010,2025-04-03,370273.59,0.0305,358982.38,289021.7,69960.68,1333.08,4.456
TRX_0000654,RES_0000671,CUS_002083,PRJ_0027,PRJ_0027_U028,2025-07-01,163087.01,0.0183,160098.94,112743.09,47355.85,550.0,4.122
TRX_0000655,RES_0000672,CUS_000011,PRJ_0017,PRJ_0017_U023,2026-04-08,576443.64,0.0365,555405.54,398927.63,156477.91,2329.15,5.032
TRX_0000656,RES_0000673,CUS_005215,PRJ_0021,PRJ_0021_U010,2024-11-11,386763.65,0.023,377850.15,323426.47,54423.68,1976.8,6.278
TRX_0000657,RES_0000674,CUS_004114,PRJ_0008,PRJ_0008_U061,2022-11-24,342252.51,0.0216,334863.25,306098.67,28764.58,1097.22,3.932
TRX_0000658,RES_0000675,CUS_001184,PRJ_0019,PRJ_0019_U081,2025-06-12,662999.34,0.0208,649224.49,473454.2,175770.29,2209.44,4.084
TRX_0000659,RES_0000676,CUS_003184,PRJ_0015,PRJ_0015_U026,2024-08-10,390746.06,0.0433,373822.32,261369.48,112452.85,1807.93,5.804
TRX_0000660,RES_0000677,CUS_001762,PRJ_0009,PRJ_0009_U070,2023-01-29,368236.94,0.036,354987.72,264013.82,90973.91,1432.3,4.842
TRX_0000661,RES_0000678,CUS_000152,PRJ_0013,PRJ_0013_U029,2025-04-10,332949.92,0.0556,314436.38,245775.31,68661.07,1704.8,6.506
TRX_0000662,RES_0000679,CUS_006266,PRJ_0001,PRJ_0001_U065,2023-09-06,483411.3,0.0386,464741.93,353881.99,110859.94,2172.74,5.61
TRX_0000663,RES_0000680,CUS_004195,PRJ_0024,PRJ_0024_U075,2022-05-13,285597.45,0.0581,269016.75,243919.71,25097.04,1220.44,5.444
TRX_0000664,RES_0000681,CUS_002568,PRJ_0008,PRJ_0008_U084,2023-07-05,337117.71,0.0265,328192.7,226210.56,101982.15,1392.12,5.09
TRX_0000665,RES_0000682,CUS_004658,PRJ_0027,PRJ_0027_U064,2025-01-08,291947.72,0.0474,278118.72,231335.79,46782.93,1434.59,6.19
TRX_0000666,RES_0000683,CUS_006242,PRJ_0020,PRJ_0020_U028,2024-11-21,212110.97,0.0348,204733.59,153615.11,51118.48,673.02,3.945
TRX_0000667,RES_0000684,CUS_000547,PRJ_0028,PRJ_0028_U030,2025-11-29,367080.83,0.0335,354786.5,280092.78,74693.71,1675.88,5.668
TRX_0000668,RES_0000685,CUS_000774,PRJ_0027,PRJ_0027_U051,2026-01-23,362061.15,0.0318,350543.1,289521.1,61022.0,1907.31,6.529
TRX_0000669,RES_0000686,CUS_004529,PRJ_0011,PRJ_0011_U037,2023-12-10,329486.08,0.0526,312162.21,253181.07,58981.15,1440.25,5.537
TRX_0000670,RES_0000687,CUS_003104,PRJ_0015,PRJ_0015_U001,2024-08-08,338523.8,0.0303,328258.23,237141.32,91116.91,1318.02,4.818
TRX_0000671,RES_0000688,CUS_005985,PRJ_0017,PRJ_0017_U041,2025-12-15,332409.86,0.0326,321558.12,253837.6,67720.52,1480.53,5.525
TRX_0000672,RES_0000689,CUS_002552,PRJ_0011,PRJ_0011_U087,2023-12-26,258196.33,0.027,251226.35,196368.98,54857.37,1111.28,5.308
TRX_0000673,RES_0000690,CUS_005399,PRJ_0014,PRJ_0014_U035,2026-01-01,186615.19,0.0483,177597.79,143871.74,33726.06,712.3,4.813
TRX_0000674,RES_0000691,CUS_000837,PRJ_0012,PRJ_0012_U073,2026-01-03,333595.96,0.0497,317019.82,247559.12,69460.69,1474.44,5.581
TRX_0000675,RES_0000692,CUS_002596,PRJ_0014,PRJ_0014_U061,2026-02-13,442526.56,0.0213,433103.15,291590.19,141512.96,1741.46,4.825
TRX_0000676,RES_0000693,CUS_004166,PRJ_0007,PRJ_0007_U058,2024-05-07,528390.03,0.044,505156.01,423636.83,81519.18,1831.67,4.351
TRX_0000677,RES_0000694,CUS_005042,PRJ_0018,PRJ_0018_U047,2025-12-10,409875.92,0.0584,385945.47,338957.42,46988.05,2027.92,6.305
TRX_0000678,RES_0000695,CUS_000664,PRJ_0016,PRJ_0016_U008,2025-12-17,150864.69,0.0509,143182.92,110869.29,32313.63,655.54,5.494
TRX_0000679,RES_0000696,CUS_001396,PRJ_0008,PRJ_0008_U035,2024-04-20,263325.04,0.0316,255009.88,184950.5,70059.39,1090.48,5.131
TRX_0000680,RES_0000697,CUS_000661,PRJ_0015,PRJ_0015_U019,2024-12-04,415099.14,0.032,401825.63,281045.55,120780.09,2054.04,6.134
TRX_0000681,RES_0000698,CUS_004617,PRJ_0001,PRJ_0001_U029,2023-07-04,780102.71,0.0318,755266.71,528350.71,226916.0,2833.69,4.502
TRX_0000682,RES_0000699,CUS_002828,PRJ_0018,PRJ_0018_U001,2025-12-16,568831.25,0.04,546054.48,436284.76,109769.72,1873.19,4.116
TRX_0000683,RES_0000700,CUS_003893,PRJ_0019,PRJ_0019_U015,2024-03-15,223760.7,0.0244,218291.34,165209.7,53081.64,1198.05,6.586
TRX_0000684,RES_0000701,CUS_006100,PRJ_0011,PRJ_0011_U008,2023-10-07,340099.67,0.0189,333669.85,281833.96,51835.89,1534.98,5.52
TRX_0000685,RES_0000702,CUS_004335,PRJ_0005,PRJ_0005_U050,2025-11-10,279176.56,0.0462,266282.29,234784.36,31497.93,1419.35,6.396
TRX_0000686,RES_0000703,CUS_001548,PRJ_0019,PRJ_0019_U017,2024-04-14,643941.36,0.032,623345.37,471204.06,152141.31,2725.66,5.247
TRX_0000687,RES_0000704,CUS_005450,PRJ_0026,PRJ_0026_U004,2024-12-18,311207.29,0.0335,300788.95,248777.17,52011.78,1621.94,6.471
TRX_0000688,RES_0000705,CUS_006113,PRJ_0024,PRJ_0024_U019,2024-10-04,453412.03,0.0314,439190.17,365369.98,73820.19,2331.81,6.371
TRX_0000689,RES_0000706,CUS_002035,PRJ_0010,PRJ_0010_U029,2024-10-16,461380.8,0.0296,447734.2,359610.15,88124.06,1505.5,4.035
TRX_0000690,RES_0000707,CUS_003000,PRJ_0009,PRJ_0009_U041,2023-01-31,642538.08,0.0436,614533.4,501044.82,113488.58,3224.22,6.296
TRX_0000691,RES_0000708,CUS_000016,PRJ_0001,PRJ_0001_U020,2023-06-24,494196.24,0.0416,473653.48,401099.68,72553.8,1637.82,4.149
TRX_0000692,RES_0000709,CUS_003362,PRJ_0028,PRJ_0028_U016,2025-12-12,150733.99,0.0523,142851.98,101410.78,41441.2,725.79,6.097
TRX_0000693,RES_0000710,CUS_002554,PRJ_0011,PRJ_0011_U064,2024-02-26,482824.14,0.0103,477858.88,375803.83,102055.04,2360.02,5.926
TRX_0000694,RES_0000711,CUS_001012,PRJ_0016,PRJ_0016_U080,2026-01-26,237206.77,0.0366,228516.12,185762.66,42753.46,1268.86,6.663
TRX_0000695,RES_0000712,CUS_003982,PRJ_0015,PRJ_0015_U004,2025-01-21,412665.44,0.0414,395561.57,340024.18,55537.4,1481.03,4.493
TRX_0000696,RES_0000713,CUS_000723,PRJ_0002,PRJ_0002_U024,2025-05-10,432874.67,0.0148,426453.73,371209.75,55243.98,2175.86,6.123
TRX_0000697,RES_0000714,CUS_004065,PRJ_0004,PRJ_0004_U054,2026-10-04,381522.6,0.0584,359253.44,299660.46,59592.98,1965.21,6.564
TRX_0000698,RES_0000715,CUS_002598,PRJ_0011,PRJ_0011_U025,2023-10-01,466436.52,0.0461,444954.85,345839.67,99115.17,2471.58,6.666
TRX_0000699,RES_0000716,CUS_001370,PRJ_0027,PRJ_0027_U042,2025-03-31,361646.45,0.0333,349593.33,296355.06,53238.28,1610.46,5.528
TRX_0000700,RES_0000717,CUS_001789,PRJ_0026,PRJ_0026_U030,2025-11-21,219702.66,0.0462,209552.07,191018.95,18533.12,1030.41,5.901
TRX_0000701,RES_0000718,CUS_000836,PRJ_0006,PRJ_0006_U057,2023-09-21,191046.45,0.0234,186583.68,137894.02,48689.66,1015.66,6.532
TRX_0000702,RES_0000719,CUS_004761,PRJ_0010,PRJ_0010_U003,2025-09-16,635019.7,0.0315,615040.45,511867.8,103172.65,2744.83,5.355
TRX_0000703,RES_0000720,CUS_001559,PRJ_0021,PRJ_0021_U026,2025-07-29,324351.41,0.037,312350.49,246492.18,65858.31,1255.06,4.822
TRX_0000704,RES_0000721,CUS_002874,PRJ_0014,PRJ_0014_U086,2026-04-26,288897.09,0.0338,279131.27,211618.47,67512.79,1136.08,4.884
TRX_0000705,RES_0000722,CUS_002928,PRJ_0026,PRJ_0026_U027,2024-08-02,148859.21,0.0303,144352.04,109832.02,34520.02,732.63,6.09
TRX_0000706,RES_0000723,CUS_004092,PRJ_0002,PRJ_0002_U031,2025-06-13,549111.28,0.0203,537989.68,418672.8,119316.88,2574.86,5.743
TRX_0000707,RES_0000724,CUS_000087,PRJ_0023,PRJ_0023_U016,2023-11-05,558236.98,0.0344,539049.45,483205.77,55843.69,1929.97,4.296
TRX_0000708,RES_0000725,CUS_000601,PRJ_0018,PRJ_0018_U055,2026-04-03,412502.47,0.0121,407529.76,377971.18,29558.57,1371.24,4.038
TRX_0000709,RES_0000726,CUS_001903,PRJ_0022,PRJ_0022_U032,2025-06-12,438621.55,0.021,429409.76,338006.17,91403.59,2265.08,6.33
TRX_0000710,RES_0000727,CUS_004224,PRJ_0019,PRJ_0019_U009,2024-03-11,378693.82,0.0432,362345.6,259198.19,103147.41,1226.83,4.063
TRX_0000711,RES_0000728,CUS_004690,PRJ_0026,PRJ_0026_U005,2024-10-20,296364.87,0.0289,287809.7,249723.99,38085.72,1130.36,4.713
TRX_0000712,RES_0000729,CUS_001993,PRJ_0024,PRJ_0024_U070,2022-09-09,414526.08,0.0293,402391.55,297719.96,104671.59,2111.67,6.297
TRX_0000713,RES_0000730,CUS_002018,PRJ_0016,PRJ_0016_U065,2024-08-25,257243.77,0.0276,250147.12,192276.4,57870.72,1170.4,5.615
TRX_0000714,RES_0000731,CUS_002325,PRJ_0005,PRJ_0005_U052,2023-10-25,160141.66,0.0253,156082.95,107867.23,48215.72,770.24,5.922
TRX_0000715,RES_0000732,CUS_003881,PRJ_0004,PRJ_0004_U109,2026-09-05,283580.97,0.0417,271769.13,215522.56,56246.57,1000.31,4.417
TRX_0000716,RES_0000733,CUS_005615,PRJ_0008,PRJ_0008_U079,2023-03-08,370423.43,0.0322,358488.45,302324.7,56163.75,1377.11,4.61
TRX_0000717,RES_0000734,CUS_001979,PRJ_0026,PRJ_0026_U036,2024-07-21,222617.06,0.0313,215658.84,171498.57,44160.27,1129.19,6.283
TRX_0000718,RES_0000735,CUS_002954,PRJ_0016,PRJ_0016_U041,2024-04-30,338510.53,0.0486,322062.47,262018.74,60043.73,1574.29,5.866
TRX_0000719,RES_0000736,CUS_005023,PRJ_0006,PRJ_0006_U007,2023-10-26,336195.21,0.0125,331997.61,276135.58,55862.03,1280.9,4.63
TRX_0000720,RES_0000737,CUS_003209,PRJ_0006,PRJ_0006_U098,2023-05-16,570564.9,0.0387,548491.07,392347.87,156143.2,2233.27,4.886
TRX_0000721,RES_0000738,CUS_004953,PRJ_0019,PRJ_0019_U100,2024-05-04,353125.55,0.0302,342473.17,252879.7,89593.47,1140.73,3.997
TRX_0000722,RES_0000739,CUS_002249,PRJ_0002,PRJ_0002_U022,2026-01-22,315903.23,0.045,301684.0,228201.85,73482.15,1297.93,5.163
TRX_0000723,RES_0000740,CUS_001961,PRJ_0017,PRJ_0017_U035,2026-01-10,263896.07,0.0302,255937.86,201201.93,54735.93,1408.09,6.602
TRX_0000724,RES_0000741,CUS_006133,PRJ_0012,PRJ_0012_U059,2025-03-28,429954.18,0.0333,415620.23,321596.36,94023.88,1433.02,4.137
TRX_0000725,RES_0000742,CUS_005314,PRJ_0013,PRJ_0013_U035,2025-04-06,352733.55,0.0437,337330.51,263466.41,73864.1,1580.87,5.624
TRX_0000726,RES_0000743,CUS_006484,PRJ_0025,PRJ_0025_U017,2025-12-19,328182.19,0.035,316694.79,243937.74,72757.05,1517.0,5.748
TRX_0000727,RES_0000744,CUS_005018,PRJ_0024,PRJ_0024_U009,2022-09-15,261593.38,0.0324,253106.69,210640.53,42466.16,1289.04,6.111
TRX_0000728,RES_0000745,CUS_005111,PRJ_0006,PRJ_0006_U060,2023-12-27,458211.97,0.0374,441066.32,354048.44,87017.88,1644.35,4.474
TRX_0000729,RES_0000746,CUS_003303,PRJ_0023,PRJ_0023_U025,2024-03-05,454512.12,0.0414,435680.04,302491.73,133188.3,1722.58,4.745
TRX_0000730,RES_0000747,CUS_001593,PRJ_0009,PRJ_0009_U077,2024-10-01,362863.38,0.0558,342618.04,280326.74,62291.3,1321.72,4.629
TRX_0000731,RES_0000748,CUS_003199,PRJ_0022,PRJ_0022_U035,2023-07-24,623156.5,0.0337,602158.87,488694.39,113464.48,2691.69,5.364
TRX_0000732,RES_0000749,CUS_001916,PRJ_0017,PRJ_0017_U030,2026-03-13,314691.2,0.0325,304470.31,274882.02,29588.29,1402.31,5.527
TRX_0000733,RES_0000750,CUS_001087,PRJ_0009,PRJ_0009_U057,2023-05-03,436491.53,0.0291,423778.69,320656.76,103121.93,1602.45,4.538
TRX_0000734,RES_0000751,CUS_003160,PRJ_0009,PRJ_0009_U019,2025-12-02,697101.35,0.0416,668108.79,506133.96,161974.83,2454.75,4.409
TRX_0000735,RES_0000752,CUS_004136,PRJ_0012,PRJ_0012_U067,2025-03-02,327410.78,0.0416,313775.97,262017.9,51758.07,1128.02,4.314
TRX_0000736,RES_0000753,CUS_001852,PRJ_0003,PRJ_0003_U031,2025-11-05,371863.98,0.0257,362324.83,234123.05,128201.77,1634.24,5.413
TRX_0000737,RES_0000754,CUS_006457,PRJ_0026,PRJ_0026_U039,2024-07-09,474382.0,0.0345,457999.96,357565.16,100434.8,1837.85,4.815
TRX_0000738,RES_0000755,CUS_005139,PRJ_0022,PRJ_0022_U016,2023-03-27,692195.72,0.0186,679331.55,467084.67,212246.89,3581.86,6.327
TRX_0000739,RES_0000756,CUS_000931,PRJ_0014,PRJ_0014_U062,2026-03-26,249850.54,0.0277,242941.3,174286.32,68654.98,1156.04,5.71
TRX_0000740,RES_0000757,CUS_000317,PRJ_0027,PRJ_0027_U058,2025-02-12,378467.6,0.0398,363397.4,290953.06,72444.34,1584.73,5.233
TRX_0000741,RES_0000758,CUS_002048,PRJ_0012,PRJ_0012_U082,2025-04-30,240110.99,0.0326,232279.12,195717.93,36561.18,834.78,4.313
TRX_0000742,RES_0000759,CUS_000416,PRJ_0027,PRJ_0027_U072,2025-07-03,195194.21,0.0344,188470.26,153845.12,34625.15,851.11,5.419
TRX_0000743,RES_0000760,CUS_004361,PRJ_0018,PRJ_0018_U006,2025-12-26,218267.59,0.0299,211736.02,163272.6,48463.42,1155.21,6.547
TRX_0000744,RES_0000761,CUS_002917,PRJ_0011,PRJ_0011_U030,2024-01-07,299223.46,0.0291,290529.64,225366.44,65163.2,1105.5,4.566
TRX_0000745,RES_0000762,CUS_005668,PRJ_0024,PRJ_0024_U076,2025-08-26,436637.74,0.0436,417619.72,272335.39,145284.33,1477.69,4.246
TRX_0000746,RES_0000763,CUS_001602,PRJ_0008,PRJ_0008_U059,2024-04-11,278393.42,0.0167,273742.93,190084.29,83658.63,940.05,4.121
TRX_0000747,RES_0000764,CUS_002054,PRJ_0002,PRJ_0002_U007,2025-05-06,238179.08,0.0487,226589.42,212455.05,14134.38,1222.0,6.472
TRX_0000748,RES_0000765,CUS_003333,PRJ_0021,PRJ_0021_U012,2026-02-01,216328.26,0.0402,207631.14,164529.56,43101.58,725.29,4.192
TRX_0000749,RES_0000766,CUS_000909,PRJ_0025,PRJ_0025_U031,2026-02-24,343407.94,0.051,325888.39,247870.53,78017.86,1347.2,4.961
TRX_0000750,RES_0000767,CUS_001656,PRJ_0004,PRJ_0004_U080,2026-09-28,422233.5,0.0415,404726.47,273513.44,131213.03,2205.41,6.539
TRX_0000751,RES_0000768,CUS_004087,PRJ_0007,PRJ_0007_U081,2024-07-02,405461.74,0.0373,390322.72,296353.97,93968.75,1624.26,4.994
TRX_0000752,RES_0000769,CUS_000728,PRJ_0001,PRJ_0001_U032,2023-08-27,603714.58,0.0372,581245.14,444488.26,136756.88,2477.67,5.115
TRX_0000753,RES_0000770,CUS_002679,PRJ_0018,PRJ_0018_U060,2026-05-23,632899.31,0.0241,617617.5,462873.07,154744.43,3074.39,5.973
TRX_0000754,RES_0000771,CUS_005142,PRJ_0010,PRJ_0010_U035,2025-02-18,344401.75,0.0365,331841.31,234156.83,97684.48,1787.66,6.465
TRX_0000755,RES_0000772,CUS_003386,PRJ_0017,PRJ_0017_U069,2026-01-11,400098.06,0.0321,387260.18,323216.92,64043.27,1646.39,5.102
TRX_0000756,RES_0000773,CUS_005620,PRJ_0011,PRJ_0011_U038,2024-02-25,335568.0,0.0507,318561.87,257337.66,61224.22,1228.33,4.627
TRX_0000757,RES_0000774,CUS_001125,PRJ_0025,PRJ_0025_U019,2026-01-01,246934.3,0.03,239514.84,207288.44,32226.4,784.19,3.929
TRX_0000758,RES_0000775,CUS_005156,PRJ_0018,PRJ_0018_U029,2025-12-25,310568.83,0.0267,302274.29,236495.17,65779.12,1338.0,5.312
TRX_0000759,RES_0000776,CUS_004243,PRJ_0015,PRJ_0015_U050,2024-11-30,386839.36,0.0263,376671.97,267513.02,109158.95,1323.48,4.216
TRX_0000760,RES_0000777,CUS_000948,PRJ_0020,PRJ_0020_U046,2025-01-24,359462.74,0.0297,348800.76,298688.13,50112.63,1503.94,5.174
TRX_0000761,RES_0000778,CUS_000192,PRJ_0004,PRJ_0004_U078,2026-07-15,167910.27,0.0257,163602.82,135865.41,27737.41,550.0,4.034
TRX_0000762,RES_0000779,CUS_001562,PRJ_0002,PRJ_0002_U011,2025-08-11,310507.3,0.0458,296290.75,209065.66,87225.09,1185.24,4.8
TRX_0000763,RES_0000780,CUS_005524,PRJ_0010,PRJ_0010_U056,2024-10-05,414333.76,0.0141,408477.06,317755.9,90721.16,1438.21,4.225
TRX_0000764,RES_0000781,CUS_002411,PRJ_0001,PRJ_0001_U014,2023-10-03,500860.02,0.0427,479484.83,415777.4,63707.43,2073.99,5.191
TRX_0000765,RES_0000782,CUS_003589,PRJ_0004,PRJ_0004_U017,2026-08-26,217916.35,0.0318,210979.9,160195.48,50784.42,1167.88,6.643
TRX_0000766,RES_0000783,CUS_000359,PRJ_0006,PRJ_0006_U019,2023-12-27,260496.27,0.0401,250062.33,174000.69,76061.63,1144.27,5.491
TRX_0000767,RES_0000784,CUS_001733,PRJ_0003,PRJ_0003_U008,2025-07-26,283846.06,0.0362,273572.22,236689.15,36883.07,1037.19,4.55
TRX_0000768,RES_0000785,CUS_004062,PRJ_0017,PRJ_0017_U055,2026-02-24,176661.04,0.0156,173907.21,154175.55,19731.66,804.17,5.549
TRX_0000769,RES_0000786,CUS_000740,PRJ_0014,PRJ_0014_U055,2026-05-17,390034.21,0.0456,372264.6,265136.45,107128.15,1753.01,5.651
TRX_0000770,RES_0000787,CUS_002684,PRJ_0024,PRJ_0024_U063,2023-02-13,355519.03,0.0262,346206.28,241371.23,104835.05,1474.33,5.11
TRX_0000771,RES_0000788,CUS_004835,PRJ_0005,PRJ_0005_U031,2025-02-08,330991.04,0.0515,313931.68,242870.47,71061.21,1363.59,5.212
TRX_0000772,RES_0000789,CUS_001388,PRJ_0025,PRJ_0025_U028,2026-02-09,423481.88,0.0513,401764.7,327211.23,74553.47,2016.52,6.023
TRX_0000773,RES_0000790,CUS_002130,PRJ_0015,PRJ_0015_U017,2024-11-07,172797.53,0.0487,164390.76,127099.05,37291.71,777.36,5.674
TRX_0000774,RES_0000791,CUS_005437,PRJ_0009,PRJ_0009_U064,2023-11-17,553161.45,0.0385,531837.95,433353.76,98484.19,2236.97,5.047
TRX_0000775,RES_0000792,CUS_002815,PRJ_0013,PRJ_0013_U031,2024-11-17,217950.96,0.0494,207191.96,163999.53,43192.43,812.55,4.706
TRX_0000776,RES_0000793,CUS_002639,PRJ_0002,PRJ_0002_U041,2025-04-09,409117.57,0.0422,391866.68,296648.18,95218.5,2156.72,6.604
TRX_0000777,RES_0000794,CUS_002199,PRJ_0006,PRJ_0006_U105,2025-08-08,427856.27,0.0421,409832.72,328655.21,81177.52,1764.0,5.165
TRX_0000778,RES_0000795,CUS_004206,PRJ_0028,PRJ_0028_U014,2025-10-13,384195.94,0.0347,370881.93,292944.32,77937.61,2044.28,6.614
TRX_0000779,RES_0000796,CUS_004459,PRJ_0004,PRJ_0004_U028,2026-07-14,298750.98,0.0472,284639.06,234833.17,49805.89,984.76,4.152
TRX_0000780,RES_0000797,CUS_005209,PRJ_0026,PRJ_0026_U015,2024-09-21,510973.39,0.0293,496004.53,431991.99,64012.54,2522.75,6.103
TRX_0000781,RES_0000798,CUS_006241,PRJ_0004,PRJ_0004_U085,2026-08-16,427376.62,0.042,409424.0,349240.43,60183.57,1600.63,4.691
TRX_0000782,RES_0000799,CUS_000061,PRJ_0010,PRJ_0010_U042,2025-01-21,372270.34,0.0408,357083.0,325911.35,31171.64,1955.27,6.571
TRX_0000783,RES_0000800,CUS_004644,PRJ_0026,PRJ_0026_U016,2024-06-17,325453.91,0.0671,303622.53,269095.08,34527.45,1077.28,4.258
TRX_0000784,RES_0000801,CUS_001461,PRJ_0009,PRJ_0009_U025,2023-05-18,471642.09,0.0294,457777.22,403609.39,54167.83,1643.44,4.308
TRX_0000785,RES_0000802,CUS_005368,PRJ_0021,PRJ_0021_U022,2025-01-21,355185.57,0.0371,341994.0,280714.24,61279.75,1782.01,6.253
TRX_0000786,RES_0000803,CUS_005008,PRJ_0017,PRJ_0017_U045,2026-04-11,351817.25,0.0241,343333.58,236916.51,106417.07,1840.45,6.433
TRX_0000787,RES_0000804,CUS_005141,PRJ_0015,PRJ_0015_U058,2024-11-14,289256.95,0.0343,279346.94,209307.7,70039.23,1464.41,6.291
TRX_0000788,RES_0000805,CUS_003696,PRJ_0007,PRJ_0007_U010,2026-02-08,238193.47,0.0489,226536.87,180283.17,46253.71,779.54,4.129
TRX_0000789,RES_0000806,CUS_000380,PRJ_0003,PRJ_0003_U001,2025-08-17,141953.56,0.0342,137100.95,120160.53,16940.42,718.47,6.289
TRX_0000790,RES_0000807,CUS_003818,PRJ_0017,PRJ_0017_U060,2026-01-26,216560.96,0.0286,210368.27,145922.31,64445.95,1030.55,5.879
TRX_0000791,RES_0000808,CUS_004699,PRJ_0018,PRJ_0018_U044,2026-04-10,476995.44,0.0444,455806.3,322507.69,133298.61,1751.27,4.611
TRX_0000792,RES_0000809,CUS_001248,PRJ_0016,PRJ_0016_U034,2024-03-21,195631.17,0.033,189175.64,141476.41,47699.23,765.83,4.858
TRX_0000793,RES_0000810,CUS_000394,PRJ_0018,PRJ_0018_U016,2026-02-17,515439.09,0.032,498955.85,404162.94,94792.91,2769.81,6.661
TRX_0000794,RES_0000811,CUS_002307,PRJ_0016,PRJ_0016_U047,2024-08-21,166289.65,0.0353,160414.61,115079.12,45335.48,623.99,4.668
TRX_0000795,RES_0000812,CUS_005733,PRJ_0010,PRJ_0010_U047,2024-10-08,719401.24,0.0266,700265.31,616093.12,84172.18,3811.2,6.531
TRX_0000796,RES_0000813,CUS_001921,PRJ_0008,PRJ_0008_U087,2023-01-03,382134.52,0.0289,371092.47,280273.31,90819.16,1761.93,5.698
TRX_0000797,RES_0000814,CUS_001372,PRJ_0003,PRJ_0003_U047,2025-08-19,276188.24,0.0231,269816.31,211843.9,57972.4,1472.53,6.549
TRX_0000798,RES_0000815,CUS_003668,PRJ_0015,PRJ_0015_U022,2025-01-03,221230.72,0.0268,215294.83,171988.07,43306.76,1165.94,6.499
TRX_0000799,RES_0000816,CUS_003383,PRJ_0016,PRJ_0016_U002,2025-03-22,272458.9,0.0315,263865.06,202513.73,61351.32,1263.12,5.744
TRX_0000800,RES_0000817,CUS_006148,PRJ_0022,PRJ_0022_U007,2025-10-28,631693.05,0.0226,617421.32,409627.88,207793.44,3336.17,6.484
TRX_0000801,RES_0000818,CUS_001364,PRJ_0009,PRJ_0009_U059,2025-10-12,369458.98,0.0207,361824.25,278087.02,83737.23,1181.77,3.919
TRX_0000802,RES_0000819,CUS_000995,PRJ_0006,PRJ_0006_U097,2023-10-17,504506.14,0.0185,495166.56,386947.52,108219.04,2437.77,5.908
TRX_0000803,RES_0000820,CUS_002875,PRJ_0023,PRJ_0023_U064,2025-09-30,333749.71,0.0476,317862.83,248118.75,69744.08,1300.11,4.908
TRX_0000804,RES_0000821,CUS_000436,PRJ_0022,PRJ_0022_U004,2025-03-12,300468.0,0.0434,287423.36,273170.33,14253.03,1402.04,5.854
TRX_0000805,RES_0000822,CUS_005634,PRJ_0001,PRJ_0001_U046,2023-05-28,508301.95,0.0105,502964.85,383310.07,119654.78,2158.43,5.15
TRX_0000806,RES_0000823,CUS_001813,PRJ_0023,PRJ_0023_U047,2025-08-12,735986.98,0.0411,705761.87,567775.77,137986.1,2908.31,4.945
TRX_0000807,RES_0000824,CUS_002522,PRJ_0017,PRJ_0017_U104,2026-04-25,159025.2,0.0283,154528.07,148423.33,6104.74,550.0,4.271
TRX_0000808,RES_0000825,CUS_003355,PRJ_0015,PRJ_0015_U013,2024-10-31,194248.48,0.0475,185027.07,152254.83,32772.25,779.55,5.056
TRX_0000809,RES_0000826,CUS_006433,PRJ_0024,PRJ_0024_U028,2023-04-02,184771.42,0.022,180704.92,133448.89,47256.04,978.53,6.498
TRX_0000810,RES_0000827,CUS_001077,PRJ_0007,PRJ_0007_U066,2024-03-07,525212.76,0.0331,507849.35,380993.46,126855.89,1967.05,4.648
TRX_0000811,RES_0000828,CUS_005276,PRJ_0007,PRJ_0007_U022,2024-01-11,514978.34,0.0305,499286.28,420008.95,79277.33,2374.24,5.706
TRX_0000812,RES_0000829,CUS_003155,PRJ_0021,PRJ_0021_U006,2025-08-01,546525.59,0.0619,512716.09,384734.28,127981.81,1815.64,4.249
TRX_0000813,RES_0000830,CUS_003817,PRJ_0009,PRJ_0009_U061,2024-03-12,531683.47,0.0401,510339.24,421469.0,88870.24,2566.91,6.036
TRX_0000814,RES_0000831,CUS_004572,PRJ_0016,PRJ_0016_U073,2025-01-20,280017.83,0.0283,272092.06,212841.61,59250.45,1020.94,4.503
TRX_0000815,RES_0000832,CUS_003143,PRJ_0022,PRJ_0022_U026,2023-09-19,745449.26,0.0443,712424.87,507901.56,204523.31,2602.85,4.384
TRX_0000816,RES_0000833,CUS_002897,PRJ_0020,PRJ_0020_U035,2025-10-21,194545.3,0.035,187727.44,153788.65,33938.8,722.39,4.618
TRX_0000817,RES_0000834,CUS_002035,PRJ_0013,PRJ_0013_U023,2025-02-13,411102.07,0.0382,395415.03,280261.62,115153.41,2197.93,6.67
TRX_0000818,RES_0000835,CUS_005870,PRJ_0004,PRJ_0004_U081,2026-07-01,383190.0,0.0267,372952.05,291901.62,81050.43,1900.82,6.116
TRX_0000819,RES_0000837,CUS_001070,PRJ_0022,PRJ_0022_U022,2025-04-14,488482.17,0.0426,467670.66,360695.76,106974.9,2536.42,6.508
TRX_0000820,RES_0000838,CUS_002915,PRJ_0017,PRJ_0017_U043,2026-02-25,210247.43,0.0559,198485.58,154940.68,43544.9,1033.06,6.246
TRX_0000821,RES_0000839,CUS_001735,PRJ_0017,PRJ_0017_U016,2026-03-23,416810.66,0.0453,397928.71,314586.69,83342.02,1640.61,4.947
TRX_0000822,RES_0000840,CUS_003230,PRJ_0028,PRJ_0028_U015,2025-09-13,177593.25,0.0407,170362.08,123976.12,46385.95,788.99,5.558
TRX_0000823,RES_0000841,CUS_005612,PRJ_0024,PRJ_0024_U111,2022-09-13,457210.97,0.0413,438314.14,329850.55,108463.59,1545.48,4.231
TRX_0000824,RES_0000842,CUS_002385,PRJ_0018,PRJ_0018_U025,2026-02-14,340717.07,0.0379,327787.63,253355.6,74432.03,1169.56,4.282
TRX_0000825,RES_0000843,CUS_005473,PRJ_0009,PRJ_0009_U012,2025-10-14,229360.09,0.0403,220125.51,160830.83,59294.68,888.39,4.843
TRX_0000826,RES_0000844,CUS_000033,PRJ_0014,PRJ_0014_U019,2026-01-04,384661.24,0.0317,372456.87,281243.77,91213.11,1960.66,6.317
TRX_0000827,RES_0000845,CUS_002369,PRJ_0003,PRJ_0003_U049,2025-08-13,282018.53,0.0436,269714.89,181069.4,88645.49,1007.84,4.484
TRX_0000828,RES_0000846,CUS_000760,PRJ_0005,PRJ_0005_U063,2023-02-12,368503.68,0.0515,349521.89,263559.69,85962.19,1373.32,4.715
TRX_0000829,RES_0000847,CUS_004267,PRJ_0007,PRJ_0007_U051,2024-05-04,543068.47,0.0386,522127.9,423075.95,99051.95,2263.34,5.202
TRX_0000830,RES_0000848,CUS_000589,PRJ_0024,PRJ_0024_U114,2022-06-05,475585.33,0.0485,452516.97,355993.0,96523.97,1583.81,4.2
TRX_0000831,RES_0000849,CUS_005278,PRJ_0022,PRJ_0022_U018,2023-07-18,400639.22,0.0351,386570.13,366606.65,19963.47,1982.32,6.154
TRX_0000832,RES_0000850,CUS_004953,PRJ_0018,PRJ_0018_U062,2025-12-06,756574.8,0.0595,711570.14,546146.91,165423.23,2555.92,4.31
TRX_0000833,RES_0000851,CUS_004199,PRJ_0017,PRJ_0017_U083,2026-01-22,548402.01,0.0221,536299.55,385164.1,151135.45,2824.7,6.32
TRX_0000834,RES_0000852,CUS_001378,PRJ_0017,PRJ_0017_U049,2025-12-30,278068.06,0.0402,266884.82,230280.02,36604.79,1094.81,4.923
TRX_0000835,RES_0000853,CUS_005401,PRJ_0028,PRJ_0028_U019,2025-07-05,276373.43,0.0245,269600.41,197741.73,71858.67,909.93,4.05
TRX_0000836,RES_0000854,CUS_006369,PRJ_0018,PRJ_0018_U049,2026-05-25,791535.0,0.0359,763113.92,666575.03,96538.89,4200.0,6.605
TRX_0000837,RES_0000855,CUS_004378,PRJ_0005,PRJ_0005_U043,2025-08-04,455109.04,0.0421,435935.35,342694.87,93240.48,2127.35,5.856
TRX_0000838,RES_0000856,CUS_003150,PRJ_0018,PRJ_0018_U072,2026-02-15,565794.93,0.0124,558762.55,467775.18,90987.37,2886.01,6.198
TRX_0000839,RES_0000857,CUS_002116,PRJ_0008,PRJ_0008_U091,2025-01-22,427322.96,0.0339,412848.05,291017.64,121830.41,2004.35,5.826
TRX_0000840,RES_0000858,CUS_002192,PRJ_0024,PRJ_0024_U012,2023-07-16,525129.39,0.0322,508213.73,340882.87,167330.85,2800.28,6.612
TRX_0000841,RES_0000859,CUS_001971,PRJ_0007,PRJ_0007_U037,2024-04-30,410543.91,0.0328,397058.69,303168.98,93889.7,1957.2,5.915
TRX_0000842,RES_0000860,CUS_004677,PRJ_0028,PRJ_0028_U007,2025-10-01,267738.24,0.0448,255755.92,181128.96,74626.97,864.62,4.057
TRX_0000843,RES_0000861,CUS_002531,PRJ_0002,PRJ_0002_U039,2025-05-28,245323.92,0.0389,235784.97,182772.51,53012.46,1036.26,5.274
TRX_0000844,RES_0000862,CUS_002163,PRJ_0001,PRJ_0001_U009,2023-03-31,455548.12,0.0296,442085.73,332549.15,109536.58,2018.78,5.48
TRX_0000845,RES_0000863,CUS_001131,PRJ_0021,PRJ_0021_U034,2025-01-18,348783.19,0.0504,331213.5,255222.36,75991.14,1727.85,6.26
TRX_0000846,RES_0000864,CUS_003977,PRJ_0017,PRJ_0017_U039,2026-02-27,333217.97,0.0489,316919.93,247685.35,69234.58,1167.79,4.422
TRX_0000847,RES_0000865,CUS_003601,PRJ_0017,PRJ_0017_U018,2026-05-13,278547.08,0.0369,268257.68,234743.2,33514.47,1258.26,5.629
TRX_0000848,RES_0000866,CUS_005139,PRJ_0013,PRJ_0013_U049,2025-02-05,437227.52,0.0279,425031.15,339608.9,85422.26,1733.84,4.895
TRX_0000849,RES_0000867,CUS_004468,PRJ_0015,PRJ_0015_U037,2024-11-05,308827.35,0.0438,295307.39,284134.5,11172.89,1101.96,4.478
TRX_0000850,RES_0000868,CUS_006089,PRJ_0019,PRJ_0019_U104,2024-06-05,439839.18,0.0483,418575.99,321115.0,97460.99,2331.46,6.684
TRX_0000851,RES_0000869,CUS_003735,PRJ_0020,PRJ_0020_U051,2023-12-10,207972.11,0.0413,199386.83,157682.73,41704.1,1083.8,6.523
TRX_0000852,RES_0000870,CUS_000639,PRJ_0027,PRJ_0027_U059,2025-04-23,268706.96,0.0194,263501.91,200541.31,62960.6,1022.2,4.655
TRX_0000853,RES_0000871,CUS_005797,PRJ_0011,PRJ_0011_U010,2023-11-14,340240.66,0.0446,325073.65,250304.64,74769.01,1105.03,4.079
TRX_0000854,RES_0000872,CUS_000317,PRJ_0026,PRJ_0026_U033,2024-08-07,567366.82,0.0315,549489.81,438624.16,110865.65,2377.14,5.191
TRX_0000855,RES_0000873,CUS_006346,PRJ_0026,PRJ_0026_U046,2024-05-13,279714.12,0.035,269928.44,182718.78,87209.66,1306.61,5.809
TRX_0000856,RES_0000874,CUS_002327,PRJ_0010,PRJ_0010_U005,2025-02-11,489124.99,0.0482,465565.2,339818.3,125746.9,1825.03,4.704
TRX_0000857,RES_0000875,CUS_004748,PRJ_0005,PRJ_0005_U003,2023-03-21,349543.26,0.032,338366.73,271754.3,66612.43,1208.02,4.284
TRX_0000858,RES_0000876,CUS_000506,PRJ_0001,PRJ_0001_U005,2024-02-25,474219.37,0.0177,465814.56,342454.2,123360.36,2370.91,6.108
TRX_0000859,RES_0000877,CUS_005258,PRJ_0025,PRJ_0025_U020,2026-02-14,266975.87,0.0494,253791.04,222509.09,31281.95,1259.17,5.954
TRX_0000860,RES_0000878,CUS_005716,PRJ_0012,PRJ_0012_U038,2025-04-19,398911.85,0.0463,380455.55,336338.2,44117.35,1471.96,4.643
TRX_0000861,RES_0000879,CUS_000869,PRJ_0014,PRJ_0014_U065,2026-01-18,360140.87,0.0436,344452.42,306603.47,37848.95,1141.72,3.978
TRX_0000862,RES_0000880,CUS_004991,PRJ_0009,PRJ_0009_U062,2023-04-20,535614.25,0.0417,513293.18,314466.65,198826.53,2727.02,6.375
TRX_0000863,RES_0000881,CUS_005278,PRJ_0023,PRJ_0023_U033,2024-03-01,547895.56,0.0501,520437.87,389013.64,131424.23,2166.82,4.996
TRX_0000864,RES_0000882,CUS_005950,PRJ_0003,PRJ_0003_U002,2025-10-01,262212.74,0.0463,250085.24,171191.54,78893.7,1025.15,4.919
TRX_0000865,RES_0000883,CUS_006111,PRJ_0008,PRJ_0008_U054,2022-08-23,290908.83,0.037,280135.06,240292.1,39842.96,1447.04,6.199
TRX_0000866,RES_0000884,CUS_000262,PRJ_0012,PRJ_0012_U029,2025-06-23,558183.07,0.0497,530427.03,343973.58,186453.45,2605.43,5.894
TRX_0000867,RES_0000885,CUS_002871,PRJ_0026,PRJ_0026_U032,2024-07-30,364203.53,0.0381,350313.32,274616.18,75697.14,1420.12,4.865
TRX_0000868,RES_0000886,CUS_002861,PRJ_0011,PRJ_0011_U096,2023-10-29,528985.42,0.0423,506586.43,343775.4,162811.03,1768.17,4.188
TRX_0000869,RES_0000887,CUS_001534,PRJ_0013,PRJ_0013_U028,2025-10-13,322635.77,0.0442,308388.06,245186.63,63201.43,1704.15,6.631
TRX_0000870,RES_0000888,CUS_005407,PRJ_0016,PRJ_0016_U055,2024-07-08,208883.0,0.0363,201292.66,172178.32,29114.34,991.05,5.908
TRX_0000871,RES_0000889,CUS_003941,PRJ_0005,PRJ_0005_U034,2025-12-15,329932.54,0.0209,323036.62,240093.4,82943.22,1063.18,3.949
TRX_0000872,RES_0000890,CUS_006201,PRJ_0015,PRJ_0015_U038,2025-01-01,196280.68,0.0372,188984.59,145311.37,43673.22,751.92,4.774
TRX_0000873,RES_0000891,CUS_002593,PRJ_0025,PRJ_0025_U024,2026-01-28,359074.63,0.0293,348547.75,257146.26,91401.49,1868.47,6.433
TRX_0000874,RES_0000892,CUS_005698,PRJ_0027,PRJ_0027_U001,2025-07-04,198282.38,0.0444,189473.45,168761.19,20712.26,684.13,4.333
TRX_0000875,RES_0000893,CUS_006400,PRJ_0026,PRJ_0026_U035,2024-10-24,484063.43,0.0173,475669.92,354578.87,121091.05,2536.73,6.4
TRX_0000876,RES_0000894,CUS_006308,PRJ_0014,PRJ_0014_U005,2026-02-09,319195.17,0.0336,308472.5,227483.94,80988.57,1233.15,4.797
TRX_0000877,RES_0000895,CUS_005303,PRJ_0008,PRJ_0008_U025,2022-11-13,267998.04,0.0144,264144.66,194522.17,69622.49,1112.88,5.056
TRX_0000878,RES_0000897,CUS_001208,PRJ_0025,PRJ_0025_U043,2025-11-19,310177.29,0.0174,304766.53,240191.36,64575.18,1017.83,4.008
TRX_0000879,RES_0000898,CUS_000425,PRJ_0011,PRJ_0011_U049,2024-02-23,355089.09,0.0428,339901.93,273346.28,66555.64,1428.05,5.042
TRX_0000880,RES_0000899,CUS_006363,PRJ_0018,PRJ_0018_U012,2026-01-29,540138.3,0.0332,522192.9,390781.91,131410.99,2878.91,6.616
TRX_0000881,RES_0000900,CUS_005540,PRJ_0014,PRJ_0014_U024,2026-02-08,413519.76,0.0198,405317.14,343527.44,61789.7,2154.61,6.379
TRX_0000882,RES_0000901,CUS_000527,PRJ_0018,PRJ_0018_U009,2025-12-12,291955.27,0.0406,280108.38,203965.64,76142.74,1161.85,4.977
TRX_0000883,RES_0000902,CUS_002380,PRJ_0023,PRJ_0023_U074,2023-10-17,369705.06,0.0455,352887.35,295190.0,57697.35,1270.21,4.319
TRX_0000884,RES_0000903,CUS_004936,PRJ_0024,PRJ_0024_U016,2024-01-17,571248.44,0.0328,552497.09,404251.64,148245.45,2922.37,6.347
TRX_0000885,RES_0000904,CUS_004724,PRJ_0025,PRJ_0025_U035,2025-11-06,443153.05,0.0499,421050.57,320607.36,100443.21,1919.01,5.469
TRX_0000886,RES_0000905,CUS_002610,PRJ_0012,PRJ_0012_U111,2025-06-19,391942.29,0.0298,380281.98,327193.18,53088.8,2023.71,6.386
TRX_0000887,RES_0000906,CUS_002100,PRJ_0024,PRJ_0024_U024,2024-05-06,325080.64,0.0294,315518.41,239408.75,76109.66,1529.2,5.816
TRX_0000888,RES_0000907,CUS_005422,PRJ_0002,PRJ_0002_U021,2025-06-15,373084.97,0.0413,357691.35,238853.88,118837.47,1399.85,4.696
TRX_0000889,RES_0000908,CUS_005376,PRJ_0003,PRJ_0003_U044,2025-08-13,372504.76,0.0208,364757.48,257776.78,106980.69,1952.1,6.422
TRX_0000890,RES_0000909,CUS_002368,PRJ_0006,PRJ_0006_U100,2024-06-06,393696.44,0.0424,376987.77,300833.05,76154.72,1311.99,4.176
TRX_0000891,RES_0000910,CUS_002862,PRJ_0008,PRJ_0008_U085,2024-12-27,425694.21,0.038,409507.35,308168.86,101338.49,1360.04,3.985
TRX_0000892,RES_0000911,CUS_003404,PRJ_0015,PRJ_0015_U044,2024-08-04,248780.84,0.0321,240792.91,192521.71,48271.2,1151.96,5.741
TRX_0000893,RES_0000912,CUS_001793,PRJ_0014,PRJ_0014_U045,2026-03-22,299817.19,0.0229,292941.93,208199.29,84742.65,1596.67,6.541
TRX_0000894,RES_0000913,CUS_003240,PRJ_0009,PRJ_0009_U050,2024-04-02,447703.04,0.0303,434116.43,321314.65,112801.79,2369.65,6.55
TRX_0000895,RES_0000914,CUS_003150,PRJ_0013,PRJ_0013_U018,2025-04-11,517475.21,0.0522,490451.74,374737.71,115714.02,1673.86,4.095
TRX_0000896,RES_0000915,CUS_004724,PRJ_0003,PRJ_0003_U059,2025-12-26,193738.19,0.05,184042.72,162240.09,21802.62,1023.73,6.675
TRX_0000897,RES_0000916,CUS_002447,PRJ_0004,PRJ_0004_U044,2026-10-09,220538.16,0.0323,213418.09,179478.69,33939.4,1032.89,5.808
TRX_0000898,RES_0000917,CUS_004212,PRJ_0005,PRJ_0005_U032,2024-05-05,445689.65,0.038,428764.28,297671.64,131092.64,1711.6,4.79
TRX_0000899,RES_0000918,CUS_005497,PRJ_0026,PRJ_0026_U072,2024-10-08,363271.97,0.0362,350103.95,267504.38,82599.57,1944.99,6.667
TRX_0000900,RES_0000919,CUS_003361,PRJ_0021,PRJ_0021_U033,2025-03-19,366403.09,0.0359,353253.96,276539.16,76714.8,1935.85,6.576
TRX_0000901,RES_0000920,CUS_003657,PRJ_0002,PRJ_0002_U006,2025-08-08,218849.81,0.0264,213069.27,172445.25,40624.02,1173.42,6.609
TRX_0000902,RES_0000921,CUS_002915,PRJ_0008,PRJ_0008_U071,2023-02-05,163305.27,0.063,153014.35,135293.55,17720.8,779.93,6.117
TRX_0000903,RES_0000922,CUS_002527,PRJ_0004,PRJ_0004_U114,2026-12-20,277532.66,0.0435,265451.62,197734.86,67716.76,1221.65,5.523
TRX_0000904,RES_0000923,CUS_000721,PRJ_0023,PRJ_0023_U013,2026-01-27,746031.74,0.036,719209.08,594235.16,124973.91,3725.72,6.216
TRX_0000905,RES_0000924,CUS_001474,PRJ_0001,PRJ_0001_U066,2024-06-25,478296.14,0.0314,463298.75,371770.79,91527.96,2428.74,6.291
TRX_0000906,RES_0000925,CUS_005953,PRJ_0022,PRJ_0022_U024,2023-05-06,391533.73,0.0427,374819.29,302311.75,72507.54,1825.81,5.845
TRX_0000907,RES_0000926,CUS_004930,PRJ_0012,PRJ_0012_U104,2025-05-02,303589.34,0.0248,296061.63,249293.79,46767.84,1612.65,6.536
TRX_0000908,RES_0000927,CUS_005321,PRJ_0007,PRJ_0007_U020,2023-12-07,323228.43,0.0099,320023.56,283527.14,36496.42,1345.67,5.046
TRX_0000909,RES_0000928,CUS_004776,PRJ_0004,PRJ_0004_U016,2026-07-28,382425.6,0.0569,360680.39,248515.71,112164.68,1287.11,4.282
TRX_0000910,RES_0000929,CUS_002154,PRJ_0003,PRJ_0003_U067,2025-08-20,266162.77,0.0453,254098.76,171361.94,82736.82,1385.3,6.542
TRX_0000911,RES_0000930,CUS_000319,PRJ_0003,PRJ_0003_U022,2025-09-06,352910.22,0.0279,343072.63,289081.04,53991.59,1176.36,4.115
TRX_0000912,RES_0000931,CUS_000120,PRJ_0017,PRJ_0017_U046,2026-04-16,329938.71,0.0208,323069.74,224928.22,98141.51,1737.42,6.453
TRX_0000913,RES_0000932,CUS_003244,PRJ_0001,PRJ_0001_U040,2023-07-12,437634.04,0.0366,421601.4,342547.78,79053.62,1810.56,5.153
TRX_0000914,RES_0000933,CUS_005458,PRJ_0025,PRJ_0025_U018,2026-01-13,207610.13,0.0378,199763.8,145445.49,54318.31,969.52,5.824
TRX_0000915,RES_0000934,CUS_003643,PRJ_0011,PRJ_0011_U065,2025-11-12,375591.87,0.0452,358626.37,262207.98,96418.39,1853.55,6.202
TRX_0000916,RES_0000935,CUS_003123,PRJ_0006,PRJ_0006_U052,2025-11-20,428605.92,0.0399,411506.47,342133.09,69373.38,1489.21,4.343
TRX_0000917,RES_0000936,CUS_005113,PRJ_0018,PRJ_0018_U046,2026-05-18,563501.29,0.0323,545314.41,452504.22,92810.19,2801.66,6.165
TRX_0000918,RES_0000937,CUS_002957,PRJ_0020,PRJ_0020_U024,2025-02-02,223488.99,0.0477,212832.6,168161.39,44671.2,967.53,5.455
TRX_0000919,RES_0000938,CUS_001473,PRJ_0012,PRJ_0012_U118,2025-06-01,375267.84,0.0265,365313.42,278917.08,86396.34,1746.41,5.737
TRX_0000920,RES_0000939,CUS_002812,PRJ_0003,PRJ_0003_U013,2025-09-16,245831.03,0.0504,233437.78,199567.21,33870.58,938.78,4.826
TRX_0000921,RES_0000940,CUS_005039,PRJ_0028,PRJ_0028_U010,2025-07-15,562360.85,0.0378,541082.72,335513.23,205569.5,2798.62,6.207
TRX_0000922,RES_0000941,CUS_002464,PRJ_0007,PRJ_0007_U054,2023-12-05,632231.67,0.0305,612920.92,461056.87,151864.05,2412.81,4.724
TRX_0000923,RES_0000942,CUS_002106,PRJ_0002,PRJ_0002_U009,2025-07-06,210654.72,0.0388,202480.9,167052.5,35428.4,771.73,4.574
TRX_0000924,RES_0000943,CUS_003975,PRJ_0016,PRJ_0016_U036,2024-04-02,315385.11,0.0241,307775.06,206777.27,100997.79,1027.77,4.007
TRX_0000925,RES_0000944,CUS_003833,PRJ_0002,PRJ_0002_U008,2025-08-06,397931.14,0.0246,388134.11,315522.09,72612.02,1432.29,4.428
TRX_0000926,RES_0000945,CUS_003925,PRJ_0014,PRJ_0014_U090,2025-12-15,252743.52,0.0406,242494.58,225204.71,17289.87,1033.17,5.113
TRX_0000927,RES_0000946,CUS_005149,PRJ_0016,PRJ_0016_U063,2024-06-26,232881.59,0.0259,226842.55,197008.79,29833.76,1171.44,6.197
TRX_0000928,RES_0000947,CUS_004172,PRJ_0004,PRJ_0004_U068,2026-10-27,217331.67,0.0385,208971.55,162672.75,46298.8,1078.61,6.194
TRX_0000929,RES_0000948,CUS_002804,PRJ_0008,PRJ_0008_U094,2024-03-10,363223.19,0.0299,352373.02,235120.91,117252.1,1623.73,5.53
TRX_0000930,RES_0000949,CUS_005554,PRJ_0014,PRJ_0014_U044,2026-01-25,278472.39,0.0322,269493.39,204158.97,65334.42,1302.29,5.799
TRX_0000931,RES_0000950,CUS_004337,PRJ_0002,PRJ_0002_U005,2025-06-22,235864.27,0.0194,231289.1,166050.89,65238.2,1211.31,6.285
TRX_0000932,RES_0000951,CUS_005689,PRJ_0013,PRJ_0013_U048,2025-01-11,182939.04,0.0265,178094.35,132114.66,45979.69,688.38,4.638
TRX_0000933,RES_0000952,CUS_005208,PRJ_0023,PRJ_0023_U042,2023-10-10,569298.07,0.0306,551869.04,445918.27,105950.78,2515.24,5.469
TRX_0000934,RES_0000953,CUS_000832,PRJ_0025,PRJ_0025_U037,2026-03-03,299619.04,0.0298,290676.29,236013.48,54662.81,1244.1,5.136
TRX_0000935,RES_0000954,CUS_002671,PRJ_0015,PRJ_0015_U048,2024-12-14,243114.96,0.0368,234177.95,194174.32,40003.63,912.16,4.674
TRX_0000936,RES_0000955,CUS_003435,PRJ_0020,PRJ_0020_U032,2024-02-17,255435.21,0.0479,243201.39,183271.31,59930.08,1006.21,4.965
TRX_0000937,RES_0000956,CUS_005581,PRJ_0016,PRJ_0016_U077,2024-04-15,203507.49,0.0392,195529.04,186260.42,9268.61,721.96,4.431
TRX_0000938,RES_0000957,CUS_001536,PRJ_0010,PRJ_0010_U053,2025-11-07,341104.27,0.0325,330033.27,266342.31,63690.96,1743.24,6.338
TRX_0000939,RES_0000958,CUS_001791,PRJ_0020,PRJ_0020_U003,2024-03-16,509743.97,0.0369,490930.94,433021.98,57908.96,2217.18,5.42
TRX_0000940,RES_0000959,CUS_004452,PRJ_0017,PRJ_0017_U067,2026-04-22,261827.08,0.0374,252041.15,163761.59,88279.56,859.64,4.093
TRX_0000941,RES_0000960,CUS_001297,PRJ_0009,PRJ_0009_U015,2025-07-16,406622.52,0.045,388313.82,316158.74,72155.08,1723.8,5.327
TRX_0000942,RES_0000961,CUS_006425,PRJ_0017,PRJ_0017_U101,2026-01-11,164185.68,0.0345,158529.3,133944.62,24584.67,867.93,6.57
TRX_0000943,RES_0000962,CUS_006425,PRJ_0009,PRJ_0009_U052,2025-01-02,383243.82,0.0304,371587.62,309138.91,62448.71,1316.27,4.251
TRX_0000944,RES_0000963,CUS_001416,PRJ_0019,PRJ_0019_U093,2024-05-31,203537.4,0.0293,197581.83,157877.79,39704.04,957.18,5.813
TRX_0000945,RES_0000964,CUS_000930,PRJ_0009,PRJ_0009_U029,2023-04-21,389666.83,0.0456,371884.4,280429.43,91454.97,1909.12,6.16
TRX_0000946,RES_0000965,CUS_000690,PRJ_0020,PRJ_0020_U022,2025-08-17,409538.9,0.0213,400812.89,300674.84,100138.05,1919.01,5.745
TRX_0000947,RES_0000966,CUS_005184,PRJ_0020,PRJ_0020_U036,2024-02-04,280045.44,0.0423,268200.44,184460.26,83740.18,1292.96,5.785
TRX_0000948,RES_0000967,CUS_005271,PRJ_0011,PRJ_0011_U095,2023-09-08,665268.68,0.0465,634304.2,486378.05,147926.15,2552.92,4.83
TRX_0000949,RES_0000968,CUS_000562,PRJ_0005,PRJ_0005_U047,2026-01-30,477757.44,0.0318,462583.78,333611.82,128971.97,2328.11,6.039
TRX_0000950,RES_0000969,CUS_005692,PRJ_0008,PRJ_0008_U082,2022-09-28,515745.67,0.0399,495142.95,390548.89,104594.06,1950.39,4.727
TRX_0000951,RES_0000970,CUS_005567,PRJ_0008,PRJ_0008_U081,2024-02-09,574985.76,0.0445,549398.75,457869.94,91528.81,2866.76,6.262
TRX_0000952,RES_0000971,CUS_002771,PRJ_0024,PRJ_0024_U080,2024-07-20,318364.22,0.0315,308349.45,265033.34,43316.11,1706.95,6.643
TRX_0000953,RES_0000972,CUS_005136,PRJ_0012,PRJ_0012_U123,2025-03-20,416540.81,0.0434,398460.8,315652.84,82807.97,1360.86,4.098
TRX_0000954,RES_0000973,CUS_004492,PRJ_0016,PRJ_0016_U046,2024-03-13,211656.97,0.0428,202589.24,141692.5,60896.74,913.11,5.409
TRX_0000955,RES_0000974,CUS_004677,PRJ_0011,PRJ_0011_U009,2023-11-30,518556.81,0.0275,504314.4,386630.91,117683.49,2548.57,6.064
TRX_0000956,RES_0000975,CUS_001172,PRJ_0006,PRJ_0006_U050,2024-08-31,488286.21,0.0405,468496.43,368473.11,100023.32,1896.6,4.858
TRX_0000957,RES_0000976,CUS_002445,PRJ_0026,PRJ_0026_U068,2024-05-23,339865.75,0.0401,326223.93,210812.22,115411.71,1390.77,5.116
TRX_0000958,RES_0000977,CUS_006195,PRJ_0018,PRJ_0018_U019,2025-12-02,634664.67,0.0244,619196.87,527430.57,91766.3,2865.92,5.554
TRX_0000959,RES_0000978,CUS_003174,PRJ_0004,PRJ_0004_U125,2026-11-15,454608.79,0.0218,444717.75,346744.25,97973.5,1526.01,4.118
TRX_0000960,RES_0000979,CUS_004170,PRJ_0003,PRJ_0003_U054,2025-12-31,472864.24,0.0369,455411.35,325135.75,130275.6,2315.83,6.102
TRX_0000961,RES_0000980,CUS_000357,PRJ_0025,PRJ_0025_U023,2025-12-20,262696.39,0.0419,251698.02,200751.68,50946.34,1327.49,6.329
TRX_0000962,RES_0000981,CUS_005509,PRJ_0002,PRJ_0002_U001,2025-04-05,320808.52,0.0386,308428.73,292856.95,15571.77,1114.94,4.338
TRX_0000963,RES_0000982,CUS_003396,PRJ_0023,PRJ_0023_U034,2023-11-22,462460.57,0.0231,451789.77,343977.62,107812.15,1471.31,3.908
TRX_0000964,RES_0000983,CUS_005550,PRJ_0004,PRJ_0004_U097,2026-07-16,283082.58,0.0318,274090.84,213584.23,60506.61,1312.92,5.748
TRX_0000965,RES_0000984,CUS_004435,PRJ_0018,PRJ_0018_U051,2026-05-18,737180.88,0.0436,705056.67,545741.9,159314.77,2399.74,4.084
TRX_0000966,RES_0000985,CUS_006302,PRJ_0013,PRJ_0013_U015,2025-02-21,419038.28,0.0294,406728.01,307689.96,99038.05,2146.27,6.332
TRX_0000967,RES_0000986,CUS_003975,PRJ_0023,PRJ_0023_U017,2025-11-19,488807.71,0.0348,471774.74,336254.92,135519.82,1774.02,4.512
TRX_0000968,RES_0000987,CUS_001418,PRJ_0018,PRJ_0018_U003,2026-03-22,338638.38,0.0305,328322.32,248361.24,79961.08,1647.84,6.023
TRX_0000969,RES_0000988,CUS_002415,PRJ_0028,PRJ_0028_U001,2026-02-10,543819.49,0.0401,522036.48,438673.49,83362.99,2870.98,6.599
TRX_0000970,RES_0000989,CUS_001646,PRJ_0028,PRJ_0028_U005,2025-08-30,212907.51,0.0434,203674.86,155054.33,48620.53,967.53,5.7
TRX_0000971,RES_0000990,CUS_006438,PRJ_0028,PRJ_0028_U024,2025-11-07,416966.75,0.0253,406422.03,346885.74,59536.29,1957.22,5.779
TRX_0000972,RES_0000991,CUS_005039,PRJ_0002,PRJ_0002_U015,2025-06-01,414167.54,0.0424,396613.6,324609.38,72004.23,2083.63,6.304
TRX_0000973,RES_0000992,CUS_002719,PRJ_0006,PRJ_0006_U048,2025-10-19,383986.76,0.0388,369101.37,315946.91,53154.46,2051.37,6.669
TRX_0000974,RES_0000993,CUS_003705,PRJ_0027,PRJ_0027_U041,2025-06-15,253627.09,0.0273,246714.75,189735.11,56979.64,1037.71,5.047
TRX_0000975,RES_0000994,CUS_000666,PRJ_0006,PRJ_0006_U087,2024-12-15,348455.24,0.0389,334900.15,254857.95,80042.2,1655.42,5.932
TRX_0000976,RES_0000995,CUS_001845,PRJ_0015,PRJ_0015_U043,2024-11-06,411186.15,0.0487,391180.62,288876.11,102304.51,1329.03,4.077
TRX_0000977,RES_0000996,CUS_000280,PRJ_0010,PRJ_0010_U008,2025-03-02,465703.7,0.0543,440415.97,364393.38,76022.59,1775.42,4.837
TRX_0000978,RES_0000997,CUS_006481,PRJ_0013,PRJ_0013_U039,2025-02-15,265785.7,0.0297,257886.96,190182.84,67704.12,1401.21,6.52
TRX_0000979,RES_0000998,CUS_003389,PRJ_0009,PRJ_0009_U069,2025-04-03,524215.3,0.0301,508446.01,420306.51,88139.5,1960.51,4.627
TRX_0000980,RES_0000999,CUS_001657,PRJ_0005,PRJ_0005_U055,2023-02-13,305541.78,0.0395,293485.04,228535.7,64949.34,1294.24,5.292
TRX_0000981,RES_0001000,CUS_002226,PRJ_0006,PRJ_0006_U059,2023-05-14,434665.82,0.025,423788.23,292249.78,131538.45,1553.9,4.4
TRX_0000982,RES_0001001,CUS_002452,PRJ_0015,PRJ_0015_U039,2024-09-08,221921.39,0.0469,211518.06,147015.87,64502.19,851.3,4.83
TRX_0000983,RES_0001002,CUS_002560,PRJ_0018,PRJ_0018_U015,2026-03-26,483507.29,0.0124,477502.16,349512.43,127989.73,1569.37,3.944
TRX_0000984,RES_0001003,CUS_005516,PRJ_0016,PRJ_0016_U026,2024-07-17,219272.67,0.041,210290.41,170082.61,40207.8,851.04,4.856
TRX_0000985,RES_0001004,CUS_001488,PRJ_0024,PRJ_0024_U094,2024-01-07,414197.76,0.0414,397039.49,319772.86,77266.63,1815.55,5.487
TRX_0000986,RES_0001005,CUS_002326,PRJ_0024,PRJ_0024_U002,2025-06-08,439785.99,0.0365,423741.32,300435.73,123305.59,1429.93,4.049
TRX_0000987,RES_0001006,CUS_005883,PRJ_0022,PRJ_0022_U028,2024-01-08,854050.52,0.0386,821061.46,614252.31,206809.15,4200.0,6.138
TRX_0000988,RES_0001007,CUS_002808,PRJ_0013,PRJ_0013_U050,2025-01-11,218366.53,0.0297,211890.39,166257.85,45632.53,1161.82,6.58
TRX_0000989,RES_0001008,CUS_003494,PRJ_0002,PRJ_0002_U002,2025-06-06,294788.24,0.0472,280860.62,250728.28,30132.34,1366.97,5.84
TRX_0000990,RES_0001009,CUS_003458,PRJ_0007,PRJ_0007_U015,2024-02-07,359150.75,0.0395,344976.17,241642.31,103333.85,1320.62,4.594
TRX_0000991,RES_0001010,CUS_005698,PRJ_0005,PRJ_0005_U048,2023-01-24,233304.34,0.0309,226090.34,176021.33,50069.0,1259.66,6.686
TRX_0000992,RES_0001011,CUS_004062,PRJ_0002,PRJ_0002_U040,2025-05-16,443187.84,0.0312,429345.92,344951.06,84394.86,1878.17,5.249
TRX_0000993,RES_0001012,CUS_000238,PRJ_0009,PRJ_0009_U009,2022-12-28,686473.52,0.0328,663937.0,535769.8,128167.2,2614.12,4.725
TRX_0000994,RES_0001013,CUS_000745,PRJ_0008,PRJ_0008_U003,2023-01-31,433732.15,0.0187,425605.57,352643.18,72962.4,2274.23,6.412
TRX_0000995,RES_0001014,CUS_005621,PRJ_0001,PRJ_0001_U064,2024-03-17,482903.07,0.0395,463843.79,349294.83,114548.96,2147.66,5.556
TRX_0000996,RES_0001015,CUS_004234,PRJ_0003,PRJ_0003_U026,2025-11-16,410548.59,0.0131,405171.12,330666.63,74504.48,1505.48,4.459
TRX_0000997,RES_0001016,CUS_005231,PRJ_0012,PRJ_0012_U013,2025-02-18,462217.62,0.0214,452345.62,322620.31,129725.32,1639.65,4.35
TRX_0000998,RES_0001017,CUS_005903,PRJ_0008,PRJ_0008_U034,2023-02-11,379129.71,0.0194,371758.97,303809.37,67949.6,1717.86,5.545
TRX_0000999,RES_0001018,CUS_002490,PRJ_0012,PRJ_0012_U041,2025-03-28,229184.13,0.056,216357.59,152352.84,64004.74,1208.71,6.704
TRX_0001000,RES_0001019,CUS_001213,PRJ_0015,PRJ_0015_U056,2025-01-12,233457.13,0.0253,227548.21,172316.15,55232.07,1025.31,5.407
TRX_0001001,RES_0001020,CUS_002425,PRJ_0007,PRJ_0007_U074,2025-10-02,588809.11,0.0316,570184.04,399491.69,170692.35,2548.02,5.363
TRX_0001002,RES_0001021,CUS_000103,PRJ_0015,PRJ_0015_U025,2024-10-20,318597.91,0.0329,308111.15,236691.8,71419.34,1157.17,4.507
TRX_0001003,RES_0001022,CUS_004759,PRJ_0025,PRJ_0025_U011,2025-11-07,368678.71,0.0284,358212.4,312672.07,45540.33,1887.44,6.323
TRX_0001004,RES_0001023,CUS_004441,PRJ_0013,PRJ_0013_U056,2025-02-13,289896.5,0.0371,279151.29,246727.96,32423.33,1368.46,5.883
TRX_0001005,RES_0001025,CUS_003841,PRJ_0023,PRJ_0023_U008,2024-10-20,358255.17,0.0353,345613.82,259110.33,86503.49,1408.43,4.89
TRX_0001006,RES_0001026,CUS_004929,PRJ_0005,PRJ_0005_U046,2024-12-26,253519.29,0.0469,241624.89,214918.58,26706.31,1297.7,6.445
TRX_0001007,RES_0001027,CUS_004489,PRJ_0004,PRJ_0004_U077,2026-10-12,363605.41,0.0396,349192.56,313347.32,35845.23,1279.88,4.398
TRX_0001008,RES_0001028,CUS_003608,PRJ_0012,PRJ_0012_U004,2025-06-06,559981.75,0.0369,539307.55,405227.86,134079.69,2937.85,6.537
TRX_0001009,RES_0001029,CUS_004379,PRJ_0021,PRJ_0021_U011,2024-08-18,515798.63,0.0441,493047.7,390110.99,102936.7,2672.27,6.504
TRX_0001010,RES_0001030,CUS_001415,PRJ_0028,PRJ_0028_U037,2025-09-14,412649.09,0.0338,398712.5,271337.31,127375.19,1791.63,5.392
TRX_0001011,RES_0001031,CUS_000634,PRJ_0024,PRJ_0024_U043,2024-09-10,365291.15,0.0387,351145.02,307115.37,44029.65,1537.96,5.256
TRX_0001012,RES_0001032,CUS_002093,PRJ_0025,PRJ_0025_U027,2026-01-30,213730.36,0.0316,206967.15,163011.91,43955.24,850.2,4.929
TRX_0001013,RES_0001033,CUS_002602,PRJ_0014,PRJ_0014_U026,2026-04-08,285444.69,0.0219,279197.4,226311.21,52886.19,1423.39,6.118
TRX_0001014,RES_0001034,CUS_000041,PRJ_0022,PRJ_0022_U002,2024-12-12,721307.5,0.0301,699575.29,519517.39,180057.9,3266.43,5.603
TRX_0001015,RES_0001035,CUS_004651,PRJ_0010,PRJ_0010_U015,2025-01-20,297561.82,0.0454,284062.47,205389.83,78672.63,1396.12,5.898
TRX_0001016,RES_0001036,CUS_003051,PRJ_0015,PRJ_0015_U029,2024-11-27,400604.8,0.036,386187.7,309245.21,76942.5,1972.66,6.13
TRX_0001017,RES_0001037,CUS_003770,PRJ_0022,PRJ_0022_U020,2023-07-06,345132.91,0.0314,334303.49,240082.64,94220.85,1734.17,6.225
TRX_0001018,RES_0001038,CUS_000576,PRJ_0022,PRJ_0022_U038,2023-08-17,308736.34,0.0416,295904.91,215623.91,80281.0,1532.14,6.213
TRX_0001019,RES_0001039,CUS_000143,PRJ_0003,PRJ_0003_U030,2025-08-11,401985.66,0.0362,387438.95,326742.87,60696.08,2023.44,6.267
TRX_0001020,RES_0001040,CUS_003547,PRJ_0010,PRJ_0010_U049,2025-01-26,455889.18,0.0387,438234.35,320545.13,117689.22,2323.0,6.361
TRX_0001021,RES_0001041,CUS_004462,PRJ_0019,PRJ_0019_U058,2024-03-13,267067.84,0.0365,257320.06,200559.6,56760.45,965.49,4.503
TRX_0001022,RES_0001042,CUS_005605,PRJ_0026,PRJ_0026_U012,2024-11-02,444019.47,0.0521,420873.01,330785.27,90087.73,2404.39,6.855
TRX_0001023,RES_0001043,CUS_004084,PRJ_0009,PRJ_0009_U042,2025-05-01,496602.61,0.0364,478548.39,352371.41,126176.98,2185.29,5.48
TRX_0001024,RES_0001044,CUS_000571,PRJ_0022,PRJ_0022_U043,2023-06-26,589416.46,0.051,559361.3,420565.76,138795.54,2134.24,4.579
TRX_0001025,RES_0001045,CUS_000393,PRJ_0003,PRJ_0003_U041,2025-08-25,244602.81,0.0327,236594.5,196255.46,40339.03,814.12,4.129
TRX_0001026,RES_0001046,CUS_001091,PRJ_0006,PRJ_0006_U115,2023-05-11,302866.4,0.0483,288243.49,246319.26,41924.23,1457.47,6.068
TRX_0001027,RES_0001047,CUS_000135,PRJ_0024,PRJ_0024_U004,2023-06-07,448677.04,0.045,428479.25,311182.37,117296.88,1622.59,4.544
TRX_0001028,RES_0001048,CUS_000043,PRJ_0014,PRJ_0014_U066,2026-02-07,392280.14,0.0405,376381.95,291401.1,84980.85,1547.18,4.933
TRX_0001029,RES_0001049,CUS_004099,PRJ_0001,PRJ_0001_U062,2023-08-02,244820.22,0.0279,237987.93,171412.04,66575.89,1116.87,5.632
TRX_0001030,RES_0001050,CUS_002348,PRJ_0003,PRJ_0003_U064,2025-12-14,299807.35,0.0309,290540.85,242578.24,47962.6,1227.49,5.07
TRX_0001031,RES_0001051,CUS_001109,PRJ_0015,PRJ_0015_U054,2024-11-17,187169.4,0.0462,178527.18,151042.97,27484.21,633.41,4.258
TRX_0001032,RES_0001052,CUS_006288,PRJ_0010,PRJ_0010_U019,2025-02-16,521982.13,0.0396,501302.36,410362.77,90939.59,2758.2,6.602
TRX_0001033,RES_0001053,CUS_003791,PRJ_0012,PRJ_0012_U084,2025-03-21,167481.96,0.036,161457.66,120903.59,40554.08,877.36,6.521
TRX_0001034,RES_0001054,CUS_004160,PRJ_0009,PRJ_0009_U054,2024-03-19,339220.22,0.0317,328477.91,283888.77,44589.14,1493.53,5.456
TRX_0001035,RES_0001055,CUS_005829,PRJ_0020,PRJ_0020_U054,2023-11-15,398355.35,0.0366,383790.29,295965.19,87825.1,1852.12,5.791
TRX_0001036,RES_0001056,CUS_002618,PRJ_0028,PRJ_0028_U042,2026-01-08,386069.1,0.05,366779.42,276215.55,90563.87,1248.88,4.086
TRX_0001037,RES_0001057,CUS_001527,PRJ_0016,PRJ_0016_U083,2026-01-31,243907.52,0.0363,235047.44,190997.4,44050.04,993.78,5.074
TRX_0001038,RES_0001058,CUS_005731,PRJ_0026,PRJ_0026_U029,2024-06-14,487728.35,0.0316,472296.3,358971.84,113324.46,1648.2,4.188
TRX_0001039,RES_0001059,CUS_000456,PRJ_0006,PRJ_0006_U077,2025-07-22,498406.97,0.0142,491334.14,396312.49,95021.66,2633.1,6.431
TRX_0001040,RES_0001060,CUS_003999,PRJ_0007,PRJ_0007_U060,2024-02-11,349067.87,0.0356,336624.93,297228.85,39396.08,1434.1,5.112
TRX_0001041,RES_0001061,CUS_002523,PRJ_0004,PRJ_0004_U088,2026-07-05,263933.09,0.032,255486.48,164930.62,90555.86,1004.12,4.716
TRX_0001042,RES_0001062,CUS_006338,PRJ_0014,PRJ_0014_U031,2025-12-28,318489.93,0.0403,305657.12,285566.1,20091.02,1720.22,6.754
TRX_0001043,RES_0001063,CUS_004780,PRJ_0001,PRJ_0001_U023,2025-11-02,406796.41,0.0202,398571.35,340636.15,57935.2,1574.28,4.74
TRX_0001044,RES_0001064,CUS_002291,PRJ_0017,PRJ_0017_U073,2025-12-15,470565.91,0.0411,451202.91,330443.18,120759.72,1722.47,4.581
TRX_0001045,RES_0001065,CUS_002040,PRJ_0001,PRJ_0001_U050,2023-05-09,564282.35,0.0226,551538.59,423462.54,128076.05,2968.14,6.458
TRX_0001046,RES_0001066,CUS_001630,PRJ_0026,PRJ_0026_U026,2024-06-01,274179.45,0.0397,263297.41,176111.78,87185.63,1169.55,5.33
TRX_0001047,RES_0001067,CUS_004384,PRJ_0012,PRJ_0012_U122,2025-04-10,540749.99,0.0341,522291.13,427995.72,94295.42,1772.19,4.072
TRX_0001048,RES_0001068,CUS_003713,PRJ_0009,PRJ_0009_U045,2025-07-29,538385.58,0.0399,516904.58,369766.56,147138.02,2864.43,6.65
TRX_0001049,RES_0001070,CUS_005262,PRJ_0003,PRJ_0003_U042,2025-07-30,278063.08,0.0293,269906.0,233330.08,36575.92,1203.17,5.349
TRX_0001050,RES_0001071,CUS_001474,PRJ_0010,PRJ_0010_U054,2024-10-02,414997.35,0.0441,396690.01,344834.84,51855.17,1365.98,4.132
TRX_0001051,RES_0001072,CUS_001280,PRJ_0023,PRJ_0023_U009,2025-07-09,697242.56,0.0475,664114.6,493697.8,170416.81,3741.74,6.761
TRX_0001052,RES_0001073,CUS_002118,PRJ_0022,PRJ_0022_U003,2023-03-23,785994.85,0.0331,759966.45,554111.31,205855.14,3106.76,4.906
TRX_0001053,RES_0001074,CUS_005881,PRJ_0008,PRJ_0008_U005,2023-01-21,398616.0,0.02,390649.17,300373.33,90275.84,1494.43,4.591
TRX_0001054,RES_0001075,CUS_003362,PRJ_0011,PRJ_0011_U067,2025-01-31,419852.92,0.0333,405854.67,322644.48,83210.19,1379.88,4.08
TRX_0001055,RES_0001076,CUS_002607,PRJ_0010,PRJ_0010_U040,2025-01-30,297061.73,0.043,284297.49,227344.36,56953.13,1206.95,5.094
TRX_0001056,RES_0001077,CUS_004968,PRJ_0013,PRJ_0013_U047,2025-10-25,197897.82,0.0302,191920.06,134816.36,57103.69,950.24,5.941
TRX_0001057,RES_0001078,CUS_001500,PRJ_0015,PRJ_0015_U009,2025-02-20,341348.46,0.03,331101.26,250899.97,80201.29,1479.33,5.361
TRX_0001058,RES_0001079,CUS_003231,PRJ_0022,PRJ_0022_U044,2024-06-16,437463.93,0.0396,420141.33,355874.82,64266.51,2108.7,6.023
TRX_0001059,RES_0001080,CUS_004089,PRJ_0022,PRJ_0022_U039,2025-11-04,383183.26,0.0439,366368.65,268602.47,97766.18,1259.46,4.125
TRX_0001060,RES_0001081,CUS_001925,PRJ_0004,PRJ_0004_U118,2026-11-06,432852.8,0.0333,418447.83,310412.88,108034.94,1575.31,4.518
TRX_0001061,RES_0001082,CUS_003156,PRJ_0022,PRJ_0022_U041,2023-04-26,336590.36,0.0413,322692.32,290918.66,31773.66,1132.69,4.212
TRX_0001062,RES_0001083,CUS_004774,PRJ_0019,PRJ_0019_U105,2024-07-04,337577.31,0.0415,323569.84,258721.8,64848.04,1202.19,4.458
TRX_0001063,RES_0001084,CUS_005033,PRJ_0003,PRJ_0003_U043,2025-08-13,169229.58,0.0397,162510.13,133411.32,29098.81,719.27,5.311
TRX_0001064,RES_0001085,CUS_004451,PRJ_0023,PRJ_0023_U071,2024-11-22,636457.06,0.0188,624503.79,469857.62,154646.17,2044.4,3.928
TRX_0001065,RES_0001086,CUS_002989,PRJ_0015,PRJ_0015_U030,2024-10-10,296854.82,0.0407,284772.32,231300.12,53472.2,1551.22,6.537
TRX_0001066,RES_0001087,CUS_006082,PRJ_0017,PRJ_0017_U044,2026-06-05,547218.13,0.0364,527277.82,437349.33,89928.49,2810.49,6.396
TRX_0001067,RES_0001088,CUS_004794,PRJ_0026,PRJ_0026_U067,2024-10-16,196681.82,0.0316,190460.88,140360.53,50100.36,797.58,5.025
TRX_0001068,RES_0001089,CUS_006406,PRJ_0019,PRJ_0019_U024,2025-01-07,495807.34,0.0375,477225.31,355401.16,121824.15,2540.01,6.387
TRX_0001069,RES_0001090,CUS_001251,PRJ_0024,PRJ_0024_U115,2026-01-15,356661.93,0.0585,335798.11,323489.74,12308.37,1212.18,4.332
TRX_0001070,RES_0001091,CUS_004906,PRJ_0009,PRJ_0009_U006,2023-02-12,676979.31,0.0312,655838.02,498909.17,156928.84,2345.05,4.291
TRX_0001071,RES_0001092,CUS_005163,PRJ_0023,PRJ_0023_U002,2024-01-08,378832.03,0.0387,364158.34,263885.52,100272.81,1901.96,6.267
TRX_0001072,RES_0001093,CUS_002388,PRJ_0024,PRJ_0024_U102,2024-07-19,438298.22,0.0367,422198.86,321175.67,101023.19,1441.58,4.097
TRX_0001073,RES_0001094,CUS_000632,PRJ_0002,PRJ_0002_U035,2025-08-15,203569.61,0.0285,197765.68,157815.51,39950.17,1054.35,6.398
TRX_0001074,RES_0001095,CUS_005098,PRJ_0012,PRJ_0012_U005,2025-07-01,334599.53,0.0341,323197.28,248174.78,75022.5,1357.98,5.042
TRX_0001075,RES_0001096,CUS_005651,PRJ_0025,PRJ_0025_U042,2025-12-09,213764.61,0.0427,204634.89,159580.01,45054.87,934.59,5.481
TRX_0001076,RES_0001097,CUS_000456,PRJ_0027,PRJ_0027_U076,2025-01-28,327220.24,0.0288,317782.18,196099.25,121682.93,1611.03,6.084
TRX_0001077,RES_0001098,CUS_001662,PRJ_0003,PRJ_0003_U007,2025-07-23,176237.36,0.0531,166870.86,125855.84,41015.01,680.08,4.891
TRX_0001078,RES_0001099,CUS_002970,PRJ_0002,PRJ_0002_U013,2025-10-20,260441.35,0.0374,250701.78,201979.95,48721.82,1156.65,5.536
TRX_0001079,RES_0001100,CUS_006180,PRJ_0014,PRJ_0014_U043,2026-03-22,192047.08,0.0455,183317.61,154768.29,28549.32,897.14,5.873
TRX_0001080,RES_0001101,CUS_001754,PRJ_0010,PRJ_0010_U045,2024-11-09,179620.31,0.0254,175052.77,141140.58,33912.19,650.43,4.459
TRX_0001081,RES_0001102,CUS_005196,PRJ_0006,PRJ_0006_U090,2023-07-10,703588.25,0.0351,678887.07,444243.81,234643.26,2511.28,4.439
TRX_0001082,RES_0001103,CUS_003263,PRJ_0028,PRJ_0028_U039,2025-12-06,350298.74,0.0331,338687.71,227798.58,110889.13,1736.38,6.152
TRX_0001083,RES_0001104,CUS_003911,PRJ_0006,PRJ_0006_U085,2025-10-19,337863.43,0.0395,324503.57,261135.58,63367.99,1278.69,4.729
TRX_0001084,RES_0001105,CUS_002990,PRJ_0022,PRJ_0022_U012,2023-03-21,462388.98,0.0288,449052.36,332928.89,116123.47,2169.14,5.797
TRX_0001085,RES_0001106,CUS_005694,PRJ_0001,PRJ_0001_U035,2023-08-15,371920.46,0.0387,357530.85,324687.75,32843.11,1899.73,6.376
TRX_0001086,RES_0001107,CUS_002597,PRJ_0002,PRJ_0002_U016,2025-07-27,300317.02,0.0279,291924.56,233583.41,58341.16,1431.12,5.883
TRX_0001087,RES_0001108,CUS_002449,PRJ_0022,PRJ_0022_U021,2024-03-10,457331.32,0.0521,433519.44,351369.73,82149.7,1632.45,4.519
TRX_0001088,RES_0001109,CUS_005752,PRJ_0025,PRJ_0025_U012,2026-02-10,362905.88,0.028,352744.9,308676.65,44068.25,1716.07,5.838
TRX_0001089,RES_0001110,CUS_000351,PRJ_0028,PRJ_0028_U052,2025-08-21,395165.14,0.0429,378196.06,256537.67,121658.38,1468.6,4.66
TRX_0001090,RES_0001111,CUS_003746,PRJ_0009,PRJ_0009_U032,2023-01-19,395777.47,0.0303,383784.01,289531.63,94252.38,1417.33,4.432
TRX_0001091,RES_0001112,CUS_002680,PRJ_0014,PRJ_0014_U069,2026-03-24,408077.88,0.0366,393127.62,274168.74,118958.88,1333.36,4.07
TRX_0001092,RES_0001113,CUS_001461,PRJ_0004,PRJ_0004_U075,2026-11-19,154136.89,0.0377,148329.11,122002.21,26326.91,667.7,5.402
TRX_0001093,RES_0001114,CUS_001067,PRJ_0007,PRJ_0007_U049,2024-04-04,280922.11,0.0317,272009.49,242651.46,29358.03,1005.08,4.434
TRX_0001094,RES_0001115,CUS_000552,PRJ_0002,PRJ_0002_U029,2025-06-11,284647.54,0.0136,280767.46,215194.08,65573.38,1102.97,4.714
TRX_0001095,RES_0001116,CUS_001476,PRJ_0015,PRJ_0015_U059,2024-10-04,447090.47,0.0157,440086.01,361307.76,78778.26,2061.92,5.622
TRX_0001096,RES_0001117,CUS_001029,PRJ_0013,PRJ_0013_U040,2025-02-09,345530.19,0.0262,336483.86,291112.23,45371.63,1396.5,4.98
TRX_0001097,RES_0001118,CUS_004311,PRJ_0023,PRJ_0023_U067,2024-01-26,458065.51,0.0327,443066.47,328646.53,114419.94,2035.44,5.513
TRX_0001098,RES_0001119,CUS_002262,PRJ_0025,PRJ_0025_U030,2026-03-29,289439.17,0.031,280479.1,224677.41,55801.69,1378.96,5.9
TRX_0001099,RES_0001120,CUS_004115,PRJ_0006,PRJ_0006_U093,2025-11-11,304144.18,0.0383,292486.11,231562.39,60923.72,1585.16,6.504
TRX_0001100,RES_0001121,CUS_001856,PRJ_0016,PRJ_0016_U035,2024-06-14,341004.54,0.0417,326795.7,236585.82,90209.87,1663.25,6.107
TRX_0001101,RES_0001122,CUS_004459,PRJ_0001,PRJ_0001_U047,2023-05-13,440652.68,0.0328,426179.7,297631.02,128548.68,2072.83,5.836
TRX_0001102,RES_0001124,CUS_001761,PRJ_0007,PRJ_0007_U057,2024-02-10,359115.02,0.0458,342672.92,244979.81,97693.1,1783.17,6.244
TRX_0001103,RES_0001125,CUS_001387,PRJ_0021,PRJ_0021_U004,2024-12-08,350433.05,0.0252,341608.45,252520.73,89087.72,1824.6,6.409
TRX_0001104,RES_0001126,CUS_001595,PRJ_0009,PRJ_0009_U066,2024-03-02,326665.96,0.029,317193.28,281071.86,36121.42,1769.34,6.694
TRX_0001105,RES_0001127,CUS_000332,PRJ_0025,PRJ_0025_U032,2025-11-07,203836.17,0.0413,195408.31,171595.82,23812.49,726.99,4.464
TRX_0001106,RES_0001128,CUS_005902,PRJ_0014,PRJ_0014_U041,2026-01-07,252606.35,0.0445,241354.41,193358.39,47996.02,1153.28,5.734
TRX_0001107,RES_0001129,CUS_004006,PRJ_0024,PRJ_0024_U015,2022-08-02,531231.88,0.0166,522402.45,413258.5,109143.96,1792.98,4.119
TRX_0001108,RES_0001130,CUS_001950,PRJ_0021,PRJ_0021_U041,2024-10-06,371762.92,0.0239,362870.03,302440.17,60429.86,1772.4,5.861
TRX_0001109,RES_0001131,CUS_001869,PRJ_0012,PRJ_0012_U003,2025-03-08,458408.85,0.0241,447351.33,368339.99,79011.34,2041.88,5.477
TRX_0001110,RES_0001132,CUS_002090,PRJ_0021,PRJ_0021_U007,2024-07-09,414574.59,0.0439,396370.94,321851.02,74519.92,1922.96,5.822
TRX_0001111,RES_0001133,CUS_000233,PRJ_0018,PRJ_0018_U073,2026-01-23,304105.07,0.0365,293008.38,247479.83,45528.56,1177.68,4.823
TRX_0001112,RES_0001134,CUS_000777,PRJ_0003,PRJ_0003_U056,2025-11-21,344235.28,0.0324,333068.53,249745.43,83323.1,1114.98,4.017
TRX_0001113,RES_0001135,CUS_005363,PRJ_0002,PRJ_0002_U036,2025-04-20,215056.29,0.0396,206549.5,189100.51,17448.98,993.74,5.773
TRX_0001114,RES_0001136,CUS_004796,PRJ_0013,PRJ_0013_U001,2024-11-26,481851.77,0.0291,467816.41,362472.35,105344.06,1853.59,4.755
TRX_0001115,RES_0001137,CUS_004429,PRJ_0013,PRJ_0013_U004,2025-05-05,466826.1,0.0269,454258.76,348378.13,105880.63,1635.34,4.32
TRX_0001116,RES_0001138,CUS_003695,PRJ_0006,PRJ_0006_U056,2023-10-01,341458.72,0.0398,327865.79,251327.47,76538.33,1291.97,4.729
TRX_0001117,RES_0001139,CUS_005281,PRJ_0007,PRJ_0007_U017,2024-05-25,412198.57,0.0372,396845.29,327483.54,69361.75,2080.3,6.291
TRX_0001118,RES_0001140,CUS_001050,PRJ_0019,PRJ_0019_U021,2024-12-14,225345.8,0.0277,219109.54,182131.79,36977.75,842.61,4.615
TRX_0001119,RES_0001141,CUS_003945,PRJ_0024,PRJ_0024_U033,2025-07-15,294086.14,0.0467,280357.2,251751.71,28605.5,1207.62,5.169
TRX_0001120,RES_0001142,CUS_004423,PRJ_0003,PRJ_0003_U028,2025-08-13,416291.79,0.0295,404015.89,297819.18,106196.71,2014.11,5.982
TRX_0001121,RES_0001143,CUS_000309,PRJ_0020,PRJ_0020_U050,2023-12-15,494179.24,0.0506,469185.76,354601.53,114584.23,1712.73,4.381
TRX_0001122,RES_0001144,CUS_005859,PRJ_0015,PRJ_0015_U031,2024-11-16,281820.49,0.0354,271830.43,221862.55,49967.88,1494.22,6.596
TRX_0001123,RES_0001145,CUS_005266,PRJ_0015,PRJ_0015_U051,2024-12-28,390579.65,0.0298,378921.98,299008.41,79913.57,2093.0,6.628
TRX_0001124,RES_0001146,CUS_003318,PRJ_0017,PRJ_0017_U021,2026-01-04,282420.91,0.0355,272386.96,234409.22,37977.74,1139.81,5.021
TRX_0001125,RES_0001147,CUS_004806,PRJ_0009,PRJ_0009_U065,2025-09-11,503053.36,0.0427,481583.28,399914.73,81668.55,1954.54,4.87
TRX_0001126,RES_0001148,CUS_006159,PRJ_0020,PRJ_0020_U009,2024-03-18,248298.2,0.04,238364.13,215162.97,23201.17,807.56,4.066
TRX_0001127,RES_0001149,CUS_003174,PRJ_0013,PRJ_0013_U060,2025-02-28,308665.58,0.0485,293697.25,235183.37,58513.87,1505.53,6.151
TRX_0001128,RES_0001150,CUS_004722,PRJ_0013,PRJ_0013_U020,2024-11-22,409066.53,0.0348,394823.0,295055.11,99767.89,2158.46,6.56
TRX_0001129,RES_0001151,CUS_004868,PRJ_0018,PRJ_0018_U005,2026-01-04,268382.42,0.0477,255571.04,212838.12,42732.92,1188.35,5.58
TRX_0001130,RES_0001152,CUS_003345,PRJ_0011,PRJ_0011_U060,2023-11-21,377488.42,0.0521,357828.3,268619.52,89208.78,1988.34,6.668
TRX_0001131,RES_0001153,CUS_000196,PRJ_0020,PRJ_0020_U056,2023-10-30,178206.69,0.0309,172693.4,148292.91,24400.49,937.12,6.512
TRX_0001132,RES_0001154,CUS_005894,PRJ_0014,PRJ_0014_U050,2025-12-22,365272.4,0.0502,346927.19,282632.04,64295.15,1546.06,5.348
TRX_0001133,RES_0001155,CUS_004600,PRJ_0002,PRJ_0002_U026,2025-04-07,404511.51,0.0321,391509.8,329011.81,62497.99,1631.7,5.001
TRX_0001134,RES_0001156,CUS_001242,PRJ_0004,PRJ_0004_U035,2026-11-25,471423.51,0.0271,458666.73,404027.67,54639.06,1976.78,5.172
TRX_0001135,RES_0001157,CUS_003203,PRJ_0014,PRJ_0014_U107,2026-01-04,416987.68,0.0482,396891.84,290523.32,106368.52,1364.64,4.126
TRX_0001136,RES_0001158,CUS_001062,PRJ_0023,PRJ_0023_U073,2025-12-18,467872.05,0.0413,448542.12,331363.22,117178.91,1604.44,4.292
TRX_0001137,RES_0001159,CUS_001146,PRJ_0027,PRJ_0027_U088,2025-04-27,281825.57,0.0343,272169.36,221033.63,51135.72,948.06,4.18
TRX_0001138,RES_0001160,CUS_003444,PRJ_0013,PRJ_0013_U036,2025-01-06,384674.25,0.0549,363537.57,261462.51,102075.06,1469.97,4.852
TRX_0001139,RES_0001161,CUS_002686,PRJ_0013,PRJ_0013_U059,2024-11-14,431908.55,0.0492,410641.22,283984.99,126656.23,1788.91,5.228
TRX_0001140,RES_0001162,CUS_001898,PRJ_0010,PRJ_0010_U010,2025-06-10,454478.78,0.0413,435718.97,353412.62,82306.34,2109.27,5.809
TRX_0001141,RES_0001163,CUS_003264,PRJ_0017,PRJ_0017_U100,2026-06-03,437541.68,0.0335,422871.9,301394.58,121477.32,1784.67,5.064
TRX_0001142,RES_0001164,CUS_003223,PRJ_0022,PRJ_0022_U031,2023-08-13,766737.35,0.0389,736929.35,580414.52,156514.83,3296.45,5.368
TRX_0001143,RES_0001165,CUS_006195,PRJ_0011,PRJ_0011_U108,2024-06-05,381210.0,0.0442,364376.84,257508.2,106868.64,2044.96,6.735
TRX_0001144,RES_0001166,CUS_002165,PRJ_0015,PRJ_0015_U055,2024-10-17,236717.03,0.035,228442.39,189719.37,38723.02,759.3,3.989
TRX_0001145,RES_0001167,CUS_000058,PRJ_0005,PRJ_0005_U030,2023-01-25,265102.62,0.0226,259111.39,193919.92,65191.47,1288.02,5.965
TRX_0001146,RES_0001168,CUS_002905,PRJ_0010,PRJ_0010_U024,2025-02-10,314889.55,0.0353,303769.81,236353.7,67416.11,1111.06,4.389
TRX_0001147,RES_0001169,CUS_003899,PRJ_0005,PRJ_0005_U039,2023-04-04,307362.21,0.0345,296761.2,266181.88,30579.32,1446.56,5.849
TRX_0001148,RES_0001171,CUS_000962,PRJ_0011,PRJ_0011_U004,2026-01-04,570985.71,0.0569,538503.45,451680.79,86822.66,1839.82,4.1
TRX_0001149,RES_0001172,CUS_000181,PRJ_0014,PRJ_0014_U075,2026-02-23,220787.3,0.0215,216031.99,169472.98,46559.01,1013.05,5.627
TRX_0001150,RES_0001173,CUS_002985,PRJ_0009,PRJ_0009_U022,2025-09-05,670176.33,0.0348,646826.5,487728.64,159097.87,2859.53,5.305
TRX_0001151,RES_0001174,CUS_002518,PRJ_0005,PRJ_0005_U016,2023-03-12,320809.9,0.0394,308175.28,231197.68,76977.6,1548.5,6.03
TRX_0001152,RES_0001175,CUS_002396,PRJ_0016,PRJ_0016_U085,2025-12-06,326203.31,0.044,311858.2,257692.5,54165.7,1527.57,5.878
TRX_0001153,RES_0001176,CUS_005620,PRJ_0017,PRJ_0017_U095,2026-05-09,437377.17,0.0386,420507.23,327096.25,93410.98,2114.34,6.034
TRX_0001154,RES_0001177,CUS_003807,PRJ_0016,PRJ_0016_U004,2025-01-06,387080.83,0.0345,373734.54,291262.15,82472.39,2068.12,6.64
TRX_0001155,RES_0001178,CUS_003551,PRJ_0004,PRJ_0004_U056,2026-09-19,197843.06,0.0339,191138.6,171195.23,19943.36,836.52,5.252
TRX_0001156,RES_0001179,CUS_000684,PRJ_0023,PRJ_0023_U070,2024-11-22,388754.87,0.0478,370156.43,271534.74,98621.69,1234.61,4.002
TRX_0001157,RES_0001180,CUS_004637,PRJ_0013,PRJ_0013_U051,2025-05-25,219093.28,0.0396,210420.82,185518.21,24902.61,745.23,4.25
TRX_0001158,RES_0001181,CUS_003003,PRJ_0014,PRJ_0014_U071,2026-05-06,310716.51,0.0506,294997.81,248763.12,46234.69,1387.89,5.646
TRX_0001159,RES_0001182,CUS_002424,PRJ_0028,PRJ_0028_U034,2025-10-14,271998.2,0.0318,263358.39,198992.65,64365.74,1357.68,6.186
TRX_0001160,RES_0001183,CUS_000108,PRJ_0027,PRJ_0027_U012,2025-01-11,327494.5,0.0241,319585.81,244349.41,75236.4,1513.42,5.683
TRX_0001161,RES_0001184,CUS_004799,PRJ_0011,PRJ_0011_U016,2024-02-17,220135.24,0.0355,212316.8,149245.37,63071.43,756.41,4.275
TRX_0001162,RES_0001185,CUS_005125,PRJ_0017,PRJ_0017_U105,2026-01-11,355971.1,0.0479,338913.59,283177.76,55735.84,1227.26,4.345
TRX_0001163,RES_0001186,CUS_005257,PRJ_0006,PRJ_0006_U034,2026-01-14,464386.48,0.0338,448700.25,350132.9,98567.34,2143.54,5.733
TRX_0001164,RES_0001187,CUS_001629,PRJ_0024,PRJ_0024_U077,2025-11-18,373155.88,0.0173,366697.26,290444.85,76252.41,1853.4,6.065
TRX_0001165,RES_0001188,CUS_006023,PRJ_0011,PRJ_0011_U061,2024-02-23,311812.05,0.0268,303450.49,257451.74,45998.75,1084.45,4.288
TRX_0001166,RES_0001189,CUS_003927,PRJ_0010,PRJ_0010_U031,2024-11-10,216755.94,0.0464,206697.81,175214.65,31483.16,759.56,4.41
TRX_0001167,RES_0001190,CUS_005324,PRJ_0008,PRJ_0008_U093,2025-05-14,330896.45,0.052,313691.55,238393.19,75298.36,1703.64,6.517
TRX_0001168,RES_0001191,CUS_001776,PRJ_0004,PRJ_0004_U106,2026-11-05,360031.22,0.0307,348987.01,253207.14,95779.87,1335.56,4.592
TRX_0001169,RES_0001192,CUS_004137,PRJ_0023,PRJ_0023_U048,2023-12-14,300298.26,0.0323,290607.68,261364.7,29242.98,1609.72,6.647
TRX_0001170,RES_0001193,CUS_003647,PRJ_0002,PRJ_0002_U019,2025-08-31,228999.76,0.0393,219997.05,169419.04,50578.01,1035.12,5.646
TRX_0001171,RES_0001194,CUS_005668,PRJ_0006,PRJ_0006_U009,2024-06-25,212686.34,0.0275,206837.62,154293.35,52544.27,690.94,4.009
TRX_0001172,RES_0001195,CUS_001688,PRJ_0010,PRJ_0010_U011,2025-01-06,216759.99,0.0503,205849.49,171006.78,34842.71,985.83,5.747
TRX_0001173,RES_0001196,CUS_006309,PRJ_0022,PRJ_0022_U017,2024-01-19,417757.38,0.0323,404266.79,363681.32,40585.47,2223.5,6.6
TRX_0001174,RES_0001197,CUS_006106,PRJ_0021,PRJ_0021_U020,2024-11-30,544705.38,0.0195,534089.45,406193.13,127896.32,2343.78,5.266
TRX_0001175,RES_0001198,CUS_005707,PRJ_0014,PRJ_0014_U046,2026-05-21,324689.34,0.0279,315641.98,224235.2,91406.78,1281.34,4.871
TRX_0001176,RES_0001199,CUS_005776,PRJ_0013,PRJ_0013_U046,2024-12-23,399250.37,0.036,384862.01,310946.66,73915.35,1932.89,6.027
TRX_0001177,RES_0001200,CUS_006045,PRJ_0013,PRJ_0013_U033,2026-01-24,303349.05,0.0316,293756.93,226585.98,67170.94,1002.48,4.095
TRX_0001178,RES_0001201,CUS_001656,PRJ_0010,PRJ_0010_U033,2025-01-06,457766.12,0.0338,442288.45,355043.46,87244.99,1464.12,3.972
TRX_0001179,RES_0001202,CUS_006381,PRJ_0005,PRJ_0005_U002,2023-04-18,320899.47,0.0321,310613.82,269829.42,40784.41,1168.69,4.515
TRX_0001180,RES_0001203,CUS_004627,PRJ_0010,PRJ_0010_U028,2024-11-29,470996.98,0.041,451664.69,368805.45,82859.24,1583.99,4.208
TRX_0001181,RES_0001204,CUS_000256,PRJ_0006,PRJ_0006_U049,2023-07-31,257904.02,0.0407,247405.53,205766.91,41638.62,1320.39,6.404
TRX_0001182,RES_0001205,CUS_003905,PRJ_0006,PRJ_0006_U062,2023-11-02,523412.14,0.0378,503648.2,415847.24,87800.95,2649.84,6.314
TRX_0001183,RES_0001206,CUS_004845,PRJ_0024,PRJ_0024_U058,2022-06-08,464879.35,0.0439,444482.81,371022.77,73460.04,1658.98,4.479
TRX_0001184,RES_0001207,CUS_002296,PRJ_0013,PRJ_0013_U030,2025-05-07,309252.52,0.0323,299267.74,244273.52,54994.22,1050.13,4.211
TRX_0001185,RES_0001208,CUS_005764,PRJ_0012,PRJ_0012_U001,2025-02-24,335413.38,0.0323,324575.12,250615.15,73959.97,1675.56,6.195
TRX_0001186,RES_0001209,CUS_001191,PRJ_0026,PRJ_0026_U064,2024-10-18,200417.27,0.0473,190943.46,166027.77,24915.68,1023.53,6.432
TRX_0001187,RES_0001210,CUS_002732,PRJ_0005,PRJ_0005_U070,2023-03-01,278271.09,0.0414,266743.8,243676.6,23067.2,985.93,4.435
TRX_0001188,RES_0001211,CUS_000319,PRJ_0021,PRJ_0021_U029,2025-09-15,249876.63,0.0414,239539.75,205726.24,33813.5,1192.47,5.974
TRX_0001189,RES_0001212,CUS_002814,PRJ_0022,PRJ_0022_U037,2023-05-02,697681.72,0.0354,672970.23,549365.25,123604.98,2888.29,5.15
TRX_0001190,RES_0001213,CUS_004082,PRJ_0003,PRJ_0003_U014,2025-11-10,227689.18,0.0351,219696.71,173585.04,46111.67,1004.98,5.489
TRX_0001191,RES_0001214,CUS_002824,PRJ_0023,PRJ_0023_U061,2023-12-31,760599.38,0.0336,735030.96,640487.18,94543.77,3530.69,5.764
TRX_0001192,RES_0001215,CUS_003491,PRJ_0028,PRJ_0028_U049,2025-10-16,291789.6,0.051,276916.22,224264.09,52652.14,1359.55,5.892
TRX_0001193,RES_0001216,CUS_002471,PRJ_0003,PRJ_0003_U040,2025-11-02,304849.61,0.0483,290113.17,244092.69,46020.48,1471.23,6.085
TRX_0001194,RES_0001217,CUS_004020,PRJ_0003,PRJ_0003_U057,2025-12-01,199518.17,0.0304,193449.18,138051.26,55397.91,887.68,5.506
TRX_0001195,RES_0001218,CUS_002405,PRJ_0008,PRJ_0008_U014,2023-02-11,460117.27,0.0332,444833.12,345730.61,99102.52,1538.35,4.15
TRX_0001196,RES_0001219,CUS_003609,PRJ_0005,PRJ_0005_U054,2023-05-19,404213.79,0.0311,391651.64,329136.71,62514.93,2130.09,6.526
TRX_0001197,RES_0001220,CUS_004806,PRJ_0015,PRJ_0015_U014,2025-03-09,252467.73,0.0368,243171.06,196846.02,46325.04,926.42,4.572
TRX_0001198,RES_0001221,CUS_002707,PRJ_0021,PRJ_0021_U040,2025-04-01,377210.07,0.0282,366589.05,258213.58,108375.47,1253.75,4.104
TRX_0001199,RES_0001222,CUS_003748,PRJ_0020,PRJ_0020_U058,2025-06-07,343957.29,0.0312,333230.45,279422.25,53808.2,1743.87,6.28
TRX_0001200,RES_0001223,CUS_005215,PRJ_0014,PRJ_0014_U032,2026-01-12,315661.53,0.0489,300234.69,242022.09,58212.6,1205.89,4.82
TRX_0001201,RES_0001224,CUS_002654,PRJ_0023,PRJ_0023_U019,2024-12-15,355431.13,0.0326,343840.94,311905.49,31935.45,1722.03,6.01
TRX_0001202,RES_0001225,CUS_003213,PRJ_0023,PRJ_0023_U041,2024-09-30,323609.95,0.0334,312791.0,246245.23,66545.77,1320.38,5.066
TRX_0001203,RES_0001226,CUS_001800,PRJ_0008,PRJ_0008_U032,2024-12-25,427289.4,0.0434,408738.65,292344.61,116394.04,1865.01,5.475
TRX_0001204,RES_0001227,CUS_003756,PRJ_0009,PRJ_0009_U013,2023-01-06,563421.75,0.0241,549852.86,448819.55,101033.31,2464.71,5.379
TRX_0001205,RES_0001228,CUS_004263,PRJ_0009,PRJ_0009_U008,2024-02-23,503520.68,0.0442,481272.77,394113.01,87159.76,2213.98,5.52
TRX_0001206,RES_0001229,CUS_004903,PRJ_0011,PRJ_0011_U058,2026-02-10,354724.47,0.0438,339197.59,284243.96,54953.63,1137.51,4.024
TRX_0001207,RES_0001230,CUS_005762,PRJ_0024,PRJ_0024_U039,2022-05-26,413128.91,0.0485,393087.58,301989.98,91097.61,1590.41,4.855
TRX_0001208,RES_0001231,CUS_006077,PRJ_0019,PRJ_0019_U054,2025-11-27,625214.48,0.0224,611199.09,434953.06,176246.03,2222.67,4.364
TRX_0001209,RES_0001232,CUS_006310,PRJ_0014,PRJ_0014_U040,2026-03-05,318209.65,0.0365,306607.41,202961.53,103645.87,1089.6,4.264
TRX_0001210,RES_0001233,CUS_003515,PRJ_0006,PRJ_0006_U012,2023-08-29,460552.47,0.0527,436260.4,324972.79,111287.62,2358.79,6.488
TRX_0001211,RES_0001234,CUS_003388,PRJ_0017,PRJ_0017_U056,2026-05-19,494346.97,0.0307,479164.85,356050.54,123114.32,2572.38,6.442
TRX_0001212,RES_0001235,CUS_003591,PRJ_0001,PRJ_0001_U057,2023-09-12,455208.79,0.0367,438522.64,395311.67,43210.97,2382.57,6.52
TRX_0001213,RES_0001236,CUS_003041,PRJ_0028,PRJ_0028_U033,2025-07-30,317895.02,0.0473,302850.74,226300.99,76549.75,1591.46,6.306
TRX_0001214,RES_0001237,CUS_003089,PRJ_0021,PRJ_0021_U008,2024-11-30,373287.66,0.0154,367527.36,309118.94,58408.42,1310.56,4.279
TRX_0001215,RES_0001238,CUS_005386,PRJ_0012,PRJ_0012_U064,2025-08-06,374381.7,0.0248,365112.94,288690.69,76422.26,1439.96,4.733
TRX_0001216,RES_0001239,CUS_003214,PRJ_0017,PRJ_0017_U074,2026-06-02,258882.65,0.0418,248054.75,191476.98,56577.77,1202.59,5.818
TRX_0001217,RES_0001240,CUS_002908,PRJ_0021,PRJ_0021_U013,2025-08-09,435644.77,0.0357,420111.46,367922.42,52189.04,2236.16,6.387
TRX_0001218,RES_0001241,CUS_000314,PRJ_0026,PRJ_0026_U021,2024-07-16,151591.87,0.0487,144211.83,125886.09,18325.74,550.0,4.577
TRX_0001219,RES_0001242,CUS_001116,PRJ_0011,PRJ_0011_U052,2024-02-22,591607.74,0.0462,564262.88,483931.73,80331.14,2247.81,4.78
TRX_0001220,RES_0001243,CUS_004669,PRJ_0015,PRJ_0015_U041,2024-09-10,310949.93,0.0388,298884.91,215626.7,83258.21,992.28,3.984
TRX_0001221,RES_0001244,CUS_005496,PRJ_0010,PRJ_0010_U039,2025-11-22,406554.34,0.0174,399484.12,321604.42,77879.7,1693.59,5.087
TRX_0001222,RES_0001245,CUS_003653,PRJ_0001,PRJ_0001_U026,2023-09-06,617137.26,0.0276,600095.87,438725.63,161370.24,2488.17,4.976
TRX_0001223,RES_0001246,CUS_005560,PRJ_0013,PRJ_0013_U021,2025-04-03,279386.67,0.0396,268317.05,224330.07,43986.98,1397.86,6.252
TRX_0001224,RES_0001248,CUS_000554,PRJ_0023,PRJ_0023_U029,2024-01-04,715048.59,0.034,690770.31,597095.88,93674.43,2332.81,4.053
TRX_0001225,RES_0001249,CUS_004324,PRJ_0004,PRJ_0004_U018,2026-12-18,255164.59,0.0305,247373.41,194239.48,53133.93,925.15,4.488
TRX_0001226,RES_0001250,CUS_001095,PRJ_0024,PRJ_0024_U003,2022-05-28,345388.91,0.0372,332537.55,250601.91,81935.64,1648.37,5.948
TRX_0001227,RES_0001251,CUS_002799,PRJ_0013,PRJ_0013_U032,2025-04-14,351155.95,0.0467,334751.43,245601.4,89150.03,1581.71,5.67
TRX_0001228,RES_0001252,CUS_005681,PRJ_0027,PRJ_0027_U100,2025-06-29,322342.72,0.0555,304443.23,267796.6,36646.62,1110.89,4.379
TRX_0001229,RES_0001253,CUS_005635,PRJ_0026,PRJ_0026_U034,2024-11-05,231392.18,0.0467,220590.69,191886.02,28704.66,859.12,4.674
TRX_0001230,RES_0001254,CUS_005987,PRJ_0012,PRJ_0012_U066,2025-10-27,384752.94,0.0246,375271.06,277122.12,98148.94,2040.92,6.526
TRX_0001231,RES_0001255,CUS_005589,PRJ_0010,PRJ_0010_U009,2024-10-12,480049.21,0.0362,462682.37,356788.94,105893.44,2496.93,6.476
TRX_0001232,RES_0001256,CUS_002456,PRJ_0024,PRJ_0024_U013,2026-01-08,491104.69,0.0495,466779.17,387716.29,79062.89,2229.33,5.731
TRX_0001233,RES_0001257,CUS_002814,PRJ_0013,PRJ_0013_U011,2026-02-11,273243.57,0.0272,265809.88,209027.4,56782.48,1247.63,5.632
TRX_0001234,RES_0001258,CUS_000563,PRJ_0014,PRJ_0014_U049,2026-06-03,298772.01,0.0338,288667.72,222762.58,65905.14,1234.78,5.133
TRX_0001235,RES_0001259,CUS_003449,PRJ_0014,PRJ_0014_U023,2026-01-21,263088.87,0.04,252564.69,187973.03,64591.67,1328.25,6.311
TRX_0001236,RES_0001260,CUS_000104,PRJ_0005,PRJ_0005_U007,2025-01-27,326164.46,0.0134,321796.82,266715.46,55081.36,1481.12,5.523
TRX_0001237,RES_0001261,CUS_003946,PRJ_0004,PRJ_0004_U012,2026-11-09,399192.16,0.0348,385313.39,315063.73,70249.66,2145.47,6.682
TRX_0001238,RES_0001262,CUS_001788,PRJ_0018,PRJ_0018_U026,2026-05-18,389716.31,0.0297,378140.99,295476.59,82664.41,1453.15,4.611
TRX_0001239,RES_0001263,CUS_004690,PRJ_0012,PRJ_0012_U042,2025-10-22,431507.63,0.0388,414745.45,358968.73,55776.72,2149.58,6.219
TRX_0001240,RES_0001264,CUS_003765,PRJ_0010,PRJ_0010_U050,2024-11-06,399636.95,0.0365,385048.16,296262.84,88785.32,1770.12,5.517
TRX_0001241,RES_0001265,CUS_000746,PRJ_0026,PRJ_0026_U007,2025-07-21,274517.59,0.029,266569.68,216270.8,50298.88,977.43,4.4
TRX_0001242,RES_0001266,CUS_006119,PRJ_0025,PRJ_0025_U009,2026-01-31,262442.56,0.0254,255763.91,190155.73,65608.18,956.34,4.487
TRX_0001243,RES_0001267,CUS_005180,PRJ_0005,PRJ_0005_U068,2023-06-16,415153.71,0.0394,398812.01,342888.15,55923.86,1850.38,5.568
TRX_0001244,RES_0001268,CUS_000126,PRJ_0023,PRJ_0023_U044,2024-03-02,577046.32,0.0389,554580.98,504515.77,50065.21,2259.2,4.888
TRX_0001245,RES_0001269,CUS_001489,PRJ_0012,PRJ_0012_U052,2025-04-26,304687.72,0.0181,299161.28,216383.17,82778.11,1554.87,6.237
TRX_0001246,RES_0001270,CUS_000679,PRJ_0018,PRJ_0018_U066,2025-12-31,528511.54,0.0636,494913.35,366633.32,128280.04,2114.51,5.127
TRX_0001247,RES_0001271,CUS_005239,PRJ_0001,PRJ_0001_U019,2024-01-20,750273.54,0.0321,726193.67,464348.96,261844.71,2791.26,4.612
TRX_0001248,RES_0001272,CUS_005428,PRJ_0005,PRJ_0005_U042,2025-12-21,157198.37,0.0357,151590.13,121312.89,30277.23,614.97,4.868
TRX_0001249,RES_0001273,CUS_005020,PRJ_0014,PRJ_0014_U039,2026-03-02,244333.02,0.028,237494.09,185861.87,51632.22,1246.43,6.298
TRX_0001250,RES_0001274,CUS_001959,PRJ_0021,PRJ_0021_U042,2024-12-03,204910.97,0.0307,198628.16,156194.97,42433.18,887.87,5.364
TRX_0001251,RES_0001275,CUS_006416,PRJ_0020,PRJ_0020_U060,2023-11-14,253648.25,0.0345,244898.0,194458.32,50439.68,1327.8,6.506
TRX_0001252,RES_0001276,CUS_005449,PRJ_0013,PRJ_0013_U043,2024-11-30,334522.8,0.0586,314903.19,231084.33,83818.86,1588.2,6.052
TRX_0001253,RES_0001277,CUS_003092,PRJ_0025,PRJ_0025_U033,2026-02-24,156662.21,0.0433,149874.28,109741.76,40132.52,678.74,5.434
TRX_0001254,RES_0001278,CUS_003082,PRJ_0016,PRJ_0016_U045,2025-07-20,309822.85,0.0493,294561.06,267757.85,26803.21,1027.44,4.186
TRX_0001255,RES_0001279,CUS_004491,PRJ_0014,PRJ_0014_U047,2026-01-27,331616.14,0.0218,324397.14,231582.3,92814.84,1273.78,4.712
TRX_0001256,RES_0001280,CUS_003809,PRJ_0017,PRJ_0017_U106,2026-03-20,252020.35,0.0469,240208.35,190083.53,50124.81,1024.09,5.116
TRX_0001257,RES_0001281,CUS_005245,PRJ_0012,PRJ_0012_U054,2025-02-27,332774.36,0.0332,321717.79,294803.59,26914.2,1380.28,5.148
TRX_0001258,RES_0001282,CUS_002530,PRJ_0024,PRJ_0024_U078,2023-10-25,620786.58,0.0397,596142.01,474979.74,121162.28,2850.58,5.738
TRX_0001259,RES_0001283,CUS_002488,PRJ_0024,PRJ_0024_U103,2025-12-08,447716.39,0.0322,433282.51,338956.86,94325.65,2151.76,5.959
TRX_0001260,RES_0001284,CUS_002050,PRJ_0005,PRJ_0005_U013,2023-03-16,339232.2,0.0412,325255.88,286201.52,39054.36,1510.46,5.573
TRX_0001261,RES_0001285,CUS_003186,PRJ_0004,PRJ_0004_U041,2026-07-24,384586.05,0.0377,370078.23,289072.41,81005.82,2082.65,6.753
TRX_0001262,RES_0001286,CUS_004377,PRJ_0017,PRJ_0017_U007,2026-05-20,249875.65,0.0356,240986.0,204565.79,36420.21,900.75,4.485
TRX_0001263,RES_0001287,CUS_005495,PRJ_0025,PRJ_0025_U007,2026-04-09,343760.72,0.0448,328376.13,218659.16,109716.97,1825.4,6.671
TRX_0001264,RES_0001288,CUS_005427,PRJ_0012,PRJ_0012_U105,2025-07-24,244599.07,0.0309,237048.87,178711.78,58337.09,1273.3,6.446
TRX_0001265,RES_0001289,CUS_005270,PRJ_0019,PRJ_0019_U063,2024-07-22,242417.06,0.0272,235834.6,192294.15,43540.45,876.35,4.459
TRX_0001266,RES_0001290,CUS_003409,PRJ_0011,PRJ_0011_U045,2024-01-01,231614.67,0.049,220274.94,187414.26,32860.68,962.9,5.246
TRX_0001267,RES_0001291,CUS_004952,PRJ_0011,PRJ_0011_U022,2023-09-28,261395.19,0.052,247807.39,203984.26,43823.14,1357.94,6.576
TRX_0001268,RES_0001292,CUS_003303,PRJ_0018,PRJ_0018_U018,2026-04-01,426320.26,0.0436,407737.52,317049.73,90687.79,1555.6,4.578
TRX_0001269,RES_0001293,CUS_006162,PRJ_0006,PRJ_0006_U054,2024-03-01,405099.91,0.0634,379435.29,307651.95,71783.34,1730.43,5.473
TRX_0001270,RES_0001294,CUS_005128,PRJ_0026,PRJ_0026_U063,2024-06-21,371407.91,0.0486,353360.62,302215.47,51145.15,1426.31,4.844
TRX_0001271,RES_0001295,CUS_001029,PRJ_0019,PRJ_0019_U001,2025-10-06,351572.52,0.0322,340247.51,262528.92,77718.59,1536.91,5.42
TRX_0001272,RES_0001296,CUS_000770,PRJ_0019,PRJ_0019_U094,2024-07-11,551706.08,0.0267,536961.35,389351.54,147609.8,2101.08,4.695
TRX_0001273,RES_0001297,CUS_003756,PRJ_0005,PRJ_0005_U058,2023-02-20,203283.43,0.0351,196148.91,163156.78,32992.14,1032.98,6.32
TRX_0001274,RES_0001298,CUS_000538,PRJ_0016,PRJ_0016_U068,2024-07-03,317585.94,0.0246,309767.84,248158.24,61609.61,1641.16,6.358
TRX_0001275,RES_0001299,CUS_003787,PRJ_0017,PRJ_0017_U090,2026-02-07,240539.41,0.0295,233432.88,184955.49,48477.39,812.55,4.177
TRX_0001276,RES_0001300,CUS_003558,PRJ_0015,PRJ_0015_U023,2024-11-17,123138.43,0.0285,119632.58,97922.44,21710.14,591.18,5.93
TRX_0001277,RES_0001301,CUS_005969,PRJ_0003,PRJ_0003_U065,2025-07-13,444874.67,0.0339,429804.99,365266.4,64538.59,2169.15,6.056
TRX_0001278,RES_0001302,CUS_006252,PRJ_0015,PRJ_0015_U033,2024-08-22,358539.97,0.0396,344351.28,258115.11,86236.17,1914.63,6.672
TRX_0001279,RES_0001303,CUS_004140,PRJ_0011,PRJ_0011_U034,2026-01-04,226981.34,0.0269,220879.09,162511.58,58367.51,925.92,5.03
TRX_0001280,RES_0001304,CUS_001883,PRJ_0003,PRJ_0003_U034,2025-09-29,175519.13,0.0299,170269.28,123066.21,47203.07,752.95,5.307
TRX_0001281,RES_0001305,CUS_001513,PRJ_0014,PRJ_0014_U048,2026-01-06,260711.05,0.0374,250972.94,205592.26,45380.68,1166.53,5.578
TRX_0001282,RES_0001306,CUS_000150,PRJ_0001,PRJ_0001_U056,2025-09-01,385758.01,0.0217,377378.99,288409.27,88969.72,1341.52,4.266
TRX_0001283,RES_0001307,CUS_002285,PRJ_0020,PRJ_0020_U027,2024-01-24,509351.09,0.0206,498862.63,394570.78,104291.85,2598.21,6.25
TRX_0001284,RES_0001308,CUS_000618,PRJ_0013,PRJ_0013_U044,2025-09-30,341447.58,0.02,334631.24,257960.83,76670.41,1159.18,4.157
TRX_0001285,RES_0001309,CUS_003939,PRJ_0007,PRJ_0007_U026,2024-09-05,456506.82,0.0284,443535.51,334457.56,109077.95,2200.4,5.953
TRX_0001286,RES_0001310,CUS_002306,PRJ_0028,PRJ_0028_U006,2025-11-29,238467.34,0.0356,229986.64,185852.92,44133.72,1241.51,6.478
TRX_0001287,RES_0001311,CUS_003217,PRJ_0012,PRJ_0012_U051,2025-08-01,346974.21,0.0364,334344.88,233704.14,100640.74,1353.36,4.857
TRX_0001288,RES_0001312,CUS_002986,PRJ_0011,PRJ_0011_U051,2023-11-01,306049.16,0.0171,300815.27,237623.86,63191.41,1389.56,5.543
TRX_0001289,RES_0001313,CUS_006081,PRJ_0025,PRJ_0025_U036,2026-04-23,520079.81,0.0403,499138.31,400631.45,98506.86,2398.02,5.765
TRX_0001290,RES_0001314,CUS_000543,PRJ_0003,PRJ_0003_U039,2025-09-13,375477.58,0.0432,359262.8,265482.41,93780.39,1697.59,5.67
TRX_0001291,RES_0001315,CUS_002368,PRJ_0021,PRJ_0021_U014,2024-10-22,287530.09,0.0448,274643.11,218680.38,55962.73,1381.81,6.038
TRX_0001292,RES_0001316,CUS_003539,PRJ_0006,PRJ_0006_U122,2023-10-24,514339.22,0.0405,493498.93,365917.45,127581.48,1655.66,4.026
TRX_0001293,RES_0001317,CUS_005937,PRJ_0018,PRJ_0018_U064,2026-03-15,325921.01,0.0262,317388.8,225892.2,91496.59,1464.63,5.538
TRX_0001294,RES_0001318,CUS_002646,PRJ_0003,PRJ_0003_U036,2025-07-22,281481.93,0.0304,272914.52,210896.87,62017.65,1479.08,6.503
TRX_0001295,RES_0001319,CUS_006044,PRJ_0011,PRJ_0011_U040,2023-10-05,246225.27,0.0493,234096.96,198920.16,35176.8,1193.76,6.119
TRX_0001296,RES_0001320,CUS_005454,PRJ_0008,PRJ_0008_U040,2025-10-28,453874.12,0.0246,442699.63,335521.45,107178.18,2417.5,6.553
TRX_0001297,RES_0001321,CUS_002940,PRJ_0008,PRJ_0008_U002,2022-12-08,265790.13,0.0345,256629.93,207255.62,49374.31,989.19,4.625
TRX_0001298,RES_0001322,CUS_001607,PRJ_0024,PRJ_0024_U121,2022-09-13,314828.38,0.0373,303097.08,237231.3,65865.77,1268.78,5.023
TRX_0001299,RES_0001323,CUS_004868,PRJ_0019,PRJ_0019_U051,2024-06-25,297547.54,0.0412,285285.0,243998.02,41286.99,1417.94,5.964
TRX_0001300,RES_0001324,CUS_006317,PRJ_0014,PRJ_0014_U053,2026-02-02,238971.94,0.0271,232499.14,181510.74,50988.39,1259.68,6.502
TRX_0001301,RES_0001325,CUS_000907,PRJ_0001,PRJ_0001_U044,2023-08-27,448045.21,0.0554,423212.16,330258.28,92953.88,1743.91,4.945
TRX_0001302,RES_0001326,CUS_003742,PRJ_0017,PRJ_0017_U093,2026-04-28,283996.49,0.0428,271842.48,220666.49,51176.0,1282.35,5.661
TRX_0001303,RES_0001327,CUS_006430,PRJ_0003,PRJ_0003_U027,2025-12-01,319023.04,0.0389,306612.72,261931.66,44681.06,1326.76,5.193
TRX_0001304,RES_0001328,CUS_003679,PRJ_0008,PRJ_0008_U080,2022-10-20,273524.43,0.0213,267690.64,177833.84,89856.79,1030.46,4.619
TRX_0001305,RES_0001329,CUS_004904,PRJ_0008,PRJ_0008_U011,2022-11-14,191010.77,0.0365,184033.36,154079.27,29954.09,975.97,6.364
TRX_0001306,RES_0001330,CUS_003229,PRJ_0008,PRJ_0008_U058,2023-02-01,327272.99,0.0362,315429.69,222929.72,92499.97,1233.26,4.692
TRX_0001307,RES_0001331,CUS_004358,PRJ_0008,PRJ_0008_U056,2022-10-19,560317.34,0.0474,533765.27,382215.18,151550.09,2214.43,4.978
TRX_0001308,RES_0001332,CUS_005226,PRJ_0003,PRJ_0003_U037,2025-09-25,278500.27,0.0216,272480.85,237339.48,35141.37,1190.1,5.241
TRX_0001309,RES_0001333,CUS_006034,PRJ_0009,PRJ_0009_U056,2023-02-27,372517.93,0.0171,366137.98,258212.13,107925.85,1208.52,3.961
TRX_0001310,RES_0001334,CUS_002315,PRJ_0017,PRJ_0017_U071,2026-02-28,169178.89,0.0462,161362.51,113726.28,47636.22,875.83,6.513
TRX_0001311,RES_0001335,CUS_002052,PRJ_0007,PRJ_0007_U056,2025-07-15,759369.9,0.0457,724673.93,540882.81,183791.12,3962.68,6.562
TRX_0001312,RES_0001336,CUS_005482,PRJ_0027,PRJ_0027_U085,2025-03-15,290608.71,0.0209,284538.9,214007.1,70531.8,1105.39,4.662
TRX_0001313,RES_0001337,CUS_000977,PRJ_0016,PRJ_0016_U090,2024-04-02,315138.03,0.0462,300565.95,227457.66,73108.29,1478.23,5.902
TRX_0001314,RES_0001338,CUS_001557,PRJ_0028,PRJ_0028_U018,2025-11-30,378785.35,0.0297,367548.08,300401.27,67146.81,1978.61,6.46
TRX_0001315,RES_0001339,CUS_005364,PRJ_0028,PRJ_0028_U023,2025-08-07,552506.45,0.0511,524282.81,417958.88,106323.94,2574.75,5.893
TRX_0001316,RES_0001340,CUS_001017,PRJ_0023,PRJ_0023_U026,2024-02-24,607198.65,0.0346,586164.46,434532.76,151631.7,2364.38,4.84
TRX_0001317,RES_0001341,CUS_004256,PRJ_0012,PRJ_0012_U101,2025-02-27,413787.34,0.0465,394543.24,343638.19,50905.04,1659.54,5.047
TRX_0001318,RES_0001342,CUS_002026,PRJ_0003,PRJ_0003_U011,2025-11-19,201270.66,0.0348,194265.78,156091.44,38174.34,770.96,4.762
TRX_0001319,RES_0001343,CUS_000342,PRJ_0008,PRJ_0008_U015,2022-10-18,215545.9,0.0463,205566.47,176166.73,29399.74,760.12,4.437
TRX_0001320,RES_0001344,CUS_001463,PRJ_0019,PRJ_0019_U028,2025-10-03,231633.86,0.0166,227799.7,187766.12,40033.58,1144.63,6.03
TRX_0001321,RES_0001345,CUS_002108,PRJ_0005,PRJ_0005_U011,2024-05-21,328098.48,0.0342,316866.91,254192.1,62674.81,1687.37,6.39
TRX_0001322,RES_0001346,CUS_000986,PRJ_0005,PRJ_0005_U014,2025-11-27,298526.1,0.0209,292287.69,281953.93,10333.76,1132.17,4.648
TRX_0001323,RES_0001347,CUS_003684,PRJ_0019,PRJ_0019_U030,2024-05-13,464756.01,0.0327,449547.68,303296.43,146251.26,1496.16,3.994
TRX_0001324,RES_0001348,CUS_002560,PRJ_0006,PRJ_0006_U004,2023-11-09,621519.7,0.0505,590139.06,446258.74,143880.32,2261.02,4.598
TRX_0001325,RES_0001349,CUS_004177,PRJ_0018,PRJ_0018_U034,2026-01-11,357086.33,0.0479,339975.56,265917.68,74057.89,1667.35,5.885
TRX_0001326,RES_0001350,CUS_000016,PRJ_0010,PRJ_0010_U004,2025-02-21,568038.07,0.0456,542162.18,395214.3,146947.88,2562.16,5.671
TRX_0001327,RES_0001351,CUS_000784,PRJ_0018,PRJ_0018_U058,2026-01-25,553944.26,0.0301,537248.86,401069.79,136179.07,2131.52,4.761
TRX_0001328,RES_0001352,CUS_004178,PRJ_0008,PRJ_0008_U046,2023-02-19,332493.12,0.0431,318149.03,269682.74,48466.29,1245.39,4.697
TRX_0001329,RES_0001353,CUS_001702,PRJ_0026,PRJ_0026_U024,2024-08-20,235136.8,0.0462,224263.75,178029.77,46233.98,1082.4,5.792
TRX_0001330,RES_0001354,CUS_003494,PRJ_0010,PRJ_0010_U020,2024-11-19,423243.85,0.0443,404515.11,313773.81,90741.3,1475.41,4.377
TRX_0001331,RES_0001355,CUS_001875,PRJ_0010,PRJ_0010_U012,2025-02-23,321890.02,0.0431,308024.83,292455.43,15569.4,1661.54,6.473
TRX_0001332,RES_0001356,CUS_000013,PRJ_0023,PRJ_0023_U066,2025-08-15,500716.85,0.0278,486821.34,369359.57,117461.77,2459.81,6.063
TRX_0001333,RES_0001357,CUS_002206,PRJ_0001,PRJ_0001_U015,2024-03-03,540495.19,0.0405,518599.93,383733.35,134866.57,1755.16,4.061
TRX_0001334,RES_0001358,CUS_002754,PRJ_0004,PRJ_0004_U087,2026-08-03,357184.18,0.0434,341688.38,279438.52,62249.86,1388.62,4.877
TRX_0001335,RES_0001359,CUS_004215,PRJ_0013,PRJ_0013_U024,2025-12-24,384940.15,0.033,372248.83,314171.35,58077.48,1345.93,4.339
TRX_0001336,RES_0001360,CUS_006105,PRJ_0008,PRJ_0008_U004,2023-08-23,232227.0,0.0457,221608.57,158189.33,63419.24,1006.04,5.448
TRX_0001337,RES_0001361,CUS_005403,PRJ_0003,PRJ_0003_U045,2025-10-20,175344.11,0.0379,168702.02,136142.99,32559.03,749.96,5.335
TRX_0001338,RES_0001362,CUS_004303,PRJ_0018,PRJ_0018_U050,2026-02-16,496876.58,0.0253,484295.23,375691.1,108604.14,2091.9,5.183
TRX_0001339,RES_0001363,CUS_001169,PRJ_0013,PRJ_0013_U037,2025-01-06,290635.92,0.0473,276875.27,263796.53,13078.74,1112.03,4.82
TRX_0001340,RES_0001364,CUS_003406,PRJ_0017,PRJ_0017_U053,2026-04-24,321637.17,0.0114,317972.04,231958.14,86013.9,1332.47,5.029
TRX_0001341,RES_0001365,CUS_005484,PRJ_0001,PRJ_0001_U025,2023-09-17,383787.29,0.0421,367640.03,290449.17,77190.86,1311.7,4.281
TRX_0001342,RES_0001366,CUS_000143,PRJ_0010,PRJ_0010_U036,2024-11-28,393306.76,0.0331,380302.16,295096.62,85205.54,1987.83,6.272
TRX_0001343,RES_0001367,CUS_003735,PRJ_0011,PRJ_0011_U106,2025-01-22,377331.3,0.0388,362690.4,285354.6,77335.8,1830.42,6.056
TRX_0001344,RES_0001368,CUS_005940,PRJ_0007,PRJ_0007_U061,2025-11-04,372131.69,0.0206,364463.33,310065.82,54397.5,1191.31,3.922
TRX_0001345,RES_0001369,CUS_002620,PRJ_0009,PRJ_0009_U038,2023-04-03,405831.35,0.0372,390732.84,326018.33,64714.51,1557.44,4.783
TRX_0001346,RES_0001370,CUS_004776,PRJ_0012,PRJ_0012_U043,2025-04-23,368656.23,0.0373,354919.38,294634.02,60285.36,1708.01,5.775
TRX_0001347,RES_0001371,CUS_006143,PRJ_0027,PRJ_0027_U097,2025-04-28,413107.33,0.0133,407629.41,330053.46,77575.94,2096.87,6.173
TRX_0001348,RES_0001372,CUS_000479,PRJ_0009,PRJ_0009_U043,2023-05-08,309361.74,0.0171,304069.92,246763.69,57306.23,1081.2,4.267
TRX_0001349,RES_0001373,CUS_000229,PRJ_0009,PRJ_0009_U010,2023-05-15,291954.84,0.051,277057.84,241337.17,35720.66,1501.23,6.502
TRX_0001350,RES_0001374,CUS_004801,PRJ_0010,PRJ_0010_U055,2025-01-23,520777.21,0.0389,500528.13,366691.49,133836.64,2046.48,4.906
TRX_0001351,RES_0001375,CUS_002046,PRJ_0010,PRJ_0010_U016,2024-11-29,588052.56,0.0432,562666.87,415340.74,147326.14,2338.48,4.987
TRX_0001352,RES_0001376,CUS_005502,PRJ_0011,PRJ_0011_U102,2023-10-28,250875.5,0.0356,241952.59,235956.28,5996.32,1115.94,5.535
TRX_0001353,RES_0001377,CUS_000552,PRJ_0013,PRJ_0013_U045,2025-01-20,320807.14,0.0193,314601.99,244335.58,70266.4,1067.6,4.072
TRX_0001354,RES_0001378,CUS_005147,PRJ_0007,PRJ_0007_U043,2026-01-17,369674.64,0.0321,357790.04,250520.58,107269.46,1483.01,4.974
TRX_0001355,RES_0001379,CUS_006182,PRJ_0023,PRJ_0023_U076,2024-02-14,443995.25,0.0414,425616.04,357562.39,68053.65,2010.83,5.669
TRX_0001356,RES_0001380,CUS_003341,PRJ_0008,PRJ_0008_U072,2023-06-15,279254.23,0.0181,274186.77,205516.02,68670.76,1045.54,4.576
TRX_0001357,RES_0001381,CUS_006189,PRJ_0011,PRJ_0011_U023,2023-09-13,275329.99,0.0519,261044.7,203565.81,57478.89,1357.49,6.24
TRX_0001358,RES_0001382,CUS_003064,PRJ_0004,PRJ_0004_U045,2026-09-07,233515.63,0.0354,225258.75,174262.86,50995.9,770.99,4.107
TRX_0001359,RES_0001383,CUS_000696,PRJ_0004,PRJ_0004_U052,2026-08-01,327538.16,0.0188,321376.73,239522.62,81854.11,1190.22,4.444
TRX_0001360,RES_0001384,CUS_006268,PRJ_0020,PRJ_0020_U016,2024-02-10,423898.05,0.0403,406804.31,327455.61,79348.7,2294.3,6.768
TRX_0001361,RES_0001385,CUS_006086,PRJ_0025,PRJ_0025_U044,2026-01-15,428109.29,0.0269,416604.58,313590.98,103013.6,1997.89,5.755
TRX_0001362,RES_0001386,CUS_001143,PRJ_0026,PRJ_0026_U069,2025-08-24,319396.38,0.0235,311897.8,233821.24,78076.55,1683.3,6.476
TRX_0001363,RES_0001387,CUS_003893,PRJ_0024,PRJ_0024_U038,2022-09-08,458044.53,0.0297,444453.64,375374.36,69079.28,1921.97,5.189
TRX_0001364,RES_0001388,CUS_003470,PRJ_0013,PRJ_0013_U054,2025-01-23,227965.72,0.0412,218583.95,168860.42,49723.53,866.59,4.757
TRX_0001365,RES_0001389,CUS_006500,PRJ_0007,PRJ_0007_U082,2023-12-27,298807.69,0.0412,286497.66,221025.76,65471.91,1062.74,4.451
TRX_0001366,RES_0001390,CUS_004483,PRJ_0019,PRJ_0019_U059,2024-09-21,207851.99,0.0411,199305.55,147862.35,51443.2,1123.64,6.765
TRX_0001367,RES_0001391,CUS_005238,PRJ_0025,PRJ_0025_U021,2026-02-01,333541.01,0.0316,323013.14,262621.58,60391.56,1222.32,4.541
TRX_0001368,RES_0001392,CUS_006463,PRJ_0018,PRJ_0018_U038,2026-03-13,783865.91,0.0369,754974.53,596302.79,158671.73,3974.42,6.317
TRX_0001369,RES_0001393,CUS_002026,PRJ_0012,PRJ_0012_U020,2025-06-16,654856.98,0.0294,635586.88,446999.97,188586.91,2405.92,4.542
TRX_0001370,RES_0001394,CUS_005154,PRJ_0028,PRJ_0028_U008,2026-01-19,535263.73,0.0276,520503.68,398643.41,121860.27,1734.95,4.0
TRX_0001371,RES_0001395,CUS_002530,PRJ_0018,PRJ_0018_U032,2026-05-12,459244.1,0.0152,452262.81,352027.04,100235.77,2126.38,5.642
TRX_0001372,RES_0001396,CUS_004284,PRJ_0016,PRJ_0016_U031,2024-05-21,232079.26,0.0253,226198.91,165624.4,60574.51,826.31,4.384
TRX_0001373,RES_0001397,CUS_000900,PRJ_0010,PRJ_0010_U025,2024-11-02,424285.23,0.0243,413971.5,362826.17,51145.34,2120.77,6.148
TRX_0001374,RES_0001398,CUS_005642,PRJ_0016,PRJ_0016_U082,2025-06-24,341447.23,0.0286,331681.27,258119.13,73562.15,1266.32,4.581
TRX_0001375,RES_0001399,CUS_001171,PRJ_0019,PRJ_0019_U084,2024-06-19,319855.15,0.0616,300161.49,217839.94,82321.55,1199.19,4.794
TRX_0001376,RES_0001400,CUS_002541,PRJ_0007,PRJ_0007_U034,2023-12-09,370828.56,0.032,358976.79,272642.06,86334.73,1268.75,4.241
TRX_0001377,RES_0001401,CUS_003343,PRJ_0014,PRJ_0014_U014,2026-05-15,237480.32,0.0379,228475.9,198259.82,30216.08,779.86,4.096
TRX_0001378,RES_0001402,CUS_002091,PRJ_0026,PRJ_0026_U049,2024-05-21,329257.25,0.03,319369.88,261419.93,57949.95,1484.9,5.579
TRX_0001379,RES_0001403,CUS_004062,PRJ_0028,PRJ_0028_U022,2025-09-02,528588.08,0.0389,508019.98,368846.06,139173.93,1942.85,4.589
TRX_0001380,RES_0001404,CUS_001664,PRJ_0017,PRJ_0017_U096,2026-05-05,440333.62,0.0426,421560.09,351891.66,69668.43,1804.0,5.135
TRX_0001381,RES_0001405,CUS_004287,PRJ_0008,PRJ_0008_U050,2023-04-28,335121.56,0.0447,320155.68,220782.42,99373.26,1448.56,5.429
TRX_0001382,RES_0001406,CUS_006022,PRJ_0009,PRJ_0009_U073,2023-01-28,352353.36,0.0279,342512.52,258315.15,84197.37,1126.63,3.947
TRX_0001383,RES_0001407,CUS_003669,PRJ_0009,PRJ_0009_U060,2025-06-10,422383.16,0.03,409705.5,331344.38,78361.12,1542.91,4.519
TRX_0001384,RES_0001408,CUS_001238,PRJ_0005,PRJ_0005_U051,2025-02-11,198408.18,0.0435,189771.15,138597.24,51173.91,999.88,6.323
TRX_0001385,RES_0001409,CUS_000517,PRJ_0020,PRJ_0020_U039,2025-08-24,483908.01,0.0268,470929.07,359418.79,111510.28,2175.08,5.542
TRX_0001386,RES_0001410,CUS_002296,PRJ_0007,PRJ_0007_U078,2025-08-01,636012.68,0.0416,609530.74,512845.64,96685.1,3093.65,6.091
TRX_0001387,RES_0001411,CUS_002394,PRJ_0005,PRJ_0005_U060,2025-02-22,285885.94,0.0226,279428.38,186834.67,92593.71,1432.59,6.152
TRX_0001388,RES_0001412,CUS_002609,PRJ_0016,PRJ_0016_U030,2024-04-17,284244.23,0.0404,272766.99,211720.54,61046.45,1397.69,6.149
TRX_0001389,RES_0001413,CUS_005021,PRJ_0008,PRJ_0008_U060,2024-05-01,370411.74,0.0327,358300.85,300567.1,57733.75,1501.38,5.028
TRX_0001390,RES_0001414,CUS_003432,PRJ_0024,PRJ_0024_U089,2025-12-14,428898.23,0.0388,412271.21,336685.18,75586.03,1569.36,4.568
TRX_0001391,RES_0001415,CUS_005024,PRJ_0011,PRJ_0011_U100,2024-01-15,425551.49,0.018,417906.73,284734.25,133172.47,1946.12,5.588
TRX_0001392,RES_0001416,CUS_002869,PRJ_0003,PRJ_0003_U029,2025-11-14,143385.33,0.0492,136330.64,125937.82,10392.83,550.0,4.841
TRX_0001393,RES_0001417,CUS_000021,PRJ_0003,PRJ_0003_U066,2025-11-30,205067.56,0.036,197691.36,165088.79,32602.57,755.82,4.588
TRX_0001394,RES_0001418,CUS_002568,PRJ_0005,PRJ_0005_U062,2023-01-02,218594.9,0.0299,212065.8,148992.34,63073.46,1165.31,6.594
TRX_0001395,RES_0001419,CUS_002295,PRJ_0014,PRJ_0014_U009,2026-01-23,176476.67,0.0251,172054.05,131737.53,40316.52,596.42,4.16
TRX_0001396,RES_0001421,CUS_003488,PRJ_0003,PRJ_0003_U033,2025-08-31,286654.32,0.0328,277265.68,199283.43,77982.25,1212.52,5.248
TRX_0001397,RES_0001422,CUS_003968,PRJ_0007,PRJ_0007_U070,2025-09-18,304207.87,0.0309,294793.4,225038.64,69754.77,1384.4,5.635
TRX_0001398,RES_0001423,CUS_001404,PRJ_0025,PRJ_0025_U004,2026-04-23,154815.86,0.0434,148097.65,133753.01,14344.64,659.06,5.34
TRX_0001399,RES_0001424,CUS_006066,PRJ_0005,PRJ_0005_U044,2023-05-07,240816.42,0.0323,233050.03,217206.75,15843.28,1000.47,5.152
TRX_0001400,RES_0001425,CUS_000301,PRJ_0010,PRJ_0010_U046,2024-12-05,460358.26,0.0224,450039.79,361234.08,88805.7,2436.59,6.497
TRX_0001401,RES_0001426,CUS_002387,PRJ_0028,PRJ_0028_U040,2025-08-30,480853.75,0.0358,463660.84,344415.75,119245.09,1968.98,5.096
TRX_0001402,RES_0001427,CUS_005871,PRJ_0010,PRJ_0010_U057,2024-11-09,462716.82,0.0306,448536.36,368061.69,80474.67,1964.1,5.255
TRX_0001403,RES_0001428,CUS_005882,PRJ_0006,PRJ_0006_U120,2024-10-26,211080.32,0.0236,206098.49,159722.42,46376.07,888.34,5.172
TRX_0001404,RES_0001429,CUS_002017,PRJ_0025,PRJ_0025_U047,2026-01-02,245144.15,0.0355,236431.77,176230.79,60200.99,1224.36,6.214
TRX_0001405,RES_0001431,CUS_002871,PRJ_0012,PRJ_0012_U126,2025-03-11,240359.66,0.03,233151.79,206152.71,26999.09,949.46,4.887
TRX_0001406,RES_0001432,CUS_001377,PRJ_0001,PRJ_0001_U049,2023-06-21,514093.59,0.0346,496316.54,397480.76,98835.78,2010.53,4.861
TRX_0001407,RES_0001433,CUS_002697,PRJ_0016,PRJ_0016_U102,2025-08-22,244505.72,0.0334,236339.94,208682.14,27657.8,1011.63,5.136
TRX_0001408,RES_0001434,CUS_001899,PRJ_0003,PRJ_0003_U016,2025-10-31,164407.13,0.0154,161877.2,117237.15,44640.05,746.4,5.533
TRX_0001409,RES_0001435,CUS_000468,PRJ_0005,PRJ_0005_U019,2023-05-28,369599.47,0.0288,358937.71,327399.13,31538.58,1575.42,5.267
TRX_0001410,RES_0001436,CUS_002022,PRJ_0025,PRJ_0025_U005,2026-04-17,243777.24,0.0289,236729.2,178569.44,58159.76,1316.54,6.674
TRX_0001411,RES_0001437,CUS_003651,PRJ_0020,PRJ_0020_U053,2023-11-22,394752.36,0.0287,383435.48,313081.73,70353.75,1293.48,4.048
TRX_0001412,RES_0001438,CUS_006329,PRJ_0028,PRJ_0028_U002,2025-09-08,295893.06,0.0334,285999.63,225569.49,60430.14,1597.16,6.701
TRX_0001413,RES_0001439,CUS_005709,PRJ_0009,PRJ_0009_U020,2023-07-09,416006.52,0.0374,400459.78,331075.23,69384.55,2209.33,6.62
TRX_0001414,RES_0001440,CUS_003754,PRJ_0006,PRJ_0006_U110,2023-12-09,352884.84,0.0409,338469.0,248440.48,90028.52,1226.96,4.35
TRX_0001415,RES_0001441,CUS_004082,PRJ_0026,PRJ_0026_U059,2024-07-09,502870.37,0.0342,485664.37,371360.29,114304.08,2296.03,5.673
TRX_0001416,RES_0001442,CUS_001536,PRJ_0009,PRJ_0009_U001,2023-04-05,220275.83,0.0251,214752.58,168992.47,45760.11,1023.64,5.72
TRX_0001417,RES_0001443,CUS_000633,PRJ_0012,PRJ_0012_U027,2026-01-30,342104.63,0.0418,327805.99,241160.22,86645.76,1208.41,4.424
TRX_0001418,RES_0001444,CUS_003616,PRJ_0006,PRJ_0006_U047,2025-10-07,419210.81,0.0289,407106.66,287114.27,119992.39,1879.58,5.54
TRX_0001419,RES_0001445,CUS_001113,PRJ_0023,PRJ_0023_U012,2024-10-07,357446.07,0.0232,349136.47,298989.31,50147.16,1405.84,4.832
TRX_0001420,RES_0001446,CUS_001866,PRJ_0010,PRJ_0010_U027,2025-05-26,352897.47,0.0254,343938.07,237886.78,106051.28,1791.2,6.249
TRX_0001421,RES_0001447,CUS_005216,PRJ_0010,PRJ_0010_U037,2025-07-04,433911.8,0.0285,421528.03,333311.83,88216.2,2309.7,6.575
TRX_0001422,RES_0001448,CUS_003117,PRJ_0028,PRJ_0028_U026,2025-11-29,371441.04,0.0199,364056.8,281860.98,82195.81,1183.41,3.901
TRX_0001423,RES_0001449,CUS_006314,PRJ_0010,PRJ_0010_U001,2025-09-17,261097.48,0.0391,250878.77,217624.19,33254.59,1039.89,4.974
TRX_0001424,RES_0001450,CUS_004009,PRJ_0011,PRJ_0011_U068,2025-01-03,490224.65,0.0251,477936.33,367981.95,109954.37,2350.17,5.901
TRX_0001425,RES_0001451,CUS_003746,PRJ_0017,PRJ_0017_U014,2026-01-16,177244.82,0.0234,173099.55,119949.29,53150.27,732.44,5.078
TRX_0001426,RES_0001452,CUS_001630,PRJ_0016,PRJ_0016_U059,2024-06-18,213669.14,0.0329,206635.55,150733.35,55902.2,706.3,4.102
TRX_0001427,RES_0001453,CUS_001644,PRJ_0023,PRJ_0023_U043,2024-03-07,575894.24,0.046,549385.4,392123.29,157262.11,2183.66,4.77
TRX_0001428,RES_0001454,CUS_002201,PRJ_0026,PRJ_0026_U056,2024-09-08,292435.58,0.0514,277401.91,211983.68,65418.23,1146.72,4.961
TRX_0001429,RES_0001455,CUS_000754,PRJ_0005,PRJ_0005_U041,2024-09-08,420969.45,0.0422,403223.25,335255.69,67967.56,1478.08,4.399
TRX_0001430,RES_0001456,CUS_001477,PRJ_0020,PRJ_0020_U047,2024-02-08,365519.8,0.0644,341995.3,274295.6,67699.7,1518.54,5.328
TRX_0001431,RES_0001457,CUS_004088,PRJ_0008,PRJ_0008_U053,2022-09-30,300768.67,0.043,287831.75,181943.48,105888.26,1246.68,5.198
TRX_0001432,RES_0001458,CUS_002224,PRJ_0014,PRJ_0014_U025,2026-03-07,425679.74,0.0466,405863.71,321080.52,84783.19,2135.93,6.315
TRX_0001433,RES_0001459,CUS_004700,PRJ_0017,PRJ_0017_U080,2026-01-21,268864.5,0.033,259986.59,206973.33,53013.27,1394.68,6.437
TRX_0001434,RES_0001460,CUS_001515,PRJ_0008,PRJ_0008_U008,2025-11-18,265363.41,0.0406,254581.48,188593.48,65988.0,1174.38,5.536
TRX_0001435,RES_0001461,CUS_005621,PRJ_0003,PRJ_0003_U061,2025-07-19,293311.49,0.0266,285515.95,199076.89,86439.06,1342.37,5.642
TRX_0001436,RES_0001462,CUS_005673,PRJ_0010,PRJ_0010_U018,2024-10-11,529431.01,0.0423,507041.97,409404.58,97637.39,1801.38,4.263
TRX_0001437,RES_0001463,CUS_005077,PRJ_0024,PRJ_0024_U042,2023-01-11,316715.79,0.0211,310042.22,214853.06,95189.16,1096.3,4.243
TRX_0001438,RES_0001464,CUS_005613,PRJ_0027,PRJ_0027_U047,2025-03-22,203098.62,0.0386,195265.84,162137.45,33128.39,806.78,4.958
TRX_0001439,RES_0001465,CUS_000085,PRJ_0019,PRJ_0019_U085,2025-09-03,373614.98,0.036,360150.51,293652.0,66498.51,1967.87,6.557
TRX_0001440,RES_0001466,CUS_002590,PRJ_0009,PRJ_0009_U031,2023-03-16,504794.05,0.0397,484738.81,359143.81,125594.99,2533.69,6.272
TRX_0001441,RES_0001467,CUS_002156,PRJ_0005,PRJ_0005_U036,2024-02-02,358666.1,0.0482,341392.3,298405.64,42986.66,1848.63,6.498
TRX_0001442,RES_0001468,CUS_004696,PRJ_0014,PRJ_0014_U089,2026-02-26,241010.0,0.0472,229628.77,162087.91,67540.86,1177.4,6.153
TRX_0001443,RES_0001469,CUS_005469,PRJ_0004,PRJ_0004_U120,2026-10-16,341017.79,0.0505,323782.3,246789.98,76992.32,1155.15,4.281
TRX_0001444,RES_0001470,CUS_004798,PRJ_0012,PRJ_0012_U106,2025-05-15,220306.83,0.0354,212497.58,163240.34,49257.24,1107.27,6.253
TRX_0001445,RES_0001471,CUS_005973,PRJ_0004,PRJ_0004_U023,2026-11-16,250436.6,0.041,240156.86,201463.66,38693.2,877.14,4.383
TRX_0001446,RES_0001472,CUS_005049,PRJ_0016,PRJ_0016_U050,2024-09-19,330673.24,0.0341,319385.89,306871.17,12514.72,1284.35,4.826
TRX_0001447,RES_0001473,CUS_004873,PRJ_0016,PRJ_0016_U040,2024-03-24,180224.1,0.0369,173576.87,124634.12,48942.76,969.61,6.703
TRX_0001448,RES_0001474,CUS_006164,PRJ_0012,PRJ_0012_U030,2025-02-17,635426.66,0.0207,622246.29,496538.01,125708.28,2160.0,4.166
TRX_0001449,RES_0001475,CUS_004463,PRJ_0023,PRJ_0023_U021,2025-11-21,393188.13,0.0269,382625.38,285908.7,96716.68,1783.79,5.594
TRX_0001450,RES_0001476,CUS_001169,PRJ_0004,PRJ_0004_U061,2026-09-04,367229.12,0.0372,353568.72,273997.39,79571.33,1978.11,6.714
TRX_0001451,RES_0001477,CUS_000777,PRJ_0009,PRJ_0009_U034,2023-01-21,573416.85,0.0374,551964.19,470688.11,81276.08,2034.43,4.423
TRX_0001452,RES_0001478,CUS_001801,PRJ_0006,PRJ_0006_U101,2023-07-25,597617.09,0.019,586259.75,444379.62,141880.14,1906.91,3.903
TRX_0001453,RES_0001479,CUS_002853,PRJ_0005,PRJ_0005_U028,2024-06-21,429293.54,0.043,410851.89,313859.5,96992.39,1448.54,4.231
TRX_0001454,RES_0001480,CUS_002588,PRJ_0009,PRJ_0009_U028,2022-12-16,615091.56,0.0285,597561.83,504685.76,92876.08,2610.79,5.243
TRX_0001455,RES_0001481,CUS_002994,PRJ_0023,PRJ_0023_U050,2024-07-28,453654.03,0.0439,433760.54,344706.4,89054.14,1921.47,5.316
TRX_0001456,RES_0001482,CUS_005473,PRJ_0020,PRJ_0020_U025,2023-12-27,270027.1,0.0346,260682.13,197212.56,63469.57,878.54,4.044
TRX_0001457,RES_0001483,CUS_000585,PRJ_0018,PRJ_0018_U053,2025-12-17,465165.22,0.0341,449301.94,405340.59,43961.35,1704.63,4.553
TRX_0001458,RES_0001484,CUS_001622,PRJ_0007,PRJ_0007_U019,2024-06-09,514181.13,0.0379,494683.69,347608.84,147074.85,1707.76,4.143
TRX_0001459,RES_0001485,CUS_004432,PRJ_0028,PRJ_0028_U020,2025-08-30,299446.04,0.023,292566.0,243838.77,48727.23,1138.8,4.671
TRX_0001460,RES_0001486,CUS_002629,PRJ_0008,PRJ_0008_U017,2025-11-27,307624.8,0.0418,294765.84,255867.21,38898.63,1565.28,6.372
TRX_0001461,RES_0001487,CUS_005312,PRJ_0017,PRJ_0017_U008,2026-04-14,260207.98,0.0371,250567.21,180184.06,70383.15,960.25,4.599
TRX_0001462,RES_0001488,CUS_002138,PRJ_0005,PRJ_0005_U045,2023-05-13,216234.91,0.0372,208201.21,143380.19,64821.02,1041.95,6.005
TRX_0001463,RES_0001489,CUS_001198,PRJ_0019,PRJ_0019_U075,2024-05-10,343532.46,0.0157,338121.89,259240.26,78881.63,1829.73,6.494
TRX_0001464,RES_0001490,CUS_005876,PRJ_0005,PRJ_0005_U009,2023-04-30,523266.61,0.0381,503319.39,381010.21,122309.18,2064.2,4.921
TRX_0001465,RES_0001491,CUS_001590,PRJ_0001,PRJ_0001_U041,2023-09-03,558753.54,0.0511,530217.11,461091.74,69125.37,2750.73,6.226
TRX_0001466,RES_0001492,CUS_002236,PRJ_0017,PRJ_0017_U050,2026-04-02,391820.92,0.0262,381545.87,298838.28,82707.58,2056.74,6.469
TRX_0001467,RES_0001493,CUS_003665,PRJ_0019,PRJ_0019_U007,2024-04-19,217423.87,0.0437,207931.98,165306.87,42625.12,1165.4,6.726
TRX_0001468,RES_0001494,CUS_001110,PRJ_0009,PRJ_0009_U078,2023-03-01,895406.14,0.0457,854443.46,607914.7,246528.77,4200.0,5.899
TRX_0001469,RES_0001495,CUS_002794,PRJ_0005,PRJ_0005_U010,2024-03-17,207658.88,0.0252,202431.53,148189.97,54241.56,1027.01,6.088
TRX_0001470,RES_0001496,CUS_004230,PRJ_0011,PRJ_0011_U003,2023-09-27,375645.49,0.0327,363359.91,294004.0,69355.91,1725.67,5.699
TRX_0001471,RES_0001497,CUS_006098,PRJ_0014,PRJ_0014_U036,2026-03-18,285962.41,0.0424,273831.95,218568.32,55263.63,1003.79,4.399
TRX_0001472,RES_0001498,CUS_001222,PRJ_0018,PRJ_0018_U045,2025-12-29,451889.11,0.0384,434527.52,367116.02,67411.5,1897.88,5.241
TRX_0001473,RES_0001499,CUS_002287,PRJ_0026,PRJ_0026_U077,2024-08-02,224809.01,0.0144,221581.85,175629.5,45952.35,1045.27,5.661
TRX_0001474,RES_0001500,CUS_004564,PRJ_0011,PRJ_0011_U098,2023-11-02,254769.58,0.0323,246540.39,173670.51,72869.88,1333.49,6.491
TRX_0001475,RES_0001501,CUS_000751,PRJ_0016,PRJ_0016_U078,2024-07-02,250229.4,0.0348,241529.56,182396.79,59132.77,805.82,4.004
TRX_0001476,RES_0001502,CUS_006318,PRJ_0014,PRJ_0014_U028,2025-12-29,345109.19,0.038,332011.47,269629.33,62382.14,1646.75,5.952
TRX_0001477,RES_0001503,CUS_004811,PRJ_0009,PRJ_0009_U040,2023-04-11,252259.87,0.0313,244376.75,176241.29,68135.46,1103.18,5.417
TRX_0001478,RES_0001504,CUS_000452,PRJ_0012,PRJ_0012_U050,2025-06-22,544711.47,0.0233,532017.99,398366.31,133651.68,2089.77,4.714
TRX_0001479,RES_0001505,CUS_001790,PRJ_0016,PRJ_0016_U049,2024-07-02,205860.01,0.0346,198727.24,156778.78,41948.46,863.24,5.213
TRX_0001480,RES_0001506,CUS_004659,PRJ_0014,PRJ_0014_U056,2026-01-22,330899.01,0.0388,318062.76,266845.96,51216.8,1609.65,6.073
TRX_0001481,RES_0001507,CUS_004540,PRJ_0026,PRJ_0026_U048,2024-09-29,384774.41,0.0301,373211.07,283060.52,90150.55,1776.11,5.711
TRX_0001482,RES_0001508,CUS_004265,PRJ_0005,PRJ_0005_U018,2023-04-07,345128.88,0.0334,333595.14,262885.4,70709.74,1423.49,5.121
TRX_0001483,RES_0001509,CUS_005552,PRJ_0012,PRJ_0012_U008,2025-07-01,346628.65,0.0336,334969.07,253573.17,81395.9,1180.04,4.227
TRX_0001484,RES_0001510,CUS_006018,PRJ_0005,PRJ_0005_U008,2023-09-12,326057.68,0.0458,311120.78,219085.42,92035.35,1249.86,4.821
TRX_0001485,RES_0001511,CUS_000973,PRJ_0004,PRJ_0004_U101,2026-12-17,258523.94,0.0241,252287.2,212562.58,39724.62,1175.58,5.592
TRX_0001486,RES_0001512,CUS_000389,PRJ_0024,PRJ_0024_U073,2023-05-06,624038.28,0.0301,605232.14,480155.38,125076.76,3259.27,6.462
TRX_0001487,RES_0001514,CUS_002171,PRJ_0024,PRJ_0024_U026,2022-06-19,333720.44,0.0374,321253.75,243592.57,77661.19,1420.2,5.305
TRX_0001488,RES_0001515,CUS_004099,PRJ_0027,PRJ_0027_U022,2025-01-24,443742.5,0.0353,428056.3,336192.89,91863.41,2031.85,5.696
TRX_0001489,RES_0001516,CUS_000876,PRJ_0017,PRJ_0017_U004,2026-03-25,224173.07,0.0435,214428.52,165324.06,49104.46,868.37,4.86
TRX_0001490,RES_0001517,CUS_004328,PRJ_0028,PRJ_0028_U041,2025-06-28,357535.94,0.0409,342926.37,282358.45,60567.92,1691.96,5.921
TRX_0001491,RES_0001518,CUS_004000,PRJ_0006,PRJ_0006_U070,2024-11-11,723985.95,0.0393,695501.31,498310.41,197190.9,2958.22,5.104
TRX_0001492,RES_0001519,CUS_000777,PRJ_0001,PRJ_0001_U051,2023-07-17,393643.67,0.04,377892.21,321864.13,56028.08,1289.56,4.095
TRX_0001493,RES_0001520,CUS_004445,PRJ_0008,PRJ_0008_U033,2023-12-26,433958.2,0.0438,414943.43,293450.14,121493.28,2004.16,5.796
TRX_0001494,RES_0001521,CUS_005013,PRJ_0017,PRJ_0017_U072,2026-03-14,113364.26,0.0186,111256.46,88935.09,22321.37,550.0,5.932
TRX_0001495,RES_0001522,CUS_001815,PRJ_0016,PRJ_0016_U087,2024-04-15,237449.69,0.0219,232258.86,170004.18,62254.69,766.53,3.96
TRX_0001496,RES_0001523,CUS_000048,PRJ_0023,PRJ_0023_U020,2024-04-21,355744.14,0.0494,338186.25,252255.26,85930.99,1718.38,6.097
TRX_0001497,RES_0001524,CUS_003843,PRJ_0027,PRJ_0027_U023,2025-12-15,134709.95,0.0324,130340.93,103888.83,26452.1,550.0,5.064
TRX_0001498,RES_0001525,CUS_005933,PRJ_0027,PRJ_0027_U102,2025-03-22,327334.71,0.0425,313431.37,252302.46,61128.91,1499.97,5.743
TRX_0001499,RES_0001526,CUS_001069,PRJ_0019,PRJ_0019_U026,2024-05-06,201849.16,0.0296,195881.78,165597.82,30283.96,1021.33,6.257
TRX_0001500,RES_0001527,CUS_006164,PRJ_0026,PRJ_0026_U023,2024-05-28,323509.37,0.0354,312042.62,256901.55,55141.07,1709.56,6.574
TRX_0001501,RES_0001528,CUS_002678,PRJ_0020,PRJ_0020_U055,2023-10-20,257688.92,0.0271,250696.21,206649.43,44046.78,1025.62,4.909
TRX_0001502,RES_0001529,CUS_001400,PRJ_0011,PRJ_0011_U099,2023-09-26,267999.08,0.0383,257741.49,206147.11,51594.38,1280.93,5.964
TRX_0001503,RES_0001530,CUS_002877,PRJ_0019,PRJ_0019_U037,2024-04-08,534841.79,0.0371,514994.69,362481.57,152513.12,2839.42,6.616
TRX_0001504,RES_0001531,CUS_001403,PRJ_0008,PRJ_0008_U048,2023-02-07,387020.18,0.0174,380294.59,328616.44,51678.15,2067.39,6.524
TRX_0001505,RES_0001532,CUS_002974,PRJ_0018,PRJ_0018_U071,2026-05-21,326816.35,0.0364,314915.76,248675.6,66240.16,1509.85,5.753
TRX_0001506,RES_0001533,CUS_000575,PRJ_0027,PRJ_0027_U066,2025-05-03,257675.33,0.0348,248703.95,209079.57,39624.38,868.9,4.192
TRX_0001507,RES_0001534,CUS_003984,PRJ_0019,PRJ_0019_U003,2024-03-31,481702.26,0.0188,472665.49,379793.77,92871.72,1531.69,3.889
TRX_0001508,RES_0001535,CUS_006416,PRJ_0012,PRJ_0012_U120,2025-03-15,339573.53,0.0565,320397.61,246141.89,74255.72,1541.08,5.772
TRX_0001509,RES_0001536,CUS_004072,PRJ_0008,PRJ_0008_U010,2025-04-18,324769.27,0.0309,314729.94,221814.26,92915.68,1233.02,4.701
TRX_0001510,RES_0001537,CUS_003264,PRJ_0007,PRJ_0007_U045,2024-07-27,553386.71,0.0433,529442.63,363974.41,165468.23,2035.72,4.614
TRX_0001511,RES_0001538,CUS_006081,PRJ_0012,PRJ_0012_U099,2025-02-28,308756.35,0.0192,302828.06,275381.1,27446.97,1079.48,4.278
TRX_0001512,RES_0001539,CUS_003193,PRJ_0007,PRJ_0007_U005,2025-07-06,466763.22,0.0088,462672.19,403990.58,58681.61,2062.59,5.35
TRX_0001513,RES_0001540,CUS_002794,PRJ_0001,PRJ_0001_U007,2023-05-07,388164.7,0.0277,377413.0,280312.48,97100.52,1917.05,6.095
TRX_0001514,RES_0001541,CUS_004128,PRJ_0014,PRJ_0014_U092,2026-05-20,183856.46,0.0444,175686.12,118900.68,56785.44,888.37,6.068
TRX_0001515,RES_0001542,CUS_004571,PRJ_0018,PRJ_0018_U040,2026-01-07,360872.54,0.0285,350589.58,240967.93,109621.65,1868.09,6.394
TRX_0001516,RES_0001543,CUS_000681,PRJ_0017,PRJ_0017_U057,2025-12-14,554180.95,0.0321,536419.08,419231.72,117187.35,2367.18,5.296
TRX_0001517,RES_0001545,CUS_000168,PRJ_0017,PRJ_0017_U089,2026-02-07,397142.85,0.036,382863.29,279632.64,103230.64,1258.8,3.945
TRX_0001518,RES_0001546,CUS_000817,PRJ_0018,PRJ_0018_U030,2026-05-29,459010.1,0.0351,442890.34,369269.51,73620.83,1655.39,4.485
TRX_0001519,RES_0001547,CUS_005739,PRJ_0020,PRJ_0020_U038,2024-08-01,414894.46,0.0399,398321.53,323289.93,75031.6,1716.03,5.17
TRX_0001520,RES_0001548,CUS_006333,PRJ_0018,PRJ_0018_U033,2026-02-18,271140.52,0.028,263554.55,192728.35,70826.2,924.73,4.21
TRX_0001521,RES_0001549,CUS_001189,PRJ_0012,PRJ_0012_U017,2025-08-07,330245.84,0.0439,315760.22,233417.8,82342.43,1579.36,6.002
TRX_0001522,RES_0001550,CUS_000578,PRJ_0017,PRJ_0017_U017,2026-01-09,325503.94,0.0353,314011.32,225501.24,88510.08,1343.88,5.136
TRX_0001523,RES_0001551,CUS_004406,PRJ_0003,PRJ_0003_U038,2025-12-14,171492.49,0.0264,166969.88,118548.49,48421.39,747.05,5.369
TRX_0001524,RES_0001552,CUS_001210,PRJ_0016,PRJ_0016_U013,2024-05-26,358216.79,0.0308,347172.71,270864.72,76307.99,1484.93,5.133
TRX_0001525,RES_0001553,CUS_003949,PRJ_0027,PRJ_0027_U084,2025-04-01,375714.78,0.0304,364301.16,248084.19,116216.97,1842.98,6.071
TRX_0001526,RES_0001554,CUS_001844,PRJ_0020,PRJ_0020_U026,2024-04-25,275922.18,0.0194,270555.62,180937.44,89618.18,1253.4,5.559
TRX_0001527,RES_0001555,CUS_001157,PRJ_0026,PRJ_0026_U031,2024-09-11,297149.16,0.0376,285989.62,217685.23,68304.39,1160.95,4.871
TRX_0001528,RES_0001556,CUS_004514,PRJ_0019,PRJ_0019_U048,2024-04-12,378265.97,0.0184,371297.74,278852.9,92444.84,1485.47,4.801
TRX_0001529,RES_0001557,CUS_000563,PRJ_0014,PRJ_0014_U010,2026-01-30,247092.54,0.0331,238909.5,194687.93,44221.58,1087.06,5.46
TRX_0001530,RES_0001558,CUS_002853,PRJ_0028,PRJ_0028_U025,2025-08-10,479163.08,0.038,460941.81,325841.83,135099.98,1745.76,4.545
TRX_0001531,RES_0001559,CUS_005169,PRJ_0011,PRJ_0011_U091,2023-12-12,340485.95,0.0333,329161.59,280142.23,49019.36,1741.61,6.349
TRX_0001532,RES_0001560,CUS_005058,PRJ_0016,PRJ_0016_U011,2024-05-30,339201.06,0.04,325644.41,275439.42,50204.99,1082.56,3.989
TRX_0001533,RES_0001561,CUS_004590,PRJ_0018,PRJ_0018_U077,2026-01-18,325694.36,0.0415,312181.47,242941.47,69240.0,1486.56,5.714
TRX_0001534,RES_0001562,CUS_003624,PRJ_0020,PRJ_0020_U052,2025-05-23,279054.54,0.0231,272599.3,206468.88,66130.43,1276.0,5.617
TRX_0001535,RES_0001563,CUS_002431,PRJ_0026,PRJ_0026_U011,2024-07-17,202045.47,0.0277,196445.98,144913.75,51532.23,1023.74,6.254
TRX_0001536,RES_0001564,CUS_004527,PRJ_0027,PRJ_0027_U067,2025-06-09,338800.6,0.0314,328158.09,234859.37,93298.73,1785.5,6.529
TRX_0001537,RES_0001565,CUS_001583,PRJ_0012,PRJ_0012_U075,2025-07-03,246446.72,0.0372,237283.95,192689.73,44594.22,1188.26,6.009
TRX_0001538,RES_0001566,CUS_002959,PRJ_0009,PRJ_0009_U036,2023-04-09,761791.13,0.0332,736475.43,541153.46,195321.97,3978.67,6.483
TRX_0001539,RES_0001567,CUS_002094,PRJ_0005,PRJ_0005_U006,2023-10-14,205696.76,0.0418,197107.67,158647.66,38460.01,817.96,4.98
TRX_0001540,RES_0001568,CUS_006066,PRJ_0005,PRJ_0005_U069,2023-03-20,509053.52,0.0311,493239.4,364402.9,128836.5,2275.35,5.536
TRX_0001541,RES_0001569,CUS_002975,PRJ_0023,PRJ_0023_U032,2023-12-23,235799.15,0.0455,225077.04,167141.1,57935.94,1261.75,6.727
TRX_0001542,RES_0001570,CUS_003207,PRJ_0023,PRJ_0023_U053,2023-10-20,633134.82,0.0352,610826.72,484804.71,126022.01,3156.49,6.201
TRX_0001543,RES_0001571,CUS_005206,PRJ_0008,PRJ_0008_U020,2022-12-13,315501.75,0.0287,306450.71,220468.61,85982.09,1162.17,4.551
TRX_0001544,RES_0001572,CUS_002784,PRJ_0008,PRJ_0008_U099,2023-06-07,391361.1,0.0391,376048.92,271457.96,104590.95,1938.37,6.185
TRX_0001545,RES_0001573,CUS_001294,PRJ_0028,PRJ_0028_U009,2025-09-17,396339.09,0.0443,378790.78,322217.05,56573.74,1321.58,4.187
TRX_0001546,RES_0001574,CUS_001744,PRJ_0026,PRJ_0026_U041,2025-05-03,254125.46,0.0334,245636.9,202162.19,43474.71,1203.98,5.882
TRX_0001547,RES_0001575,CUS_005190,PRJ_0012,PRJ_0012_U119,2025-05-13,153671.06,0.0376,147887.95,134358.82,13529.13,788.49,6.398
TRX_0001548,RES_0001576,CUS_005043,PRJ_0009,PRJ_0009_U004,2023-04-28,555924.02,0.0311,538608.74,421423.9,117184.84,2563.93,5.712
TRX_0001549,RES_0001577,CUS_004234,PRJ_0024,PRJ_0024_U091,2022-12-19,520899.48,0.0357,502319.45,439066.17,63253.28,1683.71,4.022
TRX_0001550,RES_0001578,CUS_006359,PRJ_0020,PRJ_0020_U037,2026-02-10,231864.83,0.0487,220575.71,174869.9,45705.81,1025.94,5.581
TRX_0001551,RES_0001579,CUS_002031,PRJ_0027,PRJ_0027_U083,2025-02-01,282315.61,0.0434,270053.32,207939.77,62113.55,1231.35,5.472
TRX_0001552,RES_0001580,CUS_000174,PRJ_0009,PRJ_0009_U018,2022-12-28,513809.62,0.0267,500070.45,413291.95,86778.5,1669.67,4.007
TRX_0001553,RES_0001581,CUS_005811,PRJ_0009,PRJ_0009_U005,2023-04-21,435784.74,0.0328,421471.03,306912.6,114558.43,1858.72,5.292
TRX_0001554,RES_0001582,CUS_002290,PRJ_0007,PRJ_0007_U001,2024-03-30,345771.82,0.0378,332700.32,257648.59,75051.73,1147.31,4.138
TRX_0001555,RES_0001583,CUS_005346,PRJ_0014,PRJ_0014_U004,2026-01-12,305968.83,0.0296,296906.72,205603.31,91303.42,1567.67,6.336
TRX_0001556,RES_0001584,CUS_001395,PRJ_0028,PRJ_0028_U031,2025-12-07,329713.39,0.0416,315996.51,235095.48,80901.03,1146.79,4.355
TRX_0001557,RES_0001585,CUS_001569,PRJ_0014,PRJ_0014_U080,2026-06-02,336823.26,0.048,320650.17,279040.14,41610.03,1540.64,5.766
TRX_0001558,RES_0001586,CUS_001549,PRJ_0019,PRJ_0019_U098,2024-09-24,292810.61,0.015,288423.2,196817.98,91605.23,1236.18,5.143
TRX_0001559,RES_0001587,CUS_002733,PRJ_0028,PRJ_0028_U032,2025-06-28,336173.43,0.0095,332964.84,271587.45,61377.39,1134.53,4.089
TRX_0001560,RES_0001588,CUS_004085,PRJ_0023,PRJ_0023_U051,2023-12-20,396717.88,0.0515,376292.23,315677.26,60614.96,1529.0,4.876
TRX_0001561,RES_0001589,CUS_005073,PRJ_0027,PRJ_0027_U062,2025-05-27,362629.66,0.016,356832.35,274437.6,82394.75,1675.63,5.635
TRX_0001562,RES_0001590,CUS_005088,PRJ_0012,PRJ_0012_U069,2025-04-12,158027.84,0.0544,149437.09,144606.76,4830.33,813.15,6.53
TRX_0001563,RES_0001591,CUS_006257,PRJ_0027,PRJ_0027_U020,2025-03-11,323372.53,0.0502,307132.85,256395.04,50737.81,1373.53,5.367
TRX_0001564,RES_0001592,CUS_002913,PRJ_0023,PRJ_0023_U004,2023-10-29,254505.62,0.0418,243869.68,177950.63,65919.05,1301.2,6.403
TRX_0001565,RES_0001593,CUS_000188,PRJ_0023,PRJ_0023_U001,2023-11-25,421893.04,0.0303,409105.79,308840.0,100265.8,1762.78,5.171
TRX_0001566,RES_0001594,CUS_003092,PRJ_0018,PRJ_0018_U021,2025-12-12,400459.37,0.0444,382678.2,292747.4,89930.8,1555.82,4.879
TRX_0001567,RES_0001595,CUS_000947,PRJ_0005,PRJ_0005_U049,2025-12-18,324740.23,0.0273,315877.89,223344.04,92533.86,1579.53,6.001
TRX_0001568,RES_0001596,CUS_002742,PRJ_0026,PRJ_0026_U076,2024-09-29,194886.24,0.0192,191136.6,153285.78,37850.82,985.11,6.185
TRX_0001569,RES_0001597,CUS_004764,PRJ_0004,PRJ_0004_U048,2026-11-20,361466.25,0.0339,349212.53,278573.75,70638.77,1622.98,5.577
TRX_0001570,RES_0001598,CUS_003527,PRJ_0008,PRJ_0008_U036,2022-09-22,328643.13,0.0321,318095.79,249887.13,68208.66,1502.68,5.669
TRX_0001571,RES_0001599,CUS_003008,PRJ_0012,PRJ_0012_U036,2025-03-16,748691.17,0.0351,722416.67,503168.93,219247.74,4005.6,6.654
TRX_0001572,RES_0001600,CUS_004442,PRJ_0014,PRJ_0014_U034,2026-04-18,229388.39,0.0421,219720.3,171918.2,47802.1,1192.38,6.512
TRX_0001573,RES_0001601,CUS_000829,PRJ_0016,PRJ_0016_U037,2024-04-23,233245.17,0.0154,229643.07,175062.56,54580.51,841.74,4.399
TRX_0001574,RES_0001602,CUS_000736,PRJ_0005,PRJ_0005_U021,2023-02-15,342593.1,0.0367,330025.54,255638.89,74386.65,1157.76,4.21
TRX_0001575,RES_0001603,CUS_003790,PRJ_0004,PRJ_0004_U051,2026-08-02,332519.81,0.0541,314530.14,205622.11,108908.02,1497.61,5.714
TRX_0001576,RES_0001604,CUS_006418,PRJ_0001,PRJ_0001_U003,2023-06-13,429310.84,0.0454,409804.66,369111.33,40693.33,2320.32,6.794
TRX_0001577,RES_0001605,CUS_001313,PRJ_0020,PRJ_0020_U043,2023-10-07,382547.82,0.0408,366929.17,302741.93,64187.24,1586.75,5.189
TRX_0001578,RES_0001606,CUS_001133,PRJ_0028,PRJ_0028_U036,2025-08-21,393373.92,0.0411,377206.66,306154.71,71051.96,1386.66,4.411
TRX_0001579,RES_0001607,CUS_003854,PRJ_0001,PRJ_0001_U024,2024-12-29,377549.23,0.0214,369453.6,281524.35,87929.25,1238.86,4.024
TRX_0001580,RES_0001608,CUS_000324,PRJ_0016,PRJ_0016_U015,2025-01-08,233499.65,0.0581,219935.47,170099.04,49836.43,1009.48,5.508
TRX_0001581,RES_0001609,CUS_000617,PRJ_0006,PRJ_0006_U096,2023-06-26,362590.14,0.032,350981.63,264540.9,86440.73,1704.83,5.829
TRX_0001582,RES_0001610,CUS_003105,PRJ_0012,PRJ_0012_U022,2025-06-07,487199.4,0.0286,473283.53,388151.59,85131.94,2592.14,6.572
TRX_0001583,RES_0001611,CUS_000837,PRJ_0008,PRJ_0008_U097,2023-10-04,231963.22,0.0282,225425.4,183812.02,41613.37,798.25,4.249
TRX_0001584,RES_0001612,CUS_004955,PRJ_0023,PRJ_0023_U059,2024-04-14,380905.0,0.0457,363493.09,311060.81,52432.28,1834.94,6.058
TRX_0001585,RES_0001613,CUS_000843,PRJ_0005,PRJ_0005_U029,2023-04-25,233604.25,0.0368,225002.97,171306.03,53696.94,1024.91,5.466
TRX_0001586,RES_0001614,CUS_002852,PRJ_0018,PRJ_0018_U041,2026-05-17,416337.03,0.0501,395478.65,349941.02,45537.63,1570.07,4.764
TRX_0001587,RES_0001615,CUS_005652,PRJ_0012,PRJ_0012_U080,2025-03-16,547058.0,0.0495,519993.65,378739.38,141254.27,2748.31,6.342
TRX_0001588,RES_0001616,CUS_000390,PRJ_0004,PRJ_0004_U047,2026-09-02,199952.22,0.0396,192042.41,140334.02,51708.39,940.91,5.879
TRX_0001589,RES_0001617,CUS_004329,PRJ_0009,PRJ_0009_U011,2023-11-05,456114.06,0.0331,441037.73,351327.24,89710.49,1500.23,4.082
TRX_0001590,RES_0001618,CUS_003729,PRJ_0023,PRJ_0023_U065,2024-03-27,388864.68,0.0405,373125.23,287164.43,85960.8,1586.9,5.104
TRX_0001591,RES_0001619,CUS_005677,PRJ_0011,PRJ_0011_U019,2023-10-16,356290.51,0.0388,342458.8,287771.64,54687.16,1384.33,4.851
TRX_0001592,RES_0001620,CUS_005649,PRJ_0028,PRJ_0028_U004,2025-06-25,372146.63,0.036,358731.36,244997.04,113734.32,1970.85,6.593
TRX_0001593,RES_0001621,CUS_003542,PRJ_0023,PRJ_0023_U049,2024-07-04,450574.12,0.0359,434393.5,376704.81,57688.69,1690.16,4.669
TRX_0001594,RES_0001622,CUS_003495,PRJ_0006,PRJ_0006_U106,2023-09-16,421503.45,0.0491,400817.85,300448.03,100369.82,1595.5,4.777
TRX_0001595,RES_0001623,CUS_000362,PRJ_0019,PRJ_0019_U006,2024-05-03,338762.02,0.0432,324133.88,227722.68,96411.2,1263.38,4.677
TRX_0001596,RES_0001624,CUS_003015,PRJ_0012,PRJ_0012_U117,2025-05-06,358925.76,0.0333,346972.31,254816.95,92155.36,1353.13,4.68
TRX_0001597,RES_0001625,CUS_004438,PRJ_0016,PRJ_0016_U024,2024-07-26,466312.49,0.0446,445505.37,361341.59,84163.78,1660.12,4.472
TRX_0001598,RES_0001626,CUS_004103,PRJ_0009,PRJ_0009_U074,2023-03-12,467891.21,0.0209,458093.62,397080.41,61013.21,2491.67,6.527
TRX_0001599,RES_0001627,CUS_001683,PRJ_0016,PRJ_0016_U039,2025-05-25,316323.95,0.038,304305.83,246930.79,57375.04,1555.63,6.134
TRX_0001600,RES_0001628,CUS_003999,PRJ_0027,PRJ_0027_U061,2025-05-14,286643.02,0.0354,276496.34,236348.83,40147.51,1214.12,5.269
TRX_0001601,RES_0001629,CUS_000873,PRJ_0009,PRJ_0009_U068,2023-10-05,420407.29,0.0208,411652.55,328690.49,82962.06,1839.58,5.363
TRX_0001602,RES_0001630,CUS_006427,PRJ_0028,PRJ_0028_U029,2025-10-05,399114.95,0.0538,377636.68,268384.44,109252.23,2076.92,6.6
TRX_0001603,RES_0001631,CUS_000330,PRJ_0006,PRJ_0006_U089,2023-08-15,454305.74,0.0569,428444.72,357794.47,70650.25,1849.73,5.181
TRX_0001604,RES_0001632,CUS_003942,PRJ_0009,PRJ_0009_U055,2023-04-29,443488.26,0.0385,426409.59,312380.06,114029.53,1532.64,4.313
TRX_0001605,RES_0001633,CUS_000430,PRJ_0017,PRJ_0017_U019,2026-05-21,212729.31,0.0475,202632.38,167013.99,35618.39,818.26,4.846
TRX_0001606,RES_0001634,CUS_001235,PRJ_0023,PRJ_0023_U039,2023-12-20,608856.27,0.0443,581885.95,502479.66,79406.29,2413.25,4.977
TRX_0001607,RES_0001635,CUS_000544,PRJ_0018,PRJ_0018_U024,2025-12-20,619878.34,0.0286,602125.62,456354.27,145771.35,2168.1,4.321
TRX_0001608,RES_0001636,CUS_004703,PRJ_0020,PRJ_0020_U030,2024-01-22,255956.72,0.03,248273.24,206047.87,42225.36,1108.84,5.359
TRX_0001609,RES_0001637,CUS_005320,PRJ_0011,PRJ_0011_U057,2024-01-11,392262.41,0.0454,374463.71,275385.21,99078.51,1434.42,4.597
TRX_0001610,RES_0001638,CUS_002530,PRJ_0016,PRJ_0016_U081,2025-07-07,239184.7,0.0238,233503.88,206869.79,26634.09,961.35,4.94
TRX_0001611,RES_0001639,CUS_000960,PRJ_0028,PRJ_0028_U011,2025-11-07,249219.25,0.0453,237935.96,211356.61,26579.35,866.55,4.37
TRX_0001612,RES_0001640,CUS_000217,PRJ_0009,PRJ_0009_U072,2023-05-02,432654.93,0.0472,412230.23,305064.31,107165.91,1897.78,5.524
TRX_0001613,RES_0001641,CUS_004511,PRJ_0006,PRJ_0006_U064,2023-06-30,472475.62,0.0344,456213.48,352110.77,104102.71,1960.58,5.157
TRX_0001614,RES_0001642,CUS_006443,PRJ_0003,PRJ_0003_U003,2025-10-11,207370.36,0.0318,200777.73,149150.62,51627.11,976.77,5.838
TRX_0001615,RES_0001643,CUS_000890,PRJ_0001,PRJ_0001_U060,2023-08-19,654584.13,0.0163,643911.33,473930.03,169981.3,2118.92,3.949
TRX_0001616,RES_0001644,CUS_002994,PRJ_0012,PRJ_0012_U087,2025-12-01,254544.57,0.0358,245428.27,194583.77,50844.5,1044.91,5.109
TRX_0001617,RES_0001645,CUS_000249,PRJ_0023,PRJ_0023_U018,2023-11-05,459196.62,0.0352,443043.43,374399.95,68643.48,1971.24,5.339
TRX_0001618,RES_0001646,CUS_000726,PRJ_0012,PRJ_0012_U016,2026-01-28,258235.4,0.0141,254583.79,202238.17,52345.62,919.44,4.334
TRX_0001619,RES_0001647,CUS_000589,PRJ_0014,PRJ_0014_U109,2026-04-04,475331.96,0.0361,458192.41,358747.31,99445.1,2347.13,6.147
TRX_0001620,RES_0001648,CUS_002809,PRJ_0007,PRJ_0007_U027,2025-07-20,518872.04,0.0337,501400.26,361502.85,139897.41,2540.56,6.08
TRX_0001621,RES_0001649,CUS_005688,PRJ_0016,PRJ_0016_U089,2024-05-13,297461.25,0.0419,285012.05,248463.32,36548.73,966.19,4.068
TRX_0001622,RES_0001650,CUS_002753,PRJ_0016,PRJ_0016_U012,2024-07-18,426950.2,0.043,408592.99,320582.44,88010.55,1598.69,4.695
TRX_0001623,RES_0001651,CUS_001992,PRJ_0008,PRJ_0008_U069,2024-08-18,304887.68,0.0336,294630.25,236576.62,58053.63,1039.97,4.236
TRX_0001624,RES_0001652,CUS_000692,PRJ_0018,PRJ_0018_U052,2026-03-25,561859.15,0.0336,543007.01,425423.3,117583.71,2815.12,6.221
TRX_0001625,RES_0001653,CUS_002071,PRJ_0004,PRJ_0004_U098,2026-11-22,206781.17,0.0362,199290.52,145774.28,53516.23,985.14,5.932
TRX_0001626,RES_0001654,CUS_001022,PRJ_0017,PRJ_0017_U024,2025-12-24,308515.07,0.0292,299506.42,205702.77,93803.65,984.68,3.945
TRX_0001627,RES_0001655,CUS_002582,PRJ_0020,PRJ_0020_U005,2025-06-23,389322.25,0.0178,382391.1,329500.13,52890.98,1978.54,6.209
TRX_0001628,RES_0001656,CUS_001325,PRJ_0017,PRJ_0017_U079,2026-01-24,228811.3,0.0348,220843.34,166995.68,53847.66,868.82,4.721
TRX_0001629,RES_0001657,CUS_004220,PRJ_0017,PRJ_0017_U011,2025-12-23,337868.22,0.0334,326574.89,215956.46,110618.44,1095.8,4.027
TRX_0001630,RES_0001658,CUS_006228,PRJ_0004,PRJ_0004_U107,2026-11-20,217913.58,0.0255,212347.44,154144.14,58203.31,719.82,4.068
TRX_0001631,RES_0001659,CUS_000002,PRJ_0023,PRJ_0023_U005,2024-02-05,549541.41,0.0366,529444.48,453147.46,76297.02,2340.16,5.304
TRX_0001632,RES_0001660,CUS_004490,PRJ_0027,PRJ_0027_U025,2025-03-10,229460.92,0.0257,223557.57,172072.93,51484.64,1145.78,6.15
TRX_0001633,RES_0001661,CUS_000916,PRJ_0016,PRJ_0016_U054,2024-03-13,184971.32,0.0413,177336.79,144592.72,32744.07,946.46,6.404
TRX_0001634,RES_0001662,CUS_005890,PRJ_0028,PRJ_0028_U054,2025-07-26,441585.33,0.0375,425005.98,336529.58,88476.4,1693.04,4.78
TRX_0001635,RES_0001663,CUS_001693,PRJ_0011,PRJ_0011_U017,2025-02-07,302583.82,0.0115,299097.37,251969.16,47128.21,1120.82,4.497
TRX_0001636,RES_0001664,CUS_000653,PRJ_0020,PRJ_0020_U049,2025-07-13,226748.92,0.0358,218634.47,172862.62,45771.85,1087.84,5.971
TRX_0001637,RES_0001665,CUS_001128,PRJ_0014,PRJ_0014_U037,2026-03-25,358249.59,0.0371,344971.59,309530.29,35441.3,1384.34,4.815
TRX_0001638,RES_0001666,CUS_003897,PRJ_0005,PRJ_0005_U057,2024-12-09,224755.85,0.0393,215928.79,163995.47,51933.32,972.13,5.403
TRX_0001639,RES_0001667,CUS_002737,PRJ_0001,PRJ_0001_U004,2023-05-19,579250.81,0.0617,543513.26,435755.04,107758.22,2713.51,5.991
TRX_0001640,RES_0001668,CUS_003155,PRJ_0006,PRJ_0006_U112,2025-02-25,221057.82,0.0324,213886.59,165775.3,48111.29,767.96,4.309
TRX_0001641,RES_0001669,CUS_004416,PRJ_0004,PRJ_0004_U072,2026-08-06,120222.55,0.032,116373.2,89788.15,26585.04,590.8,6.092
TRX_0001642,RES_0001670,CUS_001818,PRJ_0007,PRJ_0007_U041,2023-12-18,351977.13,0.0334,340224.44,289280.71,50943.74,1745.75,6.157
TRX_0001643,RES_0001671,CUS_004890,PRJ_0012,PRJ_0012_U079,2025-02-23,386726.66,0.0341,373551.93,326669.97,46881.96,1231.48,3.956
TRX_0001644,RES_0001672,CUS_001149,PRJ_0003,PRJ_0003_U055,2025-11-24,285037.44,0.0357,274856.23,235869.58,38986.65,1373.02,5.994
TRX_0001645,RES_0001673,CUS_004213,PRJ_0023,PRJ_0023_U056,2024-01-15,544561.8,0.0366,524652.18,429932.7,94719.47,2636.96,6.031
TRX_0001646,RES_0001674,CUS_003958,PRJ_0009,PRJ_0009_U076,2023-05-03,846205.79,0.039,813225.62,599006.5,214219.12,3801.39,5.609
TRX_0001647,RES_0001675,CUS_003433,PRJ_0005,PRJ_0005_U015,2023-04-04,352652.12,0.0314,341593.51,272803.44,68790.07,1159.05,4.072
TRX_0001648,RES_0001676,CUS_003230,PRJ_0018,PRJ_0018_U069,2026-02-22,475255.0,0.0266,462626.85,345009.04,117617.81,1737.66,4.507
TRX_0001649,RES_0001677,CUS_003614,PRJ_0026,PRJ_0026_U061,2024-06-05,383632.54,0.0298,372195.49,281286.17,90909.32,2023.31,6.523
TRX_0001650,RES_0001678,CUS_004675,PRJ_0009,PRJ_0009_U049,2023-03-24,741917.06,0.053,702569.57,574462.08,128107.49,2981.96,5.093
TRX_0001651,RES_0001679,CUS_000755,PRJ_0020,PRJ_0020_U059,2024-01-01,517815.06,0.0385,497862.86,380754.39,117108.46,2301.34,5.547
TRX_0001652,RES_0001680,CUS_000424,PRJ_0018,PRJ_0018_U036,2025-12-01,416010.59,0.0314,402931.71,280040.12,122891.59,1945.69,5.795
TRX_0001653,RES_0001681,CUS_005902,PRJ_0006,PRJ_0006_U051,2023-07-22,270167.61,0.0584,254389.15,208949.85,45439.31,1311.19,6.185
TRX_0001654,RES_0001682,CUS_000528,PRJ_0001,PRJ_0001_U054,2024-03-31,645030.22,0.0332,623598.68,490276.33,133322.35,2260.95,4.351
TRX_0001655,RES_0001683,CUS_001047,PRJ_0003,PRJ_0003_U020,2025-11-04,135136.81,0.0319,130819.86,106556.5,24263.36,633.1,5.807
TRX_0001656,RES_0001684,CUS_004625,PRJ_0008,PRJ_0008_U016,2023-09-17,567165.35,0.0436,542456.84,422768.63,119688.2,2282.21,5.049
TRX_0001657,RES_0001685,CUS_003874,PRJ_0024,PRJ_0024_U099,2023-01-27,433052.4,0.016,426133.19,327003.64,99129.55,2294.98,6.463
TRX_0001658,RES_0001686,CUS_002346,PRJ_0027,PRJ_0027_U070,2025-03-12,456383.54,0.0076,452896.28,338252.73,114643.56,1876.43,4.972
TRX_0001659,RES_0001687,CUS_005364,PRJ_0009,PRJ_0009_U067,2023-03-06,428192.02,0.0415,410439.6,295867.89,114571.7,2097.15,6.131
TRX_0001660,RES_0001688,CUS_001725,PRJ_0005,PRJ_0005_U035,2023-09-28,152129.76,0.0392,146159.22,120473.37,25685.85,628.94,5.164
TRX_0001661,RES_0001689,CUS_000506,PRJ_0007,PRJ_0007_U044,2025-07-05,539257.76,0.0173,529920.68,421956.38,107964.3,2463.21,5.578
TRX_0001662,RES_0001690,CUS_006203,PRJ_0014,PRJ_0014_U106,2026-01-12,253801.56,0.0338,245213.51,207615.0,37598.51,939.2,4.596
TRX_0001663,RES_0001691,CUS_001672,PRJ_0006,PRJ_0006_U025,2023-07-01,342111.19,0.0096,338819.42,267508.41,71311.01,1471.12,5.21
TRX_0001664,RES_0001692,CUS_001614,PRJ_0024,PRJ_0024_U095,2024-12-20,267950.39,0.035,258570.7,198687.19,59883.52,927.37,4.304
TRX_0001665,RES_0001693,CUS_005436,PRJ_0016,PRJ_0016_U093,2024-06-01,312738.22,0.0314,302931.51,236940.62,65990.9,1135.09,4.496
TRX_0001666,RES_0001694,CUS_001997,PRJ_0017,PRJ_0017_U054,2026-04-20,292899.99,0.0405,281032.86,222192.62,58840.24,1114.46,4.759
TRX_0001667,RES_0001695,CUS_005075,PRJ_0011,PRJ_0011_U088,2023-10-13,493046.79,0.0402,473205.69,378337.32,94868.37,1915.61,4.858
TRX_0001668,RES_0001696,CUS_003867,PRJ_0014,PRJ_0014_U001,2026-04-16,280088.65,0.0454,267359.52,207438.34,59921.18,947.03,4.251
TRX_0001669,RES_0001697,CUS_002658,PRJ_0024,PRJ_0024_U061,2025-09-02,255261.63,0.0226,249495.88,200969.24,48526.63,1269.7,6.107
TRX_0001670,RES_0001698,CUS_005240,PRJ_0005,PRJ_0005_U020,2023-04-09,307325.13,0.0419,294460.07,223394.64,71065.43,1100.75,4.486
TRX_0001671,RES_0001699,CUS_002641,PRJ_0008,PRJ_0008_U089,2022-11-28,308187.63,0.056,290920.27,202860.63,88059.64,1115.71,4.602
TRX_0001672,RES_0001700,CUS_004824,PRJ_0012,PRJ_0012_U057,2025-05-30,295778.75,0.0358,285178.47,188560.79,96617.68,1236.41,5.203
TRX_0001673,RES_0001701,CUS_000491,PRJ_0004,PRJ_0004_U069,2026-09-09,348099.47,0.0304,337518.22,253374.27,84143.95,1852.4,6.586
TRX_0001674,RES_0001702,CUS_003500,PRJ_0003,PRJ_0003_U018,2025-09-20,236018.14,0.0341,227979.76,189498.51,38481.25,819.12,4.312
TRX_0001675,RES_0001703,CUS_000791,PRJ_0018,PRJ_0018_U010,2026-03-25,519507.03,0.0313,503244.69,432130.08,71114.61,1769.53,4.219
TRX_0001676,RES_0001704,CUS_004762,PRJ_0026,PRJ_0026_U010,2024-08-23,404580.07,0.0384,389047.58,338574.24,50473.34,1763.14,5.438
TRX_0001677,RES_0001705,CUS_001552,PRJ_0004,PRJ_0004_U065,2026-07-27,218430.64,0.0413,209413.63,158054.14,51359.49,831.08,4.762
TRX_0001678,RES_0001706,CUS_006450,PRJ_0011,PRJ_0011_U050,2023-11-27,217738.62,0.0292,211389.27,170667.08,40722.19,861.27,4.889
TRX_0001679,RES_0001707,CUS_004687,PRJ_0007,PRJ_0007_U069,2024-05-09,688315.8,0.0222,673060.66,520554.12,152506.54,3468.63,6.184
TRX_0001680,RES_0001708,CUS_004973,PRJ_0006,PRJ_0006_U092,2024-03-10,257956.48,0.0393,247824.6,190668.43,57156.17,1273.53,6.167
TRX_0001681,RES_0001709,CUS_004580,PRJ_0006,PRJ_0006_U029,2026-01-17,217830.3,0.0316,210948.87,156051.34,54897.52,823.35,4.684
TRX_0001682,RES_0001710,CUS_002785,PRJ_0027,PRJ_0027_U073,2025-06-18,285210.89,0.022,278944.3,208964.52,69979.77,978.32,4.209
TRX_0001683,RES_0001711,CUS_000041,PRJ_0007,PRJ_0007_U042,2024-08-14,764348.94,0.0396,734112.99,528563.55,205549.44,3768.67,6.16
TRX_0001684,RES_0001712,CUS_002085,PRJ_0026,PRJ_0026_U050,2024-10-23,266569.93,0.0296,258680.62,175853.31,82827.3,1024.29,4.752
TRX_0001685,RES_0001713,CUS_003840,PRJ_0020,PRJ_0020_U021,2024-02-26,576996.48,0.0385,554809.13,405620.48,149188.65,2990.09,6.467
TRX_0001686,RES_0001714,CUS_004035,PRJ_0006,PRJ_0006_U103,2023-06-12,594479.14,0.0484,565699.25,461667.18,104032.07,2091.19,4.436
TRX_0001687,RES_0001715,CUS_005728,PRJ_0008,PRJ_0008_U101,2022-11-24,224671.93,0.0531,212748.05,184249.41,28498.64,723.44,4.081
TRX_0001688,RES_0001716,CUS_003431,PRJ_0027,PRJ_0027_U039,2025-04-23,207117.19,0.0337,200134.26,162903.12,37231.14,817.06,4.899
TRX_0001689,RES_0001717,CUS_003995,PRJ_0026,PRJ_0026_U060,2024-08-29,208636.22,0.0341,201525.56,173272.77,28252.79,904.73,5.387
TRX_0001690,RES_0001718,CUS_004262,PRJ_0001,PRJ_0001_U013,2024-08-07,574580.1,0.0403,551398.59,418677.34,132721.24,2482.37,5.402
TRX_0001691,RES_0001719,CUS_005896,PRJ_0006,PRJ_0006_U067,2023-10-16,253314.03,0.0232,247441.85,166783.46,80658.39,1065.84,5.169
TRX_0001692,RES_0001720,CUS_005808,PRJ_0008,PRJ_0008_U043,2024-01-25,363051.59,0.032,351418.76,228011.04,123407.72,1761.77,6.016
TRX_0001693,RES_0001721,CUS_001035,PRJ_0006,PRJ_0006_U039,2024-09-05,377179.59,0.0275,366825.81,301606.19,65219.62,1258.05,4.115
TRX_0001694,RES_0001722,CUS_005373,PRJ_0026,PRJ_0026_U020,2025-10-10,172629.94,0.0414,165480.17,124740.59,40739.57,555.59,4.029
TRX_0001695,RES_0001723,CUS_003116,PRJ_0009,PRJ_0009_U002,2023-06-12,260237.47,0.0508,247011.32,183373.83,63637.49,1051.89,5.11
TRX_0001696,RES_0001724,CUS_003701,PRJ_0008,PRJ_0008_U027,2023-11-04,345196.79,0.022,337617.42,248413.95,89203.47,1539.93,5.473
TRX_0001697,RES_0001725,CUS_002842,PRJ_0001,PRJ_0001_U045,2024-09-14,561576.17,0.045,536328.52,439746.13,96582.39,2084.71,4.664
TRX_0001698,RES_0001726,CUS_006100,PRJ_0018,PRJ_0018_U011,2026-03-13,637739.7,0.0277,620096.02,540550.37,79545.65,3383.82,6.548
TRX_0001699,RES_0001727,CUS_003781,PRJ_0018,PRJ_0018_U056,2026-02-02,478647.3,0.0425,458287.19,361196.31,97090.88,1868.85,4.893
TRX_0001700,RES_0001728,CUS_000537,PRJ_0009,PRJ_0009_U058,2022-12-01,558926.04,0.0317,541184.94,384496.45,156688.49,2097.92,4.652
TRX_0001701,RES_0001729,CUS_001005,PRJ_0026,PRJ_0026_U025,2026-01-22,406701.36,0.0316,393860.64,307483.73,86376.91,1754.66,5.346
TRX_0001702,RES_0001730,CUS_005697,PRJ_0004,PRJ_0004_U039,2026-12-06,249376.9,0.0302,241840.41,195665.98,46174.43,809.04,4.014
TRX_0001703,RES_0001731,CUS_000204,PRJ_0017,PRJ_0017_U087,2026-02-15,256884.64,0.0225,251098.33,195701.11,55397.22,1216.39,5.813
TRX_0001704,RES_0001732,CUS_002079,PRJ_0007,PRJ_0007_U040,2025-08-03,671738.05,0.0275,653272.14,494905.64,158366.5,2718.81,4.994
TRX_0001705,RES_0001733,CUS_006242,PRJ_0020,PRJ_0020_U019,2024-04-02,459983.67,0.0455,439061.12,347504.24,91556.88,1605.54,4.388
TRX_0001706,RES_0001734,CUS_005335,PRJ_0009,PRJ_0009_U007,2023-08-09,274120.14,0.0446,261881.63,176444.36,85437.27,1424.32,6.527
TRX_0001707,RES_0001735,CUS_003155,PRJ_0024,PRJ_0024_U049,2025-09-27,320225.0,0.0505,304062.27,246515.03,57547.23,1627.96,6.425
TRX_0001708,RES_0001736,CUS_001759,PRJ_0011,PRJ_0011_U066,2023-11-23,307663.77,0.0478,292955.42,230817.39,62138.03,1455.64,5.963
TRX_0001709,RES_0001737,CUS_005345,PRJ_0011,PRJ_0011_U083,2025-11-10,394108.67,0.0273,383343.87,279331.89,104011.99,1874.36,5.867
TRX_0001710,RES_0001738,CUS_005896,PRJ_0014,PRJ_0014_U030,2026-04-29,436101.34,0.0303,422885.6,350364.12,72521.48,1797.5,5.101
TRX_0001711,RES_0001739,CUS_002627,PRJ_0001,PRJ_0001_U017,2025-03-16,554597.64,0.0316,537044.87,511787.89,25256.98,1884.76,4.211
TRX_0001712,RES_0001740,CUS_001087,PRJ_0008,PRJ_0008_U045,2022-08-22,492264.67,0.0459,469687.07,364116.32,105570.75,2089.4,5.338
TRX_0001713,RES_0001741,CUS_000260,PRJ_0020,PRJ_0020_U042,2024-02-09,285204.15,0.029,276938.25,230683.04,46255.2,1260.92,5.464
TRX_0001714,RES_0001742,CUS_000471,PRJ_0014,PRJ_0014_U013,2026-05-21,259532.54,0.0499,246574.11,210014.77,36559.34,849.27,4.133
TRX_0001715,RES_0001743,CUS_004356,PRJ_0020,PRJ_0020_U040,2024-12-30,435369.33,0.0245,424699.21,300579.98,124119.22,2059.52,5.819
TRX_0001716,RES_0001744,CUS_004356,PRJ_0008,PRJ_0008_U021,2024-09-30,388570.32,0.0181,381551.64,304914.24,76637.4,1626.09,5.114
TRX_0001717,RES_0001745,CUS_003717,PRJ_0012,PRJ_0012_U085,2025-03-04,309971.28,0.0473,295317.47,205513.35,89804.12,987.49,4.013
TRX_0001718,RES_0001746,CUS_006323,PRJ_0004,PRJ_0004_U115,2026-08-04,225398.54,0.0283,219009.28,151553.59,67455.7,999.29,5.475
TRX_0001719,RES_0001747,CUS_000706,PRJ_0017,PRJ_0017_U107,2026-01-22,291425.35,0.025,284137.14,239971.12,44166.02,1381.62,5.835
TRX_0001720,RES_0001748,CUS_001714,PRJ_0017,PRJ_0017_U051,2026-01-03,235055.9,0.0487,223596.98,202321.35,21275.62,809.13,4.342
TRX_0001721,RES_0001749,CUS_005510,PRJ_0011,PRJ_0011_U002,2023-11-06,469358.64,0.0405,450348.73,377437.78,72910.95,2476.19,6.598
TRX_0001722,RES_0001750,CUS_000286,PRJ_0007,PRJ_0007_U064,2024-08-29,286918.42,0.0266,279288.2,213100.21,66187.99,1044.1,4.486
TRX_0001723,RES_0001751,CUS_002288,PRJ_0008,PRJ_0008_U057,2023-01-05,444638.26,0.0383,427604.16,300029.23,127574.93,1652.53,4.638
TRX_0001724,RES_0001752,CUS_005835,PRJ_0008,PRJ_0008_U044,2025-07-05,235729.52,0.0426,225680.44,174505.78,51174.66,840.91,4.471
TRX_0001725,RES_0001753,CUS_000393,PRJ_0026,PRJ_0026_U078,2024-05-27,384616.25,0.0447,367405.78,266616.16,100789.61,1317.17,4.302
TRX_0001726,RES_0001754,CUS_001561,PRJ_0012,PRJ_0012_U058,2025-07-04,540110.7,0.042,517432.36,357162.83,160269.53,2089.96,4.847
TRX_0001727,RES_0001755,CUS_006184,PRJ_0007,PRJ_0007_U035,2024-02-09,399492.81,0.0424,382569.55,311553.69,71015.86,1866.12,5.853
TRX_0001728,RES_0001756,CUS_001968,PRJ_0019,PRJ_0019_U064,2024-04-04,333199.88,0.0399,319892.88,270600.27,49292.61,1240.87,4.655
TRX_0001729,RES_0001757,CUS_005068,PRJ_0006,PRJ_0006_U099,2023-06-08,509470.63,0.0377,490242.86,366928.37,123314.49,2560.8,6.268
TRX_0001730,RES_0001758,CUS_001113,PRJ_0017,PRJ_0017_U076,2026-04-19,265247.0,0.0174,260642.58,185543.05,75099.54,955.77,4.4
TRX_0001731,RES_0001759,CUS_004397,PRJ_0016,PRJ_0016_U044,2024-05-19,302565.93,0.0321,292840.64,264975.14,27865.5,1131.69,4.637
TRX_0001732,RES_0001760,CUS_003929,PRJ_0026,PRJ_0026_U075,2025-07-29,211887.44,0.0176,208162.64,156557.31,51605.33,983.9,5.672
TRX_0001733,RES_0001761,CUS_005122,PRJ_0024,PRJ_0024_U086,2025-11-05,315506.39,0.0227,308329.05,251261.45,57067.6,1540.19,5.994
TRX_0001734,RES_0001762,CUS_004154,PRJ_0026,PRJ_0026_U022,2024-08-11,268268.75,0.0396,257649.55,192672.76,64976.79,1072.68,4.996
TRX_0001735,RES_0001763,CUS_001922,PRJ_0024,PRJ_0024_U022,2024-09-09,288832.02,0.0363,278349.32,197818.76,80530.55,1532.55,6.607
TRX_0001736,RES_0001764,CUS_001916,PRJ_0007,PRJ_0007_U079,2024-02-18,297563.27,0.0435,284610.33,227359.69,57250.63,1190.04,5.018
TRX_0001737,RES_0001765,CUS_004456,PRJ_0027,PRJ_0027_U081,2025-03-19,247511.19,0.0478,235679.56,204031.0,31648.57,1196.66,6.093
TRX_0001738,RES_0001766,CUS_006395,PRJ_0014,PRJ_0014_U006,2026-02-22,227313.11,0.0334,219714.7,175800.09,43914.61,1087.51,5.94
TRX_0001739,RES_0001767,CUS_005831,PRJ_0024,PRJ_0024_U020,2025-05-26,489267.7,0.0401,469665.51,373869.02,95796.49,2240.47,5.724
TRX_0001740,RES_0001768,CUS_006191,PRJ_0017,PRJ_0017_U032,2026-02-22,376493.35,0.0512,357218.35,283377.12,73841.23,1982.46,6.66
TRX_0001741,RES_0001769,CUS_004746,PRJ_0018,PRJ_0018_U017,2026-02-03,317710.68,0.0339,306955.67,262474.19,44481.48,1603.65,6.269
TRX_0001742,RES_0001770,CUS_001510,PRJ_0007,PRJ_0007_U030,2024-05-04,299558.67,0.0351,289058.4,203479.03,85579.37,1232.54,5.117
TRX_0001743,RES_0001771,CUS_005047,PRJ_0017,PRJ_0017_U040,2026-02-11,319616.05,0.0453,305122.26,264363.64,40758.62,1708.1,6.718
TRX_0001744,RES_0001772,CUS_003081,PRJ_0026,PRJ_0026_U019,2024-08-14,182439.99,0.033,176412.9,143138.43,33274.46,795.1,5.408
TRX_0001745,RES_0001773,CUS_002574,PRJ_0012,PRJ_0012_U048,2025-10-27,441926.5,0.0252,430780.08,306194.94,124585.14,1756.89,4.894
TRX_0001746,RES_0001774,CUS_001031,PRJ_0018,PRJ_0018_U061,2026-01-29,732328.03,0.0217,716423.95,608821.12,107602.84,3864.23,6.473
TRX_0001747,RES_0001775,CUS_006026,PRJ_0017,PRJ_0017_U102,2026-05-14,472075.34,0.0387,453783.92,365272.62,88511.3,1723.29,4.557
TRX_0001748,RES_0001776,CUS_004468,PRJ_0019,PRJ_0019_U045,2024-03-11,451754.8,0.0367,435164.13,357912.94,77251.19,1892.87,5.22
TRX_0001749,RES_0001777,CUS_005891,PRJ_0027,PRJ_0027_U027,2025-02-06,204779.93,0.0401,196571.61,146470.65,50100.96,863.55,5.272
TRX_0001750,RES_0001778,CUS_004510,PRJ_0014,PRJ_0014_U101,2025-12-16,318850.71,0.0344,307893.74,229341.32,78552.42,1679.21,6.545
TRX_0001751,RES_0001779,CUS_003212,PRJ_0027,PRJ_0027_U090,2025-03-02,298795.16,0.0284,290322.84,228389.8,61933.04,1515.47,6.264
TRX_0001752,RES_0001780,CUS_001780,PRJ_0024,PRJ_0024_U108,2025-12-07,476045.82,0.024,464635.16,366034.0,98601.16,2502.36,6.463
TRX_0001753,RES_0001781,CUS_004802,PRJ_0019,PRJ_0019_U088,2024-05-08,487473.04,0.03,472869.34,359038.55,113830.79,1990.4,5.051
TRX_0001754,RES_0001782,CUS_000945,PRJ_0004,PRJ_0004_U055,2026-10-01,225368.18,0.0481,214524.09,162252.66,52271.43,1051.8,5.884
TRX_0001755,RES_0001783,CUS_002914,PRJ_0004,PRJ_0004_U049,2026-09-08,281544.8,0.0562,265726.68,215401.11,50325.57,1122.89,5.071
TRX_0001756,RES_0001784,CUS_002908,PRJ_0017,PRJ_0017_U009,2026-04-18,113739.35,0.0564,107318.78,84396.15,22922.64,550.0,6.15
TRX_0001757,RES_0001785,CUS_005048,PRJ_0027,PRJ_0027_U004,2025-04-26,311987.39,0.0437,298366.61,254784.87,43581.74,1140.81,4.588
TRX_0001758,RES_0001786,CUS_003179,PRJ_0018,PRJ_0018_U014,2026-03-11,260839.86,0.0413,250059.99,194551.16,55508.83,1381.61,6.63
TRX_0001759,RES_0001787,CUS_000235,PRJ_0024,PRJ_0024_U023,2022-06-21,443913.35,0.0386,426760.99,332004.98,94756.01,2160.84,6.076
TRX_0001760,RES_0001788,CUS_000600,PRJ_0008,PRJ_0008_U062,2022-09-23,357356.28,0.0379,343829.49,317302.95,26526.55,1223.61,4.271
TRX_0001761,RES_0001789,CUS_003896,PRJ_0012,PRJ_0012_U032,2025-07-12,360069.02,0.037,346746.59,302598.24,44148.35,1653.84,5.724
TRX_0001762,RES_0001790,CUS_006479,PRJ_0027,PRJ_0027_U077,2025-04-27,285164.76,0.0473,271672.81,218484.63,53188.17,1289.21,5.695
TRX_0001763,RES_0001791,CUS_002210,PRJ_0008,PRJ_0008_U007,2025-04-08,367563.14,0.0374,353828.69,279976.66,73852.02,1193.33,4.047
TRX_0001764,RES_0001792,CUS_001710,PRJ_0012,PRJ_0012_U110,2025-05-14,392524.34,0.0369,378044.04,313667.74,64376.29,1523.76,4.837
TRX_0001765,RES_0001793,CUS_004150,PRJ_0011,PRJ_0011_U055,2024-03-01,547908.33,0.0465,522449.7,390586.44,131863.25,2733.03,6.277
TRX_0001766,RES_0001794,CUS_006481,PRJ_0019,PRJ_0019_U034,2024-08-12,284603.98,0.026,277216.58,226061.24,51155.34,1496.5,6.478
TRX_0001767,RES_0001795,CUS_005290,PRJ_0016,PRJ_0016_U014,2024-08-12,396982.09,0.0434,379736.79,334934.52,44802.27,1460.81,4.616
TRX_0001768,RES_0001796,CUS_002806,PRJ_0007,PRJ_0007_U073,2025-06-12,460809.18,0.0509,437359.78,372431.76,64928.02,2028.59,5.566
TRX_0001769,RES_0001797,CUS_002174,PRJ_0024,PRJ_0024_U055,2022-06-25,252262.08,0.0435,241287.8,181068.06,60219.73,1108.18,5.511
TRX_0001770,RES_0001798,CUS_000552,PRJ_0018,PRJ_0018_U022,2026-02-10,467613.81,0.0257,455587.02,411032.59,44554.43,1852.97,4.881
TRX_0001771,RES_0001799,CUS_006037,PRJ_0019,PRJ_0019_U102,2024-07-22,471900.28,0.0341,455823.5,366850.26,88973.24,2126.92,5.599
TRX_0001772,RES_0001800,CUS_000131,PRJ_0011,PRJ_0011_U020,2025-03-14,225962.62,0.0372,217564.07,188227.79,29336.27,804.54,4.438
TRX_0001773,RES_0001801,CUS_004393,PRJ_0008,PRJ_0008_U012,2022-12-29,445492.18,0.0447,425592.3,329434.28,96158.02,1651.58,4.657
TRX_0001774,RES_0001802,CUS_000147,PRJ_0026,PRJ_0026_U043,2025-05-10,365850.21,0.0553,345612.96,264647.72,80965.24,1976.66,6.863
TRX_0001775,RES_0001803,CUS_000708,PRJ_0016,PRJ_0016_U033,2024-07-05,389467.88,0.0287,378302.4,280658.54,97643.86,1515.56,4.807
TRX_0001776,RES_0001804,CUS_000664,PRJ_0018,PRJ_0018_U004,2025-12-18,853564.49,0.0431,816752.71,596751.72,220000.99,3494.72,5.135
TRX_0001777,RES_0001805,CUS_004328,PRJ_0017,PRJ_0017_U091,2026-03-03,296504.75,0.0337,286499.84,229572.61,56927.22,1453.3,6.087
TRX_0001778,RES_0001806,CUS_001219,PRJ_0012,PRJ_0012_U047,2025-02-28,321835.47,0.0261,313420.59,238829.4,74591.19,1642.35,6.288
TRX_0001779,RES_0001807,CUS_001554,PRJ_0014,PRJ_0014_U057,2026-02-11,374671.46,0.0407,359426.22,317172.91,42253.31,1196.46,3.995
TRX_0001780,RES_0001808,CUS_003164,PRJ_0006,PRJ_0006_U043,2023-10-17,365921.37,0.0378,352082.17,257868.08,94214.08,1698.43,5.789
TRX_0001781,RES_0001809,CUS_002291,PRJ_0019,PRJ_0019_U042,2025-11-11,295247.21,0.0515,280037.75,223959.45,56078.3,1521.95,6.522
TRX_0001782,RES_0001810,CUS_005574,PRJ_0012,PRJ_0012_U024,2025-04-12,506042.22,0.0355,488053.01,363995.45,124057.57,2523.87,6.206
TRX_0001783,RES_0001811,CUS_005963,PRJ_0018,PRJ_0018_U074,2026-05-19,353175.85,0.0466,336702.56,316430.46,20272.1,1714.45,6.11
TRX_0001784,RES_0001812,CUS_001842,PRJ_0024,PRJ_0024_U046,2022-06-25,297201.96,0.0416,284849.21,228875.04,55974.17,1411.3,5.945
TRX_0001785,RES_0001813,CUS_004586,PRJ_0014,PRJ_0014_U082,2026-04-30,419669.35,0.0385,403504.91,318305.55,85199.36,1495.09,4.446
TRX_0001786,RES_0001814,CUS_005382,PRJ_0007,PRJ_0007_U050,2024-02-01,250052.46,0.0465,238423.88,174602.5,63821.38,1288.84,6.487
TRX_0001787,RES_0001815,CUS_003150,PRJ_0016,PRJ_0016_U058,2025-08-18,215609.82,0.0443,206050.3,160040.15,46010.15,729.59,4.249
TRX_0001788,RES_0001816,CUS_002470,PRJ_0012,PRJ_0012_U053,2025-05-14,245115.67,0.0449,234105.81,200260.26,33845.56,781.99,4.008
TRX_0001789,RES_0001817,CUS_002681,PRJ_0019,PRJ_0019_U076,2024-12-08,497541.86,0.0383,478500.55,351350.86,127149.69,1778.15,4.459
TRX_0001790,RES_0001818,CUS_004205,PRJ_0024,PRJ_0024_U018,2022-08-26,323890.51,0.0294,314359.65,267440.6,46919.05,1676.81,6.401
TRX_0001791,RES_0001819,CUS_004985,PRJ_0017,PRJ_0017_U038,2026-04-05,213593.94,0.0282,207562.77,170035.19,37527.57,752.78,4.352
TRX_0001792,RES_0001820,CUS_003792,PRJ_0007,PRJ_0007_U032,2023-12-05,238771.55,0.0491,227054.95,176664.23,50390.72,982.14,5.191
TRX_0001793,RES_0001822,CUS_002275,PRJ_0016,PRJ_0016_U056,2024-07-25,263251.64,0.0289,255634.33,204635.79,50998.54,858.1,4.028
TRX_0001794,RES_0001823,CUS_000772,PRJ_0006,PRJ_0006_U068,2023-07-16,305943.1,0.0437,292569.52,210140.55,82428.97,1529.69,6.274
TRX_0001795,RES_0001824,CUS_006386,PRJ_0006,PRJ_0006_U017,2023-09-20,334857.32,0.036,322792.62,234741.95,88050.67,1423.94,5.294
TRX_0001796,RES_0001825,CUS_005385,PRJ_0006,PRJ_0006_U035,2024-06-27,362587.01,0.019,355694.59,242555.53,113139.06,1472.35,4.967
TRX_0001797,RES_0001826,CUS_002222,PRJ_0026,PRJ_0026_U013,2025-11-11,155254.59,0.058,146250.05,121809.94,24440.1,709.16,5.819
TRX_0001798,RES_0001827,CUS_004352,PRJ_0026,PRJ_0026_U062,2025-06-07,359862.67,0.0414,344964.91,299378.4,45586.51,1271.36,4.423
TRX_0001799,RES_0001828,CUS_005684,PRJ_0016,PRJ_0016_U017,2024-09-12,259640.68,0.0458,247753.43,173515.12,74238.31,1205.3,5.838
TRX_0001800,RES_0001829,CUS_005743,PRJ_0014,PRJ_0014_U093,2026-05-29,194255.46,0.051,184342.41,146634.66,37707.75,909.81,5.923
TRX_0001801,RES_0001830,CUS_003370,PRJ_0004,PRJ_0004_U089,2026-10-25,294871.14,0.0258,287276.58,205918.26,81358.32,1314.48,5.491
TRX_0001802,RES_0001831,CUS_000650,PRJ_0014,PRJ_0014_U018,2026-05-18,356064.74,0.0378,342588.85,214525.87,128062.98,1272.52,4.457
TRX_0001803,RES_0001832,CUS_003961,PRJ_0017,PRJ_0017_U081,2026-05-07,262594.28,0.0607,246648.8,212580.41,34068.39,1267.77,6.168
TRX_0001804,RES_0001833,CUS_000213,PRJ_0007,PRJ_0007_U008,2023-12-08,748388.46,0.0449,714811.08,569643.97,145167.1,3092.53,5.192
TRX_0001805,RES_0001834,CUS_001920,PRJ_0017,PRJ_0017_U029,2026-01-09,281126.97,0.0281,273228.85,200571.71,72657.14,1365.2,5.996
TRX_0001806,RES_0001835,CUS_002606,PRJ_0017,PRJ_0017_U063,2026-03-24,221683.88,0.0478,211086.83,182592.94,28493.89,1021.89,5.809
TRX_0001807,RES_0001836,CUS_000860,PRJ_0027,PRJ_0027_U069,2025-04-03,261278.2,0.047,249004.42,221200.31,27804.11,1066.38,5.139
TRX_0001808,RES_0001837,CUS_001230,PRJ_0019,PRJ_0019_U050,2025-02-15,482638.77,0.0378,464402.01,383895.11,80506.9,1972.72,5.097
TRX_0001809,RES_0001838,CUS_002142,PRJ_0027,PRJ_0027_U068,2025-03-20,318170.7,0.0548,300720.36,265183.76,35536.6,1667.34,6.653
TRX_0001810,RES_0001839,CUS_003588,PRJ_0007,PRJ_0007_U009,2025-06-29,526766.9,0.0335,509109.99,373838.83,135271.16,2508.47,5.913
TRX_0001811,RES_0001840,CUS_002275,PRJ_0004,PRJ_0004_U110,2026-08-09,371209.56,0.0413,355894.01,300239.98,55654.03,1685.32,5.683
TRX_0001812,RES_0001841,CUS_002738,PRJ_0011,PRJ_0011_U103,2026-01-23,316249.41,0.0428,302715.72,268661.25,34054.47,1455.92,5.771
TRX_0001813,RES_0001842,CUS_004915,PRJ_0008,PRJ_0008_U102,2022-10-04,358352.78,0.0415,343463.53,272704.74,70758.79,1794.54,6.27
TRX_0001814,RES_0001843,CUS_000752,PRJ_0008,PRJ_0008_U096,2025-07-23,422755.16,0.0204,414134.72,294869.03,119265.69,1588.81,4.604
TRX_0001815,RES_0001844,CUS_004635,PRJ_0004,PRJ_0004_U014,2026-07-14,412506.69,0.0228,403109.69,323813.41,79296.29,1872.71,5.575
TRX_0001816,RES_0001845,CUS_001174,PRJ_0008,PRJ_0008_U049,2022-09-02,459907.6,0.0385,442189.66,387481.85,54707.81,2350.28,6.378
TRX_0001817,RES_0001846,CUS_006175,PRJ_0026,PRJ_0026_U006,2025-02-03,363972.59,0.0664,339797.56,249121.12,90676.44,1720.77,6.077
TRX_0001818,RES_0001848,CUS_000650,PRJ_0016,PRJ_0016_U051,2025-08-16,275603.35,0.0383,265057.28,224087.05,40970.23,1174.32,5.317
TRX_0001819,RES_0001849,CUS_001528,PRJ_0007,PRJ_0007_U004,2024-03-27,525986.7,0.0504,499492.82,338099.42,161393.4,2314.24,5.56
TRX_0001820,RES_0001850,CUS_005218,PRJ_0014,PRJ_0014_U076,2026-02-18,383381.6,0.0429,366928.42,270831.69,96096.73,1492.14,4.88
TRX_0001821,RES_0001851,CUS_005251,PRJ_0011,PRJ_0011_U006,2025-11-24,260427.23,0.0308,252410.82,193354.33,59056.49,914.32,4.347
TRX_0001822,RES_0001852,CUS_005782,PRJ_0007,PRJ_0007_U062,2024-05-20,507404.76,0.0158,499363.01,328524.43,170838.59,2210.0,5.311
TRX_0001823,RES_0001853,CUS_005712,PRJ_0004,PRJ_0004_U076,2026-08-06,294643.45,0.0426,282084.91,191111.38,90973.53,1156.04,4.918
TRX_0001824,RES_0001854,CUS_002058,PRJ_0006,PRJ_0006_U114,2025-04-15,508747.12,0.0385,489155.53,325198.73,163956.8,1841.9,4.519
TRX_0001825,RES_0001855,CUS_005503,PRJ_0018,PRJ_0018_U028,2026-01-09,729932.29,0.0531,691167.7,501174.91,189992.79,2913.54,5.058
TRX_0001826,RES_0001856,CUS_003768,PRJ_0018,PRJ_0018_U043,2026-01-26,369218.75,0.0388,354883.82,298339.26,56544.56,1636.41,5.533
TRX_0001827,RES_0001857,CUS_003495,PRJ_0027,PRJ_0027_U019,2025-04-30,186260.37,0.0403,178755.02,135815.56,42939.46,707.16,4.747
TRX_0001828,RES_0001858,CUS_003476,PRJ_0017,PRJ_0017_U082,2026-02-01,126405.95,0.0417,121132.1,107318.94,13813.16,664.64,6.584
TRX_0001829,RES_0001859,CUS_004588,PRJ_0024,PRJ_0024_U060,2023-08-25,474523.7,0.0206,464740.11,374616.92,90123.19,2426.96,6.267
TRX_0001830,RES_0001860,CUS_003297,PRJ_0017,PRJ_0017_U012,2026-06-02,269630.64,0.0567,254347.31,190864.56,63482.75,892.67,4.212
TRX_0001831,RES_0001861,CUS_000330,PRJ_0006,PRJ_0006_U027,2023-09-07,341478.71,0.0564,322209.47,271365.07,50844.4,1471.14,5.479
TRX_0001832,RES_0001862,CUS_003673,PRJ_0016,PRJ_0016_U092,2024-06-05,364415.02,0.0372,350876.97,287038.45,63838.52,1898.06,6.491
TRX_0001833,RES_0001863,CUS_006345,PRJ_0011,PRJ_0011_U105,2024-02-25,500241.61,0.0274,486511.83,408856.47,77655.36,2255.92,5.564
TRX_0001834,RES_0001864,CUS_005124,PRJ_0011,PRJ_0011_U046,2024-10-12,370103.76,0.0408,355012.35,312506.61,42505.74,1563.21,5.284
TRX_0001835,RES_0001865,CUS_003188,PRJ_0016,PRJ_0016_U070,2024-05-04,340180.93,0.0289,330355.83,263836.57,66519.26,1640.93,5.961
TRX_0001836,RES_0001866,CUS_001630,PRJ_0011,PRJ_0011_U062,2024-01-07,380510.2,0.0226,371922.67,261554.93,110367.74,1305.28,4.211
TRX_0001837,RES_0001867,CUS_003098,PRJ_0024,PRJ_0024_U027,2024-07-07,341131.82,0.0516,323537.84,271431.98,52105.86,1378.77,5.114
TRX_0001838,RES_0001868,CUS_000709,PRJ_0026,PRJ_0026_U002,2024-08-11,263411.67,0.0408,252667.76,209657.26,43010.5,1151.19,5.467
TRX_0001839,RES_0001869,CUS_003884,PRJ_0019,PRJ_0019_U029,2024-06-12,398244.58,0.0335,384918.93,270942.41,113976.51,2091.17,6.519
TRX_0001840,RES_0001870,CUS_004223,PRJ_0019,PRJ_0019_U083,2025-08-11,432332.89,0.0477,411700.95,335528.1,76172.84,2151.8,6.272
TRX_0001841,RES_0001871,CUS_001476,PRJ_0019,PRJ_0019_U074,2024-04-21,534185.54,0.0482,508453.68,359178.86,149274.82,2783.08,6.568
TRX_0001842,RES_0001872,CUS_003592,PRJ_0011,PRJ_0011_U013,2023-10-25,253798.42,0.0407,243460.37,224731.35,18729.02,1233.11,6.078
TRX_0001843,RES_0001873,CUS_003328,PRJ_0007,PRJ_0007_U025,2025-01-15,388347.19,0.0183,381231.23,300013.63,81217.61,1760.76,5.542
TRX_0001844,RES_0001874,CUS_003100,PRJ_0018,PRJ_0018_U035,2025-12-21,270066.68,0.0324,261328.15,189611.36,71716.79,1098.7,5.045
TRX_0001845,RES_0001875,CUS_001770,PRJ_0004,PRJ_0004_U027,2026-09-20,247474.97,0.0415,237203.46,172735.66,64467.8,1322.62,6.691
TRX_0001846,RES_0001877,CUS_005514,PRJ_0027,PRJ_0027_U038,2025-05-22,272987.53,0.0402,262014.06,203802.25,58211.81,1156.57,5.297
TRX_0001847,RES_0001878,CUS_003725,PRJ_0014,PRJ_0014_U087,2026-04-14,243565.05,0.0258,237291.23,194593.81,42697.41,862.56,4.362
TRX_0001848,RES_0001879,CUS_004894,PRJ_0011,PRJ_0011_U028,2025-07-31,349749.38,0.0345,337668.42,274546.18,63122.24,1747.73,6.211
TRX_0001849,RES_0001880,CUS_000221,PRJ_0019,PRJ_0019_U027,2024-06-07,327478.89,0.0211,320560.51,240149.71,80410.8,1427.98,5.346
TRX_0001850,RES_0001882,CUS_002648,PRJ_0027,PRJ_0027_U089,2025-07-05,225981.65,0.0389,217189.9,205708.59,11481.31,963.41,5.323
TRX_0001851,RES_0001883,CUS_002157,PRJ_0006,PRJ_0006_U015,2023-10-25,557620.25,0.016,548707.7,369763.81,178943.89,2430.51,5.315
TRX_0001852,RES_0001884,CUS_002297,PRJ_0006,PRJ_0006_U036,2023-09-27,329357.17,0.0309,319185.08,242345.81,76839.27,1046.23,3.933
TRX_0001853,RES_0001885,CUS_002217,PRJ_0014,PRJ_0014_U103,2026-03-29,198129.04,0.0342,191347.76,146950.6,44397.17,844.15,5.294
TRX_0001854,RES_0001886,CUS_001282,PRJ_0017,PRJ_0017_U003,2025-12-30,315403.29,0.041,302460.15,254646.69,47813.47,1450.06,5.753
TRX_0001855,RES_0001887,CUS_005687,PRJ_0024,PRJ_0024_U067,2025-06-23,272518.21,0.0413,261263.73,225064.83,36198.91,1154.98,5.305
TRX_0001856,RES_0001888,CUS_003875,PRJ_0011,PRJ_0011_U053,2025-09-30,484584.31,0.036,467139.06,377058.29,90080.77,1688.63,4.338
TRX_0001857,RES_0001889,CUS_006400,PRJ_0012,PRJ_0012_U056,2025-05-10,353951.08,0.0294,343538.69,286657.97,56880.72,1553.0,5.425
TRX_0001858,RES_0001890,CUS_005751,PRJ_0017,PRJ_0017_U075,2025-12-30,327004.59,0.0388,314311.16,268624.09,45687.08,1132.82,4.325
TRX_0001859,RES_0001891,CUS_001640,PRJ_0004,PRJ_0004_U046,2026-12-12,333260.21,0.0482,317211.71,259733.18,57478.53,1497.57,5.665
TRX_0001860,RES_0001892,CUS_002226,PRJ_0004,PRJ_0004_U116,2026-10-08,271424.53,0.0371,261343.39,202428.6,58914.79,1148.31,5.273
TRX_0001861,RES_0001893,CUS_001479,PRJ_0008,PRJ_0008_U019,2023-02-01,379142.59,0.0294,368005.06,254469.55,113535.51,1947.43,6.35
TRX_0001862,RES_0001894,CUS_001292,PRJ_0026,PRJ_0026_U001,2024-07-23,285205.21,0.0514,270554.14,215147.84,55406.3,1121.03,4.972
TRX_0001863,RES_0001895,CUS_001842,PRJ_0012,PRJ_0012_U046,2025-05-02,391944.69,0.0408,375955.1,311228.28,64726.82,2076.53,6.628
TRX_0001864,RES_0001896,CUS_004853,PRJ_0011,PRJ_0011_U077,2025-03-24,226560.82,0.0367,218242.35,151325.92,66916.43,1060.6,5.832
TRX_0001865,RES_0001897,CUS_001317,PRJ_0019,PRJ_0019_U044,2024-06-02,320537.36,0.0432,306704.37,217556.87,89147.5,1296.89,5.074
TRX_0001866,RES_0001898,CUS_006498,PRJ_0008,PRJ_0008_U047,2025-09-12,233310.44,0.0381,224432.34,172343.52,52088.82,740.65,3.96
TRX_0001867,RES_0001899,CUS_003714,PRJ_0027,PRJ_0027_U052,2025-03-28,377081.24,0.0224,368642.7,237580.2,131062.5,1593.42,5.187
TRX_0001868,RES_0001900,CUS_001652,PRJ_0011,PRJ_0011_U107,2024-04-03,445717.68,0.0375,429004.14,297266.15,131738.0,1693.22,4.736
TRX_0001869,RES_0001901,CUS_000277,PRJ_0027,PRJ_0027_U040,2025-04-22,201987.97,0.038,194303.58,139132.29,55171.29,938.98,5.799
TRX_0001870,RES_0001902,CUS_001780,PRJ_0004,PRJ_0004_U102,2026-11-16,313985.11,0.0377,302161.97,246439.99,55721.99,1190.84,4.729
TRX_0001871,RES_0001903,CUS_004888,PRJ_0026,PRJ_0026_U057,2024-08-25,256060.05,0.0462,244238.13,212978.02,31260.11,1363.84,6.701
TRX_0001872,RES_0001904,CUS_005770,PRJ_0019,PRJ_0019_U047,2024-06-29,488663.6,0.0307,473650.25,366138.21,107512.04,2497.36,6.327
TRX_0001873,RES_0001905,CUS_003279,PRJ_0016,PRJ_0016_U101,2024-05-16,273870.95,0.0413,262558.32,181034.37,81523.95,1273.35,5.82
TRX_0001874,RES_0001906,CUS_004430,PRJ_0008,PRJ_0008_U066,2023-08-09,462633.34,0.0526,438290.66,310799.03,127491.64,1574.93,4.312
TRX_0001875,RES_0001907,CUS_002232,PRJ_0017,PRJ_0017_U010,2026-03-26,398905.04,0.0519,378198.93,323968.26,54230.68,1332.64,4.228
TRX_0001876,RES_0001908,CUS_001649,PRJ_0014,PRJ_0014_U079,2026-03-14,321360.23,0.0177,315668.37,243217.55,72450.83,1535.5,5.837
TRX_0001877,RES_0001909,CUS_003463,PRJ_0004,PRJ_0004_U084,2026-11-15,540721.94,0.0337,522499.05,374658.48,147840.58,2432.75,5.587
TRX_0001878,RES_0001910,CUS_002750,PRJ_0012,PRJ_0012_U113,2025-03-07,301095.08,0.0454,287436.48,210925.45,76511.03,1102.47,4.603
TRX_0001879,RES_0001911,CUS_001122,PRJ_0007,PRJ_0007_U065,2024-02-20,411098.68,0.0319,397981.98,317682.35,80299.63,1945.63,5.866
TRX_0001880,RES_0001912,CUS_004861,PRJ_0016,PRJ_0016_U079,2024-06-23,172535.57,0.036,166322.01,138302.41,28019.6,662.9,4.783
TRX_0001881,RES_0001913,CUS_005590,PRJ_0012,PRJ_0012_U026,2026-01-23,664398.75,0.0169,653170.47,509332.75,143837.73,3343.91,6.143
TRX_0001882,RES_0001914,CUS_002259,PRJ_0004,PRJ_0004_U031,2026-11-23,429600.41,0.0447,410404.57,304073.67,106330.9,2041.27,5.969
TRX_0001883,RES_0001915,CUS_004703,PRJ_0011,PRJ_0011_U080,2024-02-25,223523.96,0.0449,213478.55,191922.33,21556.22,1018.87,5.727
TRX_0001884,RES_0001916,CUS_005881,PRJ_0027,PRJ_0027_U015,2025-05-24,202329.92,0.0385,194543.8,176147.41,18396.4,823.39,5.079
TRX_0001885,RES_0001917,CUS_000168,PRJ_0027,PRJ_0027_U086,2025-04-11,227079.51,0.0364,218807.83,168610.02,50197.8,1018.32,5.585
TRX_0001886,RES_0001918,CUS_002474,PRJ_0004,PRJ_0004_U117,2026-11-13,341974.36,0.0335,330520.07,304260.02,26260.05,1586.99,5.762
TRX_0001887,RES_0001919,CUS_006402,PRJ_0024,PRJ_0024_U088,2022-11-13,360221.02,0.0152,354750.99,244935.97,109815.02,1638.82,5.544
TRX_0001888,RES_0001920,CUS_001095,PRJ_0027,PRJ_0027_U008,2025-05-07,457581.03,0.0252,446059.22,318390.04,127669.18,2209.71,5.945
TRX_0001889,RES_0001921,CUS_001727,PRJ_0016,PRJ_0016_U094,2024-05-19,363537.47,0.0464,346667.8,278139.83,68527.97,1758.66,6.088
TRX_0001890,RES_0001922,CUS_000216,PRJ_0012,PRJ_0012_U002,2025-03-01,396637.7,0.0313,384233.74,300609.68,83624.06,1318.78,4.119
TRX_0001891,RES_0001923,CUS_006289,PRJ_0007,PRJ_0007_U033,2024-04-05,444059.65,0.0356,428255.19,361422.13,66833.06,1477.26,4.139
TRX_0001892,RES_0001924,CUS_005289,PRJ_0027,PRJ_0027_U065,2025-03-03,178995.48,0.023,174880.87,135883.95,38996.92,625.64,4.293
TRX_0001893,RES_0001925,CUS_003702,PRJ_0011,PRJ_0011_U063,2024-01-14,237413.07,0.0361,228843.92,190586.37,38257.55,788.64,4.135
TRX_0001894,RES_0001926,CUS_003630,PRJ_0011,PRJ_0011_U012,2024-07-19,268345.48,0.0378,258202.24,211179.86,47022.38,1276.26,5.931
TRX_0001895,RES_0001927,CUS_004339,PRJ_0006,PRJ_0006_U063,2023-08-05,320399.3,0.0347,309279.62,225224.25,84055.37,1561.04,6.057
TRX_0001896,RES_0001928,CUS_003872,PRJ_0006,PRJ_0006_U044,2024-09-06,392582.09,0.0338,379308.97,273780.78,105528.19,1515.78,4.795
TRX_0001897,RES_0001929,CUS_000042,PRJ_0012,PRJ_0012_U070,2025-07-08,308228.25,0.0373,296735.73,208890.81,87844.92,1049.96,4.246
TRX_0001898,RES_0001930,CUS_002959,PRJ_0007,PRJ_0007_U011,2024-02-01,571739.06,0.0451,545950.6,451448.56,94502.04,2725.0,5.99
TRX_0001899,RES_0001931,CUS_002910,PRJ_0019,PRJ_0019_U040,2025-01-30,345509.51,0.0451,329916.63,279336.48,50580.15,1573.67,5.724
TRX_0001900,RES_0001932,CUS_000920,PRJ_0004,PRJ_0004_U030,2026-08-05,187256.6,0.0446,178907.02,137806.16,41100.87,832.21,5.582
TRX_0001901,RES_0001933,CUS_002971,PRJ_0012,PRJ_0012_U095,2025-05-18,351891.65,0.0234,343659.62,293419.15,50240.47,1500.45,5.239
TRX_0001902,RES_0001934,CUS_005395,PRJ_0016,PRJ_0016_U103,2025-03-08,343073.84,0.0457,327382.98,311920.78,15462.19,1277.93,4.684
TRX_0001903,RES_0001935,CUS_002974,PRJ_0006,PRJ_0006_U074,2025-08-02,184453.78,0.0462,175924.23,140668.26,35255.97,798.88,5.449
TRX_0001904,RES_0001936,CUS_005206,PRJ_0008,PRJ_0008_U075,2023-08-22,257740.88,0.0134,254277.45,210624.11,43653.34,1387.57,6.548
TRX_0001905,RES_0001937,CUS_005834,PRJ_0014,PRJ_0014_U015,2026-04-03,221314.05,0.031,214451.65,150445.66,64005.99,926.71,5.186
TRX_0001906,RES_0001938,CUS_002625,PRJ_0016,PRJ_0016_U076,2024-04-28,267873.73,0.0536,253519.19,180705.78,72813.42,903.53,4.277
TRX_0001907,RES_0001939,CUS_002327,PRJ_0016,PRJ_0016_U066,2024-11-30,351433.45,0.0412,336965.15,254573.56,82391.59,1684.96,6.0
TRX_0001908,RES_0001940,CUS_000617,PRJ_0014,PRJ_0014_U100,2026-04-25,418701.28,0.034,404473.02,308498.82,95974.2,1765.35,5.237
TRX_0001909,RES_0001941,CUS_005253,PRJ_0027,PRJ_0027_U099,2025-03-05,412540.4,0.0383,396721.36,309193.28,87528.09,1563.33,4.729
TRX_0001910,RES_0001942,CUS_002119,PRJ_0012,PRJ_0012_U081,2025-06-08,345698.34,0.042,331163.79,261054.77,70109.01,1344.83,4.873
TRX_0001911,RES_0001943,CUS_005497,PRJ_0017,PRJ_0017_U036,2026-01-18,315776.19,0.0416,302633.74,202328.12,100305.62,1089.62,4.321
TRX_0001912,RES_0001944,CUS_005942,PRJ_0024,PRJ_0024_U031,2022-06-13,286715.64,0.0442,274048.43,202077.43,71971.0,931.93,4.081
TRX_0001913,RES_0001945,CUS_001717,PRJ_0017,PRJ_0017_U025,2026-01-03,281749.96,0.0275,273989.72,233410.0,40579.72,1454.04,6.368
TRX_0001914,RES_0001946,CUS_004339,PRJ_0024,PRJ_0024_U059,2022-07-01,642105.45,0.0374,618092.39,464602.45,153489.95,2938.46,5.705
TRX_0001915,RES_0001947,CUS_005924,PRJ_0006,PRJ_0006_U046,2023-08-08,460170.75,0.0297,446515.88,354440.75,92075.13,2405.93,6.466
TRX_0001916,RES_0001948,CUS_001680,PRJ_0024,PRJ_0024_U104,2022-10-11,352410.66,0.0382,338960.85,294749.68,44211.18,1257.45,4.452
TRX_0001917,RES_0001949,CUS_004858,PRJ_0017,PRJ_0017_U085,2026-05-09,358652.68,0.0216,350899.19,276625.91,74273.29,1646.04,5.629
TRX_0001918,RES_0001950,CUS_003192,PRJ_0027,PRJ_0027_U071,2025-03-31,147144.86,0.0328,142312.21,111294.35,31017.86,747.72,6.305
TRX_0001919,RES_0001951,CUS_003402,PRJ_0011,PRJ_0011_U056,2023-09-27,444060.34,0.0247,433090.38,322093.27,110997.11,2363.86,6.55
TRX_0001920,RES_0001952,CUS_006449,PRJ_0004,PRJ_0004_U124,2026-09-14,339781.61,0.0377,326974.85,259943.61,67031.24,1646.05,6.041
TRX_0001921,RES_0001953,CUS_004294,PRJ_0017,PRJ_0017_U031,2026-01-03,444309.84,0.0338,429291.5,365899.27,63392.24,1501.13,4.196
TRX_0001922,RES_0001954,CUS_005288,PRJ_0019,PRJ_0019_U071,2024-04-08,420155.6,0.041,402942.41,302140.61,100801.8,2114.39,6.297
TRX_0001923,RES_0001955,CUS_006273,PRJ_0008,PRJ_0008_U055,2023-08-31,277297.18,0.0347,267680.68,202592.16,65088.51,1501.73,6.732
TRX_0001924,RES_0001956,CUS_003658,PRJ_0016,PRJ_0016_U016,2024-05-10,273983.47,0.0137,270237.32,220664.41,49572.92,1273.21,5.654
TRX_0001925,RES_0001957,CUS_002253,PRJ_0006,PRJ_0006_U111,2023-05-20,379113.59,0.038,364711.95,285554.0,79157.95,1760.03,5.791
TRX_0001926,RES_0001958,CUS_002498,PRJ_0024,PRJ_0024_U072,2022-08-02,304239.22,0.0337,293981.47,225719.83,68261.64,1519.53,6.203
TRX_0001927,RES_0001959,CUS_000124,PRJ_0011,PRJ_0011_U093,2025-12-13,360544.84,0.0298,349799.32,304319.29,45480.03,1812.96,6.219
TRX_0001928,RES_0001960,CUS_004657,PRJ_0007,PRJ_0007_U047,2025-07-19,365315.52,0.0294,354566.57,247484.84,107081.73,1223.63,4.141
TRX_0001929,RES_0001961,CUS_000012,PRJ_0027,PRJ_0027_U002,2025-03-29,260918.97,0.0378,251058.1,202328.14,48729.96,1219.86,5.831
TRX_0001930,RES_0001962,CUS_004596,PRJ_0016,PRJ_0016_U084,2024-06-30,197982.09,0.0475,188581.8,149017.91,39563.89,761.18,4.844
TRX_0001931,RES_0001963,CUS_002006,PRJ_0008,PRJ_0008_U031,2022-11-26,452238.11,0.0235,441609.45,347378.5,94230.95,2143.66,5.825
TRX_0001932,RES_0001964,CUS_001201,PRJ_0012,PRJ_0012_U031,2025-05-26,236321.87,0.0265,230049.06,184805.25,45243.82,828.09,4.32
TRX_0001933,RES_0001965,CUS_001049,PRJ_0006,PRJ_0006_U016,2023-09-03,449110.9,0.0449,428937.02,359710.03,69226.99,1790.12,5.008
TRX_0001934,RES_0001966,CUS_004522,PRJ_0012,PRJ_0012_U102,2025-11-05,320814.46,0.0274,312029.92,241923.2,70106.72,1405.13,5.404
TRX_0001935,RES_0001967,CUS_002165,PRJ_0004,PRJ_0004_U103,2026-08-23,320693.91,0.0372,308768.68,237593.42,71175.25,1087.33,4.226
TRX_0001936,RES_0001968,CUS_005512,PRJ_0004,PRJ_0004_U050,2026-10-03,317036.59,0.0387,304774.74,218828.52,85946.22,1501.34,5.911
TRX_0001937,RES_0001969,CUS_000700,PRJ_0008,PRJ_0008_U018,2024-02-15,207427.71,0.0109,205167.98,154322.69,50845.29,724.33,4.237
TRX_0001938,RES_0001970,CUS_005969,PRJ_0006,PRJ_0006_U006,2023-10-12,434271.29,0.0485,413203.6,327506.4,85697.21,2136.5,6.205
TRX_0001939,RES_0001971,CUS_006064,PRJ_0004,PRJ_0004_U003,2026-08-12,265688.44,0.0549,251094.23,218046.23,33048.0,1169.94,5.591
TRX_0001940,RES_0001972,CUS_005274,PRJ_0019,PRJ_0019_U101,2024-04-18,267720.45,0.0244,261183.93,212198.8,48985.13,930.99,4.277
TRX_0001941,RES_0001973,CUS_002135,PRJ_0004,PRJ_0004_U070,2026-08-21,404058.95,0.0531,382594.57,334563.94,48030.64,2075.28,6.509
TRX_0001942,RES_0001974,CUS_004456,PRJ_0007,PRJ_0007_U071,2025-12-26,364540.18,0.0164,358570.83,265522.72,93048.11,1867.02,6.248
TRX_0001943,RES_0001975,CUS_002576,PRJ_0011,PRJ_0011_U101,2024-11-17,370028.89,0.037,356323.65,252390.37,103933.28,1615.09,5.439
TRX_0001944,RES_0001976,CUS_002067,PRJ_0004,PRJ_0004_U013,2026-08-23,378787.05,0.0249,369339.06,263823.62,105515.44,1725.91,5.608
TRX_0001945,RES_0001977,CUS_004929,PRJ_0014,PRJ_0014_U097,2026-02-22,277675.07,0.0525,263086.26,221878.89,41207.37,1002.89,4.574
TRX_0001946,RES_0001978,CUS_000223,PRJ_0011,PRJ_0011_U089,2024-03-01,193589.62,0.0338,187039.51,152193.17,34846.35,1010.68,6.484
TRX_0001947,RES_0001979,CUS_000281,PRJ_0019,PRJ_0019_U097,2024-03-10,477720.78,0.0298,463486.72,356537.59,106949.13,2307.64,5.975
TRX_0001948,RES_0001980,CUS_005512,PRJ_0014,PRJ_0014_U078,2026-05-25,354893.75,0.0441,339257.75,241970.84,97286.91,1274.24,4.507
TRX_0001949,RES_0001981,CUS_001556,PRJ_0014,PRJ_0014_U016,2026-01-14,192692.21,0.0435,184312.02,152974.28,31337.74,910.42,5.927
TRX_0001950,RES_0001982,CUS_004824,PRJ_0016,PRJ_0016_U099,2024-04-02,353333.62,0.0399,339231.78,282079.81,57151.97,1294.99,4.581
TRX_0001951,RES_0001983,CUS_001639,PRJ_0027,PRJ_0027_U003,2025-11-03,523853.36,0.049,498197.29,386828.31,111368.98,2388.06,5.752
TRX_0001952,RES_0001984,CUS_004355,PRJ_0024,PRJ_0024_U011,2023-10-11,457605.03,0.0309,443487.27,298832.59,144654.68,2322.64,6.285
TRX_0001953,RES_0001985,CUS_003248,PRJ_0014,PRJ_0014_U105,2026-03-25,378310.09,0.0399,363226.5,241854.05,121372.46,1745.97,5.768
TRX_0001954,RES_0001986,CUS_002843,PRJ_0008,PRJ_0008_U086,2025-01-11,459436.81,0.0199,450293.82,352959.02,97334.79,2395.37,6.383
TRX_0001955,RES_0001987,CUS_000185,PRJ_0014,PRJ_0014_U091,2026-04-14,226910.73,0.0564,214122.81,177484.78,36638.02,1077.32,6.038
TRX_0001956,RES_0001988,CUS_005984,PRJ_0004,PRJ_0004_U001,2026-10-10,410106.4,0.0668,382704.67,323489.63,59215.04,1448.03,4.54
TRX_0001957,RES_0001989,CUS_004913,PRJ_0006,PRJ_0006_U037,2024-03-11,440713.47,0.0387,423654.97,327413.63,96241.34,1838.42,5.207
TRX_0001958,RES_0001990,CUS_004085,PRJ_0006,PRJ_0006_U069,2023-10-17,207017.99,0.0266,201515.27,181898.13,19617.15,995.44,5.928
TRX_0001959,RES_0001991,CUS_005553,PRJ_0011,PRJ_0011_U072,2024-02-03,244068.19,0.0318,236310.89,180401.72,55909.17,1048.09,5.322
TRX_0001960,RES_0001992,CUS_005399,PRJ_0007,PRJ_0007_U053,2024-04-18,586743.63,0.051,556844.77,472090.99,84753.78,2333.79,5.029
TRX_0001961,RES_0001993,CUS_001199,PRJ_0027,PRJ_0027_U049,2025-06-27,168532.94,0.0397,161836.26,125438.08,36398.18,837.35,6.209
TRX_0001962,RES_0001994,CUS_003882,PRJ_0016,PRJ_0016_U003,2024-07-24,162306.81,0.0574,152989.68,122882.76,30106.92,844.08,6.621
TRX_0001963,RES_0001995,CUS_001783,PRJ_0017,PRJ_0017_U037,2026-05-17,380547.29,0.0448,363513.59,276475.72,87037.87,1594.38,5.263
TRX_0001964,RES_0001996,CUS_005516,PRJ_0024,PRJ_0024_U100,2023-10-20,295776.17,0.0488,281334.34,253441.25,27893.09,1597.03,6.812
TRX_0001965,RES_0001997,CUS_005577,PRJ_0007,PRJ_0007_U018,2024-03-06,304007.63,0.0527,287992.95,218145.21,69847.74,1376.93,5.737
TRX_0001966,RES_0001998,CUS_004257,PRJ_0006,PRJ_0006_U076,2023-09-05,660732.11,0.0383,635412.5,461544.16,173868.35,2847.1,5.377
TRX_0001967,RES_0001999,CUS_000014,PRJ_0006,PRJ_0006_U038,2024-09-30,357630.79,0.0286,347391.38,235750.91,111640.47,1137.37,3.929
TRX_0001968,RES_0002000,CUS_000955,PRJ_0017,PRJ_0017_U077,2026-05-15,198721.21,0.0446,189866.4,159605.37,30261.03,948.6,5.995
TRX_0001969,RES_0002001,CUS_005391,PRJ_0008,PRJ_0008_U076,2022-10-12,257156.95,0.0237,251071.28,170295.29,80775.99,886.88,4.239
TRX_0001970,RES_0002002,CUS_000542,PRJ_0011,PRJ_0011_U092,2025-06-14,434952.36,0.0397,417679.48,364182.65,53496.84,1759.2,5.054
TRX_0001971,RES_0002003,CUS_000577,PRJ_0014,PRJ_0014_U096,2026-02-22,271404.01,0.0383,261007.66,202474.92,58532.74,1176.03,5.407
TRX_0001972,RES_0002004,CUS_001199,PRJ_0014,PRJ_0014_U022,2026-01-05,386097.7,0.0416,370043.77,261050.78,108992.99,1325.29,4.298
TRX_0001973,RES_0002005,CUS_001728,PRJ_0014,PRJ_0014_U098,2026-05-15,243635.78,0.0275,236934.21,178455.27,58478.94,1233.52,6.247
TRX_0001974,RES_0002006,CUS_005433,PRJ_0006,PRJ_0006_U013,2024-03-06,314751.16,0.0347,303840.88,243052.22,60788.65,1075.18,4.246
TRX_0001975,RES_0002007,CUS_006097,PRJ_0006,PRJ_0006_U045,2025-11-30,309984.6,0.0355,298991.49,255770.97,43220.52,1677.44,6.732
TRX_0001976,RES_0002008,CUS_001604,PRJ_0012,PRJ_0012_U068,2025-05-31,409458.42,0.0415,392467.76,298976.36,93491.4,1649.61,5.044
TRX_0001977,RES_0002009,CUS_002789,PRJ_0017,PRJ_0017_U108,2026-01-10,331418.53,0.0355,319650.56,255096.87,64553.68,1302.2,4.889
TRX_0001978,RES_0002010,CUS_003444,PRJ_0011,PRJ_0011_U081,2023-12-13,334169.79,0.0427,319899.44,244865.65,75033.79,1241.49,4.657
TRX_0001979,RES_0002011,CUS_002874,PRJ_0007,PRJ_0007_U075,2024-08-10,297317.33,0.043,284532.31,227623.6,56908.71,1546.11,6.521
TRX_0001980,RES_0002012,CUS_001518,PRJ_0006,PRJ_0006_U086,2023-07-10,281287.44,0.0432,269125.15,210889.7,58235.45,1311.56,5.848
TRX_0001981,RES_0002013,CUS_005794,PRJ_0012,PRJ_0012_U093,2025-09-08,373671.38,0.0476,355876.51,336086.65,19789.85,1478.69,4.986
TRX_0001982,RES_0002014,CUS_000197,PRJ_0007,PRJ_0007_U038,2024-05-20,515119.31,0.0305,499427.84,354355.34,145072.5,1686.97,4.053
TRX_0001983,RES_0002015,CUS_001436,PRJ_0016,PRJ_0016_U048,2024-06-26,343409.57,0.0304,332962.34,253564.7,79397.64,1436.0,5.175
TRX_0001984,RES_0002016,CUS_005884,PRJ_0008,PRJ_0008_U073,2023-12-15,476753.14,0.0454,455109.26,362822.04,92287.22,2056.25,5.422
TRX_0001985,RES_0002017,CUS_000681,PRJ_0008,PRJ_0008_U022,2022-10-23,318756.16,0.0274,310038.18,245405.95,64632.23,1262.38,4.886
TRX_0001986,RES_0002018,CUS_006461,PRJ_0027,PRJ_0027_U009,2025-03-05,202708.27,0.0427,194059.01,157538.0,36521.01,921.91,5.701
TRX_0001987,RES_0002019,CUS_006241,PRJ_0019,PRJ_0019_U070,2025-10-17,338025.4,0.0382,325102.56,250436.29,74666.27,1416.68,5.229
TRX_0001988,RES_0002020,CUS_005268,PRJ_0027,PRJ_0027_U091,2025-06-29,502670.08,0.0294,487871.89,384406.03,103465.85,1650.36,4.059
TRX_0001989,RES_0002021,CUS_001229,PRJ_0027,PRJ_0027_U080,2025-03-15,181220.88,0.0395,174056.31,147761.07,26295.24,624.21,4.304
TRX_0001990,RES_0002022,CUS_001577,PRJ_0014,PRJ_0014_U021,2025-12-22,236040.91,0.0387,226896.21,206460.49,20435.72,1259.63,6.662
TRX_0001991,RES_0002023,CUS_000777,PRJ_0008,PRJ_0008_U023,2023-01-25,363266.75,0.0304,352241.38,323778.31,28463.08,1246.9,4.248
TRX_0001992,RES_0002024,CUS_000543,PRJ_0017,PRJ_0017_U078,2026-04-12,228364.56,0.0432,218496.09,203039.51,15456.58,787.84,4.327
TRX_0001993,RES_0002025,CUS_004776,PRJ_0014,PRJ_0014_U007,2026-01-31,322791.21,0.0413,309459.47,270006.86,39452.61,1441.52,5.59
TRX_0001994,RES_0002026,CUS_005085,PRJ_0024,PRJ_0024_U041,2025-11-08,451039.66,0.0284,438211.76,318182.56,120029.2,1736.19,4.754
TRX_0001995,RES_0002027,CUS_001731,PRJ_0007,PRJ_0007_U055,2024-06-21,401556.67,0.0591,377827.08,318026.95,59800.13,1454.93,4.621
TRX_0001996,RES_0002028,CUS_003477,PRJ_0006,PRJ_0006_U020,2023-07-09,314324.31,0.0448,300240.84,213092.02,87148.82,1288.95,5.152
TRX_0001997,RES_0002029,CUS_000822,PRJ_0016,PRJ_0016_U001,2024-06-03,462642.43,0.023,451997.31,324353.11,127644.2,2477.98,6.579
TRX_0001998,RES_0002030,CUS_002418,PRJ_0011,PRJ_0011_U026,2024-12-27,407219.01,0.0416,390278.59,366065.53,24213.06,1508.44,4.638
TRX_0001999,RES_0002031,CUS_005884,PRJ_0016,PRJ_0016_U060,2024-09-04,403632.82,0.0379,388322.11,290745.37,97576.75,1331.8,4.116
TRX_0002000,RES_0002032,CUS_003443,PRJ_0019,PRJ_0019_U103,2024-05-09,421910.38,0.0394,405269.08,312164.29,93104.79,2093.68,6.199
TRX_0002001,RES_0002033,CUS_005860,PRJ_0006,PRJ_0006_U078,2023-09-06,379125.44,0.0532,358968.59,253478.79,105489.8,1565.69,5.234
TRX_0002002,RES_0002034,CUS_005723,PRJ_0014,PRJ_0014_U063,2026-01-14,297681.3,0.0368,286735.35,236875.0,49860.35,1094.29,4.58
TRX_0002003,RES_0002035,CUS_005938,PRJ_0006,PRJ_0006_U088,2024-12-19,513271.64,0.038,493754.69,372077.62,121677.07,2100.33,5.105
TRX_0002004,RES_0002036,CUS_005411,PRJ_0024,PRJ_0024_U052,2026-01-13,493359.99,0.0283,479392.1,345306.36,134085.74,2594.55,6.495
TRX_0002005,RES_0002037,CUS_004245,PRJ_0027,PRJ_0027_U037,2025-01-27,298519.57,0.0354,287948.25,216385.01,71563.23,1293.82,5.392
TRX_0002006,RES_0002038,CUS_002164,PRJ_0008,PRJ_0008_U064,2025-12-20,429039.15,0.0329,414908.25,323161.56,91746.68,1512.95,4.376
TRX_0002007,RES_0002039,CUS_002543,PRJ_0011,PRJ_0011_U044,2023-12-07,511988.31,0.0433,489801.66,376998.23,112803.42,2018.14,4.944
TRX_0002008,RES_0002040,CUS_001156,PRJ_0027,PRJ_0027_U030,2025-03-27,358126.99,0.0395,343990.93,276592.21,67398.72,1528.84,5.333
TRX_0002009,RES_0002041,CUS_004900,PRJ_0012,PRJ_0012_U116,2025-06-09,282001.43,0.0385,271144.35,188964.55,82179.8,1357.69,6.009
TRX_0002010,RES_0002042,CUS_001362,PRJ_0017,PRJ_0017_U027,2026-03-05,232440.04,0.0365,223960.02,167511.5,56448.52,1187.14,6.361
TRX_0002011,RES_0002043,CUS_001487,PRJ_0027,PRJ_0027_U054,2025-06-15,498075.66,0.0287,483764.9,334506.73,149258.18,1625.35,4.032
TRX_0002012,RES_0002044,CUS_002145,PRJ_0019,PRJ_0019_U065,2024-05-14,186017.4,0.044,177838.25,144796.4,33041.86,635.55,4.289
TRX_0002013,RES_0002045,CUS_001457,PRJ_0014,PRJ_0014_U008,2026-03-10,167855.95,0.0255,163581.81,125341.19,38240.62,902.96,6.624
TRX_0002014,RES_0002046,CUS_005664,PRJ_0011,PRJ_0011_U074,2024-11-14,367094.74,0.0362,353790.45,250120.43,103670.02,1963.44,6.66
TRX_0002015,RES_0002047,CUS_005100,PRJ_0019,PRJ_0019_U079,2024-04-04,371111.3,0.0299,360001.48,287439.44,72562.03,1292.83,4.309
TRX_0002016,RES_0002048,CUS_003213,PRJ_0016,PRJ_0016_U072,2024-04-19,390459.21,0.0202,382584.62,323735.13,58849.49,1725.23,5.411
TRX_0002017,RES_0002049,CUS_005358,PRJ_0019,PRJ_0019_U072,2025-08-25,466707.11,0.0257,454710.66,366758.23,87952.43,1744.62,4.604
TRX_0002018,RES_0002050,CUS_005890,PRJ_0014,PRJ_0014_U011,2026-05-23,188705.83,0.0497,179333.99,130374.26,48959.73,849.15,5.682
TRX_0002019,RES_0002051,CUS_002515,PRJ_0016,PRJ_0016_U042,2024-08-07,246830.36,0.0548,233300.59,205094.88,28205.71,1109.37,5.706
TRX_0002020,RES_0002052,CUS_006074,PRJ_0006,PRJ_0006_U003,2025-09-28,442968.77,0.0102,438440.92,370973.62,67467.3,2038.95,5.581
TRX_0002021,RES_0002053,CUS_001446,PRJ_0011,PRJ_0011_U027,2025-08-18,321706.44,0.021,314955.23,247839.56,67115.66,1313.21,5.003
TRX_0002022,RES_0002054,CUS_006077,PRJ_0006,PRJ_0006_U095,2023-09-01,295739.74,0.0395,284050.49,213934.31,70116.18,1135.71,4.798
TRX_0002023,RES_0002055,CUS_001799,PRJ_0016,PRJ_0016_U019,2025-01-27,378045.62,0.0335,365399.33,271818.71,93580.62,2019.1,6.631
TRX_0002024,RES_0002056,CUS_002687,PRJ_0008,PRJ_0008_U074,2024-09-20,308958.84,0.0354,298027.7,256596.11,41431.59,1055.96,4.252
TRX_0002025,RES_0002057,CUS_003295,PRJ_0017,PRJ_0017_U088,2026-03-31,395023.56,0.0509,374904.7,293109.4,81795.3,1560.62,4.995
TRX_0002026,RES_0002058,CUS_000609,PRJ_0012,PRJ_0012_U007,2025-03-06,281683.21,0.054,266461.19,195307.91,71153.29,1031.86,4.647
TRX_0002027,RES_0002059,CUS_001735,PRJ_0004,PRJ_0004_U004,2026-09-30,275013.09,0.0428,263252.2,194236.55,69015.64,1074.5,4.898
TRX_0002028,RES_0002060,CUS_003232,PRJ_0024,PRJ_0024_U105,2023-09-13,389701.16,0.028,378791.31,323977.87,54813.44,1733.16,5.491
TRX_0002029,RES_0002061,CUS_000092,PRJ_0024,PRJ_0024_U001,2023-05-22,647376.91,0.0464,617346.82,515312.43,102034.39,2382.9,4.632
TRX_0002030,RES_0002062,CUS_001741,PRJ_0004,PRJ_0004_U019,2026-11-16,369125.41,0.0504,350530.12,286344.44,64185.68,1686.38,5.773
TRX_0002031,RES_0002063,CUS_001772,PRJ_0019,PRJ_0019_U092,2024-05-22,418263.3,0.0345,403847.95,341721.18,62126.77,1970.6,5.855
TRX_0002032,RES_0002064,CUS_000714,PRJ_0012,PRJ_0012_U076,2025-08-06,422720.7,0.0324,409012.8,371181.49,37831.31,1986.65,5.829
TRX_0002033,RES_0002065,CUS_003808,PRJ_0024,PRJ_0024_U110,2023-04-26,502312.76,0.0437,480338.09,382085.03,98253.06,1930.86,4.824
TRX_0002034,RES_0002066,CUS_006082,PRJ_0019,PRJ_0019_U086,2024-07-24,205176.95,0.0396,197046.8,152317.95,44728.85,1015.32,6.183
TRX_0002035,RES_0002067,CUS_004768,PRJ_0011,PRJ_0011_U090,2025-11-29,396436.09,0.0423,379679.78,288207.85,91471.92,1732.01,5.474
TRX_0002036,RES_0002068,CUS_001783,PRJ_0027,PRJ_0027_U035,2025-06-05,389910.55,0.0495,370591.14,316122.08,54469.06,1583.17,5.126
TRX_0002037,RES_0002069,CUS_001946,PRJ_0017,PRJ_0017_U015,2026-04-17,268609.05,0.0345,259337.81,197726.49,61611.32,1351.78,6.255
TRX_0002038,RES_0002070,CUS_000579,PRJ_0008,PRJ_0008_U090,2025-08-24,242610.57,0.0357,233941.79,168198.42,65743.37,1150.35,5.901
TRX_0002039,RES_0002071,CUS_000666,PRJ_0019,PRJ_0019_U011,2024-03-08,441148.46,0.0327,426721.41,313415.63,113305.78,1700.71,4.783
TRX_0002040,RES_0002072,CUS_000182,PRJ_0024,PRJ_0024_U098,2025-12-07,305962.42,0.0419,293155.05,223911.13,69243.92,1143.71,4.682
TRX_0002041,RES_0002073,CUS_000971,PRJ_0027,PRJ_0027_U018,2025-06-17,380965.4,0.0367,366989.92,293640.53,73349.39,1857.49,6.074
TRX_0002042,RES_0002074,CUS_000307,PRJ_0014,PRJ_0014_U020,2026-03-03,320906.06,0.0383,308599.5,253429.66,55169.84,1288.53,5.01
TRX_0002043,RES_0002075,CUS_002315,PRJ_0006,PRJ_0006_U058,2023-07-18,393605.03,0.0357,379565.47,293556.37,86009.11,1526.12,4.825
TRX_0002044,RES_0002076,CUS_005721,PRJ_0012,PRJ_0012_U006,2025-06-20,469941.24,0.026,457743.8,339134.96,118608.84,2503.33,6.563
TRX_0002045,RES_0002077,CUS_005929,PRJ_0014,PRJ_0014_U029,2026-04-09,157190.06,0.0322,152135.14,131113.25,21021.89,702.67,5.542
TRX_0002046,RES_0002078,CUS_001359,PRJ_0016,PRJ_0016_U052,2025-11-21,404752.07,0.0347,390721.91,263844.64,126877.26,1627.92,5.0
TRX_0002047,RES_0002079,CUS_003211,PRJ_0011,PRJ_0011_U078,2025-01-25,419712.63,0.0318,406355.36,282295.38,124059.98,1943.43,5.739
TRX_0002048,RES_0002080,CUS_004925,PRJ_0011,PRJ_0011_U075,2023-11-19,298375.46,0.0192,292657.21,203123.65,89533.56,1263.57,5.181
TRX_0002049,RES_0002081,CUS_003791,PRJ_0011,PRJ_0011_U086,2025-03-11,248756.52,0.0173,244460.22,200423.6,44036.62,881.43,4.327
TRX_0002050,RES_0002082,CUS_006398,PRJ_0004,PRJ_0004_U123,2026-09-21,307301.74,0.0483,292450.84,251995.73,40455.1,1142.42,4.688
TRX_0002051,RES_0002083,CUS_003843,PRJ_0006,PRJ_0006_U001,2023-10-01,340540.72,0.0326,329454.25,272034.5,57419.75,1116.33,4.066
TRX_0002052,RES_0002084,CUS_000486,PRJ_0006,PRJ_0006_U108,2025-07-05,502562.8,0.0455,479714.45,383077.6,96636.85,2037.92,5.098
TRX_0002053,RES_0002085,CUS_004611,PRJ_0019,PRJ_0019_U033,2024-11-28,543053.72,0.0366,523176.54,446093.76,77082.78,2937.59,6.738
TRX_0002054,RES_0002086,CUS_002174,PRJ_0017,PRJ_0017_U001,2026-03-18,323184.53,0.0512,306634.42,249031.36,57603.06,1268.0,4.962
TRX_0002055,RES_0002087,CUS_001037,PRJ_0012,PRJ_0012_U083,2025-06-19,367245.54,0.0329,355169.66,275951.94,79217.72,1591.42,5.377
TRX_0002056,RES_0002088,CUS_001565,PRJ_0019,PRJ_0019_U008,2024-05-02,461481.92,0.0284,448391.23,330657.62,117733.61,1642.28,4.395
TRX_0002057,RES_0002089,CUS_002043,PRJ_0019,PRJ_0019_U010,2024-03-23,269424.97,0.0186,264418.09,196801.15,67616.94,1428.71,6.484
TRX_0002058,RES_0002090,CUS_002805,PRJ_0006,PRJ_0006_U018,2024-03-11,445937.89,0.0213,436424.88,346091.56,90333.32,2339.37,6.432
TRX_0002059,RES_0002091,CUS_002447,PRJ_0006,PRJ_0006_U026,2025-09-05,326064.59,0.0368,314078.78,224372.6,89706.18,1708.93,6.529
TRX_0002060,RES_0002092,CUS_001097,PRJ_0004,PRJ_0004_U022,2026-11-20,265642.24,0.0377,255615.89,195476.56,60139.33,1397.8,6.562
TRX_0002061,RES_0002093,CUS_000661,PRJ_0027,PRJ_0027_U098,2025-06-23,167789.91,0.0404,161007.42,133736.49,27270.93,589.15,4.391
TRX_0002062,RES_0002094,CUS_004234,PRJ_0019,PRJ_0019_U087,2025-09-07,330349.83,0.0215,323240.67,265195.63,58045.04,1103.68,4.097
TRX_0002063,RES_0002095,CUS_004969,PRJ_0011,PRJ_0011_U033,2026-01-25,435340.99,0.0502,413478.01,308225.37,105252.64,1986.51,5.765
TRX_0002064,RES_0002096,CUS_001309,PRJ_0017,PRJ_0017_U061,2026-02-16,287284.61,0.0348,277295.17,238052.14,39243.03,974.82,4.219
TRX_0002065,RES_0002097,CUS_005750,PRJ_0008,PRJ_0008_U042,2022-11-19,423626.6,0.0289,411366.1,312969.71,98396.39,1915.06,5.586
TRX_0002066,RES_0002098,CUS_002535,PRJ_0024,PRJ_0024_U074,2025-08-03,339193.75,0.033,328011.52,251810.09,76201.43,1800.9,6.588
TRX_0002067,RES_0002099,CUS_006148,PRJ_0019,PRJ_0019_U043,2024-03-27,408154.21,0.0344,394115.44,285543.71,108571.73,1568.46,4.776
TRX_0002068,RES_0002100,CUS_001329,PRJ_0004,PRJ_0004_U074,2026-06-29,236676.45,0.026,230514.89,200334.22,30180.67,1235.87,6.434
TRX_0002069,RES_0002101,CUS_004982,PRJ_0024,PRJ_0024_U006,2025-03-09,163418.62,0.0415,156637.44,135810.35,20827.09,550.0,4.214
TRX_0002070,RES_0002102,CUS_005237,PRJ_0024,PRJ_0024_U068,2024-01-27,336882.9,0.0338,325488.23,251028.89,74459.34,1292.3,4.764
TRX_0002071,RES_0002103,CUS_002305,PRJ_0017,PRJ_0017_U094,2026-01-21,455885.88,0.041,437196.31,346190.17,91006.14,2323.5,6.377
TRX_0002072,RES_0002104,CUS_002809,PRJ_0017,PRJ_0017_U020,2026-02-21,272216.52,0.0459,259731.24,206697.07,53034.17,1126.94,5.207
TRX_0002073,RES_0002105,CUS_005799,PRJ_0008,PRJ_0008_U051,2024-04-30,336724.94,0.0449,321604.2,251542.67,70061.54,1258.85,4.697
TRX_0002074,RES_0002106,CUS_001117,PRJ_0027,PRJ_0027_U079,2025-05-01,160354.3,0.0277,155914.76,121529.25,34385.51,566.26,4.358
TRX_0002075,RES_0002107,CUS_005107,PRJ_0016,PRJ_0016_U010,2024-07-06,272392.33,0.0275,264908.09,208909.49,55998.61,981.64,4.447
TRX_0002076,RES_0002108,CUS_002490,PRJ_0024,PRJ_0024_U048,2022-09-10,258434.21,0.0422,247537.31,197123.5,50413.81,870.13,4.218
TRX_0002077,RES_0002109,CUS_005961,PRJ_0024,PRJ_0024_U062,2023-07-15,401878.37,0.0341,388163.77,270086.67,118077.1,1385.39,4.283
TRX_0002078,RES_0002110,CUS_005570,PRJ_0027,PRJ_0027_U057,2025-06-26,219984.08,0.0372,211809.15,184148.05,27661.1,789.23,4.471
TRX_0002079,RES_0002111,CUS_005719,PRJ_0019,PRJ_0019_U035,2024-07-15,350448.86,0.0324,339102.62,278945.11,60157.51,1742.29,6.166
TRX_0002080,RES_0002112,CUS_001564,PRJ_0012,PRJ_0012_U074,2025-04-24,368100.93,0.0196,360877.19,303900.31,56976.88,1339.87,4.455
TRX_0002081,RES_0002113,CUS_005399,PRJ_0014,PRJ_0014_U003,2025-12-24,215687.51,0.0323,208717.61,163250.75,45466.87,1091.96,6.278
TRX_0002082,RES_0002114,CUS_005680,PRJ_0017,PRJ_0017_U059,2026-04-05,218517.86,0.0375,210318.73,161246.26,49072.47,900.01,5.135
TRX_0002083,RES_0002115,CUS_006223,PRJ_0017,PRJ_0017_U042,2026-04-26,174095.29,0.015,171477.33,129989.64,41487.69,652.82,4.568
TRX_0002084,RES_0002116,CUS_005942,PRJ_0014,PRJ_0014_U077,2026-01-24,350700.34,0.0268,341286.57,300687.54,40599.04,1720.4,6.049
TRX_0002085,RES_0002117,CUS_003501,PRJ_0016,PRJ_0016_U007,2025-11-15,364326.31,0.0365,351019.78,234671.53,116348.25,1782.71,6.094
TRX_0002086,RES_0002118,CUS_004588,PRJ_0016,PRJ_0016_U067,2024-04-01,278852.09,0.0368,268576.65,178792.09,89784.57,1346.37,6.016
TRX_0002087,RES_0002119,CUS_004577,PRJ_0011,PRJ_0011_U036,2023-11-27,176633.65,0.0213,172866.77,127018.14,45848.63,664.24,4.611
TRX_0002088,RES_0002120,CUS_004659,PRJ_0004,PRJ_0004_U112,2026-11-27,182125.6,0.0388,175060.71,129514.03,45546.67,913.52,6.262
TRX_0002089,RES_0002121,CUS_002837,PRJ_0014,PRJ_0014_U073,2026-05-20,300562.08,0.0595,282687.31,249968.19,32719.12,1383.73,5.874
TRX_0002090,RES_0002122,CUS_002639,PRJ_0014,PRJ_0014_U051,2026-02-23,380092.68,0.0387,365366.65,295856.36,69510.29,1262.87,4.148
TRX_0002091,RES_0002123,CUS_003378,PRJ_0027,PRJ_0027_U034,2025-07-06,339106.23,0.024,330976.64,262923.47,68053.17,1391.33,5.044
TRX_0002092,RES_0002124,CUS_001616,PRJ_0016,PRJ_0016_U020,2025-11-30,308533.27,0.0338,298102.25,237729.95,60372.3,1595.34,6.422
TRX_0002093,RES_0002125,CUS_000888,PRJ_0024,PRJ_0024_U113,2023-01-14,343366.4,0.0333,331915.97,250310.61,81605.36,1441.21,5.211
TRX_0002094,RES_0002126,CUS_006424,PRJ_0014,PRJ_0014_U017,2026-01-16,189363.97,0.0401,181773.61,150266.27,31507.34,897.98,5.928
TRX_0002095,RES_0002128,CUS_000632,PRJ_0024,PRJ_0024_U021,2024-10-20,312725.02,0.0238,305276.2,261142.98,44133.22,1415.29,5.563
TRX_0002096,RES_0002129,CUS_005585,PRJ_0014,PRJ_0014_U067,2026-03-23,294769.42,0.0329,285078.5,244680.97,40397.53,1173.3,4.939
TRX_0002097,RES_0002130,CUS_002026,PRJ_0011,PRJ_0011_U014,2024-01-21,487362.6,0.0324,471557.07,348585.66,122971.41,1811.68,4.61
TRX_0002098,RES_0002131,CUS_000480,PRJ_0004,PRJ_0004_U036,2026-10-05,415095.44,0.0277,403577.27,345682.61,57894.65,1459.22,4.339
TRX_0002099,RES_0002132,CUS_005104,PRJ_0017,PRJ_0017_U052,2026-06-07,387958.53,0.0462,370050.12,280858.78,89191.34,1375.88,4.462
TRX_0002100,RES_0002133,CUS_001998,PRJ_0014,PRJ_0014_U070,2026-03-14,249581.15,0.0344,241003.5,207182.65,33820.84,1088.0,5.417
TRX_0002101,RES_0002134,CUS_002267,PRJ_0019,PRJ_0019_U099,2024-04-26,205263.6,0.0177,201625.24,178783.81,22841.43,671.76,3.998
TRX_0002102,RES_0002135,CUS_003831,PRJ_0027,PRJ_0027_U055,2025-01-22,214882.12,0.0389,206531.11,168062.48,38468.63,775.85,4.508
TRX_0002103,RES_0002136,CUS_001873,PRJ_0017,PRJ_0017_U065,2026-01-22,479131.21,0.0357,462044.33,362797.86,99246.47,1956.4,5.081
TRX_0002104,RES_0002137,CUS_000852,PRJ_0016,PRJ_0016_U071,2025-03-29,308038.04,0.0334,297742.89,232243.75,65499.14,1532.75,6.177
TRX_0002105,RES_0002138,CUS_005353,PRJ_0004,PRJ_0004_U127,2026-09-03,193306.29,0.0387,185829.03,157404.35,28424.68,868.74,5.61
TRX_0002106,RES_0002139,CUS_004301,PRJ_0019,PRJ_0019_U036,2024-07-03,332028.66,0.0368,319804.55,250556.96,69247.59,1272.47,4.775
TRX_0002107,RES_0002140,CUS_000328,PRJ_0016,PRJ_0016_U027,2024-06-14,244490.62,0.0328,236480.22,191911.7,44568.52,1089.76,5.53
TRX_0002108,RES_0002141,CUS_006465,PRJ_0027,PRJ_0027_U050,2025-07-02,430909.37,0.0454,411330.94,352878.39,58452.55,1938.39,5.655
TRX_0002109,RES_0002142,CUS_001651,PRJ_0016,PRJ_0016_U097,2024-04-04,247394.57,0.0349,238765.89,168583.83,70182.06,927.92,4.664
TRX_0002110,RES_0002143,CUS_001944,PRJ_0027,PRJ_0027_U026,2025-03-16,491228.23,0.0419,470649.74,328167.66,142482.07,2657.24,6.775
TRX_0002111,RES_0002144,CUS_003684,PRJ_0008,PRJ_0008_U013,2025-06-27,435042.33,0.045,415459.96,309301.6,106158.35,2199.74,6.354
TRX_0002112,RES_0002145,CUS_004793,PRJ_0014,PRJ_0014_U081,2026-06-08,420854.18,0.0368,405350.73,305565.0,99785.73,1950.37,5.774
TRX_0002113,RES_0002146,CUS_002296,PRJ_0008,PRJ_0008_U030,2022-11-24,203507.81,0.0288,197642.87,168312.9,29329.97,1055.79,6.41
TRX_0002114,RES_0002147,CUS_004176,PRJ_0016,PRJ_0016_U022,2025-09-04,285203.28,0.0246,278175.86,213266.43,64909.42,1035.18,4.466
TRX_0002115,RES_0002148,CUS_001246,PRJ_0024,PRJ_0024_U092,2025-10-10,432321.74,0.0202,423603.78,310699.73,112904.06,1518.95,4.303
TRX_0002116,RES_0002149,CUS_003568,PRJ_0024,PRJ_0024_U116,2023-03-29,368261.06,0.0294,357451.71,283327.26,74124.45,1967.37,6.605
TRX_0002117,RES_0002150,CUS_005828,PRJ_0008,PRJ_0008_U052,2025-09-21,218335.49,0.0382,209992.26,164981.56,45010.69,1031.82,5.896
TRX_0002118,RES_0002151,CUS_001509,PRJ_0016,PRJ_0016_U062,2024-07-26,277633.49,0.038,267077.11,210239.09,56838.02,1408.82,6.33
TRX_0002119,RES_0002152,CUS_004360,PRJ_0004,PRJ_0004_U093,2026-06-27,322082.96,0.0315,311927.95,211909.73,100018.22,1112.82,4.281
TRX_0002120,RES_0002153,CUS_000094,PRJ_0004,PRJ_0004_U119,2026-10-27,156039.58,0.0336,150797.73,116451.21,34346.51,837.93,6.668
TRX_0002121,RES_0002154,CUS_002809,PRJ_0004,PRJ_0004_U053,2026-09-22,539048.95,0.034,520735.23,395525.58,125209.64,2389.99,5.508
TRX_0002122,RES_0002155,CUS_002723,PRJ_0016,PRJ_0016_U061,2024-05-25,472139.59,0.0362,455043.53,364680.65,90362.88,1662.01,4.383
TRX_0002123,RES_0002156,CUS_004894,PRJ_0006,PRJ_0006_U010,2025-01-16,178759.33,0.0416,171326.38,131879.69,39446.69,744.32,5.213
TRX_0002124,RES_0002157,CUS_005997,PRJ_0014,PRJ_0014_U002,2026-02-20,282146.67,0.0305,273548.02,208823.2,64724.82,1116.52,4.898
TRX_0002125,RES_0002158,CUS_004740,PRJ_0027,PRJ_0027_U093,2025-03-26,404614.54,0.0441,386759.27,306758.06,80001.21,2076.28,6.442
TRX_0002126,RES_0002159,CUS_005571,PRJ_0012,PRJ_0012_U011,2025-04-06,423732.71,0.0325,409947.65,331874.13,78073.52,1638.59,4.796
TRX_0002127,RES_0002160,CUS_002511,PRJ_0017,PRJ_0017_U062,2026-05-12,299352.78,0.0608,281137.9,255314.82,25823.08,980.68,4.186
TRX_0002128,RES_0002161,CUS_002781,PRJ_0027,PRJ_0027_U005,2025-03-15,314403.32,0.0314,304531.19,243865.02,60666.17,1577.93,6.218
TRX_0002129,RES_0002162,CUS_001289,PRJ_0014,PRJ_0014_U072,2026-04-05,524480.37,0.0263,510678.02,409084.97,101593.05,2486.06,5.842
TRX_0002130,RES_0002163,CUS_000596,PRJ_0024,PRJ_0024_U118,2023-06-02,291439.89,0.0357,281044.69,194863.94,86180.75,1556.73,6.647
TRX_0002131,RES_0002164,CUS_003970,PRJ_0014,PRJ_0014_U064,2026-01-19,346351.2,0.0376,333340.38,258351.93,74988.44,1116.64,4.02
TRX_0002132,RES_0002165,CUS_001910,PRJ_0014,PRJ_0014_U042,2026-05-29,404035.52,0.0255,393742.99,344341.0,49401.99,1795.15,5.471
TRX_0002133,RES_0002166,CUS_000369,PRJ_0017,PRJ_0017_U066,2026-03-17,209455.66,0.0407,200931.55,147788.77,53142.78,820.68,4.901
TRX_0002134,RES_0002167,CUS_004019,PRJ_0017,PRJ_0017_U097,2026-04-28,369310.96,0.033,357138.2,242459.58,114678.62,1342.82,4.512
TRX_0002135,RES_0002168,CUS_002781,PRJ_0012,PRJ_0012_U049,2025-05-24,235100.28,0.0386,226014.4,158341.06,67673.34,941.93,5.001
TRX_0002136,RES_0002169,CUS_006189,PRJ_0019,PRJ_0019_U082,2025-01-18,337329.04,0.0338,325940.44,248443.35,77497.09,1528.27,5.627
TRX_0002137,RES_0002170,CUS_001153,PRJ_0014,PRJ_0014_U027,2026-01-22,352000.21,0.0373,338861.4,267131.43,71729.97,1400.83,4.961
TRX_0002138,RES_0002171,CUS_002758,PRJ_0012,PRJ_0012_U092,2025-03-09,398901.44,0.0312,386470.5,328682.93,57787.57,1568.47,4.87
TRX_0002139,RES_0002172,CUS_005723,PRJ_0004,PRJ_0004_U032,2026-07-29,422136.26,0.0387,405791.53,364805.52,40986.01,1478.46,4.372
TRX_0002140,RES_0002173,CUS_003188,PRJ_0008,PRJ_0008_U083,2024-05-11,312192.87,0.0237,304804.27,224923.52,79880.75,990.63,3.9
TRX_0002141,RES_0002174,CUS_006153,PRJ_0012,PRJ_0012_U088,2025-04-07,529140.76,0.0379,509112.62,350448.93,158663.69,2480.39,5.846
TRX_0002142,RES_0002175,CUS_000928,PRJ_0017,PRJ_0017_U109,2026-05-27,256524.22,0.0414,245908.15,195431.59,50476.56,1210.35,5.906
TRX_0002143,RES_0002176,CUS_002885,PRJ_0024,PRJ_0024_U079,2022-12-15,344130.25,0.0506,326728.88,280283.3,46445.58,1384.38,5.085
TRX_0002144,RES_0002177,CUS_006251,PRJ_0006,PRJ_0006_U041,2023-08-27,324942.13,0.0488,309079.32,254629.36,54449.97,1088.88,4.228
TRX_0002145,RES_0002178,CUS_003710,PRJ_0012,PRJ_0012_U040,2025-07-15,457829.07,0.0384,440244.49,357842.31,82402.18,2244.05,6.117
TRX_0002146,RES_0002179,CUS_002132,PRJ_0004,PRJ_0004_U026,2026-07-22,329874.51,0.0478,314108.92,258171.83,55937.09,1526.13,5.83
TRX_0002147,RES_0002180,CUS_005676,PRJ_0017,PRJ_0017_U002,2026-01-22,344828.6,0.0411,330660.99,290640.19,40020.81,1448.59,5.257
TRX_0002148,RES_0002181,CUS_001587,PRJ_0008,PRJ_0008_U098,2024-12-22,546380.88,0.0493,519421.52,403851.05,115570.48,2593.77,5.992
TRX_0002149,RES_0002182,CUS_001770,PRJ_0019,PRJ_0019_U014,2024-11-16,494061.76,0.046,471326.17,358109.51,113216.66,2013.7,5.127
TRX_0002150,RES_0002183,CUS_003964,PRJ_0024,PRJ_0024_U040,2022-04-12,352338.78,0.0411,337843.93,266917.79,70926.13,1362.31,4.839
TRX_0002151,RES_0002184,CUS_005054,PRJ_0012,PRJ_0012_U009,2025-07-01,459595.64,0.0305,445578.87,339029.05,106549.82,1998.04,5.381
TRX_0002152,RES_0002185,CUS_000286,PRJ_0004,PRJ_0004_U006,2026-09-09,272093.05,0.0407,261019.23,187654.01,73365.21,997.43,4.586
TRX_0002153,RES_0002186,CUS_005254,PRJ_0024,PRJ_0024_U106,2024-05-06,482873.24,0.0426,462283.43,349341.46,112941.97,2500.09,6.49
TRX_0002154,RES_0002187,CUS_003529,PRJ_0011,PRJ_0011_U097,2024-02-25,393676.42,0.0329,380743.71,288648.47,92095.24,1274.68,4.017
TRX_0002155,RES_0002188,CUS_000723,PRJ_0019,PRJ_0019_U022,2024-06-21,326424.71,0.0298,316699.27,233575.08,83124.19,1145.28,4.34
TRX_0002156,RES_0002189,CUS_006051,PRJ_0006,PRJ_0006_U053,2025-12-29,360350.07,0.0433,344741.84,255720.65,89021.19,1696.13,5.904
TRX_0002157,RES_0002190,CUS_002424,PRJ_0011,PRJ_0011_U005,2025-10-03,331693.86,0.0463,316321.29,261492.72,54828.57,1423.3,5.399
TRX_0002158,RES_0002191,CUS_005381,PRJ_0011,PRJ_0011_U035,2024-02-10,275537.89,0.0262,268331.75,193433.51,74898.24,1139.93,5.098
TRX_0002159,RES_0002192,CUS_001465,PRJ_0019,PRJ_0019_U057,2024-07-21,438905.3,0.0393,421664.79,343364.8,78299.99,1751.08,4.983
TRX_0002160,RES_0002193,CUS_006288,PRJ_0006,PRJ_0006_U083,2025-09-09,458736.21,0.0232,448070.68,349407.25,98663.43,2022.81,5.417
TRX_0002161,RES_0002194,CUS_005123,PRJ_0004,PRJ_0004_U033,2026-10-11,153971.08,0.0396,147879.69,127765.29,20114.39,672.36,5.456
TRX_0002162,RES_0002195,CUS_004297,PRJ_0004,PRJ_0004_U094,2026-09-07,249414.67,0.0465,237824.71,186201.09,51623.63,1312.05,6.62
TRX_0002163,RES_0002196,CUS_003998,PRJ_0011,PRJ_0011_U029,2024-03-01,325035.22,0.0425,311208.4,239995.79,71212.62,1353.17,5.218
TRX_0002164,RES_0002197,CUS_005744,PRJ_0019,PRJ_0019_U055,2026-01-07,359618.36,0.0324,347959.73,243686.06,104273.67,1902.45,6.561
TRX_0002165,RES_0002198,CUS_005290,PRJ_0006,PRJ_0006_U084,2023-07-18,593217.27,0.0404,569262.29,434359.91,134902.37,2832.26,5.97
TRX_0002166,RES_0002199,CUS_000082,PRJ_0006,PRJ_0006_U121,2024-06-28,428125.49,0.0448,408956.31,271581.94,137374.37,1962.83,5.76
TRX_0002167,RES_0002200,CUS_003440,PRJ_0012,PRJ_0012_U034,2025-06-17,408779.43,0.0379,393295.28,292023.75,101271.53,1901.89,5.803
TRX_0002168,RES_0002201,CUS_004217,PRJ_0019,PRJ_0019_U041,2024-04-05,189891.72,0.0109,187830.14,140694.1,47136.04,940.14,6.006
TRX_0002169,RES_0002202,CUS_005099,PRJ_0004,PRJ_0004_U105,2026-09-09,197541.08,0.0287,191876.87,156268.82,35608.05,655.04,4.097
TRX_0002170,RES_0002203,CUS_005775,PRJ_0004,PRJ_0004_U067,2026-09-07,457595.68,0.012,452126.69,345561.18,106565.51,1783.06,4.732
TRX_0002171,RES_0002204,CUS_002750,PRJ_0019,PRJ_0019_U016,2024-04-12,445154.12,0.051,422461.5,318032.95,104428.55,2104.78,5.979
TRX_0002172,RES_0002205,CUS_003364,PRJ_0004,PRJ_0004_U010,2026-08-20,185396.34,0.037,178528.73,124871.81,53656.93,640.01,4.302
TRX_0002173,RES_0002206,CUS_002837,PRJ_0024,PRJ_0024_U037,2025-12-31,454037.04,0.03,440402.62,321726.61,118676.01,2111.87,5.754
TRX_0002174,RES_0002207,CUS_004785,PRJ_0011,PRJ_0011_U043,2024-10-15,463132.45,0.037,445994.97,327225.01,118769.96,1473.88,3.966
TRX_0002175,RES_0002208,CUS_000466,PRJ_0024,PRJ_0024_U071,2022-05-21,421808.66,0.046,402414.98,295110.67,107304.31,2157.81,6.435
TRX_0002176,RES_0002209,CUS_005001,PRJ_0006,PRJ_0006_U102,2023-07-28,522972.59,0.0252,509794.52,385379.64,124414.88,1800.78,4.239
TRX_0002177,RES_0002210,CUS_005247,PRJ_0019,PRJ_0019_U018,2024-04-06,388367.97,0.0296,376884.45,305823.9,71060.55,1498.51,4.771
TRX_0002178,RES_0002211,CUS_004991,PRJ_0012,PRJ_0012_U014,2025-06-27,308199.99,0.04,295880.58,210012.77,85867.81,1492.98,6.055
TRX_0002179,RES_0002212,CUS_004984,PRJ_0006,PRJ_0006_U071,2023-08-21,275155.93,0.0374,264866.06,190521.12,74344.94,1239.51,5.616
TRX_0002180,RES_0002213,CUS_000165,PRJ_0011,PRJ_0011_U079,2025-11-07,374960.21,0.0255,365397.98,280262.09,85135.89,1189.43,3.906
TRX_0002181,RES_0002214,CUS_003527,PRJ_0012,PRJ_0012_U107,2026-01-19,318396.0,0.0458,303815.52,211284.24,92531.29,1647.84,6.509
TRX_0002182,RES_0002215,CUS_005603,PRJ_0011,PRJ_0011_U071,2024-02-28,556056.13,0.0343,536991.26,432881.78,104109.48,2130.08,4.76
TRX_0002183,RES_0002216,CUS_001880,PRJ_0004,PRJ_0004_U122,2026-10-02,245731.41,0.0268,239150.69,213638.57,25512.12,1106.62,5.553
TRX_0002184,RES_0002217,CUS_006338,PRJ_0024,PRJ_0024_U081,2025-03-10,331868.99,0.0333,320833.96,238387.48,82446.49,1303.82,4.877
TRX_0002185,RES_0002219,CUS_002407,PRJ_0019,PRJ_0019_U005,2024-03-18,313865.64,0.0424,300562.1,254711.8,45850.29,1198.5,4.785
TRX_0002186,RES_0002220,CUS_000478,PRJ_0004,PRJ_0004_U079,2026-07-19,194121.44,0.0437,185629.43,149492.26,36137.17,723.01,4.674
TRX_0002187,RES_0002221,CUS_003218,PRJ_0011,PRJ_0011_U024,2025-07-02,349151.73,0.0302,338616.67,279499.83,59116.84,1376.27,4.877
TRX_0002188,RES_0002222,CUS_002264,PRJ_0011,PRJ_0011_U094,2023-10-11,397178.45,0.0464,378763.82,311017.33,67746.49,1308.26,4.145
TRX_0002189,RES_0002223,CUS_005324,PRJ_0012,PRJ_0012_U112,2025-03-18,287871.86,0.025,280676.82,227917.03,52759.79,1034.3,4.422
TRX_0002190,RES_0002224,CUS_001215,PRJ_0004,PRJ_0004_U008,2026-07-16,309358.68,0.0406,296813.54,243323.92,53489.62,1634.88,6.61
TRX_0002191,RES_0002225,CUS_005148,PRJ_0004,PRJ_0004_U083,2026-08-17,308700.84,0.0419,295779.11,230106.14,65672.97,1047.54,4.25
TRX_0002192,RES_0002226,CUS_002750,PRJ_0004,PRJ_0004_U113,2026-06-27,400868.96,0.0459,382476.16,324822.79,57653.36,1548.61,4.859
TRX_0002193,RES_0002227,CUS_005312,PRJ_0012,PRJ_0012_U010,2025-06-09,397911.2,0.0181,390724.44,326344.25,64380.2,2072.31,6.365
TRX_0002194,RES_0002228,CUS_005685,PRJ_0006,PRJ_0006_U113,2023-10-04,432232.91,0.0256,421150.08,345142.88,76007.2,2122.86,6.049
TRX_0002195,RES_0002229,CUS_006345,PRJ_0019,PRJ_0019_U049,2024-07-27,462511.76,0.0401,443963.83,319911.94,124051.89,1672.0,4.519
TRX_0002196,RES_0002230,CUS_001015,PRJ_0019,PRJ_0019_U096,2024-07-15,335139.62,0.0482,318993.26,261424.4,57568.86,1757.11,6.61
TRX_0002197,RES_0002231,CUS_004139,PRJ_0019,PRJ_0019_U061,2025-08-26,370678.55,0.0438,354426.53,266922.68,87503.85,1355.54,4.59
TRX_0002198,RES_0002232,CUS_005242,PRJ_0004,PRJ_0004_U059,2026-08-12,368698.19,0.0274,358593.23,282069.57,76523.67,1370.48,4.586
TRX_0002199,RES_0002233,CUS_003657,PRJ_0012,PRJ_0012_U019,2025-06-19,314979.67,0.0497,299312.95,243690.1,55622.85,1362.73,5.463
TRX_0002200,RES_0002234,CUS_000044,PRJ_0012,PRJ_0012_U035,2025-10-30,293256.72,0.0416,281055.72,246087.71,34968.01,952.54,4.067
TRX_0002201,RES_0002235,CUS_000135,PRJ_0006,PRJ_0006_U032,2025-10-18,555533.72,0.0401,533263.81,434327.23,98936.58,2027.11,4.562
TRX_0002202,RES_0002236,CUS_003326,PRJ_0019,PRJ_0019_U067,2024-05-26,361674.44,0.0276,351690.9,288190.59,63500.31,1240.33,4.232
TRX_0002203,RES_0002237,CUS_006090,PRJ_0011,PRJ_0011_U042,2023-12-16,458308.2,0.0202,449058.1,376394.38,72663.72,2221.85,5.937
TRX_0002204,RES_0002238,CUS_004228,PRJ_0006,PRJ_0006_U061,2025-05-31,276395.51,0.0329,267293.69,189371.35,77922.34,1173.27,5.267
TRX_0002205,RES_0002239,CUS_002585,PRJ_0006,PRJ_0006_U042,2025-04-22,449453.98,0.0281,436818.11,320124.35,116693.75,1702.04,4.676
TRX_0002206,RES_0002240,CUS_003375,PRJ_0012,PRJ_0012_U090,2025-07-13,562206.08,0.0227,549461.33,451096.08,98365.25,2915.69,6.368
TRX_0002207,RES_0002241,CUS_003511,PRJ_0004,PRJ_0004_U025,2026-10-26,186581.5,0.0264,181652.58,136216.83,45435.75,750.0,4.955
TRX_0002208,RES_0002242,CUS_004634,PRJ_0011,PRJ_0011_U032,2023-11-24,323134.88,0.0347,311911.66,261453.97,50457.7,1387.31,5.337
TRX_0002209,RES_0002243,CUS_000236,PRJ_0004,PRJ_0004_U082,2026-08-11,269933.96,0.0373,259869.18,208441.59,51427.6,1443.8,6.667
TRX_0002210,RES_0002244,CUS_001794,PRJ_0012,PRJ_0012_U077,2025-04-26,134942.42,0.0327,130528.17,94199.43,36328.75,550.0,5.056
TRX_0002211,RES_0002245,CUS_000647,PRJ_0004,PRJ_0004_U121,2026-10-12,354100.4,0.0343,341938.13,252352.7,89585.43,1781.98,6.254
TRX_0002212,RES_0002246,CUS_002386,PRJ_0019,PRJ_0019_U012,2024-04-16,213305.65,0.044,203910.76,154500.45,49410.31,864.29,5.086
TRX_0002213,RES_0002247,CUS_001209,PRJ_0024,PRJ_0024_U083,2023-04-18,630517.11,0.0373,607016.53,492307.56,114708.97,2837.32,5.609
TRX_0002214,RES_0002248,CUS_005056,PRJ_0006,PRJ_0006_U117,2023-09-29,409736.92,0.0393,393652.08,282280.04,111372.04,1413.04,4.307
TRX_0002215,RES_0002249,CUS_006160,PRJ_0024,PRJ_0024_U054,2024-05-09,571051.8,0.0501,542462.01,412044.29,130417.72,2500.62,5.532
TRX_0002216,RES_0002250,CUS_002339,PRJ_0019,PRJ_0019_U013,2024-10-19,272218.32,0.046,259699.9,205170.11,54529.79,911.6,4.212
TRX_0002217,RES_0002251,CUS_004426,PRJ_0004,PRJ_0004_U024,2026-07-18,244558.95,0.0272,237908.19,187401.04,50507.15,1323.08,6.674
TRX_0002218,RES_0002252,CUS_002860,PRJ_0006,PRJ_0006_U002,2023-06-19,387351.12,0.0351,373748.86,302055.61,71693.25,1340.96,4.305
TRX_0002219,RES_0002253,CUS_000895,PRJ_0019,PRJ_0019_U062,2025-08-21,472809.76,0.0486,449813.39,372720.7,77092.69,1594.31,4.253
TRX_0002220,RES_0002254,CUS_005428,PRJ_0019,PRJ_0019_U068,2024-07-06,302527.07,0.0369,291354.73,270593.17,20761.56,1215.12,5.005
TRX_0002221,RES_0002255,CUS_002434,PRJ_0006,PRJ_0006_U107,2023-07-12,314696.79,0.0281,305843.29,249212.92,56630.36,1300.35,5.102
TRX_0002222,RES_0002256,CUS_001880,PRJ_0012,PRJ_0012_U071,2025-04-16,409479.22,0.0495,389194.69,285643.78,103550.91,1742.24,5.372
TRX_0002223,RES_0002257,CUS_005369,PRJ_0019,PRJ_0019_U066,2024-04-04,353310.55,0.028,343413.14,261343.81,82069.34,1301.38,4.547
TRX_0002224,RES_0002258,CUS_005365,PRJ_0024,PRJ_0024_U050,2023-12-19,332347.92,0.0411,318700.68,242603.6,76097.07,1370.32,5.16
TRX_0002225,RES_0002259,CUS_002102,PRJ_0024,PRJ_0024_U032,2023-04-14,370184.98,0.035,357221.35,287947.81,69273.53,1882.25,6.323
TRX_0002226,RES_0002260,CUS_005169,PRJ_0006,PRJ_0006_U118,2023-05-30,318111.56,0.0333,307520.53,225055.1,82465.43,1069.44,4.173
TRX_0002227,RES_0002261,CUS_006375,PRJ_0024,PRJ_0024_U045,2022-07-13,387395.21,0.0217,378998.27,293508.23,85490.04,1585.81,5.021
TRX_0002228,RES_0002262,CUS_005669,PRJ_0024,PRJ_0024_U101,2024-02-07,577259.88,0.0305,559641.32,428385.29,131256.03,2881.91,6.179
TRX_0002229,RES_0002263,CUS_002906,PRJ_0024,PRJ_0024_U087,2025-03-29,268157.28,0.0374,258128.0,198143.27,59984.74,1236.81,5.75
TRX_0002230,RES_0002264,CUS_002199,PRJ_0004,PRJ_0004_U071,2026-10-03,206876.38,0.0177,203216.72,165178.77,38037.95,726.59,4.291
TRX_0002231,RES_0002265,CUS_004143,PRJ_0024,PRJ_0024_U053,2022-06-01,292295.55,0.0362,281704.17,188960.39,92743.78,1430.3,6.093
TRX_0002232,RES_0002266,CUS_000961,PRJ_0012,PRJ_0012_U060,2025-07-23,259258.81,0.0263,252441.44,177564.77,74876.67,951.94,4.525
TRX_0002233,RES_0002267,CUS_004264,PRJ_0024,PRJ_0024_U069,2022-07-16,226232.34,0.0278,219951.96,170942.74,49009.22,887.87,4.844
TRX_0002234,RES_0002268,CUS_000181,PRJ_0019,PRJ_0019_U080,2024-08-13,208094.23,0.0462,198479.36,154569.67,43909.69,699.05,4.226
TRX_0002235,RES_0002269,CUS_004414,PRJ_0012,PRJ_0012_U044,2025-06-12,332389.99,0.0408,318822.32,271906.61,46915.71,1265.38,4.763
TRX_0002236,RES_0002270,CUS_006483,PRJ_0004,PRJ_0004_U092,2026-06-27,127999.66,0.0307,124070.33,106188.63,17881.7,592.77,5.733
TRX_0002237,RES_0002271,CUS_006401,PRJ_0004,PRJ_0004_U034,2026-07-13,344808.28,0.0508,327303.91,259961.35,67342.56,1614.42,5.919
TRX_0002238,RES_0002272,CUS_003194,PRJ_0004,PRJ_0004_U057,2026-08-13,153872.03,0.0461,146782.94,106500.83,40282.11,598.6,4.894
TRX_0002239,RES_0002273,CUS_004543,PRJ_0024,PRJ_0024_U014,2022-12-10,471408.17,0.0318,456430.96,355783.89,100647.07,1738.61,4.571
TRX_0002240,RES_0002274,CUS_000705,PRJ_0004,PRJ_0004_U063,2026-11-06,293814.98,0.03,284988.16,237742.82,47245.34,1469.12,6.186
TRX_0002241,RES_0002275,CUS_005934,PRJ_0012,PRJ_0012_U098,2025-06-20,350302.66,0.0372,337272.16,275085.19,62186.97,1696.08,6.035
TRX_0002242,RES_0002276,CUS_006402,PRJ_0012,PRJ_0012_U127,2025-05-14,202810.23,0.0479,193102.72,145453.15,47649.57,753.17,4.68
TRX_0002243,RES_0002277,CUS_001007,PRJ_0012,PRJ_0012_U091,2025-05-14,403994.96,0.0361,389424.45,315582.81,73841.64,1319.39,4.066
TRX_0002244,RES_0002278,CUS_000908,PRJ_0019,PRJ_0019_U019,2024-04-08,392330.57,0.017,385643.18,307184.06,78459.11,1565.5,4.871
TRX_0002245,RES_0002279,CUS_003531,PRJ_0019,PRJ_0019_U078,2025-06-05,389083.11,0.032,376642.42,239748.99,136893.43,1778.22,5.665
TRX_0002246,RES_0002280,CUS_002676,PRJ_0019,PRJ_0019_U090,2024-08-01,275860.96,0.0388,265144.86,203803.92,61340.94,1441.61,6.524
TRX_0002247,RES_0002281,CUS_004489,PRJ_0004,PRJ_0004_U066,2026-12-19,391174.11,0.026,381012.68,307394.59,73618.09,1606.86,5.061
TRX_0002248,RES_0002282,CUS_001891,PRJ_0012,PRJ_0012_U094,2025-04-23,376949.6,0.0206,369200.57,302212.33,66988.24,1482.15,4.817
TRX_0002249,RES_0002283,CUS_003608,PRJ_0019,PRJ_0019_U002,2024-08-22,419834.47,0.034,405553.16,323620.26,81932.9,1624.78,4.808
TRX_0002250,RES_0002284,CUS_001522,PRJ_0012,PRJ_0012_U018,2025-05-04,400691.21,0.0457,382388.56,319998.35,62390.21,1912.35,6.001
TRX_0002251,RES_0002285,CUS_004301,PRJ_0024,PRJ_0024_U093,2023-03-24,181882.86,0.0315,176151.54,137559.78,38591.76,713.66,4.862
TRX_0002252,RES_0002286,CUS_001516,PRJ_0024,PRJ_0024_U109,2025-06-19,330310.88,0.0305,320234.69,272079.41,48155.28,1572.45,5.892
TRX_0002253,RES_0002287,CUS_003120,PRJ_0024,PRJ_0024_U057,2023-12-02,197611.11,0.0145,194751.01,142381.69,52369.32,991.98,6.112
TRX_0002254,RES_0002288,CUS_001996,PRJ_0012,PRJ_0012_U062,2025-05-23,346040.01,0.0362,333497.18,257874.82,75622.35,1194.44,4.298
TRX_0002255,RES_0002289,CUS_003641,PRJ_0024,PRJ_0024_U025,2022-10-11,471015.52,0.0379,453179.0,345209.54,107969.46,1953.34,5.172
TRX_0002256,RES_0002290,CUS_000940,PRJ_0004,PRJ_0004_U038,2026-11-03,312683.32,0.0484,297557.34,265131.02,32426.32,1591.26,6.417
TRX_0002257,RES_0002291,CUS_003682,PRJ_0012,PRJ_0012_U065,2025-05-03,241949.38,0.0473,230505.24,198807.92,31697.31,772.17,4.02
TRX_0002258,RES_0002292,CUS_005515,PRJ_0012,PRJ_0012_U103,2025-03-01,266911.42,0.0276,259536.83,235286.1,24250.73,909.93,4.207
TRX_0002259,RES_0002293,CUS_002821,PRJ_0012,PRJ_0012_U078,2025-06-04,270262.9,0.0451,258075.69,225464.46,32611.23,883.98,4.11
TRX_0002260,RES_0002294,CUS_003660,PRJ_0012,PRJ_0012_U015,2025-09-18,624665.03,0.0505,593118.25,475344.2,117774.06,2761.01,5.586
TRX_0002261,RES_0002295,CUS_006467,PRJ_0024,PRJ_0024_U107,2022-08-26,353889.72,0.0435,338513.12,249718.17,88794.96,1423.38,5.046
TRX_0002262,RES_0002296,CUS_002297,PRJ_0012,PRJ_0012_U089,2025-07-30,485416.34,0.0451,463516.55,365786.79,97729.76,2057.14,5.326
TRX_0002263,RES_0002297,CUS_005393,PRJ_0012,PRJ_0012_U072,2025-12-11,367285.64,0.0402,352521.55,298094.7,54426.86,1861.19,6.336
TRX_0002264,RES_0002298,CUS_006116,PRJ_0012,PRJ_0012_U012,2025-05-18,308586.35,0.0221,301773.58,227898.97,73874.6,1532.76,6.095
TRX_0002265,RES_0002299,CUS_001625,PRJ_0004,PRJ_0004_U095,2026-10-11,295522.14,0.0262,287788.98,234143.38,53645.59,1272.09,5.304
TRX_0002266,RES_0002300,CUS_003868,PRJ_0024,PRJ_0024_U082,2024-07-30,239820.2,0.0502,227784.09,150280.85,77503.24,1249.19,6.581
TRX_0002267,RES_0002301,CUS_000147,PRJ_0024,PRJ_0024_U035,2023-02-22,485630.24,0.0441,464223.27,352911.13,111312.14,1581.56,4.088
TRX_0002268,RES_0002302,CUS_004635,PRJ_0004,PRJ_0004_U007,2026-08-21,145002.97,0.0518,137485.45,100758.91,36726.53,550.0,4.801
TRX_0002269,RES_0002303,CUS_006076,PRJ_0019,PRJ_0019_U031,2025-02-06,314162.3,0.0423,300877.24,206164.33,94712.91,1286.15,5.13
TRX_0002270,RES_0002304,CUS_005372,PRJ_0004,PRJ_0004_U062,2026-06-24,398210.05,0.0471,379461.73,276858.44,102603.29,1460.34,4.618
TRX_0002271,RES_0002305,CUS_000524,PRJ_0004,PRJ_0004_U111,2026-09-19,366003.97,0.0326,354077.34,259734.07,94343.27,1810.3,6.135
TRX_0002272,RES_0002306,CUS_006305,PRJ_0004,PRJ_0004_U096,2026-08-30,288766.99,0.0496,274448.97,214820.37,59628.6,1446.9,6.326
TRX_0002273,RES_0002307,CUS_000283,PRJ_0024,PRJ_0024_U007,2024-09-04,336331.87,0.0352,324506.55,232352.71,92153.84,1238.95,4.582
TRX_0002274,RES_0002308,CUS_000107,PRJ_0024,PRJ_0024_U005,2022-07-28,496877.01,0.0396,477225.36,360019.23,117206.14,2686.97,6.756
