unit_id,project_id,city,license_status,occupancy_status,has_encumbrance,encumbrance_type,legal_risk_tier,last_legal_update
PRJ_0001_U001,PRJ_0001,Madrid,in_review,occupied,0,,LOW,2021-08-14
PRJ_0001_U002,PRJ_0001,Madrid,granted,vacant,0,,LOW,2023-04-14
PRJ_0001_U003,PRJ_0001,Madrid,in_review,vacant,0,,LOW,2022-09-14
PRJ_0001_U004,PRJ_0001,Madrid,granted,occupied,1,hipoteca,HIGH,2022-03-14
PRJ_0001_U005,PRJ_0001,Madrid,pending,vacant,0,,LOW,2021-08-14
PRJ_0001_U006,PRJ_0001,Madrid,granted,vacant,0,,LOW,2022-07-14
PRJ_0001_U007,PRJ_0001,Madrid,granted,vacant,0,,LOW,2022-12-14
PRJ_0001_U008,PRJ_0001,Madrid,granted,vacant,1,hipoteca,HIGH,2023-08-14
PRJ_0001_U009,PRJ_0001,Madrid,granted,vacant,0,,LOW,2022-02-14
PRJ_0001_U010,PRJ_0001,Madrid,granted,occupied,0,,LOW,2022-09-14
PRJ_0001_U011,PRJ_0001,Madrid,granted,vacant,0,,LOW,2023-08-14
PRJ_0001_U012,PRJ_0001,Madrid,in_review,vacant,0,,LOW,2022-10-14
PRJ_0001_U013,PRJ_0001,Madrid,granted,vacant,0,,LOW,2022-10-14
PRJ_0001_U014,PRJ_0001,Madrid,in_review,vacant,0,,LOW,2022-09-14
PRJ_0001_U015,PRJ_0001,Madrid,pending,reserved,0,,LOW,2022-05-14
PRJ_0001_U016,PRJ_0001,Madrid,in_review,vacant,0,,LOW,2023-04-14
PRJ_0001_U017,PRJ_0001,Madrid,granted,vacant,0,,LOW,2022-01-14
PRJ_0001_U018,PRJ_0001,Madrid,granted,vacant,0,,LOW,2022-02-14
PRJ_0001_U019,PRJ_0001,Madrid,in_review,reserved,0,,LOW,2023-02-14
PRJ_0001_U020,PRJ_0001,Madrid,granted,vacant,0,,LOW,2023-01-14
PRJ_0001_U021,PRJ_0001,Madrid,granted,vacant,0,,LOW,2022-06-14
PRJ_0001_U022,PRJ_0001,Madrid,granted,vacant,1,embargo,HIGH,2022-04-14
PRJ_0001_U023,PRJ_0001,Madrid,granted,vacant,1,embargo,HIGH,2022-03-14
PRJ_0001_U024,PRJ_0001,Madrid,granted,vacant,0,,LOW,2022-11-14
PRJ_0001_U025,PRJ_0001,Madrid,granted,vacant,0,,LOW,2022-01-14
PRJ_0001_U026,PRJ_0001,Madrid,granted,reserved,0,,LOW,2023-02-14
PRJ_0001_U027,PRJ_0001,Madrid,in_review,vacant,0,,LOW,2023-07-14
PRJ_0001_U028,PRJ_0001,Madrid,granted,reserved,0,,LOW,2022-06-14
PRJ_0001_U029,PRJ_0001,Madrid,granted,occupied,1,servidumbre,MED,2023-01-14
PRJ_0001_U030,PRJ_0001,Madrid,in_review,vacant,0,,LOW,2023-04-14
PRJ_0001_U031,PRJ_0001,Madrid,granted,reserved,0,,LOW,2022-04-14
PRJ_0001_U032,PRJ_0001,Madrid,in_review,vacant,0,,LOW,2022-11-14
PRJ_0001_U033,PRJ_0001,Madrid,granted,vacant,0,,LOW,2021-08-14
PRJ_0001_U034,PRJ_0001,Madrid,granted,occupied,0,,LOW,2022-07-14
PRJ_0001_U035,PRJ_0001,Madrid,in_review,reserved,0,,LOW,2021-10-14
PRJ_0001_U036,PRJ_0001,Madrid,granted,occupied,1,embargo,HIGH,2023-03-14
PRJ_0001_U037,PRJ_0001,Madrid,granted,vacant,0,,LOW,2021-10-14
PRJ_0001_U038,PRJ_0001,Madrid,pending,vacant,0,,LOW,2023-01-14
PRJ_0001_U039,PRJ_0001,Madrid,granted,vacant,0,,LOW,2022-02-14
PRJ_0001_U040,PRJ_0001,Madrid,granted,reserved,0,,LOW,2021-11-14
PRJ_0001_U041,PRJ_0001,Madrid,granted,vacant,0,,LOW,2022-06-14
PRJ_0001_U042,PRJ_0001,Madrid,pending,vacant,0,,LOW,2022-09-14
PRJ_0001_U043,PRJ_0001,Madrid,granted,vacant,0,,LOW,2023-08-14
PRJ_0001_U044,PRJ_0001,Madrid,granted,vacant,0,,LOW,2022-10-14
PRJ_0001_U045,PRJ_0001,Madrid,granted,reserved,0,,LOW,2022-09-14
PRJ_0001_U046,PRJ_0001,Madrid,granted,reserved,0,,LOW,2023-07-14
PRJ_0001_U047,PRJ_0001,Madrid,granted,reserved,1,servidumbre,MED,2022-10-14
PRJ_0001_U048,PRJ_0001,Madrid,granted,vacant,0,,LOW,2021-09-14
PRJ_0001_U049,PRJ_0001,Madrid,granted,vacant,1,embargo,HIGH,2023-03-14
PRJ_0001_U050,PRJ_0001,Madrid,granted,reserved,0,,LOW,2023-02-14
PRJ_0001_U051,PRJ_0001,Madrid,granted,vacant,0,,LOW,2021-12-14
PRJ_0001_U052,PRJ_0001,Madrid,granted,vacant,0,,LOW,2022-04-14
PRJ_0001_U053,PRJ_0001,Madrid,granted,vacant,0,,LOW,2022-05-14
PRJ_0001_U054,PRJ_0001,Madrid,in_review,occupied,0,,LOW,2023-07-14
PRJ_0001_U055,PRJ_0001,Madrid,pending,reserved,0,,LOW,2023-05-14
PRJ_0001_U056,PRJ_0001,Madrid,granted,reserved,0,,LOW,2022-12-14
PRJ_0001_U057,PRJ_0001,Madrid,in_review,vacant,1,hipoteca,HIGH,2023-02-14
PRJ_0001_U058,PRJ_0001,Madrid,granted,vacant,0,,LOW,2022-02-14
PRJ_0001_U059,PRJ_0001,Madrid,granted,vacant,0,,LOW,2022-06-14
PRJ_0001_U060,PRJ_0001,Madrid,granted,vacant,0,,LOW,2022-04-14
PRJ_0001_U061,PRJ_0001,Madrid,granted,vacant,0,,LOW,2022-10-14
PRJ_0001_U062,PRJ_0001,Madrid,granted,vacant,0,,LOW,2022-04-14
PRJ_0001_U063,PRJ_0001,Madrid,in_review,vacant,0,,LOW,2021-10-14
PRJ_0001_U064,PRJ_0001,Madrid,pending,vacant,0,,LOW,2023-03-14
PRJ_0001_U065,PRJ_0001,Madrid,pending,vacant,0,,LOW,2021-08-14
PRJ_0001_U066,PRJ_0001,Madrid,granted,vacant,1,embargo,HIGH,2021-09-14
PRJ_0001_U067,PRJ_0001,Madrid,granted,vacant,0,,LOW,2021-09-14
PRJ_0002_U001,PRJ_0002,Sevilla,granted,vacant,0,,LOW,2024-03-25
PRJ_0002_U002,PRJ_0002,Sevilla,pending,vacant,0,,LOW,2024-09-25
PRJ_0002_U003,PRJ_0002,Sevilla,pending,reserved,0,,LOW,2024-11-25
PRJ_0002_U004,PRJ_0002,Sevilla,granted,vacant,0,,LOW,2024-02-25
PRJ_0002_U005,PRJ_0002,Sevilla,granted,vacant,0,,LOW,2024-05-25
PRJ_0002_U006,PRJ_0002,Sevilla,granted,occupied,0,,LOW,2024-05-25
PRJ_0002_U007,PRJ_0002,Sevilla,granted,vacant,0,,LOW,2025-01-25
PRJ_0002_U008,PRJ_0002,Sevilla,granted,reserved,1,embargo,HIGH,2025-02-25
PRJ_0002_U009,PRJ_0002,Sevilla,granted,occupied,0,,LOW,2024-06-25
PRJ_0002_U010,PRJ_0002,Sevilla,granted,occupied,0,,LOW,2025-08-25
PRJ_0002_U011,PRJ_0002,Sevilla,granted,vacant,1,embargo,HIGH,2025-06-25
PRJ_0002_U012,PRJ_0002,Sevilla,in_review,vacant,1,embargo,HIGH,2024-06-25
PRJ_0002_U013,PRJ_0002,Sevilla,granted,vacant,1,hipoteca,HIGH,2024-01-25
PRJ_0002_U014,PRJ_0002,Sevilla,granted,reserved,1,embargo,HIGH,2024-03-25
PRJ_0002_U015,PRJ_0002,Sevilla,in_review,reserved,0,,LOW,2025-02-25
PRJ_0002_U016,PRJ_0002,Sevilla,granted,reserved,1,hipoteca,HIGH,2024-02-25
PRJ_0002_U017,PRJ_0002,Sevilla,granted,vacant,0,,LOW,2024-11-25
PRJ_0002_U018,PRJ_0002,Sevilla,granted,reserved,1,hipoteca,HIGH,2025-08-25
PRJ_0002_U019,PRJ_0002,Sevilla,in_review,vacant,0,,LOW,2023-11-25
PRJ_0002_U020,PRJ_0002,Sevilla,granted,vacant,0,,LOW,2024-06-25
PRJ_0002_U021,PRJ_0002,Sevilla,granted,reserved,0,,LOW,2025-05-25
PRJ_0002_U022,PRJ_0002,Sevilla,granted,vacant,1,servidumbre,MED,2024-03-25
PRJ_0002_U023,PRJ_0002,Sevilla,pending,vacant,0,,LOW,2025-02-25
PRJ_0002_U024,PRJ_0002,Sevilla,granted,vacant,1,embargo,HIGH,2025-09-25
PRJ_0002_U025,PRJ_0002,Sevilla,granted,vacant,0,,LOW,2024-12-25
PRJ_0002_U026,PRJ_0002,Sevilla,granted,reserved,0,,LOW,2025-08-25
PRJ_0002_U027,PRJ_0002,Sevilla,granted,vacant,0,,LOW,2024-05-25
PRJ_0002_U028,PRJ_0002,Sevilla,in_review,vacant,1,embargo,HIGH,2024-07-25
PRJ_0002_U029,PRJ_0002,Sevilla,granted,vacant,0,,LOW,2025-05-25
PRJ_0002_U030,PRJ_0002,Sevilla,granted,occupied,0,,LOW,2024-11-25
PRJ_0002_U031,PRJ_0002,Sevilla,granted,vacant,0,,LOW,2024-03-25
PRJ_0002_U032,PRJ_0002,Sevilla,granted,occupied,0,,LOW,2024-10-25
PRJ_0002_U033,PRJ_0002,Sevilla,granted,occupied,1,hipoteca,HIGH,2024-02-25
PRJ_0002_U034,PRJ_0002,Sevilla,granted,occupied,0,,LOW,2025-08-25
PRJ_0002_U035,PRJ_0002,Sevilla,granted,vacant,0,,LOW,2024-02-25
PRJ_0002_U036,PRJ_0002,Sevilla,in_review,reserved,0,,LOW,2024-02-25
PRJ_0002_U037,PRJ_0002,Sevilla,granted,vacant,0,,LOW,2024-03-25
PRJ_0002_U038,PRJ_0002,Sevilla,pending,vacant,0,,LOW,2024-08-25
PRJ_0002_U039,PRJ_0002,Sevilla,granted,reserved,1,servidumbre,MED,2024-11-25
PRJ_0002_U040,PRJ_0002,Sevilla,pending,reserved,0,,LOW,2024-11-25
PRJ_0002_U041,PRJ_0002,Sevilla,granted,vacant,0,,LOW,2024-05-25
PRJ_0002_U042,PRJ_0002,Sevilla,granted,vacant,0,,LOW,2023-12-25
PRJ_0002_U043,PRJ_0002,Sevilla,granted,vacant,0,,LOW,2025-04-25
PRJ_0002_U044,PRJ_0002,Sevilla,in_review,reserved,0,,LOW,2025-08-25
PRJ_0002_U045,PRJ_0002,Sevilla,granted,vacant,0,,LOW,2024-09-25
PRJ_0002_U046,PRJ_0002,Sevilla,in_review,occupied,0,,LOW,2025-01-25
PRJ_0003_U001,PRJ_0003,Sevilla,in_review,vacant,0,,LOW,2024-11-24
PRJ_0003_U002,PRJ_0003,Sevilla,granted,reserved,1,servidumbre,MED,2024-03-24
PRJ_0003_U003,PRJ_0003,Sevilla,granted,vacant,0,,LOW,2025-07-24
PRJ_0003_U004,PRJ_0003,Sevilla,pending,vacant,0,,LOW,2025-09-24
PRJ_0003_U005,PRJ_0003,Sevilla,granted,vacant,1,hipoteca,HIGH,2024-08-24
PRJ_0003_U006,PRJ_0003,Sevilla,pending,occupied,0,,LOW,2024-08-24
PRJ_0003_U007,PRJ_0003,Sevilla,granted,vacant,0,,LOW,2024-08-24
PRJ_0003_U008,PRJ_0003,Sevilla,granted,vacant,1,servidumbre,MED,2023-12-24
PRJ_0003_U009,PRJ_0003,Sevilla,granted,vacant,0,,LOW,2025-03-24
PRJ_0003_U010,PRJ_0003,Sevilla,granted,occupied,0,,LOW,2025-01-24
PRJ_0003_U011,PRJ_0003,Sevilla,granted,vacant,0,,LOW,2025-02-24
PRJ_0003_U012,PRJ_0003,Sevilla,granted,reserved,0,,LOW,2024-11-24
PRJ_0003_U013,PRJ_0003,Sevilla,granted,occupied,1,embargo,HIGH,2025-03-24
PRJ_0003_U014,PRJ_0003,Sevilla,in_review,vacant,0,,LOW,2025-03-24
PRJ_0003_U015,PRJ_0003,Sevilla,granted,vacant,0,,LOW,2025-06-24
PRJ_0003_U016,PRJ_0003,Sevilla,granted,reserved,0,,LOW,2024-08-24
PRJ_0003_U017,PRJ_0003,Sevilla,in_review,vacant,0,,LOW,2025-08-24
PRJ_0003_U018,PRJ_0003,Sevilla,granted,vacant,0,,LOW,2025-12-24
PRJ_0003_U019,PRJ_0003,Sevilla,granted,vacant,0,,LOW,2025-12-24
PRJ_0003_U020,PRJ_0003,Sevilla,granted,vacant,0,,LOW,2025-06-24
PRJ_0003_U021,PRJ_0003,Sevilla,granted,reserved,0,,LOW,2025-09-24
PRJ_0003_U022,PRJ_0003,Sevilla,pending,vacant,0,,LOW,2024-01-24
PRJ_0003_U023,PRJ_0003,Sevilla,in_review,reserved,0,,LOW,2025-11-24
PRJ_0003_U024,PRJ_0003,Sevilla,granted,vacant,1,hipoteca,HIGH,2024-06-24
PRJ_0003_U025,PRJ_0003,Sevilla,granted,vacant,1,hipoteca,HIGH,2025-05-24
PRJ_0003_U026,PRJ_0003,Sevilla,granted,vacant,0,,LOW,2025-05-24
PRJ_0003_U027,PRJ_0003,Sevilla,granted,vacant,0,,LOW,2025-02-24
PRJ_0003_U028,PRJ_0003,Sevilla,pending,reserved,0,,LOW,2024-01-24
PRJ_0003_U029,PRJ_0003,Sevilla,granted,vacant,0,,LOW,2025-09-24
PRJ_0003_U030,PRJ_0003,Sevilla,granted,vacant,0,,LOW,2025-06-24
PRJ_0003_U031,PRJ_0003,Sevilla,in_review,vacant,0,,LOW,2024-02-24
PRJ_0003_U032,PRJ_0003,Sevilla,granted,vacant,1,hipoteca,HIGH,2025-08-24
PRJ_0003_U033,PRJ_0003,Sevilla,granted,vacant,0,,LOW,2024-12-24
PRJ_0003_U034,PRJ_0003,Sevilla,granted,occupied,1,servidumbre,MED,2024-02-24
PRJ_0003_U035,PRJ_0003,Sevilla,granted,vacant,0,,LOW,2025-10-24
PRJ_0003_U036,PRJ_0003,Sevilla,granted,vacant,0,,LOW,2024-06-24
PRJ_0003_U037,PRJ_0003,Sevilla,granted,vacant,0,,LOW,2025-10-24
PRJ_0003_U038,PRJ_0003,Sevilla,granted,vacant,0,,LOW,2025-01-24
PRJ_0003_U039,PRJ_0003,Sevilla,granted,reserved,0,,LOW,2024-08-24
PRJ_0003_U040,PRJ_0003,Sevilla,granted,vacant,0,,LOW,2024-01-24
PRJ_0003_U041,PRJ_0003,Sevilla,granted,vacant,1,servidumbre,MED,2025-07-24
PRJ_0003_U042,PRJ_0003,Sevilla,granted,reserved,0,,LOW,2024-09-24
PRJ_0003_U043,PRJ_0003,Sevilla,pending,reserved,0,,LOW,2025-10-24
PRJ_0003_U044,PRJ_0003,Sevilla,granted,reserved,0,,LOW,2024-11-24
PRJ_0003_U045,PRJ_0003,Sevilla,granted,vacant,0,,LOW,2025-07-24
PRJ_0003_U046,PRJ_0003,Sevilla,granted,reserved,0,,LOW,2024-01-24
PRJ_0003_U047,PRJ_0003,Sevilla,granted,reserved,0,,LOW,2024-01-24
PRJ_0003_U048,PRJ_0003,Sevilla,granted,vacant,0,,LOW,2024-11-24
PRJ_0003_U049,PRJ_0003,Sevilla,in_review,reserved,0,,LOW,2024-08-24
PRJ_0003_U050,PRJ_0003,Sevilla,granted,vacant,1,hipoteca,HIGH,2024-04-24
PRJ_0003_U051,PRJ_0003,Sevilla,granted,vacant,0,,LOW,2025-03-24
PRJ_0003_U052,PRJ_0003,Sevilla,in_review,vacant,0,,LOW,2023-12-24
PRJ_0003_U053,PRJ_0003,Sevilla,pending,vacant,0,,LOW,2025-10-24
PRJ_0003_U054,PRJ_0003,Sevilla,pending,occupied,1,servidumbre,MED,2025-02-24
PRJ_0003_U055,PRJ_0003,Sevilla,granted,reserved,0,,LOW,2024-12-24
PRJ_0003_U056,PRJ_0003,Sevilla,granted,reserved,0,,LOW,2024-03-24
PRJ_0003_U057,PRJ_0003,Sevilla,granted,reserved,0,,LOW,2024-06-24
PRJ_0003_U058,PRJ_0003,Sevilla,in_review,vacant,0,,LOW,2024-04-24
PRJ_0003_U059,PRJ_0003,Sevilla,granted,occupied,0,,LOW,2024-03-24
PRJ_0003_U060,PRJ_0003,Sevilla,pending,vacant,0,,LOW,2025-03-24
PRJ_0003_U061,PRJ_0003,Sevilla,granted,vacant,0,,LOW,2024-09-24
PRJ_0003_U062,PRJ_0003,Sevilla,pending,occupied,0,,LOW,2024-05-24
PRJ_0003_U063,PRJ_0003,Sevilla,granted,occupied,0,,LOW,2024-09-24
PRJ_0003_U064,PRJ_0003,Sevilla,granted,vacant,0,,LOW,2025-07-24
PRJ_0003_U065,PRJ_0003,Sevilla,granted,vacant,1,hipoteca,HIGH,2024-01-24
PRJ_0003_U066,PRJ_0003,Sevilla,in_review,vacant,0,,LOW,2025-02-24
PRJ_0003_U067,PRJ_0003,Sevilla,granted,vacant,0,,LOW,2024-03-24
PRJ_0004_U001,PRJ_0004,Valencia,in_review,vacant,0,,LOW,2025-06-13
PRJ_0004_U002,PRJ_0004,Valencia,granted,vacant,0,,LOW,2025-01-13
PRJ_0004_U003,PRJ_0004,Valencia,in_review,vacant,0,,LOW,2026-02-13
PRJ_0004_U004,PRJ_0004,Valencia,granted,occupied,1,servidumbre,MED,2025-09-13
PRJ_0004_U005,PRJ_0004,Valencia,granted,occupied,0,,LOW,2025-03-13
PRJ_0004_U006,PRJ_0004,Valencia,granted,vacant,0,,LOW,2026-08-13
PRJ_0004_U007,PRJ_0004,Valencia,pending,vacant,0,,LOW,2026-08-13
PRJ_0004_U008,PRJ_0004,Valencia,in_review,occupied,0,,LOW,2025-12-13
PRJ_0004_U009,PRJ_0004,Valencia,in_review,vacant,0,,LOW,2026-09-13
PRJ_0004_U010,PRJ_0004,Valencia,granted,occupied,0,,LOW,2026-06-13
PRJ_0004_U011,PRJ_0004,Valencia,granted,occupied,0,,LOW,2024-12-13
PRJ_0004_U012,PRJ_0004,Valencia,pending,vacant,0,,LOW,2026-08-13
PRJ_0004_U013,PRJ_0004,Valencia,granted,occupied,1,embargo,HIGH,2024-12-13
PRJ_0004_U014,PRJ_0004,Valencia,granted,vacant,0,,LOW,2026-08-13
PRJ_0004_U015,PRJ_0004,Valencia,granted,reserved,0,,LOW,2025-05-13
PRJ_0004_U016,PRJ_0004,Valencia,granted,vacant,0,,LOW,2026-04-13
PRJ_0004_U017,PRJ_0004,Valencia,in_review,occupied,0,,LOW,2025-04-13
PRJ_0004_U018,PRJ_0004,Valencia,granted,vacant,1,embargo,HIGH,2026-10-13
PRJ_0004_U019,PRJ_0004,Valencia,granted,vacant,0,,LOW,2026-01-13
PRJ_0004_U020,PRJ_0004,Valencia,granted,vacant,1,hipoteca,HIGH,2026-11-13
PRJ_0004_U021,PRJ_0004,Valencia,in_review,reserved,0,,LOW,2025-03-13
PRJ_0004_U022,PRJ_0004,Valencia,granted,reserved,0,,LOW,2026-08-13
PRJ_0004_U023,PRJ_0004,Valencia,granted,vacant,1,hipoteca,HIGH,2026-06-13
PRJ_0004_U024,PRJ_0004,Valencia,granted,vacant,0,,LOW,2025-01-13
PRJ_0004_U025,PRJ_0004,Valencia,granted,vacant,0,,LOW,2026-04-13
PRJ_0004_U026,PRJ_0004,Valencia,granted,vacant,0,,LOW,2025-09-13
PRJ_0004_U027,PRJ_0004,Valencia,granted,reserved,0,,LOW,2026-02-13
PRJ_0004_U028,PRJ_0004,Valencia,granted,vacant,0,,LOW,2026-02-13
PRJ_0004_U029,PRJ_0004,Valencia,granted,occupied,0,,LOW,2024-12-13
PRJ_0004_U030,PRJ_0004,Valencia,in_review,vacant,1,servidumbre,MED,2026-11-13
PRJ_0004_U031,PRJ_0004,Valencia,in_review,reserved,0,,LOW,2025-06-13
PRJ_0004_U032,PRJ_0004,Valencia,in_review,vacant,0,,LOW,2025-05-13
PRJ_0004_U033,PRJ_0004,Valencia,granted,vacant,0,,LOW,2026-10-13
PRJ_0004_U034,PRJ_0004,Valencia,granted,occupied,0,,LOW,2025-07-13
PRJ_0004_U035,PRJ_0004,Valencia,granted,vacant,0,,LOW,2026-04-13
PRJ_0004_U036,PRJ_0004,Valencia,granted,reserved,0,,LOW,2026-08-13
PRJ_0004_U037,PRJ_0004,Valencia,granted,vacant,0,,LOW,2026-04-13
PRJ_0004_U038,PRJ_0004,Valencia,granted,vacant,1,servidumbre,MED,2025-06-13
PRJ_0004_U039,PRJ_0004,Valencia,granted,vacant,0,,LOW,2026-01-13
PRJ_0004_U040,PRJ_0004,Valencia,granted,vacant,0,,LOW,2024-12-13
PRJ_0004_U041,PRJ_0004,Valencia,in_review,vacant,0,,LOW,2025-10-13
PRJ_0004_U042,PRJ_0004,Valencia,granted,vacant,0,,LOW,2025-03-13
PRJ_0004_U043,PRJ_0004,Valencia,granted,vacant,0,,LOW,2025-12-13
PRJ_0004_U044,PRJ_0004,Valencia,granted,vacant,0,,LOW,2025-10-13
PRJ_0004_U045,PRJ_0004,Valencia,in_review,vacant,0,,LOW,2026-02-13
PRJ_0004_U046,PRJ_0004,Valencia,granted,reserved,1,hipoteca,HIGH,2026-02-13
PRJ_0004_U047,PRJ_0004,Valencia,granted,vacant,1,servidumbre,MED,2025-06-13
PRJ_0004_U048,PRJ_0004,Valencia,granted,vacant,0,,LOW,2025-01-13
PRJ_0004_U049,PRJ_0004,Valencia,granted,vacant,0,,LOW,2026-10-13
PRJ_0004_U050,PRJ_0004,Valencia,granted,vacant,0,,LOW,2026-05-13
PRJ_0004_U051,PRJ_0004,Valencia,pending,vacant,0,,LOW,2025-05-13
PRJ_0004_U052,PRJ_0004,Valencia,in_review,reserved,0,,LOW,2025-07-13
PRJ_0004_U053,PRJ_0004,Valencia,granted,reserved,1,embargo,HIGH,2025-02-13
PRJ_0004_U054,PRJ_0004,Valencia,granted,reserved,0,,LOW,2025-12-13
PRJ_0004_U055,PRJ_0004,Valencia,granted,vacant,0,,LOW,2026-01-13
PRJ_0004_U056,PRJ_0004,Valencia,granted,occupied,1,hipoteca,HIGH,2024-12-13
PRJ_0004_U057,PRJ_0004,Valencia,granted,vacant,0,,LOW,2026-07-13
PRJ_0004_U058,PRJ_0004,Valencia,granted,vacant,0,,LOW,2025-04-13
PRJ_0004_U059,PRJ_0004,Valencia,granted,vacant,1,embargo,HIGH,2025-02-13
PRJ_0004_U060,PRJ_0004,Valencia,pending,vacant,0,,LOW,2025-09-13
PRJ_0004_U061,PRJ_0004,Valencia,in_review,vacant,0,,LOW,2026-03-13
PRJ_0004_U062,PRJ_0004,Valencia,granted,vacant,0,,LOW,2025-07-13
PRJ_0004_U063,PRJ_0004,Valencia,pending,reserved,0,,LOW,2026-04-13
PRJ_0004_U064,PRJ_0004,Valencia,granted,vacant,0,,LOW,2026-08-13
PRJ_0004_U065,PRJ_0004,Valencia,granted,occupied,1,embargo,HIGH,2025-04-13
PRJ_0004_U066,PRJ_0004,Valencia,granted,vacant,0,,LOW,2025-09-13
PRJ_0004_U067,PRJ_0004,Valencia,in_review,occupied,0,,LOW,2025-07-13
PRJ_0004_U068,PRJ_0004,Valencia,in_review,reserved,0,,LOW,2026-10-13
PRJ_0004_U069,PRJ_0004,Valencia,granted,vacant,0,,LOW,2026-04-13
PRJ_0004_U070,PRJ_0004,Valencia,in_review,occupied,0,,LOW,2026-09-13
PRJ_0004_U071,PRJ_0004,Valencia,granted,reserved,0,,LOW,2026-11-13
PRJ_0004_U072,PRJ_0004,Valencia,granted,reserved,1,servidumbre,MED,2025-04-13
PRJ_0004_U073,PRJ_0004,Valencia,granted,vacant,0,,LOW,2026-02-13
PRJ_0004_U074,PRJ_0004,Valencia,granted,reserved,0,,LOW,2026-03-13
PRJ_0004_U075,PRJ_0004,Valencia,granted,vacant,0,,LOW,2026-04-13
PRJ_0004_U076,PRJ_0004,Valencia,granted,reserved,1,servidumbre,MED,2026-08-13
PRJ_0004_U077,PRJ_0004,Valencia,pending,vacant,0,,LOW,2025-01-13
PRJ_0004_U078,PRJ_0004,Valencia,granted,vacant,0,,LOW,2025-11-13
PRJ_0004_U079,PRJ_0004,Valencia,granted,vacant,0,,LOW,2025-08-13
PRJ_0004_U080,PRJ_0004,Valencia,in_review,vacant,0,,LOW,2025-11-13
PRJ_0004_U081,PRJ_0004,Valencia,granted,occupied,0,,LOW,2025-06-13
PRJ_0004_U082,PRJ_0004,Valencia,in_review,vacant,0,,LOW,2025-02-13
PRJ_0004_U083,PRJ_0004,Valencia,granted,vacant,0,,LOW,2024-11-13
PRJ_0004_U084,PRJ_0004,Valencia,in_review,vacant,0,,LOW,2026-02-13
PRJ_0004_U085,PRJ_0004,Valencia,granted,reserved,0,,LOW,2026-09-13
PRJ_0004_U086,PRJ_0004,Valencia,granted,vacant,0,,LOW,2026-02-13
PRJ_0004_U087,PRJ_0004,Valencia,granted,vacant,0,,LOW,2026-05-13
PRJ_0004_U088,PRJ_0004,Valencia,granted,vacant,0,,LOW,2026-11-13
PRJ_0004_U089,PRJ_0004,Valencia,granted,vacant,0,,LOW,2025-10-13
PRJ_0004_U090,PRJ_0004,Valencia,pending,vacant,0,,LOW,2026-08-13
PRJ_0004_U091,PRJ_0004,Valencia,granted,vacant,0,,LOW,2024-11-13
PRJ_0004_U092,PRJ_0004,Valencia,in_review,vacant,0,,LOW,2026-11-13
PRJ_0004_U093,PRJ_0004,Valencia,granted,vacant,0,,LOW,2025-07-13
PRJ_0004_U094,PRJ_0004,Valencia,granted,vacant,0,,LOW,2025-12-13
PRJ_0004_U095,PRJ_0004,Valencia,granted,occupied,1,servidumbre,MED,2026-03-13
PRJ_0004_U096,PRJ_0004,Valencia,granted,reserved,0,,LOW,2025-12-13
PRJ_0004_U097,PRJ_0004,Valencia,in_review,vacant,0,,LOW,2026-06-13
PRJ_0004_U098,PRJ_0004,Valencia,granted,reserved,0,,LOW,2026-09-13
PRJ_0004_U099,PRJ_0004,Valencia,granted,reserved,0,,LOW,2025-01-13
PRJ_0004_U100,PRJ_0004,Valencia,pending,reserved,0,,LOW,2026-02-13
PRJ_0004_U101,PRJ_0004,Valencia,pending,vacant,1,hipoteca,HIGH,2025-10-13
PRJ_0004_U102,PRJ_0004,Valencia,in_review,vacant,0,,LOW,2025-12-13
PRJ_0004_U103,PRJ_0004,Valencia,granted,occupied,0,,LOW,2026-05-13
PRJ_0004_U104,PRJ_0004,Valencia,granted,vacant,1,hipoteca,HIGH,2025-05-13
PRJ_0004_U105,PRJ_0004,Valencia,granted,occupied,0,,LOW,2025-11-13
PRJ_0004_U106,PRJ_0004,Valencia,granted,vacant,0,,LOW,2026-11-13
PRJ_0004_U107,PRJ_0004,Valencia,granted,vacant,0,,LOW,2025-04-13
PRJ_0004_U108,PRJ_0004,Valencia,granted,vacant,0,,LOW,2025-10-13
PRJ_0004_U109,PRJ_0004,Valencia,in_review,reserved,0,,LOW,2024-11-13
PRJ_0004_U110,PRJ_0004,Valencia,granted,reserved,0,,LOW,2024-12-13
PRJ_0004_U111,PRJ_0004,Valencia,in_review,vacant,0,,LOW,2026-11-13
PRJ_0004_U112,PRJ_0004,Valencia,granted,vacant,0,,LOW,2026-03-13
PRJ_0004_U113,PRJ_0004,Valencia,granted,vacant,0,,LOW,2025-05-13
PRJ_0004_U114,PRJ_0004,Valencia,granted,reserved,1,servidumbre,MED,2025-07-13
PRJ_0004_U115,PRJ_0004,Valencia,granted,reserved,0,,LOW,2026-09-13
PRJ_0004_U116,PRJ_0004,Valencia,granted,occupied,1,embargo,HIGH,2026-01-13
PRJ_0004_U117,PRJ_0004,Valencia,in_review,occupied,0,,LOW,2025-04-13
PRJ_0004_U118,PRJ_0004,Valencia,in_review,occupied,0,,LOW,2026-07-13
PRJ_0004_U119,PRJ_0004,Valencia,granted,vacant,0,,LOW,2026-09-13
PRJ_0004_U120,PRJ_0004,Valencia,granted,occupied,0,,LOW,2025-10-13
PRJ_0004_U121,PRJ_0004,Valencia,granted,occupied,0,,LOW,2026-03-13
PRJ_0004_U122,PRJ_0004,Valencia,granted,vacant,1,hipoteca,HIGH,2024-11-13
PRJ_0004_U123,PRJ_0004,Valencia,granted,reserved,0,,LOW,2025-08-13
PRJ_0004_U124,PRJ_0004,Valencia,granted,vacant,0,,LOW,2026-08-13
PRJ_0004_U125,PRJ_0004,Valencia,granted,occupied,0,,LOW,2025-12-13
PRJ_0004_U126,PRJ_0004,Valencia,granted,vacant,0,,LOW,2026-02-13
PRJ_0004_U127,PRJ_0004,Valencia,granted,vacant,1,servidumbre,MED,2026-08-13
PRJ_0005_U001,PRJ_0005,Valencia,in_review,reserved,0,,LOW,2023-05-21
PRJ_0005_U002,PRJ_0005,Valencia,in_review,occupied,0,,LOW,2024-03-21
PRJ_0005_U003,PRJ_0005,Valencia,in_review,vacant,0,,LOW,2023-08-21
PRJ_0005_U004,PRJ_0005,Valencia,granted,vacant,0,,LOW,2022-10-21
PRJ_0005_U005,PRJ_0005,Valencia,granted,vacant,0,,LOW,2023-10-21
PRJ_0005_U006,PRJ_0005,Valencia,granted,vacant,0,,LOW,2023-08-21
PRJ_0005_U007,PRJ_0005,Valencia,granted,vacant,0,,LOW,2023-06-21
PRJ_0005_U008,PRJ_0005,Valencia,granted,vacant,0,,LOW,2023-12-21
PRJ_0005_U009,PRJ_0005,Valencia,in_review,occupied,0,,LOW,2023-01-21
PRJ_0005_U010,PRJ_0005,Valencia,granted,reserved,0,,LOW,2022-08-21
PRJ_0005_U011,PRJ_0005,Valencia,in_review,vacant,0,,LOW,2023-09-21
PRJ_0005_U012,PRJ_0005,Valencia,in_review,reserved,1,servidumbre,MED,2024-03-21
PRJ_0005_U013,PRJ_0005,Valencia,granted,vacant,0,,LOW,2024-03-21
PRJ_0005_U014,PRJ_0005,Valencia,granted,reserved,0,,LOW,2023-04-21
PRJ_0005_U015,PRJ_0005,Valencia,in_review,vacant,0,,LOW,2022-07-21
PRJ_0005_U016,PRJ_0005,Valencia,granted,reserved,1,hipoteca,HIGH,2023-04-21
PRJ_0005_U017,PRJ_0005,Valencia,granted,vacant,0,,LOW,2023-02-21
PRJ_0005_U018,PRJ_0005,Valencia,granted,occupied,1,embargo,HIGH,2022-05-21
PRJ_0005_U019,PRJ_0005,Valencia,granted,vacant,0,,LOW,2022-10-21
PRJ_0005_U020,PRJ_0005,Valencia,granted,vacant,0,,LOW,2023-12-21
PRJ_0005_U021,PRJ_0005,Valencia,in_review,occupied,0,,LOW,2023-06-21
PRJ_0005_U022,PRJ_0005,Valencia,granted,occupied,1,embargo,HIGH,2022-08-21
PRJ_0005_U023,PRJ_0005,Valencia,in_review,vacant,0,,LOW,2023-08-21
PRJ_0005_U024,PRJ_0005,Valencia,granted,reserved,0,,LOW,2023-06-21
PRJ_0005_U025,PRJ_0005,Valencia,in_review,vacant,0,,LOW,2022-05-21
PRJ_0005_U026,PRJ_0005,Valencia,granted,reserved,0,,LOW,2023-09-21
PRJ_0005_U027,PRJ_0005,Valencia,granted,occupied,0,,LOW,2024-03-21
PRJ_0005_U028,PRJ_0005,Valencia,pending,vacant,0,,LOW,2023-05-21
PRJ_0005_U029,PRJ_0005,Valencia,granted,occupied,0,,LOW,2024-02-21
PRJ_0005_U030,PRJ_0005,Valencia,granted,vacant,0,,LOW,2022-07-21
PRJ_0005_U031,PRJ_0005,Valencia,granted,vacant,0,,LOW,2022-09-21
PRJ_0005_U032,PRJ_0005,Valencia,pending,vacant,0,,LOW,2023-09-21
PRJ_0005_U033,PRJ_0005,Valencia,in_review,reserved,1,servidumbre,MED,2023-11-21
PRJ_0005_U034,PRJ_0005,Valencia,granted,vacant,0,,LOW,2022-05-21
PRJ_0005_U035,PRJ_0005,Valencia,granted,occupied,1,hipoteca,HIGH,2023-11-21
PRJ_0005_U036,PRJ_0005,Valencia,granted,vacant,1,servidumbre,MED,2022-04-21
PRJ_0005_U037,PRJ_0005,Valencia,granted,reserved,0,,LOW,2023-04-21
PRJ_0005_U038,PRJ_0005,Valencia,in_review,reserved,0,,LOW,2022-08-21
PRJ_0005_U039,PRJ_0005,Valencia,granted,occupied,0,,LOW,2022-07-21
PRJ_0005_U040,PRJ_0005,Valencia,granted,reserved,0,,LOW,2023-09-21
PRJ_0005_U041,PRJ_0005,Valencia,granted,occupied,0,,LOW,2022-12-21
PRJ_0005_U042,PRJ_0005,Valencia,granted,reserved,0,,LOW,2023-06-21
PRJ_0005_U043,PRJ_0005,Valencia,granted,occupied,1,hipoteca,HIGH,2022-10-21
PRJ_0005_U044,PRJ_0005,Valencia,granted,reserved,0,,LOW,2022-12-21
PRJ_0005_U045,PRJ_0005,Valencia,granted,reserved,0,,LOW,2023-02-21
PRJ_0005_U046,PRJ_0005,Valencia,granted,vacant,0,,LOW,2022-04-21
PRJ_0005_U047,PRJ_0005,Valencia,granted,vacant,0,,LOW,2022-10-21
PRJ_0005_U048,PRJ_0005,Valencia,granted,occupied,0,,LOW,2022-08-21
PRJ_0005_U049,PRJ_0005,Valencia,granted,occupied,0,,LOW,2022-08-21
PRJ_0005_U050,PRJ_0005,Valencia,granted,vacant,0,,LOW,2022-10-21
PRJ_0005_U051,PRJ_0005,Valencia,granted,vacant,0,,LOW,2023-08-21
PRJ_0005_U052,PRJ_0005,Valencia,granted,reserved,0,,LOW,2022-04-21
PRJ_0005_U053,PRJ_0005,Valencia,granted,reserved,0,,LOW,2022-05-21
PRJ_0005_U054,PRJ_0005,Valencia,in_review,vacant,0,,LOW,2023-06-21
PRJ_0005_U055,PRJ_0005,Valencia,granted,vacant,1,hipoteca,HIGH,2022-12-21
PRJ_0005_U056,PRJ_0005,Valencia,granted,vacant,1,hipoteca,HIGH,2022-08-21
PRJ_0005_U057,PRJ_0005,Valencia,pending,vacant,0,,LOW,2022-09-21
PRJ_0005_U058,PRJ_0005,Valencia,granted,reserved,0,,LOW,2023-07-21
PRJ_0005_U059,PRJ_0005,Valencia,granted,vacant,1,hipoteca,HIGH,2022-06-21
PRJ_0005_U060,PRJ_0005,Valencia,granted,vacant,0,,LOW,2022-09-21
PRJ_0005_U061,PRJ_0005,Valencia,in_review,vacant,0,,LOW,2024-02-21
PRJ_0005_U062,PRJ_0005,Valencia,in_review,vacant,0,,LOW,2022-10-21
PRJ_0005_U063,PRJ_0005,Valencia,granted,reserved,0,,LOW,2023-07-21
PRJ_0005_U064,PRJ_0005,Valencia,granted,vacant,0,,LOW,2023-04-21
PRJ_0005_U065,PRJ_0005,Valencia,granted,vacant,0,,LOW,2022-04-21
PRJ_0005_U066,PRJ_0005,Valencia,granted,reserved,0,,LOW,2023-02-21
PRJ_0005_U067,PRJ_0005,Valencia,pending,occupied,0,,LOW,2022-10-21
PRJ_0005_U068,PRJ_0005,Valencia,granted,vacant,0,,LOW,2022-06-21
PRJ_0005_U069,PRJ_0005,Valencia,in_review,reserved,0,,LOW,2022-04-21
PRJ_0005_U070,PRJ_0005,Valencia,pending,vacant,0,,LOW,2024-02-21
PRJ_0006_U001,PRJ_0006,Malaga,in_review,reserved,1,servidumbre,MED,2023-11-25
PRJ_0006_U002,PRJ_0006,Malaga,granted,vacant,1,servidumbre,MED,2023-03-25
PRJ_0006_U003,PRJ_0006,Malaga,granted,reserved,0,,LOW,2023-07-25
PRJ_0006_U004,PRJ_0006,Malaga,granted,vacant,1,hipoteca,HIGH,2023-01-25
PRJ_0006_U005,PRJ_0006,Malaga,in_review,reserved,0,,LOW,2023-11-25
PRJ_0006_U006,PRJ_0006,Malaga,granted,vacant,0,,LOW,2023-01-25
PRJ_0006_U007,PRJ_0006,Malaga,in_review,vacant,0,,LOW,2023-03-25
PRJ_0006_U008,PRJ_0006,Malaga,granted,reserved,0,,LOW,2022-12-25
PRJ_0006_U009,PRJ_0006,Malaga,granted,vacant,0,,LOW,2022-10-25
PRJ_0006_U010,PRJ_0006,Malaga,granted,vacant,0,,LOW,2023-07-25
PRJ_0006_U011,PRJ_0006,Malaga,granted,occupied,0,,LOW,2023-05-25
PRJ_0006_U012,PRJ_0006,Malaga,in_review,vacant,0,,LOW,2023-05-25
PRJ_0006_U013,PRJ_0006,Malaga,granted,reserved,1,embargo,HIGH,2024-05-25
PRJ_0006_U014,PRJ_0006,Malaga,pending,vacant,0,,LOW,2023-11-25
PRJ_0006_U015,PRJ_0006,Malaga,granted,occupied,0,,LOW,2023-03-25
PRJ_0006_U016,PRJ_0006,Malaga,granted,vacant,0,,LOW,2024-05-25
PRJ_0006_U017,PRJ_0006,Malaga,granted,occupied,0,,LOW,2022-12-25
PRJ_0006_U018,PRJ_0006,Malaga,pending,vacant,0,,LOW,2024-03-25
PRJ_0006_U019,PRJ_0006,Malaga,granted,occupied,0,,LOW,2023-06-25
PRJ_0006_U020,PRJ_0006,Malaga,granted,vacant,0,,LOW,2023-09-25
PRJ_0006_U021,PRJ_0006,Malaga,pending,vacant,1,servidumbre,MED,2022-09-25
PRJ_0006_U022,PRJ_0006,Malaga,granted,vacant,0,,LOW,2023-12-25
PRJ_0006_U023,PRJ_0006,Malaga,granted,occupied,0,,LOW,2023-03-25
PRJ_0006_U024,PRJ_0006,Malaga,in_review,vacant,0,,LOW,2023-09-25
PRJ_0006_U025,PRJ_0006,Malaga,granted,vacant,0,,LOW,2024-04-25
PRJ_0006_U026,PRJ_0006,Malaga,granted,occupied,0,,LOW,2023-10-25
PRJ_0006_U027,PRJ_0006,Malaga,granted,occupied,0,,LOW,2023-03-25
PRJ_0006_U028,PRJ_0006,Malaga,pending,reserved,0,,LOW,2024-06-25
PRJ_0006_U029,PRJ_0006,Malaga,granted,vacant,0,,LOW,2024-04-25
PRJ_0006_U030,PRJ_0006,Malaga,in_review,reserved,0,,LOW,2022-11-25
PRJ_0006_U031,PRJ_0006,Malaga,granted,vacant,1,hipoteca,HIGH,2023-05-25
PRJ_0006_U032,PRJ_0006,Malaga,granted,reserved,0,,LOW,2023-08-25
PRJ_0006_U033,PRJ_0006,Malaga,granted,reserved,0,,LOW,2024-03-25
PRJ_0006_U034,PRJ_0006,Malaga,granted,vacant,0,,LOW,2024-06-25
PRJ_0006_U035,PRJ_0006,Malaga,granted,reserved,0,,LOW,2023-10-25
PRJ_0006_U036,PRJ_0006,Malaga,granted,reserved,0,,LOW,2023-09-25
PRJ_0006_U037,PRJ_0006,Malaga,granted,vacant,0,,LOW,2024-05-25
PRJ_0006_U038,PRJ_0006,Malaga,in_review,vacant,0,,LOW,2023-05-25
PRJ_0006_U039,PRJ_0006,Malaga,granted,vacant,1,hipoteca,HIGH,2023-10-25
PRJ_0006_U040,PRJ_0006,Malaga,granted,vacant,0,,LOW,2023-03-25
PRJ_0006_U041,PRJ_0006,Malaga,granted,reserved,0,,LOW,2023-02-25
PRJ_0006_U042,PRJ_0006,Malaga,granted,occupied,0,,LOW,2024-04-25
PRJ_0006_U043,PRJ_0006,Malaga,in_review,vacant,0,,LOW,2023-04-25
PRJ_0006_U044,PRJ_0006,Malaga,granted,vacant,0,,LOW,2022-11-25
PRJ_0006_U045,PRJ_0006,Malaga,pending,reserved,0,,LOW,2022-08-25
PRJ_0006_U046,PRJ_0006,Malaga,granted,vacant,0,,LOW,2022-11-25
PRJ_0006_U047,PRJ_0006,Malaga,granted,occupied,0,,LOW,2023-11-25
PRJ_0006_U048,PRJ_0006,Malaga,granted,vacant,0,,LOW,2024-01-25
PRJ_0006_U049,PRJ_0006,Malaga,granted,vacant,0,,LOW,2024-06-25
PRJ_0006_U050,PRJ_0006,Malaga,granted,vacant,0,,LOW,2022-08-25
PRJ_0006_U051,PRJ_0006,Malaga,granted,vacant,0,,LOW,2024-03-25
PRJ_0006_U052,PRJ_0006,Malaga,pending,vacant,1,embargo,HIGH,2023-10-25
PRJ_0006_U053,PRJ_0006,Malaga,granted,occupied,0,,LOW,2022-09-25
PRJ_0006_U054,PRJ_0006,Malaga,in_review,vacant,0,,LOW,2023-01-25
PRJ_0006_U055,PRJ_0006,Malaga,granted,vacant,0,,LOW,2024-05-25
PRJ_0006_U056,PRJ_0006,Malaga,granted,occupied,1,hipoteca,HIGH,2024-03-25
PRJ_0006_U057,PRJ_0006,Malaga,granted,vacant,0,,LOW,2022-12-25
PRJ_0006_U058,PRJ_0006,Malaga,in_review,vacant,0,,LOW,2023-08-25
PRJ_0006_U059,PRJ_0006,Malaga,in_review,vacant,0,,LOW,2023-06-25
PRJ_0006_U060,PRJ_0006,Malaga,pending,vacant,0,,LOW,2024-03-25
PRJ_0006_U061,PRJ_0006,Malaga,in_review,vacant,0,,LOW,2022-07-25
PRJ_0006_U062,PRJ_0006,Malaga,granted,reserved,1,embargo,HIGH,2023-12-25
PRJ_0006_U063,PRJ_0006,Malaga,granted,reserved,1,hipoteca,HIGH,2023-01-25
PRJ_0006_U064,PRJ_0006,Malaga,in_review,vacant,1,embargo,HIGH,2023-07-25
PRJ_0006_U065,PRJ_0006,Malaga,pending,vacant,0,,LOW,2024-06-25
PRJ_0006_U066,PRJ_0006,Malaga,granted,reserved,0,,LOW,2022-08-25
PRJ_0006_U067,PRJ_0006,Malaga,granted,vacant,0,,LOW,2023-10-25
PRJ_0006_U068,PRJ_0006,Malaga,granted,reserved,0,,LOW,2022-08-25
PRJ_0006_U069,PRJ_0006,Malaga,granted,vacant,0,,LOW,2022-10-25
PRJ_0006_U070,PRJ_0006,Malaga,granted,vacant,1,servidumbre,MED,2024-04-25
PRJ_0006_U071,PRJ_0006,Malaga,pending,vacant,0,,LOW,2024-03-25
PRJ_0006_U072,PRJ_0006,Malaga,granted,occupied,0,,LOW,2022-09-25
PRJ_0006_U073,PRJ_0006,Malaga,pending,reserved,1,hipoteca,HIGH,2024-04-25
PRJ_0006_U074,PRJ_0006,Malaga,granted,reserved,0,,LOW,2022-11-25
PRJ_0006_U075,PRJ_0006,Malaga,pending,occupied,0,,LOW,2024-01-25
PRJ_0006_U076,PRJ_0006,Malaga,granted,reserved,1,hipoteca,HIGH,2022-12-25
PRJ_0006_U077,PRJ_0006,Malaga,granted,vacant,0,,LOW,2024-04-25
PRJ_0006_U078,PRJ_0006,Malaga,granted,vacant,0,,LOW,2023-11-25
PRJ_0006_U079,PRJ_0006,Malaga,granted,reserved,1,embargo,HIGH,2023-07-25
PRJ_0006_U080,PRJ_0006,Malaga,granted,occupied,0,,LOW,2023-01-25
PRJ_0006_U081,PRJ_0006,Malaga,granted,reserved,0,,LOW,2023-02-25
PRJ_0006_U082,PRJ_0006,Malaga,in_review,reserved,0,,LOW,2022-08-25
PRJ_0006_U083,PRJ_0006,Malaga,granted,vacant,0,,LOW,2022-09-25
PRJ_0006_U084,PRJ_0006,Malaga,granted,vacant,1,hipoteca,HIGH,2023-05-25
PRJ_0006_U085,PRJ_0006,Malaga,granted,vacant,0,,LOW,2024-03-25
PRJ_0006_U086,PRJ_0006,Malaga,granted,reserved,0,,LOW,2023-04-25
PRJ_0006_U087,PRJ_0006,Malaga,granted,occupied,1,hipoteca,HIGH,2023-01-25
PRJ_0006_U088,PRJ_0006,Malaga,granted,occupied,0,,LOW,2023-03-25
PRJ_0006_U089,PRJ_0006,Malaga,granted,vacant,0,,LOW,2024-02-25
PRJ_0006_U090,PRJ_0006,Malaga,in_review,vacant,0,,LOW,2024-02-25
PRJ_0006_U091,PRJ_0006,Malaga,granted,occupied,0,,LOW,2023-11-25
PRJ_0006_U092,PRJ_0006,Malaga,in_review,reserved,0,,LOW,2023-06-25
PRJ_0006_U093,PRJ_0006,Malaga,granted,reserved,0,,LOW,2022-07-25
PRJ_0006_U094,PRJ_0006,Malaga,in_review,vacant,0,,LOW,2023-03-25
PRJ_0006_U095,PRJ_0006,Malaga,granted,vacant,0,,LOW,2022-10-25
PRJ_0006_U096,PRJ_0006,Malaga,in_review,vacant,0,,LOW,2023-01-25
PRJ_0006_U097,PRJ_0006,Malaga,in_review,reserved,0,,LOW,2023-03-25
PRJ_0006_U098,PRJ_0006,Malaga,granted,reserved,0,,LOW,2023-05-25
PRJ_0006_U099,PRJ_0006,Malaga,granted,vacant,1,embargo,HIGH,2024-01-25
PRJ_0006_U100,PRJ_0006,Malaga,granted,vacant,0,,LOW,2024-04-25
PRJ_0006_U101,PRJ_0006,Malaga,granted,reserved,0,,LOW,2023-01-25
PRJ_0006_U102,PRJ_0006,Malaga,granted,vacant,0,,LOW,2024-04-25
PRJ_0006_U103,PRJ_0006,Malaga,pending,reserved,0,,LOW,2023-08-25
PRJ_0006_U104,PRJ_0006,Malaga,granted,occupied,0,,LOW,2023-05-25
PRJ_0006_U105,PRJ_0006,Malaga,granted,vacant,0,,LOW,2024-01-25
PRJ_0006_U106,PRJ_0006,Malaga,in_review,vacant,0,,LOW,2023-01-25
PRJ_0006_U107,PRJ_0006,Malaga,granted,reserved,0,,LOW,2023-11-25
PRJ_0006_U108,PRJ_0006,Malaga,granted,reserved,0,,LOW,2024-06-25
PRJ_0006_U109,PRJ_0006,Malaga,granted,vacant,0,,LOW,2022-08-25
PRJ_0006_U110,PRJ_0006,Malaga,granted,reserved,1,servidumbre,MED,2023-10-25
PRJ_0006_U111,PRJ_0006,Malaga,in_review,vacant,0,,LOW,2022-11-25
PRJ_0006_U112,PRJ_0006,Malaga,granted,vacant,0,,LOW,2023-12-25
PRJ_0006_U113,PRJ_0006,Malaga,in_review,occupied,0,,LOW,2023-08-25
PRJ_0006_U114,PRJ_0006,Malaga,pending,occupied,0,,LOW,2023-01-25
PRJ_0006_U115,PRJ_0006,Malaga,granted,vacant,1,servidumbre,MED,2022-09-25
PRJ_0006_U116,PRJ_0006,Malaga,granted,vacant,0,,LOW,2023-12-25
PRJ_0006_U117,PRJ_0006,Malaga,in_review,vacant,0,,LOW,2023-07-25
PRJ_0006_U118,PRJ_0006,Malaga,in_review,occupied,0,,LOW,2022-12-25
PRJ_0006_U119,PRJ_0006,Malaga,granted,reserved,0,,LOW,2022-08-25
PRJ_0006_U120,PRJ_0006,Malaga,granted,reserved,1,embargo,HIGH,2022-10-25
PRJ_0006_U121,PRJ_0006,Malaga,granted,vacant,1,hipoteca,HIGH,2023-09-25
PRJ_0006_U122,PRJ_0006,Malaga,granted,reserved,0,,LOW,2023-09-25
PRJ_0007_U001,PRJ_0007,Madrid,in_review,occupied,0,,LOW,2023-01-17
PRJ_0007_U002,PRJ_0007,Madrid,granted,vacant,0,,LOW,2023-09-17
PRJ_0007_U003,PRJ_0007,Madrid,granted,vacant,0,,LOW,2023-01-17
PRJ_0007_U004,PRJ_0007,Madrid,granted,vacant,0,,LOW,2024-01-17
PRJ_0007_U005,PRJ_0007,Madrid,in_review,occupied,0,,LOW,2023-09-17
PRJ_0007_U006,PRJ_0007,Madrid,granted,vacant,0,,LOW,2024-10-17
PRJ_0007_U007,PRJ_0007,Madrid,granted,vacant,0,,LOW,2022-12-17
PRJ_0007_U008,PRJ_0007,Madrid,granted,reserved,0,,LOW,2024-06-17
PRJ_0007_U009,PRJ_0007,Madrid,granted,vacant,0,,LOW,2023-10-17
PRJ_0007_U010,PRJ_0007,Madrid,pending,vacant,0,,LOW,2023-03-17
PRJ_0007_U011,PRJ_0007,Madrid,in_review,reserved,0,,LOW,2022-12-17
PRJ_0007_U012,PRJ_0007,Madrid,granted,vacant,0,,LOW,2023-06-17
PRJ_0007_U013,PRJ_0007,Madrid,granted,vacant,0,,LOW,2022-12-17
PRJ_0007_U014,PRJ_0007,Madrid,granted,vacant,0,,LOW,2024-11-17
PRJ_0007_U015,PRJ_0007,Madrid,granted,vacant,1,servidumbre,MED,2023-07-17
PRJ_0007_U016,PRJ_0007,Madrid,pending,reserved,0,,LOW,2024-04-17
PRJ_0007_U017,PRJ_0007,Madrid,in_review,occupied,0,,LOW,2023-06-17
PRJ_0007_U018,PRJ_0007,Madrid,in_review,occupied,0,,LOW,2024-02-17
PRJ_0007_U019,PRJ_0007,Madrid,granted,vacant,1,hipoteca,HIGH,2023-06-17
PRJ_0007_U020,PRJ_0007,Madrid,granted,occupied,0,,LOW,2024-09-17
PRJ_0007_U021,PRJ_0007,Madrid,pending,occupied,0,,LOW,2023-05-17
PRJ_0007_U022,PRJ_0007,Madrid,granted,occupied,0,,LOW,2024-07-17
PRJ_0007_U023,PRJ_0007,Madrid,granted,occupied,0,,LOW,2024-04-17
PRJ_0007_U024,PRJ_0007,Madrid,granted,vacant,0,,LOW,2023-06-17
PRJ_0007_U025,PRJ_0007,Madrid,granted,vacant,1,hipoteca,HIGH,2024-02-17
PRJ_0007_U026,PRJ_0007,Madrid,granted,vacant,0,,LOW,2023-02-17
PRJ_0007_U027,PRJ_0007,Madrid,in_review,vacant,1,hipoteca,HIGH,2023-05-17
PRJ_0007_U028,PRJ_0007,Madrid,granted,reserved,0,,LOW,2023-11-17
PRJ_0007_U029,PRJ_0007,Madrid,granted,reserved,1,embargo,HIGH,2024-09-17
PRJ_0007_U030,PRJ_0007,Madrid,granted,vacant,0,,LOW,2023-06-17
PRJ_0007_U031,PRJ_0007,Madrid,in_review,occupied,1,servidumbre,MED,2023-02-17
PRJ_0007_U032,PRJ_0007,Madrid,granted,vacant,0,,LOW,2023-04-17
PRJ_0007_U033,PRJ_0007,Madrid,granted,vacant,1,embargo,HIGH,2024-09-17
PRJ_0007_U034,PRJ_0007,Madrid,pending,vacant,0,,LOW,2023-04-17
PRJ_0007_U035,PRJ_0007,Madrid,in_review,reserved,0,,LOW,2023-07-17
PRJ_0007_U036,PRJ_0007,Madrid,granted,vacant,1,embargo,HIGH,2022-11-17
PRJ_0007_U037,PRJ_0007,Madrid,in_review,reserved,0,,LOW,2023-04-17
PRJ_0007_U038,PRJ_0007,Madrid,granted,vacant,0,,LOW,2024-05-17
PRJ_0007_U039,PRJ_0007,Madrid,granted,vacant,0,,LOW,2023-02-17
PRJ_0007_U040,PRJ_0007,Madrid,granted,vacant,0,,LOW,2022-12-17
PRJ_0007_U041,PRJ_0007,Madrid,pending,vacant,0,,LOW,2022-11-17
PRJ_0007_U042,PRJ_0007,Madrid,granted,reserved,1,embargo,HIGH,2024-02-17
PRJ_0007_U043,PRJ_0007,Madrid,in_review,reserved,0,,LOW,2023-10-17
PRJ_0007_U044,PRJ_0007,Madrid,granted,reserved,1,hipoteca,HIGH,2023-07-17
PRJ_0007_U045,PRJ_0007,Madrid,granted,vacant,0,,LOW,2024-08-17
PRJ_0007_U046,PRJ_0007,Madrid,granted,reserved,0,,LOW,2022-11-17
PRJ_0007_U047,PRJ_0007,Madrid,granted,vacant,0,,LOW,2024-05-17
PRJ_0007_U048,PRJ_0007,Madrid,granted,vacant,1,servidumbre,MED,2023-07-17
PRJ_0007_U049,PRJ_0007,Madrid,granted,vacant,0,,LOW,2024-01-17
PRJ_0007_U050,PRJ_0007,Madrid,granted,vacant,0,,LOW,2022-12-17
PRJ_0007_U051,PRJ_0007,Madrid,granted,reserved,0,,LOW,2023-04-17
PRJ_0007_U052,PRJ_0007,Madrid,granted,vacant,0,,LOW,2024-01-17
PRJ_0007_U053,PRJ_0007,Madrid,pending,vacant,0,,LOW,2023-04-17
PRJ_0007_U054,PRJ_0007,Madrid,granted,occupied,1,servidumbre,MED,2022-12-17
PRJ_0007_U055,PRJ_0007,Madrid,pending,vacant,0,,LOW,2024-05-17
PRJ_0007_U056,PRJ_0007,Madrid,in_review,occupied,1,servidumbre,MED,2024-06-17
PRJ_0007_U057,PRJ_0007,Madrid,granted,vacant,0,,LOW,2024-11-17
PRJ_0007_U058,PRJ_0007,Madrid,granted,occupied,0,,LOW,2024-10-17
PRJ_0007_U059,PRJ_0007,Madrid,granted,reserved,0,,LOW,2024-11-17
PRJ_0007_U060,PRJ_0007,Madrid,granted,vacant,0,,LOW,2023-03-17
PRJ_0007_U061,PRJ_0007,Madrid,granted,vacant,0,,LOW,2024-04-17
PRJ_0007_U062,PRJ_0007,Madrid,granted,vacant,0,,LOW,2024-10-17
PRJ_0007_U063,PRJ_0007,Madrid,granted,occupied,1,embargo,HIGH,2024-09-17
PRJ_0007_U064,PRJ_0007,Madrid,granted,vacant,0,,LOW,2023-05-17
PRJ_0007_U065,PRJ_0007,Madrid,granted,occupied,0,,LOW,2023-02-17
PRJ_0007_U066,PRJ_0007,Madrid,in_review,occupied,0,,LOW,2023-02-17
PRJ_0007_U067,PRJ_0007,Madrid,granted,vacant,0,,LOW,2023-09-17
PRJ_0007_U068,PRJ_0007,Madrid,granted,vacant,0,,LOW,2023-12-17
PRJ_0007_U069,PRJ_0007,Madrid,pending,vacant,0,,LOW,2023-11-17
PRJ_0007_U070,PRJ_0007,Madrid,pending,vacant,0,,LOW,2024-04-17
PRJ_0007_U071,PRJ_0007,Madrid,granted,reserved,0,,LOW,2024-05-17
PRJ_0007_U072,PRJ_0007,Madrid,granted,vacant,0,,LOW,2023-09-17
PRJ_0007_U073,PRJ_0007,Madrid,granted,occupied,0,,LOW,2024-06-17
PRJ_0007_U074,PRJ_0007,Madrid,pending,vacant,0,,LOW,2024-09-17
PRJ_0007_U075,PRJ_0007,Madrid,granted,reserved,0,,LOW,2023-08-17
PRJ_0007_U076,PRJ_0007,Madrid,granted,reserved,0,,LOW,2024-09-17
PRJ_0007_U077,PRJ_0007,Madrid,granted,vacant,0,,LOW,2024-05-17
PRJ_0007_U078,PRJ_0007,Madrid,granted,vacant,0,,LOW,2023-05-17
PRJ_0007_U079,PRJ_0007,Madrid,in_review,reserved,0,,LOW,2024-06-17
PRJ_0007_U080,PRJ_0007,Madrid,in_review,occupied,0,,LOW,2023-05-17
PRJ_0007_U081,PRJ_0007,Madrid,pending,vacant,0,,LOW,2024-09-17
PRJ_0007_U082,PRJ_0007,Madrid,granted,vacant,0,,LOW,2022-11-17
PRJ_0008_U001,PRJ_0008,Sevilla,granted,occupied,1,servidumbre,MED,2022-02-04
PRJ_0008_U002,PRJ_0008,Sevilla,in_review,vacant,0,,LOW,2022-08-04
PRJ_0008_U003,PRJ_0008,Sevilla,granted,occupied,0,,LOW,2023-10-04
PRJ_0008_U004,PRJ_0008,Sevilla,in_review,vacant,0,,LOW,2022-04-04
PRJ_0008_U005,PRJ_0008,Sevilla,granted,vacant,1,hipoteca,HIGH,2023-01-04
PRJ_0008_U006,PRJ_0008,Sevilla,granted,reserved,0,,LOW,2023-05-04
PRJ_0008_U007,PRJ_0008,Sevilla,in_review,reserved,0,,LOW,2022-12-04
PRJ_0008_U008,PRJ_0008,Sevilla,granted,occupied,0,,LOW,2023-08-04
PRJ_0008_U009,PRJ_0008,Sevilla,granted,vacant,0,,LOW,2023-08-04
PRJ_0008_U010,PRJ_0008,Sevilla,in_review,vacant,0,,LOW,2022-05-04
PRJ_0008_U011,PRJ_0008,Sevilla,pending,occupied,0,,LOW,2022-08-04
PRJ_0008_U012,PRJ_0008,Sevilla,in_review,vacant,0,,LOW,2023-04-04
PRJ_0008_U013,PRJ_0008,Sevilla,granted,occupied,0,,LOW,2022-08-04
PRJ_0008_U014,PRJ_0008,Sevilla,in_review,vacant,0,,LOW,2023-04-04
PRJ_0008_U015,PRJ_0008,Sevilla,in_review,occupied,0,,LOW,2023-06-04
PRJ_0008_U016,PRJ_0008,Sevilla,pending,reserved,0,,LOW,2023-07-04
PRJ_0008_U017,PRJ_0008,Sevilla,granted,vacant,0,,LOW,2021-12-04
PRJ_0008_U018,PRJ_0008,Sevilla,granted,reserved,0,,LOW,2023-04-04
PRJ_0008_U019,PRJ_0008,Sevilla,in_review,vacant,0,,LOW,2023-01-04
PRJ_0008_U020,PRJ_0008,Sevilla,granted,vacant,0,,LOW,2023-05-04
PRJ_0008_U021,PRJ_0008,Sevilla,granted,vacant,1,hipoteca,HIGH,2023-04-04
PRJ_0008_U022,PRJ_0008,Sevilla,granted,vacant,0,,LOW,2023-08-04
PRJ_0008_U023,PRJ_0008,Sevilla,granted,reserved,0,,LOW,2023-02-04
PRJ_0008_U024,PRJ_0008,Sevilla,granted,occupied,0,,LOW,2021-12-04
PRJ_0008_U025,PRJ_0008,Sevilla,granted,vacant,0,,LOW,2023-01-04
PRJ_0008_U026,PRJ_0008,Sevilla,granted,reserved,0,,LOW,2023-08-04
PRJ_0008_U027,PRJ_0008,Sevilla,granted,reserved,0,,LOW,2022-09-04
PRJ_0008_U028,PRJ_0008,Sevilla,in_review,occupied,1,servidumbre,MED,2023-10-04
PRJ_0008_U029,PRJ_0008,Sevilla,granted,reserved,1,embargo,HIGH,2023-08-04
PRJ_0008_U030,PRJ_0008,Sevilla,granted,vacant,0,,LOW,2023-05-04
PRJ_0008_U031,PRJ_0008,Sevilla,in_review,vacant,0,,LOW,2022-03-04
PRJ_0008_U032,PRJ_0008,Sevilla,granted,occupied,0,,LOW,2023-06-04
PRJ_0008_U033,PRJ_0008,Sevilla,granted,vacant,0,,LOW,2023-10-04
PRJ_0008_U034,PRJ_0008,Sevilla,granted,vacant,0,,LOW,2023-06-04
PRJ_0008_U035,PRJ_0008,Sevilla,granted,vacant,1,servidumbre,MED,2023-10-04
PRJ_0008_U036,PRJ_0008,Sevilla,granted,vacant,0,,LOW,2023-01-04
PRJ_0008_U037,PRJ_0008,Sevilla,granted,occupied,0,,LOW,2022-10-04
PRJ_0008_U038,PRJ_0008,Sevilla,granted,reserved,0,,LOW,2023-09-04
PRJ_0008_U039,PRJ_0008,Sevilla,granted,reserved,0,,LOW,2022-02-04
PRJ_0008_U040,PRJ_0008,Sevilla,granted,vacant,0,,LOW,2023-06-04
PRJ_0008_U041,PRJ_0008,Sevilla,granted,vacant,0,,LOW,2022-10-04
PRJ_0008_U042,PRJ_0008,Sevilla,granted,vacant,0,,LOW,2023-03-04
PRJ_0008_U043,PRJ_0008,Sevilla,granted,occupied,0,,LOW,2023-08-04
PRJ_0008_U044,PRJ_0008,Sevilla,granted,occupied,0,,LOW,2022-08-04
PRJ_0008_U045,PRJ_0008,Sevilla,in_review,reserved,0,,LOW,2023-10-04
PRJ_0008_U046,PRJ_0008,Sevilla,granted,reserved,1,hipoteca,HIGH,2023-09-04
PRJ_0008_U047,PRJ_0008,Sevilla,in_review,reserved,0,,LOW,2022-04-04
PRJ_0008_U048,PRJ_0008,Sevilla,granted,vacant,0,,LOW,2022-09-04
PRJ_0008_U049,PRJ_0008,Sevilla,pending,vacant,0,,LOW,2022-04-04
PRJ_0008_U050,PRJ_0008,Sevilla,in_review,vacant,0,,LOW,2023-04-04
PRJ_0008_U051,PRJ_0008,Sevilla,pending,reserved,0,,LOW,2022-10-04
PRJ_0008_U052,PRJ_0008,Sevilla,in_review,vacant,0,,LOW,2023-05-04
PRJ_0008_U053,PRJ_0008,Sevilla,granted,vacant,1,servidumbre,MED,2022-12-04
PRJ_0008_U054,PRJ_0008,Sevilla,granted,vacant,0,,LOW,2022-12-04
PRJ_0008_U055,PRJ_0008,Sevilla,granted,vacant,0,,LOW,2022-04-04
PRJ_0008_U056,PRJ_0008,Sevilla,granted,vacant,0,,LOW,2023-08-04
PRJ_0008_U057,PRJ_0008,Sevilla,pending,occupied,0,,LOW,2022-10-04
PRJ_0008_U058,PRJ_0008,Sevilla,in_review,occupied,0,,LOW,2023-07-04
PRJ_0008_U059,PRJ_0008,Sevilla,granted,occupied,0,,LOW,2022-12-04
PRJ_0008_U060,PRJ_0008,Sevilla,granted,vacant,0,,LOW,2023-03-04
PRJ_0008_U061,PRJ_0008,Sevilla,granted,vacant,0,,LOW,2023-03-04
PRJ_0008_U062,PRJ_0008,Sevilla,granted,reserved,0,,LOW,2022-07-04
PRJ_0008_U063,PRJ_0008,Sevilla,pending,vacant,0,,LOW,2022-07-04
PRJ_0008_U064,PRJ_0008,Sevilla,granted,vacant,1,embargo,HIGH,2021-11-04
PRJ_0008_U065,PRJ_0008,Sevilla,granted,vacant,0,,LOW,2022-01-04
PRJ_0008_U066,PRJ_0008,Sevilla,granted,vacant,0,,LOW,2022-10-04
PRJ_0008_U067,PRJ_0008,Sevilla,granted,occupied,0,,LOW,2023-01-04
PRJ_0008_U068,PRJ_0008,Sevilla,granted,reserved,1,servidumbre,MED,2022-02-04
PRJ_0008_U069,PRJ_0008,Sevilla,granted,occupied,1,embargo,HIGH,2023-08-04
PRJ_0008_U070,PRJ_0008,Sevilla,in_review,occupied,0,,LOW,2023-02-04
PRJ_0008_U071,PRJ_0008,Sevilla,granted,vacant,0,,LOW,2022-12-04
PRJ_0008_U072,PRJ_0008,Sevilla,granted,vacant,0,,LOW,2022-12-04
PRJ_0008_U073,PRJ_0008,Sevilla,granted,vacant,0,,LOW,2023-09-04
PRJ_0008_U074,PRJ_0008,Sevilla,granted,vacant,0,,LOW,2022-01-04
PRJ_0008_U075,PRJ_0008,Sevilla,granted,vacant,0,,LOW,2021-11-04
PRJ_0008_U076,PRJ_0008,Sevilla,granted,vacant,0,,LOW,2022-01-04
PRJ_0008_U077,PRJ_0008,Sevilla,granted,vacant,1,servidumbre,MED,2023-06-04
PRJ_0008_U078,PRJ_0008,Sevilla,granted,vacant,1,servidumbre,MED,2021-11-04
PRJ_0008_U079,PRJ_0008,Sevilla,granted,reserved,0,,LOW,2023-08-04
PRJ_0008_U080,PRJ_0008,Sevilla,pending,vacant,0,,LOW,2023-08-04
PRJ_0008_U081,PRJ_0008,Sevilla,granted,vacant,0,,LOW,2022-05-04
PRJ_0008_U082,PRJ_0008,Sevilla,in_review,vacant,0,,LOW,2022-07-04
PRJ_0008_U083,PRJ_0008,Sevilla,granted,vacant,0,,LOW,2022-10-04
PRJ_0008_U084,PRJ_0008,Sevilla,in_review,vacant,0,,LOW,2021-10-04
PRJ_0008_U085,PRJ_0008,Sevilla,granted,vacant,0,,LOW,2023-02-04
PRJ_0008_U086,PRJ_0008,Sevilla,granted,vacant,0,,LOW,2021-10-04
PRJ_0008_U087,PRJ_0008,Sevilla,granted,vacant,0,,LOW,2022-10-04
PRJ_0008_U088,PRJ_0008,Sevilla,granted,vacant,0,,LOW,2023-07-04
PRJ_0008_U089,PRJ_0008,Sevilla,granted,vacant,0,,LOW,2023-07-04
PRJ_0008_U090,PRJ_0008,Sevilla,granted,vacant,1,hipoteca,HIGH,2022-09-04
PRJ_0008_U091,PRJ_0008,Sevilla,in_review,vacant,0,,LOW,2023-09-04
PRJ_0008_U092,PRJ_0008,Sevilla,granted,vacant,1,embargo,HIGH,2022-06-04
PRJ_0008_U093,PRJ_0008,Sevilla,pending,vacant,0,,LOW,2023-05-04
PRJ_0008_U094,PRJ_0008,Sevilla,granted,vacant,0,,LOW,2022-06-04
PRJ_0008_U095,PRJ_0008,Sevilla,granted,reserved,0,,LOW,2022-08-04
PRJ_0008_U096,PRJ_0008,Sevilla,granted,vacant,0,,LOW,2022-12-04
PRJ_0008_U097,PRJ_0008,Sevilla,granted,vacant,0,,LOW,2022-05-04
PRJ_0008_U098,PRJ_0008,Sevilla,granted,vacant,0,,LOW,2022-06-04
PRJ_0008_U099,PRJ_0008,Sevilla,in_review,vacant,0,,LOW,2022-02-04
PRJ_0008_U100,PRJ_0008,Sevilla,granted,reserved,1,hipoteca,HIGH,2022-08-04
PRJ_0008_U101,PRJ_0008,Sevilla,granted,reserved,1,servidumbre,MED,2022-12-04
PRJ_0008_U102,PRJ_0008,Sevilla,pending,vacant,0,,LOW,2022-11-04
PRJ_0009_U001,PRJ_0009,Barcelona,granted,vacant,0,,LOW,2021-08-09
PRJ_0009_U002,PRJ_0009,Barcelona,granted,reserved,0,,LOW,2023-03-09
PRJ_0009_U003,PRJ_0009,Barcelona,granted,occupied,0,,LOW,2023-01-09
PRJ_0009_U004,PRJ_0009,Barcelona,in_review,vacant,0,,LOW,2022-12-09
PRJ_0009_U005,PRJ_0009,Barcelona,granted,vacant,1,embargo,HIGH,2022-09-09
PRJ_0009_U006,PRJ_0009,Barcelona,granted,vacant,0,,LOW,2023-06-09
PRJ_0009_U007,PRJ_0009,Barcelona,granted,vacant,0,,LOW,2022-05-09
PRJ_0009_U008,PRJ_0009,Barcelona,in_review,occupied,1,hipoteca,HIGH,2022-12-09
PRJ_0009_U009,PRJ_0009,Barcelona,pending,vacant,0,,LOW,2022-04-09
PRJ_0009_U010,PRJ_0009,Barcelona,granted,vacant,0,,LOW,2022-07-09
PRJ_0009_U011,PRJ_0009,Barcelona,granted,vacant,0,,LOW,2022-02-09
PRJ_0009_U012,PRJ_0009,Barcelona,granted,vacant,1,servidumbre,MED,2023-03-09
PRJ_0009_U013,PRJ_0009,Barcelona,granted,occupied,1,embargo,HIGH,2022-12-09
PRJ_0009_U014,PRJ_0009,Barcelona,granted,vacant,0,,LOW,2022-12-09
PRJ_0009_U015,PRJ_0009,Barcelona,in_review,vacant,1,embargo,HIGH,2022-06-09
PRJ_0009_U016,PRJ_0009,Barcelona,granted,reserved,0,,LOW,2022-10-09
PRJ_0009_U017,PRJ_0009,Barcelona,in_review,vacant,0,,LOW,2022-09-09
PRJ_0009_U018,PRJ_0009,Barcelona,in_review,vacant,0,,LOW,2022-04-09
PRJ_0009_U019,PRJ_0009,Barcelona,in_review,occupied,0,,LOW,2022-12-09
PRJ_0009_U020,PRJ_0009,Barcelona,granted,vacant,0,,LOW,2023-04-09
PRJ_0009_U021,PRJ_0009,Barcelona,granted,occupied,0,,LOW,2022-02-09
PRJ_0009_U022,PRJ_0009,Barcelona,granted,reserved,0,,LOW,2021-12-09
PRJ_0009_U023,PRJ_0009,Barcelona,granted,vacant,1,hipoteca,HIGH,2022-07-09
PRJ_0009_U024,PRJ_0009,Barcelona,granted,vacant,1,embargo,HIGH,2021-08-09
PRJ_0009_U025,PRJ_0009,Barcelona,granted,vacant,1,servidumbre,MED,2022-05-09
PRJ_0009_U026,PRJ_0009,Barcelona,granted,vacant,0,,LOW,2022-04-09
PRJ_0009_U027,PRJ_0009,Barcelona,pending,vacant,0,,LOW,2022-12-09
PRJ_0009_U028,PRJ_0009,Barcelona,granted,reserved,0,,LOW,2021-12-09
PRJ_0009_U029,PRJ_0009,Barcelona,granted,vacant,0,,LOW,2022-12-09
PRJ_0009_U030,PRJ_0009,Barcelona,granted,vacant,0,,LOW,2022-01-09
PRJ_0009_U031,PRJ_0009,Barcelona,granted,reserved,0,,LOW,2021-10-09
PRJ_0009_U032,PRJ_0009,Barcelona,granted,vacant,0,,LOW,2021-10-09
PRJ_0009_U033,PRJ_0009,Barcelona,granted,vacant,0,,LOW,2021-07-09
PRJ_0009_U034,PRJ_0009,Barcelona,pending,occupied,0,,LOW,2021-12-09
PRJ_0009_U035,PRJ_0009,Barcelona,granted,vacant,0,,LOW,2023-01-09
PRJ_0009_U036,PRJ_0009,Barcelona,in_review,vacant,0,,LOW,2022-06-09
PRJ_0009_U037,PRJ_0009,Barcelona,granted,vacant,0,,LOW,2021-11-09
PRJ_0009_U038,PRJ_0009,Barcelona,granted,vacant,0,,LOW,2021-09-09
PRJ_0009_U039,PRJ_0009,Barcelona,granted,vacant,0,,LOW,2022-08-09
PRJ_0009_U040,PRJ_0009,Barcelona,pending,vacant,0,,LOW,2022-02-09
PRJ_0009_U041,PRJ_0009,Barcelona,pending,occupied,1,hipoteca,HIGH,2021-12-09
PRJ_0009_U042,PRJ_0009,Barcelona,granted,vacant,1,servidumbre,MED,2022-11-09
PRJ_0009_U043,PRJ_0009,Barcelona,granted,vacant,0,,LOW,2022-05-09
PRJ_0009_U044,PRJ_0009,Barcelona,pending,reserved,0,,LOW,2021-12-09
PRJ_0009_U045,PRJ_0009,Barcelona,granted,vacant,0,,LOW,2022-04-09
PRJ_0009_U046,PRJ_0009,Barcelona,granted,reserved,1,servidumbre,MED,2022-07-09
PRJ_0009_U047,PRJ_0009,Barcelona,granted,reserved,0,,LOW,2022-02-09
PRJ_0009_U048,PRJ_0009,Barcelona,granted,vacant,0,,LOW,2023-05-09
PRJ_0009_U049,PRJ_0009,Barcelona,granted,vacant,0,,LOW,2022-08-09
PRJ_0009_U050,PRJ_0009,Barcelona,granted,vacant,0,,LOW,2022-09-09
PRJ_0009_U051,PRJ_0009,Barcelona,granted,vacant,0,,LOW,2022-07-09
PRJ_0009_U052,PRJ_0009,Barcelona,granted,vacant,0,,LOW,2022-01-09
PRJ_0009_U053,PRJ_0009,Barcelona,in_review,reserved,0,,LOW,2022-02-09
PRJ_0009_U054,PRJ_0009,Barcelona,in_review,occupied,0,,LOW,2021-12-09
PRJ_0009_U055,PRJ_0009,Barcelona,granted,vacant,0,,LOW,2022-10-09
PRJ_0009_U056,PRJ_0009,Barcelona,granted,vacant,1,embargo,HIGH,2023-02-09
PRJ_0009_U057,PRJ_0009,Barcelona,granted,occupied,0,,LOW,2023-07-09
PRJ_0009_U058,PRJ_0009,Barcelona,pending,vacant,0,,LOW,2023-04-09
PRJ_0009_U059,PRJ_0009,Barcelona,granted,vacant,1,embargo,HIGH,2022-08-09
PRJ_0009_U060,PRJ_0009,Barcelona,granted,vacant,0,,LOW,2023-04-09
PRJ_0009_U061,PRJ_0009,Barcelona,granted,vacant,0,,LOW,2021-09-09
PRJ_0009_U062,PRJ_0009,Barcelona,granted,vacant,0,,LOW,2022-10-09
PRJ_0009_U063,PRJ_0009,Barcelona,granted,reserved,0,,LOW,2021-09-09
PRJ_0009_U064,PRJ_0009,Barcelona,granted,vacant,0,,LOW,2023-06-09
PRJ_0009_U065,PRJ_0009,Barcelona,granted,occupied,1,servidumbre,MED,2022-05-09
PRJ_0009_U066,PRJ_0009,Barcelona,granted,vacant,1,hipoteca,HIGH,2023-06-09
PRJ_0009_U067,PRJ_0009,Barcelona,in_review,vacant,0,,LOW,2022-05-09
PRJ_0009_U068,PRJ_0009,Barcelona,granted,vacant,0,,LOW,2022-12-09
PRJ_0009_U069,PRJ_0009,Barcelona,granted,vacant,0,,LOW,2022-05-09
PRJ_0009_U070,PRJ_0009,Barcelona,granted,reserved,1,embargo,HIGH,2022-12-09
PRJ_0009_U071,PRJ_0009,Barcelona,in_review,occupied,0,,LOW,2023-03-09
PRJ_0009_U072,PRJ_0009,Barcelona,pending,occupied,0,,LOW,2021-08-09
PRJ_0009_U073,PRJ_0009,Barcelona,granted,vacant,1,hipoteca,HIGH,2023-04-09
PRJ_0009_U074,PRJ_0009,Barcelona,pending,occupied,0,,LOW,2023-06-09
PRJ_0009_U075,PRJ_0009,Barcelona,granted,reserved,0,,LOW,2022-02-09
PRJ_0009_U076,PRJ_0009,Barcelona,granted,occupied,1,servidumbre,MED,2022-07-09
PRJ_0009_U077,PRJ_0009,Barcelona,granted,vacant,0,,LOW,2021-08-09
PRJ_0009_U078,PRJ_0009,Barcelona,granted,vacant,0,,LOW,2021-09-09
PRJ_0010_U001,PRJ_0010,Madrid,granted,reserved,0,,LOW,2024-01-26
PRJ_0010_U002,PRJ_0010,Madrid,granted,vacant,0,,LOW,2024-11-26
PRJ_0010_U003,PRJ_0010,Madrid,granted,reserved,0,,LOW,2024-10-26
PRJ_0010_U004,PRJ_0010,Madrid,in_review,vacant,0,,LOW,2024-03-26
PRJ_0010_U005,PRJ_0010,Madrid,granted,vacant,1,servidumbre,MED,2023-04-26
PRJ_0010_U006,PRJ_0010,Madrid,granted,vacant,1,hipoteca,HIGH,2023-10-26
PRJ_0010_U007,PRJ_0010,Madrid,granted,occupied,0,,LOW,2024-01-26
PRJ_0010_U008,PRJ_0010,Madrid,pending,reserved,0,,LOW,2023-08-26
PRJ_0010_U009,PRJ_0010,Madrid,granted,vacant,0,,LOW,2023-09-26
PRJ_0010_U010,PRJ_0010,Madrid,granted,vacant,1,hipoteca,HIGH,2024-08-26
PRJ_0010_U011,PRJ_0010,Madrid,in_review,vacant,0,,LOW,2022-12-26
PRJ_0010_U012,PRJ_0010,Madrid,granted,vacant,0,,LOW,2024-01-26
PRJ_0010_U013,PRJ_0010,Madrid,in_review,vacant,0,,LOW,2023-10-26
PRJ_0010_U014,PRJ_0010,Madrid,in_review,vacant,1,hipoteca,HIGH,2023-10-26
PRJ_0010_U015,PRJ_0010,Madrid,granted,vacant,0,,LOW,2024-10-26
PRJ_0010_U016,PRJ_0010,Madrid,granted,vacant,1,servidumbre,MED,2024-09-26
PRJ_0010_U017,PRJ_0010,Madrid,in_review,vacant,0,,LOW,2023-08-26
PRJ_0010_U018,PRJ_0010,Madrid,granted,vacant,0,,LOW,2023-05-26
PRJ_0010_U019,PRJ_0010,Madrid,granted,vacant,0,,LOW,2023-08-26
PRJ_0010_U020,PRJ_0010,Madrid,granted,vacant,0,,LOW,2023-06-26
PRJ_0010_U021,PRJ_0010,Madrid,in_review,reserved,0,,LOW,2022-12-26
PRJ_0010_U022,PRJ_0010,Madrid,granted,vacant,0,,LOW,2023-06-26
PRJ_0010_U023,PRJ_0010,Madrid,granted,reserved,0,,LOW,2023-11-26
PRJ_0010_U024,PRJ_0010,Madrid,granted,vacant,0,,LOW,2023-03-26
PRJ_0010_U025,PRJ_0010,Madrid,pending,vacant,0,,LOW,2024-06-26
PRJ_0010_U026,PRJ_0010,Madrid,granted,vacant,0,,LOW,2024-09-26
PRJ_0010_U027,PRJ_0010,Madrid,pending,vacant,1,hipoteca,HIGH,2024-10-26
PRJ_0010_U028,PRJ_0010,Madrid,granted,reserved,1,servidumbre,MED,2024-02-26
PRJ_0010_U029,PRJ_0010,Madrid,granted,occupied,1,embargo,HIGH,2023-09-26
PRJ_0010_U030,PRJ_0010,Madrid,granted,reserved,0,,LOW,2024-04-26
PRJ_0010_U031,PRJ_0010,Madrid,in_review,vacant,0,,LOW,2024-10-26
PRJ_0010_U032,PRJ_0010,Madrid,in_review,vacant,0,,LOW,2023-01-26
PRJ_0010_U033,PRJ_0010,Madrid,granted,reserved,0,,LOW,2024-03-26
PRJ_0010_U034,PRJ_0010,Madrid,granted,vacant,0,,LOW,2023-06-26
PRJ_0010_U035,PRJ_0010,Madrid,pending,occupied,0,,LOW,2022-11-26
PRJ_0010_U036,PRJ_0010,Madrid,in_review,vacant,0,,LOW,2023-01-26
PRJ_0010_U037,PRJ_0010,Madrid,in_review,vacant,0,,LOW,2024-08-26
PRJ_0010_U038,PRJ_0010,Madrid,granted,reserved,0,,LOW,2024-02-26
PRJ_0010_U039,PRJ_0010,Madrid,granted,occupied,0,,LOW,2022-11-26
PRJ_0010_U040,PRJ_0010,Madrid,granted,vacant,1,embargo,HIGH,2023-11-26
PRJ_0010_U041,PRJ_0010,Madrid,granted,vacant,0,,LOW,2023-03-26
PRJ_0010_U042,PRJ_0010,Madrid,pending,reserved,0,,LOW,2023-10-26
PRJ_0010_U043,PRJ_0010,Madrid,granted,reserved,0,,LOW,2024-08-26
PRJ_0010_U044,PRJ_0010,Madrid,granted,vacant,0,,LOW,2024-06-26
PRJ_0010_U045,PRJ_0010,Madrid,granted,vacant,0,,LOW,2023-05-26
PRJ_0010_U046,PRJ_0010,Madrid,pending,vacant,0,,LOW,2023-03-26
PRJ_0010_U047,PRJ_0010,Madrid,granted,occupied,1,embargo,HIGH,2023-07-26
PRJ_0010_U048,PRJ_0010,Madrid,granted,vacant,0,,LOW,2023-06-26
PRJ_0010_U049,PRJ_0010,Madrid,in_review,vacant,0,,LOW,2023-01-26
PRJ_0010_U050,PRJ_0010,Madrid,granted,vacant,0,,LOW,2023-08-26
PRJ_0010_U051,PRJ_0010,Madrid,in_review,occupied,0,,LOW,2024-03-26
PRJ_0010_U052,PRJ_0010,Madrid,granted,vacant,1,embargo,HIGH,2024-06-26
PRJ_0010_U053,PRJ_0010,Madrid,in_review,occupied,0,,LOW,2023-07-26
PRJ_0010_U054,PRJ_0010,Madrid,granted,reserved,0,,LOW,2024-04-26
PRJ_0010_U055,PRJ_0010,Madrid,granted,vacant,0,,LOW,2023-05-26
PRJ_0010_U056,PRJ_0010,Madrid,granted,occupied,0,,LOW,2024-08-26
PRJ_0010_U057,PRJ_0010,Madrid,granted,reserved,0,,LOW,2024-10-26
PRJ_0010_U058,PRJ_0010,Madrid,granted,vacant,0,,LOW,2023-09-26
PRJ_0010_U059,PRJ_0010,Madrid,granted,vacant,0,,LOW,2024-10-26
PRJ_0010_U060,PRJ_0010,Madrid,granted,vacant,0,,LOW,2024-05-26
PRJ_0011_U001,PRJ_0011,Valencia,granted,vacant,0,,LOW,2021-11-28
PRJ_0011_U002,PRJ_0011,Valencia,pending,occupied,0,,LOW,2023-03-28
PRJ_0011_U003,PRJ_0011,Valencia,granted,vacant,0,,LOW,2022-03-28
PRJ_0011_U004,PRJ_0011,Valencia,granted,vacant,0,,LOW,2023-10-28
PRJ_0011_U005,PRJ_0011,Valencia,pending,reserved,0,,LOW,2021-12-28
PRJ_0011_U006,PRJ_0011,Valencia,granted,reserved,0,,LOW,2022-01-28
PRJ_0011_U007,PRJ_0011,Valencia,granted,vacant,0,,LOW,2022-12-28
PRJ_0011_U008,PRJ_0011,Valencia,pending,occupied,0,,LOW,2023-01-28
PRJ_0011_U009,PRJ_0011,Valencia,granted,occupied,0,,LOW,2023-10-28
PRJ_0011_U010,PRJ_0011,Valencia,granted,vacant,1,servidumbre,MED,2023-01-28
PRJ_0011_U011,PRJ_0011,Valencia,granted,reserved,1,servidumbre,MED,2021-12-28
PRJ_0011_U012,PRJ_0011,Valencia,granted,reserved,0,,LOW,2022-12-28
PRJ_0011_U013,PRJ_0011,Valencia,granted,occupied,0,,LOW,2022-02-28
PRJ_0011_U014,PRJ_0011,Valencia,pending,vacant,0,,LOW,2023-05-28
PRJ_0011_U015,PRJ_0011,Valencia,in_review,vacant,0,,LOW,2022-06-28
PRJ_0011_U016,PRJ_0011,Valencia,granted,vacant,1,servidumbre,MED,2023-03-28
PRJ_0011_U017,PRJ_0011,Valencia,granted,vacant,1,servidumbre,MED,2023-08-28
PRJ_0011_U018,PRJ_0011,Valencia,granted,vacant,1,hipoteca,HIGH,2023-10-28
PRJ_0011_U019,PRJ_0011,Valencia,in_review,vacant,0,,LOW,2022-10-28
PRJ_0011_U020,PRJ_0011,Valencia,in_review,occupied,0,,LOW,2022-06-28
PRJ_0011_U021,PRJ_0011,Valencia,granted,vacant,0,,LOW,2022-06-28
PRJ_0011_U022,PRJ_0011,Valencia,pending,occupied,0,,LOW,2023-03-28
PRJ_0011_U023,PRJ_0011,Valencia,granted,reserved,0,,LOW,2021-12-28
PRJ_0011_U024,PRJ_0011,Valencia,granted,vacant,0,,LOW,2022-09-28
PRJ_0011_U025,PRJ_0011,Valencia,in_review,reserved,0,,LOW,2022-05-28
PRJ_0011_U026,PRJ_0011,Valencia,granted,occupied,0,,LOW,2022-03-28
PRJ_0011_U027,PRJ_0011,Valencia,granted,vacant,0,,LOW,2023-07-28
PRJ_0011_U028,PRJ_0011,Valencia,granted,vacant,0,,LOW,2022-07-28
PRJ_0011_U029,PRJ_0011,Valencia,granted,vacant,0,,LOW,2022-01-28
PRJ_0011_U030,PRJ_0011,Valencia,granted,vacant,0,,LOW,2022-09-28
PRJ_0011_U031,PRJ_0011,Valencia,in_review,vacant,0,,LOW,2023-08-28
PRJ_0011_U032,PRJ_0011,Valencia,granted,reserved,0,,LOW,2022-09-28
PRJ_0011_U033,PRJ_0011,Valencia,granted,vacant,0,,LOW,2022-08-28
PRJ_0011_U034,PRJ_0011,Valencia,granted,vacant,1,hipoteca,HIGH,2023-05-28
PRJ_0011_U035,PRJ_0011,Valencia,granted,vacant,0,,LOW,2023-08-28
PRJ_0011_U036,PRJ_0011,Valencia,in_review,reserved,1,embargo,HIGH,2023-03-28
PRJ_0011_U037,PRJ_0011,Valencia,in_review,vacant,0,,LOW,2023-08-28
PRJ_0011_U038,PRJ_0011,Valencia,granted,vacant,0,,LOW,2023-11-28
PRJ_0011_U039,PRJ_0011,Valencia,in_review,vacant,0,,LOW,2022-02-28
PRJ_0011_U040,PRJ_0011,Valencia,in_review,vacant,0,,LOW,2021-11-28
PRJ_0011_U041,PRJ_0011,Valencia,granted,reserved,0,,LOW,2023-08-28
PRJ_0011_U042,PRJ_0011,Valencia,in_review,reserved,0,,LOW,2022-09-28
PRJ_0011_U043,PRJ_0011,Valencia,in_review,vacant,0,,LOW,2023-08-28
PRJ_0011_U044,PRJ_0011,Valencia,pending,reserved,1,hipoteca,HIGH,2023-06-28
PRJ_0011_U045,PRJ_0011,Valencia,granted,occupied,0,,LOW,2022-06-28
PRJ_0011_U046,PRJ_0011,Valencia,granted,vacant,1,embargo,HIGH,2023-09-28
PRJ_0011_U047,PRJ_0011,Valencia,granted,occupied,0,,LOW,2023-05-28
PRJ_0011_U048,PRJ_0011,Valencia,granted,vacant,0,,LOW,2022-06-28
PRJ_0011_U049,PRJ_0011,Valencia,granted,vacant,0,,LOW,2023-02-28
PRJ_0011_U050,PRJ_0011,Valencia,granted,reserved,0,,LOW,2023-06-28
PRJ_0011_U051,PRJ_0011,Valencia,granted,occupied,0,,LOW,2023-11-28
PRJ_0011_U052,PRJ_0011,Valencia,granted,vacant,0,,LOW,2023-07-28
PRJ_0011_U053,PRJ_0011,Valencia,granted,vacant,0,,LOW,2022-01-28
PRJ_0011_U054,PRJ_0011,Valencia,pending,vacant,0,,LOW,2022-01-28
PRJ_0011_U055,PRJ_0011,Valencia,granted,reserved,0,,LOW,2023-02-28
PRJ_0011_U056,PRJ_0011,Valencia,pending,occupied,0,,LOW,2022-08-28
PRJ_0011_U057,PRJ_0011,Valencia,granted,occupied,1,servidumbre,MED,2022-04-28
PRJ_0011_U058,PRJ_0011,Valencia,in_review,vacant,1,embargo,HIGH,2023-02-28
PRJ_0011_U059,PRJ_0011,Valencia,in_review,vacant,0,,LOW,2021-12-28
PRJ_0011_U060,PRJ_0011,Valencia,granted,vacant,0,,LOW,2022-11-28
PRJ_0011_U061,PRJ_0011,Valencia,granted,vacant,0,,LOW,2022-04-28
PRJ_0011_U062,PRJ_0011,Valencia,granted,vacant,0,,LOW,2022-02-28
PRJ_0011_U063,PRJ_0011,Valencia,granted,occupied,0,,LOW,2023-07-28
PRJ_0011_U064,PRJ_0011,Valencia,granted,vacant,0,,LOW,2023-02-28
PRJ_0011_U065,PRJ_0011,Valencia,granted,vacant,0,,LOW,2022-03-28
PRJ_0011_U066,PRJ_0011,Valencia,pending,occupied,0,,LOW,2023-09-28
PRJ_0011_U067,PRJ_0011,Valencia,in_review,vacant,0,,LOW,2023-08-28
PRJ_0011_U068,PRJ_0011,Valencia,granted,vacant,0,,LOW,2023-07-28
PRJ_0011_U069,PRJ_0011,Valencia,granted,vacant,0,,LOW,2022-03-28
PRJ_0011_U070,PRJ_0011,Valencia,granted,vacant,0,,LOW,2021-12-28
PRJ_0011_U071,PRJ_0011,Valencia,granted,reserved,0,,LOW,2023-05-28
PRJ_0011_U072,PRJ_0011,Valencia,pending,reserved,0,,LOW,2023-03-28
PRJ_0011_U073,PRJ_0011,Valencia,granted,vacant,0,,LOW,2022-07-28
PRJ_0011_U074,PRJ_0011,Valencia,granted,vacant,0,,LOW,2022-11-28
PRJ_0011_U075,PRJ_0011,Valencia,granted,occupied,0,,LOW,2023-10-28
PRJ_0011_U076,PRJ_0011,Valencia,granted,vacant,0,,LOW,2023-02-28
PRJ_0011_U077,PRJ_0011,Valencia,granted,vacant,0,,LOW,2023-05-28
PRJ_0011_U078,PRJ_0011,Valencia,granted,vacant,0,,LOW,2022-07-28
PRJ_0011_U079,PRJ_0011,Valencia,granted,vacant,1,hipoteca,HIGH,2023-04-28
PRJ_0011_U080,PRJ_0011,Valencia,granted,vacant,0,,LOW,2023-08-28
PRJ_0011_U081,PRJ_0011,Valencia,granted,vacant,0,,LOW,2022-08-28
PRJ_0011_U082,PRJ_0011,Valencia,granted,vacant,0,,LOW,2021-12-28
PRJ_0011_U083,PRJ_0011,Valencia,granted,vacant,0,,LOW,2023-05-28
PRJ_0011_U084,PRJ_0011,Valencia,pending,vacant,0,,LOW,2023-03-28
PRJ_0011_U085,PRJ_0011,Valencia,granted,vacant,0,,LOW,2021-11-28
PRJ_0011_U086,PRJ_0011,Valencia,granted,reserved,0,,LOW,2022-09-28
PRJ_0011_U087,PRJ_0011,Valencia,granted,reserved,0,,LOW,2022-12-28
PRJ_0011_U088,PRJ_0011,Valencia,pending,occupied,0,,LOW,2023-05-28
PRJ_0011_U089,PRJ_0011,Valencia,in_review,occupied,0,,LOW,2023-08-28
PRJ_0011_U090,PRJ_0011,Valencia,granted,vacant,0,,LOW,2021-12-28
PRJ_0011_U091,PRJ_0011,Valencia,granted,occupied,0,,LOW,2022-07-28
PRJ_0011_U092,PRJ_0011,Valencia,granted,vacant,0,,LOW,2022-04-28
PRJ_0011_U093,PRJ_0011,Valencia,in_review,reserved,1,servidumbre,MED,2022-11-28
PRJ_0011_U094,PRJ_0011,Valencia,granted,vacant,1,embargo,HIGH,2023-05-28
PRJ_0011_U095,PRJ_0011,Valencia,granted,vacant,0,,LOW,2021-12-28
PRJ_0011_U096,PRJ_0011,Valencia,granted,reserved,0,,LOW,2023-05-28
PRJ_0011_U097,PRJ_0011,Valencia,granted,vacant,0,,LOW,2023-05-28
PRJ_0011_U098,PRJ_0011,Valencia,granted,reserved,0,,LOW,2022-12-28
PRJ_0011_U099,PRJ_0011,Valencia,granted,occupied,0,,LOW,2021-12-28
PRJ_0011_U100,PRJ_0011,Valencia,granted,vacant,0,,LOW,2023-11-28
PRJ_0011_U101,PRJ_0011,Valencia,pending,reserved,0,,LOW,2022-11-28
PRJ_0011_U102,PRJ_0011,Valencia,granted,vacant,1,hipoteca,HIGH,2023-10-28
PRJ_0011_U103,PRJ_0011,Valencia,granted,vacant,1,hipoteca,HIGH,2023-11-28
PRJ_0011_U104,PRJ_0011,Valencia,granted,vacant,0,,LOW,2023-05-28
PRJ_0011_U105,PRJ_0011,Valencia,granted,vacant,0,,LOW,2022-04-28
PRJ_0011_U106,PRJ_0011,Valencia,granted,occupied,0,,LOW,2022-07-28
PRJ_0011_U107,PRJ_0011,Valencia,in_review,vacant,0,,LOW,2022-05-28
PRJ_0011_U108,PRJ_0011,Valencia,in_review,vacant,0,,LOW,2022-04-28
PRJ_0012_U001,PRJ_0012,Malaga,granted,occupied,0,,LOW,2024-10-05
PRJ_0012_U002,PRJ_0012,Malaga,granted,occupied,0,,LOW,2024-11-05
PRJ_0012_U003,PRJ_0012,Malaga,granted,reserved,1,embargo,HIGH,2024-07-05
PRJ_0012_U004,PRJ_0012,Malaga,granted,vacant,0,,LOW,2025-09-05
PRJ_0012_U005,PRJ_0012,Malaga,granted,occupied,0,,LOW,2024-04-05
PRJ_0012_U006,PRJ_0012,Malaga,granted,vacant,0,,LOW,2023-10-05
PRJ_0012_U007,PRJ_0012,Malaga,granted,reserved,0,,LOW,2024-11-05
PRJ_0012_U008,PRJ_0012,Malaga,granted,reserved,0,,LOW,2025-01-05
PRJ_0012_U009,PRJ_0012,Malaga,granted,vacant,1,hipoteca,HIGH,2024-01-05
PRJ_0012_U010,PRJ_0012,Malaga,granted,reserved,0,,LOW,2024-08-05
PRJ_0012_U011,PRJ_0012,Malaga,pending,vacant,0,,LOW,2023-11-05
PRJ_0012_U012,PRJ_0012,Malaga,in_review,vacant,0,,LOW,2024-07-05
PRJ_0012_U013,PRJ_0012,Malaga,granted,reserved,0,,LOW,2023-09-05
PRJ_0012_U014,PRJ_0012,Malaga,granted,reserved,1,hipoteca,HIGH,2023-10-05
PRJ_0012_U015,PRJ_0012,Malaga,granted,reserved,1,embargo,HIGH,2023-10-05
PRJ_0012_U016,PRJ_0012,Malaga,in_review,vacant,0,,LOW,2025-07-05
PRJ_0012_U017,PRJ_0012,Malaga,granted,vacant,0,,LOW,2025-08-05
PRJ_0012_U018,PRJ_0012,Malaga,in_review,vacant,0,,LOW,2025-02-05
PRJ_0012_U019,PRJ_0012,Malaga,pending,vacant,0,,LOW,2025-08-05
PRJ_0012_U020,PRJ_0012,Malaga,pending,reserved,0,,LOW,2023-10-05
PRJ_0012_U021,PRJ_0012,Malaga,granted,reserved,0,,LOW,2025-02-05
PRJ_0012_U022,PRJ_0012,Malaga,granted,vacant,1,servidumbre,MED,2023-10-05
PRJ_0012_U023,PRJ_0012,Malaga,granted,vacant,0,,LOW,2025-08-05
PRJ_0012_U024,PRJ_0012,Malaga,in_review,reserved,0,,LOW,2023-10-05
PRJ_0012_U025,PRJ_0012,Malaga,granted,reserved,1,servidumbre,MED,2025-09-05
PRJ_0012_U026,PRJ_0012,Malaga,granted,occupied,0,,LOW,2023-12-05
PRJ_0012_U027,PRJ_0012,Malaga,in_review,vacant,0,,LOW,2024-11-05
PRJ_0012_U028,PRJ_0012,Malaga,granted,vacant,0,,LOW,2025-05-05
PRJ_0012_U029,PRJ_0012,Malaga,granted,vacant,0,,LOW,2025-07-05
PRJ_0012_U030,PRJ_0012,Malaga,in_review,reserved,0,,LOW,2024-10-05
PRJ_0012_U031,PRJ_0012,Malaga,granted,vacant,0,,LOW,2025-01-05
PRJ_0012_U032,PRJ_0012,Malaga,in_review,vacant,0,,LOW,2025-06-05
PRJ_0012_U033,PRJ_0012,Malaga,granted,vacant,0,,LOW,2024-09-05
PRJ_0012_U034,PRJ_0012,Malaga,in_review,reserved,0,,LOW,2024-12-05
PRJ_0012_U035,PRJ_0012,Malaga,pending,vacant,0,,LOW,2024-03-05
PRJ_0012_U036,PRJ_0012,Malaga,in_review,vacant,0,,LOW,2024-11-05
PRJ_0012_U037,PRJ_0012,Malaga,granted,occupied,0,,LOW,2025-02-05
PRJ_0012_U038,PRJ_0012,Malaga,in_review,vacant,0,,LOW,2024-12-05
PRJ_0012_U039,PRJ_0012,Malaga,in_review,vacant,0,,LOW,2024-12-05
PRJ_0012_U040,PRJ_0012,Malaga,granted,occupied,0,,LOW,2023-12-05
PRJ_0012_U041,PRJ_0012,Malaga,granted,vacant,0,,LOW,2025-03-05
PRJ_0012_U042,PRJ_0012,Malaga,granted,reserved,0,,LOW,2025-05-05
PRJ_0012_U043,PRJ_0012,Malaga,granted,vacant,0,,LOW,2025-02-05
PRJ_0012_U044,PRJ_0012,Malaga,pending,vacant,0,,LOW,2024-10-05
PRJ_0012_U045,PRJ_0012,Malaga,granted,vacant,0,,LOW,2025-03-05
PRJ_0012_U046,PRJ_0012,Malaga,pending,vacant,1,hipoteca,HIGH,2025-01-05
PRJ_0012_U047,PRJ_0012,Malaga,granted,occupied,0,,LOW,2024-09-05
PRJ_0012_U048,PRJ_0012,Malaga,granted,vacant,0,,LOW,2023-09-05
PRJ_0012_U049,PRJ_0012,Malaga,granted,vacant,0,,LOW,2024-03-05
PRJ_0012_U050,PRJ_0012,Malaga,granted,vacant,0,,LOW,2025-05-05
PRJ_0012_U051,PRJ_0012,Malaga,granted,vacant,0,,LOW,2025-07-05
PRJ_0012_U052,PRJ_0012,Malaga,in_review,reserved,0,,LOW,2023-10-05
PRJ_0012_U053,PRJ_0012,Malaga,in_review,vacant,0,,LOW,2024-04-05
PRJ_0012_U054,PRJ_0012,Malaga,granted,vacant,0,,LOW,2025-02-05
PRJ_0012_U055,PRJ_0012,Malaga,granted,reserved,0,,LOW,2023-11-05
PRJ_0012_U056,PRJ_0012,Malaga,granted,reserved,1,servidumbre,MED,2025-03-05
PRJ_0012_U057,PRJ_0012,Malaga,pending,vacant,0,,LOW,2024-12-05
PRJ_0012_U058,PRJ_0012,Malaga,granted,vacant,0,,LOW,2025-09-05
PRJ_0012_U059,PRJ_0012,Malaga,in_review,occupied,0,,LOW,2024-05-05
PRJ_0012_U060,PRJ_0012,Malaga,granted,reserved,0,,LOW,2024-06-05
PRJ_0012_U061,PRJ_0012,Malaga,granted,vacant,0,,LOW,2024-11-05
PRJ_0012_U062,PRJ_0012,Malaga,granted,vacant,0,,LOW,2024-12-05
PRJ_0012_U063,PRJ_0012,Malaga,in_review,vacant,0,,LOW,2024-03-05
PRJ_0012_U064,PRJ_0012,Malaga,granted,vacant,0,,LOW,2025-04-05
PRJ_0012_U065,PRJ_0012,Malaga,granted,vacant,0,,LOW,2025-05-05
PRJ_0012_U066,PRJ_0012,Malaga,granted,occupied,0,,LOW,2025-08-05
PRJ_0012_U067,PRJ_0012,Malaga,granted,reserved,1,hipoteca,HIGH,2024-04-05
PRJ_0012_U068,PRJ_0012,Malaga,granted,vacant,0,,LOW,2024-06-05
PRJ_0012_U069,PRJ_0012,Malaga,granted,reserved,0,,LOW,2025-06-05
PRJ_0012_U070,PRJ_0012,Malaga,pending,vacant,0,,LOW,2024-09-05
PRJ_0012_U071,PRJ_0012,Malaga,granted,occupied,0,,LOW,2025-06-05
PRJ_0012_U072,PRJ_0012,Malaga,granted,reserved,0,,LOW,2024-05-05
PRJ_0012_U073,PRJ_0012,Malaga,granted,vacant,0,,LOW,2024-11-05
PRJ_0012_U074,PRJ_0012,Malaga,in_review,vacant,0,,LOW,2023-12-05
PRJ_0012_U075,PRJ_0012,Malaga,granted,vacant,0,,LOW,2024-04-05
PRJ_0012_U076,PRJ_0012,Malaga,granted,reserved,0,,LOW,2024-04-05
PRJ_0012_U077,PRJ_0012,Malaga,granted,reserved,0,,LOW,2024-06-05
PRJ_0012_U078,PRJ_0012,Malaga,granted,vacant,0,,LOW,2024-10-05
PRJ_0012_U079,PRJ_0012,Malaga,granted,vacant,0,,LOW,2025-01-05
PRJ_0012_U080,PRJ_0012,Malaga,granted,vacant,0,,LOW,2025-04-05
PRJ_0012_U081,PRJ_0012,Malaga,granted,reserved,1,servidumbre,MED,2024-11-05
PRJ_0012_U082,PRJ_0012,Malaga,in_review,vacant,0,,LOW,2025-07-05
PRJ_0012_U083,PRJ_0012,Malaga,granted,vacant,0,,LOW,2025-03-05
PRJ_0012_U084,PRJ_0012,Malaga,granted,vacant,0,,LOW,2025-08-05
PRJ_0012_U085,PRJ_0012,Malaga,granted,vacant,0,,LOW,2024-10-05
PRJ_0012_U086,PRJ_0012,Malaga,granted,reserved,0,,LOW,2023-12-05
PRJ_0012_U087,PRJ_0012,Malaga,granted,vacant,0,,LOW,2024-01-05
PRJ_0012_U088,PRJ_0012,Malaga,in_review,reserved,0,,LOW,2025-02-05
PRJ_0012_U089,PRJ_0012,Malaga,granted,reserved,0,,LOW,2025-01-05
PRJ_0012_U090,PRJ_0012,Malaga,in_review,vacant,1,embargo,HIGH,2025-06-05
PRJ_0012_U091,PRJ_0012,Malaga,pending,vacant,0,,LOW,2023-09-05
PRJ_0012_U092,PRJ_0012,Malaga,granted,occupied,1,embargo,HIGH,2024-01-05
PRJ_0012_U093,PRJ_0012,Malaga,granted,vacant,0,,LOW,2024-08-05
PRJ_0012_U094,PRJ_0012,Malaga,granted,reserved,0,,LOW,2025-09-05
PRJ_0012_U095,PRJ_0012,Malaga,in_review,vacant,0,,LOW,2023-10-05
PRJ_0012_U096,PRJ_0012,Malaga,granted,reserved,0,,LOW,2024-08-05
PRJ_0012_U097,PRJ_0012,Malaga,granted,vacant,0,,LOW,2023-12-05
PRJ_0012_U098,PRJ_0012,Malaga,granted,vacant,1,servidumbre,MED,2025-09-05
PRJ_0012_U099,PRJ_0012,Malaga,granted,vacant,0,,LOW,2024-10-05
PRJ_0012_U100,PRJ_0012,Malaga,granted,reserved,0,,LOW,2024-05-05
PRJ_0012_U101,PRJ_0012,Malaga,granted,vacant,1,hipoteca,HIGH,2024-05-05
PRJ_0012_U102,PRJ_0012,Malaga,in_review,reserved,0,,LOW,2025-03-05
PRJ_0012_U103,PRJ_0012,Malaga,granted,vacant,0,,LOW,2024-04-05
PRJ_0012_U104,PRJ_0012,Malaga,granted,occupied,0,,LOW,2024-06-05
PRJ_0012_U105,PRJ_0012,Malaga,in_review,occupied,0,,LOW,2023-09-05
PRJ_0012_U106,PRJ_0012,Malaga,granted,vacant,0,,LOW,2024-10-05
PRJ_0012_U107,PRJ_0012,Malaga,granted,vacant,0,,LOW,2023-10-05
PRJ_0012_U108,PRJ_0012,Malaga,granted,vacant,0,,LOW,2024-05-05
PRJ_0012_U109,PRJ_0012,Malaga,granted,vacant,0,,LOW,2024-05-05
PRJ_0012_U110,PRJ_0012,Malaga,in_review,reserved,0,,LOW,2023-12-05
PRJ_0012_U111,PRJ_0012,Malaga,pending,reserved,1,servidumbre,MED,2024-12-05
PRJ_0012_U112,PRJ_0012,Malaga,granted,vacant,0,,LOW,2025-04-05
PRJ_0012_U113,PRJ_0012,Malaga,granted,vacant,0,,LOW,2024-10-05
PRJ_0012_U114,PRJ_0012,Malaga,granted,vacant,0,,LOW,2025-03-05
PRJ_0012_U115,PRJ_0012,Malaga,in_review,vacant,0,,LOW,2025-02-05
PRJ_0012_U116,PRJ_0012,Malaga,granted,occupied,1,servidumbre,MED,2024-09-05
PRJ_0012_U117,PRJ_0012,Malaga,in_review,vacant,0,,LOW,2025-03-05
PRJ_0012_U118,PRJ_0012,Malaga,granted,reserved,0,,LOW,2023-09-05
PRJ_0012_U119,PRJ_0012,Malaga,granted,vacant,0,,LOW,2025-08-05
PRJ_0012_U120,PRJ_0012,Malaga,granted,vacant,1,hipoteca,HIGH,2024-12-05
PRJ_0012_U121,PRJ_0012,Malaga,granted,vacant,0,,LOW,2025-07-05
PRJ_0012_U122,PRJ_0012,Malaga,granted,vacant,1,hipoteca,HIGH,2025-03-05
PRJ_0012_U123,PRJ_0012,Malaga,granted,vacant,0,,LOW,2025-06-05
PRJ_0012_U124,PRJ_0012,Malaga,granted,vacant,1,embargo,HIGH,2024-09-05
PRJ_0012_U125,PRJ_0012,Malaga,granted,vacant,0,,LOW,2024-08-05
PRJ_0012_U126,PRJ_0012,Malaga,pending,vacant,0,,LOW,2025-06-05
PRJ_0012_U127,PRJ_0012,Malaga,granted,reserved,1,servidumbre,MED,2025-01-05
PRJ_0012_U128,PRJ_0012,Malaga,in_review,vacant,0,,LOW,2024-05-05
PRJ_0013_U001,PRJ_0013,Sevilla,granted,reserved,0,,LOW,2022-11-01
PRJ_0013_U002,PRJ_0013,Sevilla,granted,vacant,0,,LOW,2023-04-01
PRJ_0013_U003,PRJ_0013,Sevilla,granted,vacant,0,,LOW,2023-11-01
PRJ_0013_U004,PRJ_0013,Sevilla,in_review,vacant,0,,LOW,2023-04-01
PRJ_0013_U005,PRJ_0013,Sevilla,granted,vacant,1,servidumbre,MED,2024-04-01
PRJ_0013_U006,PRJ_0013,Sevilla,granted,vacant,0,,LOW,2023-09-01
PRJ_0013_U007,PRJ_0013,Sevilla,granted,vacant,0,,LOW,2023-11-01
PRJ_0013_U008,PRJ_0013,Sevilla,granted,vacant,0,,LOW,2024-01-01
PRJ_0013_U009,PRJ_0013,Sevilla,granted,reserved,0,,LOW,2023-10-01
PRJ_0013_U010,PRJ_0013,Sevilla,pending,vacant,0,,LOW,2024-07-01
PRJ_0013_U011,PRJ_0013,Sevilla,granted,occupied,0,,LOW,2024-02-01
PRJ_0013_U012,PRJ_0013,Sevilla,pending,vacant,0,,LOW,2023-10-01
PRJ_0013_U013,PRJ_0013,Sevilla,granted,vacant,1,hipoteca,HIGH,2023-09-01
PRJ_0013_U014,PRJ_0013,Sevilla,granted,occupied,0,,LOW,2023-07-01
PRJ_0013_U015,PRJ_0013,Sevilla,granted,occupied,0,,LOW,2024-08-01
PRJ_0013_U016,PRJ_0013,Sevilla,granted,vacant,0,,LOW,2023-09-01
PRJ_0013_U017,PRJ_0013,Sevilla,granted,vacant,0,,LOW,2024-09-01
PRJ_0013_U018,PRJ_0013,Sevilla,in_review,vacant,0,,LOW,2024-04-01
PRJ_0013_U019,PRJ_0013,Sevilla,in_review,vacant,0,,LOW,2023-11-01
PRJ_0013_U020,PRJ_0013,Sevilla,granted,vacant,0,,LOW,2023-06-01
PRJ_0013_U021,PRJ_0013,Sevilla,granted,vacant,0,,LOW,2024-08-01
PRJ_0013_U022,PRJ_0013,Sevilla,granted,vacant,0,,LOW,2023-03-01
PRJ_0013_U023,PRJ_0013,Sevilla,pending,vacant,1,hipoteca,HIGH,2024-01-01
PRJ_0013_U024,PRJ_0013,Sevilla,granted,reserved,1,servidumbre,MED,2023-02-01
PRJ_0013_U025,PRJ_0013,Sevilla,granted,vacant,0,,LOW,2024-05-01
PRJ_0013_U026,PRJ_0013,Sevilla,in_review,vacant,0,,LOW,2024-06-01
PRJ_0013_U027,PRJ_0013,Sevilla,in_review,vacant,0,,LOW,2024-03-01
PRJ_0013_U028,PRJ_0013,Sevilla,granted,occupied,0,,LOW,2023-04-01
PRJ_0013_U029,PRJ_0013,Sevilla,granted,reserved,0,,LOW,2022-10-01
PRJ_0013_U030,PRJ_0013,Sevilla,in_review,vacant,0,,LOW,2023-06-01
PRJ_0013_U031,PRJ_0013,Sevilla,granted,occupied,0,,LOW,2023-10-01
PRJ_0013_U032,PRJ_0013,Sevilla,in_review,vacant,0,,LOW,2024-08-01
PRJ_0013_U033,PRJ_0013,Sevilla,granted,vacant,0,,LOW,2023-11-01
PRJ_0013_U034,PRJ_0013,Sevilla,granted,reserved,0,,LOW,2023-02-01
PRJ_0013_U035,PRJ_0013,Sevilla,granted,vacant,0,,LOW,2023-06-01
PRJ_0013_U036,PRJ_0013,Sevilla,in_review,reserved,0,,LOW,2023-06-01
PRJ_0013_U037,PRJ_0013,Sevilla,in_review,vacant,1,servidumbre,MED,2024-10-01
PRJ_0013_U038,PRJ_0013,Sevilla,in_review,vacant,0,,LOW,2023-07-01
PRJ_0013_U039,PRJ_0013,Sevilla,in_review,vacant,0,,LOW,2023-05-01
PRJ_0013_U040,PRJ_0013,Sevilla,granted,reserved,0,,LOW,2023-12-01
PRJ_0013_U041,PRJ_0013,Sevilla,in_review,vacant,0,,LOW,2023-02-01
PRJ_0013_U042,PRJ_0013,Sevilla,granted,vacant,0,,LOW,2024-07-01
PRJ_0013_U043,PRJ_0013,Sevilla,pending,vacant,0,,LOW,2023-07-01
PRJ_0013_U044,PRJ_0013,Sevilla,granted,vacant,1,servidumbre,MED,2023-03-01
PRJ_0013_U045,PRJ_0013,Sevilla,granted,vacant,1,embargo,HIGH,2024-10-01
PRJ_0013_U046,PRJ_0013,Sevilla,granted,vacant,0,,LOW,2024-07-01
PRJ_0013_U047,PRJ_0013,Sevilla,in_review,vacant,0,,LOW,2024-06-01
PRJ_0013_U048,PRJ_0013,Sevilla,granted,reserved,0,,LOW,2023-08-01
PRJ_0013_U049,PRJ_0013,Sevilla,granted,vacant,0,,LOW,2024-04-01
PRJ_0013_U050,PRJ_0013,Sevilla,in_review,vacant,0,,LOW,2023-09-01
PRJ_0013_U051,PRJ_0013,Sevilla,granted,vacant,0,,LOW,2024-09-01
PRJ_0013_U052,PRJ_0013,Sevilla,granted,occupied,0,,LOW,2023-09-01
PRJ_0013_U053,PRJ_0013,Sevilla,granted,vacant,0,,LOW,2024-08-01
PRJ_0013_U054,PRJ_0013,Sevilla,granted,vacant,0,,LOW,2024-08-01
PRJ_0013_U055,PRJ_0013,Sevilla,granted,occupied,0,,LOW,2023-08-01
PRJ_0013_U056,PRJ_0013,Sevilla,granted,vacant,0,,LOW,2022-10-01
PRJ_0013_U057,PRJ_0013,Sevilla,granted,vacant,0,,LOW,2023-06-01
PRJ_0013_U058,PRJ_0013,Sevilla,pending,vacant,0,,LOW,2024-05-01
PRJ_0013_U059,PRJ_0013,Sevilla,granted,reserved,1,servidumbre,MED,2023-08-01
PRJ_0013_U060,PRJ_0013,Sevilla,granted,occupied,1,embargo,HIGH,2022-10-01
PRJ_0014_U001,PRJ_0014,Sevilla,granted,vacant,0,,LOW,2025-07-30
PRJ_0014_U002,PRJ_0014,Sevilla,pending,vacant,0,,LOW,2026-03-30
PRJ_0014_U003,PRJ_0014,Sevilla,granted,occupied,1,embargo,HIGH,2024-08-30
PRJ_0014_U004,PRJ_0014,Sevilla,granted,vacant,0,,LOW,2024-06-30
PRJ_0014_U005,PRJ_0014,Sevilla,in_review,vacant,0,,LOW,2024-05-30
PRJ_0014_U006,PRJ_0014,Sevilla,granted,vacant,0,,LOW,2025-08-30
PRJ_0014_U007,PRJ_0014,Sevilla,granted,vacant,0,,LOW,2025-02-28
PRJ_0014_U008,PRJ_0014,Sevilla,in_review,vacant,1,hipoteca,HIGH,2025-07-30
PRJ_0014_U009,PRJ_0014,Sevilla,granted,vacant,0,,LOW,2025-11-30
PRJ_0014_U010,PRJ_0014,Sevilla,granted,vacant,0,,LOW,2024-07-30
PRJ_0014_U011,PRJ_0014,Sevilla,in_review,reserved,0,,LOW,2024-10-30
PRJ_0014_U012,PRJ_0014,Sevilla,pending,reserved,1,hipoteca,HIGH,2025-03-30
PRJ_0014_U013,PRJ_0014,Sevilla,in_review,vacant,0,,LOW,2025-08-30
PRJ_0014_U014,PRJ_0014,Sevilla,granted,vacant,1,servidumbre,MED,2025-08-30
PRJ_0014_U015,PRJ_0014,Sevilla,in_review,vacant,0,,LOW,2026-03-30
PRJ_0014_U016,PRJ_0014,Sevilla,granted,vacant,0,,LOW,2025-10-30
PRJ_0014_U017,PRJ_0014,Sevilla,granted,vacant,0,,LOW,2026-01-30
PRJ_0014_U018,PRJ_0014,Sevilla,in_review,reserved,0,,LOW,2024-06-30
PRJ_0014_U019,PRJ_0014,Sevilla,in_review,vacant,0,,LOW,2024-07-30
PRJ_0014_U020,PRJ_0014,Sevilla,granted,vacant,0,,LOW,2026-04-30
PRJ_0014_U021,PRJ_0014,Sevilla,in_review,vacant,0,,LOW,2025-04-30
PRJ_0014_U022,PRJ_0014,Sevilla,in_review,occupied,0,,LOW,2024-08-30
PRJ_0014_U023,PRJ_0014,Sevilla,granted,occupied,0,,LOW,2025-10-30
PRJ_0014_U024,PRJ_0014,Sevilla,granted,reserved,0,,LOW,2024-12-30
PRJ_0014_U025,PRJ_0014,Sevilla,granted,vacant,0,,LOW,2026-01-30
PRJ_0014_U026,PRJ_0014,Sevilla,granted,reserved,0,,LOW,2024-11-30
PRJ_0014_U027,PRJ_0014,Sevilla,granted,reserved,0,,LOW,2024-07-30
PRJ_0014_U028,PRJ_0014,Sevilla,pending,vacant,0,,LOW,2026-02-28
PRJ_0014_U029,PRJ_0014,Sevilla,in_review,occupied,1,embargo,HIGH,2025-04-30
PRJ_0014_U030,PRJ_0014,Sevilla,in_review,vacant,0,,LOW,2025-10-30
PRJ_0014_U031,PRJ_0014,Sevilla,in_review,vacant,0,,LOW,2026-02-28
PRJ_0014_U032,PRJ_0014,Sevilla,granted,vacant,0,,LOW,2024-08-30
PRJ_0014_U033,PRJ_0014,Sevilla,in_review,occupied,0,,LOW,2026-03-30
PRJ_0014_U034,PRJ_0014,Sevilla,granted,reserved,0,,LOW,2026-01-30
PRJ_0014_U035,PRJ_0014,Sevilla,granted,vacant,1,servidumbre,MED,2025-07-30
PRJ_0014_U036,PRJ_0014,Sevilla,granted,vacant,0,,LOW,2024-09-30
PRJ_0014_U037,PRJ_0014,Sevilla,in_review,reserved,0,,LOW,2025-01-30
PRJ_0014_U038,PRJ_0014,Sevilla,granted,vacant,1,servidumbre,MED,2024-11-30
PRJ_0014_U039,PRJ_0014,Sevilla,granted,vacant,0,,LOW,2025-11-30
PRJ_0014_U040,PRJ_0014,Sevilla,granted,reserved,0,,LOW,2025-03-30
PRJ_0014_U041,PRJ_0014,Sevilla,granted,vacant,0,,LOW,2025-03-30
PRJ_0014_U042,PRJ_0014,Sevilla,granted,reserved,0,,LOW,2026-03-30
PRJ_0014_U043,PRJ_0014,Sevilla,in_review,vacant,0,,LOW,2026-04-30
PRJ_0014_U044,PRJ_0014,Sevilla,granted,occupied,0,,LOW,2026-02-28
PRJ_0014_U045,PRJ_0014,Sevilla,granted,occupied,0,,LOW,2025-08-30
PRJ_0014_U046,PRJ_0014,Sevilla,in_review,vacant,0,,LOW,2026-04-30
PRJ_0014_U047,PRJ_0014,Sevilla,granted,vacant,0,,LOW,2026-01-30
PRJ_0014_U048,PRJ_0014,Sevilla,granted,vacant,0,,LOW,2024-11-30
PRJ_0014_U049,PRJ_0014,Sevilla,granted,vacant,0,,LOW,2024-11-30
PRJ_0014_U050,PRJ_0014,Sevilla,granted,occupied,1,servidumbre,MED,2026-02-28
PRJ_0014_U051,PRJ_0014,Sevilla,granted,reserved,0,,LOW,2026-03-30
PRJ_0014_U052,PRJ_0014,Sevilla,granted,vacant,0,,LOW,2025-06-30
PRJ_0014_U053,PRJ_0014,Sevilla,granted,vacant,0,,LOW,2025-05-30
PRJ_0014_U054,PRJ_0014,Sevilla,granted,vacant,0,,LOW,2025-03-30
PRJ_0014_U055,PRJ_0014,Sevilla,granted,reserved,0,,LOW,2025-11-30
PRJ_0014_U056,PRJ_0014,Sevilla,granted,reserved,0,,LOW,2024-08-30
PRJ_0014_U057,PRJ_0014,Sevilla,in_review,reserved,0,,LOW,2026-01-30
PRJ_0014_U058,PRJ_0014,Sevilla,granted,vacant,0,,LOW,2024-11-30
PRJ_0014_U059,PRJ_0014,Sevilla,granted,vacant,0,,LOW,2026-03-30
PRJ_0014_U060,PRJ_0014,Sevilla,granted,vacant,1,hipoteca,HIGH,2024-06-30
PRJ_0014_U061,PRJ_0014,Sevilla,granted,reserved,0,,LOW,2024-09-30
PRJ_0014_U062,PRJ_0014,Sevilla,pending,occupied,0,,LOW,2025-12-30
PRJ_0014_U063,PRJ_0014,Sevilla,pending,reserved,1,embargo,HIGH,2024-10-30
PRJ_0014_U064,PRJ_0014,Sevilla,in_review,vacant,0,,LOW,2025-04-30
PRJ_0014_U065,PRJ_0014,Sevilla,granted,reserved,1,servidumbre,MED,2024-05-30
PRJ_0014_U066,PRJ_0014,Sevilla,granted,reserved,0,,LOW,2026-03-30
PRJ_0014_U067,PRJ_0014,Sevilla,in_review,vacant,0,,LOW,2025-04-30
PRJ_0014_U068,PRJ_0014,Sevilla,pending,occupied,0,,LOW,2025-07-30
PRJ_0014_U069,PRJ_0014,Sevilla,granted,occupied,0,,LOW,2024-06-30
PRJ_0014_U070,PRJ_0014,Sevilla,granted,vacant,0,,LOW,2025-09-30
PRJ_0014_U071,PRJ_0014,Sevilla,granted,occupied,0,,LOW,2026-02-28
PRJ_0014_U072,PRJ_0014,Sevilla,pending,reserved,0,,LOW,2024-08-30
PRJ_0014_U073,PRJ_0014,Sevilla,granted,vacant,0,,LOW,2024-08-30
PRJ_0014_U074,PRJ_0014,Sevilla,granted,vacant,0,,LOW,2026-04-30
PRJ_0014_U075,PRJ_0014,Sevilla,granted,vacant,0,,LOW,2024-07-30
PRJ_0014_U076,PRJ_0014,Sevilla,in_review,vacant,0,,LOW,2025-04-30
PRJ_0014_U077,PRJ_0014,Sevilla,granted,reserved,0,,LOW,2026-03-30
PRJ_0014_U078,PRJ_0014,Sevilla,granted,vacant,1,servidumbre,MED,2026-04-30
PRJ_0014_U079,PRJ_0014,Sevilla,granted,vacant,0,,LOW,2025-03-30
PRJ_0014_U080,PRJ_0014,Sevilla,granted,vacant,0,,LOW,2025-06-30
PRJ_0014_U081,PRJ_0014,Sevilla,granted,vacant,0,,LOW,2025-11-30
PRJ_0014_U082,PRJ_0014,Sevilla,in_review,occupied,1,embargo,HIGH,2024-08-30
PRJ_0014_U083,PRJ_0014,Sevilla,pending,occupied,0,,LOW,2025-10-30
PRJ_0014_U084,PRJ_0014,Sevilla,granted,reserved,1,embargo,HIGH,2024-06-30
PRJ_0014_U085,PRJ_0014,Sevilla,granted,reserved,0,,LOW,2025-11-30
PRJ_0014_U086,PRJ_0014,Sevilla,in_review,reserved,0,,LOW,2025-10-30
PRJ_0014_U087,PRJ_0014,Sevilla,granted,vacant,1,servidumbre,MED,2025-06-30
PRJ_0014_U088,PRJ_0014,Sevilla,in_review,vacant,0,,LOW,2024-09-30
PRJ_0014_U089,PRJ_0014,Sevilla,granted,vacant,0,,LOW,2024-09-30
PRJ_0014_U090,PRJ_0014,Sevilla,pending,reserved,0,,LOW,2025-03-30
PRJ_0014_U091,PRJ_0014,Sevilla,in_review,occupied,0,,LOW,2026-04-30
PRJ_0014_U092,PRJ_0014,Sevilla,granted,vacant,0,,LOW,2025-09-30
PRJ_0014_U093,PRJ_0014,Sevilla,granted,reserved,0,,LOW,2025-05-30
PRJ_0014_U094,PRJ_0014,Sevilla,granted,vacant,1,hipoteca,HIGH,2024-05-30
PRJ_0014_U095,PRJ_0014,Sevilla,granted,vacant,0,,LOW,2026-02-28
PRJ_0014_U096,PRJ_0014,Sevilla,granted,vacant,0,,LOW,2024-08-30
PRJ_0014_U097,PRJ_0014,Sevilla,pending,vacant,0,,LOW,2024-12-30
PRJ_0014_U098,PRJ_0014,Sevilla,in_review,occupied,1,hipoteca,HIGH,2024-11-30
PRJ_0014_U099,PRJ_0014,Sevilla,granted,vacant,0,,LOW,2025-04-30
PRJ_0014_U100,PRJ_0014,Sevilla,granted,vacant,0,,LOW,2025-10-30
PRJ_0014_U101,PRJ_0014,Sevilla,granted,reserved,1,hipoteca,HIGH,2025-02-28
PRJ_0014_U102,PRJ_0014,Sevilla,granted,reserved,0,,LOW,2026-01-30
PRJ_0014_U103,PRJ_0014,Sevilla,in_review,vacant,0,,LOW,2026-02-28
PRJ_0014_U104,PRJ_0014,Sevilla,granted,vacant,0,,LOW,2026-02-28
PRJ_0014_U105,PRJ_0014,Sevilla,granted,vacant,0,,LOW,2025-07-30
PRJ_0014_U106,PRJ_0014,Sevilla,granted,vacant,0,,LOW,2025-12-30
PRJ_0014_U107,PRJ_0014,Sevilla,granted,vacant,0,,LOW,2024-06-30
PRJ_0014_U108,PRJ_0014,Sevilla,granted,occupied,0,,LOW,2024-06-30
PRJ_0014_U109,PRJ_0014,Sevilla,in_review,vacant,1,hipoteca,HIGH,2024-09-30
PRJ_0015_U001,PRJ_0015,Sevilla,in_review,occupied,0,,LOW,2024-10-20
PRJ_0015_U002,PRJ_0015,Sevilla,in_review,vacant,0,,LOW,2024-09-20
PRJ_0015_U003,PRJ_0015,Sevilla,pending,vacant,1,embargo,HIGH,2023-10-20
PRJ_0015_U004,PRJ_0015,Sevilla,granted,vacant,0,,LOW,2024-02-20
PRJ_0015_U005,PRJ_0015,Sevilla,granted,reserved,0,,LOW,2025-01-20
PRJ_0015_U006,PRJ_0015,Sevilla,granted,vacant,0,,LOW,2024-01-20
PRJ_0015_U007,PRJ_0015,Sevilla,in_review,reserved,0,,LOW,2025-05-20
PRJ_0015_U008,PRJ_0015,Sevilla,granted,occupied,0,,LOW,2024-01-20
PRJ_0015_U009,PRJ_0015,Sevilla,in_review,vacant,0,,LOW,2025-03-20
PRJ_0015_U010,PRJ_0015,Sevilla,granted,vacant,0,,LOW,2024-08-20
PRJ_0015_U011,PRJ_0015,Sevilla,granted,vacant,0,,LOW,2024-06-20
PRJ_0015_U012,PRJ_0015,Sevilla,granted,occupied,0,,LOW,2023-11-20
PRJ_0015_U013,PRJ_0015,Sevilla,in_review,vacant,0,,LOW,2024-02-20
PRJ_0015_U014,PRJ_0015,Sevilla,in_review,reserved,0,,LOW,2024-12-20
PRJ_0015_U015,PRJ_0015,Sevilla,granted,vacant,0,,LOW,2025-01-20
PRJ_0015_U016,PRJ_0015,Sevilla,granted,reserved,0,,LOW,2025-05-20
PRJ_0015_U017,PRJ_0015,Sevilla,granted,occupied,0,,LOW,2025-10-20
PRJ_0015_U018,PRJ_0015,Sevilla,granted,reserved,0,,LOW,2023-10-20
PRJ_0015_U019,PRJ_0015,Sevilla,granted,occupied,0,,LOW,2025-10-20
PRJ_0015_U020,PRJ_0015,Sevilla,granted,vacant,0,,LOW,2025-08-20
PRJ_0015_U021,PRJ_0015,Sevilla,pending,vacant,0,,LOW,2024-05-20
PRJ_0015_U022,PRJ_0015,Sevilla,granted,vacant,0,,LOW,2024-10-20
PRJ_0015_U023,PRJ_0015,Sevilla,in_review,vacant,0,,LOW,2025-08-20
PRJ_0015_U024,PRJ_0015,Sevilla,pending,occupied,0,,LOW,2023-12-20
PRJ_0015_U025,PRJ_0015,Sevilla,in_review,vacant,0,,LOW,2025-06-20
PRJ_0015_U026,PRJ_0015,Sevilla,granted,reserved,0,,LOW,2025-01-20
PRJ_0015_U027,PRJ_0015,Sevilla,in_review,occupied,1,hipoteca,HIGH,2024-05-20
PRJ_0015_U028,PRJ_0015,Sevilla,granted,vacant,0,,LOW,2025-03-20
PRJ_0015_U029,PRJ_0015,Sevilla,granted,occupied,0,,LOW,2024-07-20
PRJ_0015_U030,PRJ_0015,Sevilla,granted,occupied,0,,LOW,2024-03-20
PRJ_0015_U031,PRJ_0015,Sevilla,granted,vacant,0,,LOW,2025-04-20
PRJ_0015_U032,PRJ_0015,Sevilla,granted,vacant,1,hipoteca,HIGH,2024-03-20
PRJ_0015_U033,PRJ_0015,Sevilla,granted,reserved,0,,LOW,2025-03-20
PRJ_0015_U034,PRJ_0015,Sevilla,in_review,vacant,0,,LOW,2025-07-20
PRJ_0015_U035,PRJ_0015,Sevilla,pending,vacant,0,,LOW,2024-02-20
PRJ_0015_U036,PRJ_0015,Sevilla,granted,reserved,1,embargo,HIGH,2025-03-20
PRJ_0015_U037,PRJ_0015,Sevilla,granted,vacant,0,,LOW,2024-07-20
PRJ_0015_U038,PRJ_0015,Sevilla,in_review,vacant,0,,LOW,2024-08-20
PRJ_0015_U039,PRJ_0015,Sevilla,granted,reserved,0,,LOW,2025-08-20
PRJ_0015_U040,PRJ_0015,Sevilla,in_review,occupied,0,,LOW,2024-02-20
PRJ_0015_U041,PRJ_0015,Sevilla,granted,vacant,1,embargo,HIGH,2025-05-20
PRJ_0015_U042,PRJ_0015,Sevilla,granted,vacant,0,,LOW,2024-12-20
PRJ_0015_U043,PRJ_0015,Sevilla,in_review,vacant,0,,LOW,2025-02-20
PRJ_0015_U044,PRJ_0015,Sevilla,in_review,vacant,0,,LOW,2024-12-20
PRJ_0015_U045,PRJ_0015,Sevilla,granted,vacant,0,,LOW,2024-01-20
PRJ_0015_U046,PRJ_0015,Sevilla,granted,vacant,0,,LOW,2024-03-20
PRJ_0015_U047,PRJ_0015,Sevilla,in_review,occupied,0,,LOW,2023-12-20
PRJ_0015_U048,PRJ_0015,Sevilla,in_review,reserved,1,hipoteca,HIGH,2024-09-20
PRJ_0015_U049,PRJ_0015,Sevilla,granted,vacant,0,,LOW,2024-04-20
PRJ_0015_U050,PRJ_0015,Sevilla,in_review,reserved,0,,LOW,2025-06-20
PRJ_0015_U051,PRJ_0015,Sevilla,granted,vacant,0,,LOW,2024-02-20
PRJ_0015_U052,PRJ_0015,Sevilla,granted,occupied,0,,LOW,2024-08-20
PRJ_0015_U053,PRJ_0015,Sevilla,granted,reserved,1,servidumbre,MED,2025-10-20
PRJ_0015_U054,PRJ_0015,Sevilla,granted,vacant,0,,LOW,2025-07-20
PRJ_0015_U055,PRJ_0015,Sevilla,in_review,vacant,1,embargo,HIGH,2024-04-20
PRJ_0015_U056,PRJ_0015,Sevilla,granted,vacant,0,,LOW,2023-12-20
PRJ_0015_U057,PRJ_0015,Sevilla,granted,vacant,0,,LOW,2024-03-20
PRJ_0015_U058,PRJ_0015,Sevilla,pending,occupied,0,,LOW,2024-08-20
PRJ_0015_U059,PRJ_0015,Sevilla,pending,occupied,1,embargo,HIGH,2024-08-20
PRJ_0015_U060,PRJ_0015,Sevilla,granted,vacant,0,,LOW,2024-12-20
PRJ_0016_U001,PRJ_0016,Sevilla,granted,occupied,0,,LOW,2022-06-02
PRJ_0016_U002,PRJ_0016,Sevilla,granted,reserved,0,,LOW,2023-11-02
PRJ_0016_U003,PRJ_0016,Sevilla,granted,reserved,0,,LOW,2023-08-02
PRJ_0016_U004,PRJ_0016,Sevilla,in_review,vacant,0,,LOW,2022-04-02
PRJ_0016_U005,PRJ_0016,Sevilla,pending,vacant,0,,LOW,2022-11-02
PRJ_0016_U006,PRJ_0016,Sevilla,in_review,vacant,1,hipoteca,HIGH,2024-01-02
PRJ_0016_U007,PRJ_0016,Sevilla,granted,vacant,0,,LOW,2024-03-02
PRJ_0016_U008,PRJ_0016,Sevilla,in_review,vacant,0,,LOW,2023-12-02
PRJ_0016_U009,PRJ_0016,Sevilla,granted,occupied,1,servidumbre,MED,2022-06-02
PRJ_0016_U010,PRJ_0016,Sevilla,granted,reserved,1,servidumbre,MED,2023-01-02
PRJ_0016_U011,PRJ_0016,Sevilla,in_review,vacant,0,,LOW,2023-11-02
PRJ_0016_U012,PRJ_0016,Sevilla,granted,vacant,1,embargo,HIGH,2023-04-02
PRJ_0016_U013,PRJ_0016,Sevilla,in_review,vacant,0,,LOW,2023-02-02
PRJ_0016_U014,PRJ_0016,Sevilla,granted,vacant,1,embargo,HIGH,2023-07-02
PRJ_0016_U015,PRJ_0016,Sevilla,pending,vacant,0,,LOW,2023-07-02
PRJ_0016_U016,PRJ_0016,Sevilla,granted,vacant,0,,LOW,2022-05-02
PRJ_0016_U017,PRJ_0016,Sevilla,granted,vacant,0,,LOW,2024-03-02
PRJ_0016_U018,PRJ_0016,Sevilla,in_review,occupied,0,,LOW,2022-04-02
PRJ_0016_U019,PRJ_0016,Sevilla,granted,vacant,0,,LOW,2023-09-02
PRJ_0016_U020,PRJ_0016,Sevilla,granted,occupied,0,,LOW,2022-09-02
PRJ_0016_U021,PRJ_0016,Sevilla,in_review,reserved,0,,LOW,2023-08-02
PRJ_0016_U022,PRJ_0016,Sevilla,granted,vacant,0,,LOW,2022-06-02
PRJ_0016_U023,PRJ_0016,Sevilla,granted,vacant,0,,LOW,2023-03-02
PRJ_0016_U024,PRJ_0016,Sevilla,granted,vacant,0,,LOW,2022-07-02
PRJ_0016_U025,PRJ_0016,Sevilla,granted,vacant,0,,LOW,2022-07-02
PRJ_0016_U026,PRJ_0016,Sevilla,granted,occupied,0,,LOW,2022-08-02
PRJ_0016_U027,PRJ_0016,Sevilla,granted,occupied,1,hipoteca,HIGH,2023-04-02
PRJ_0016_U028,PRJ_0016,Sevilla,granted,occupied,0,,LOW,2022-07-02
PRJ_0016_U029,PRJ_0016,Sevilla,granted,reserved,0,,LOW,2022-11-02
PRJ_0016_U030,PRJ_0016,Sevilla,granted,occupied,0,,LOW,2023-01-02
PRJ_0016_U031,PRJ_0016,Sevilla,granted,vacant,0,,LOW,2022-12-02
PRJ_0016_U032,PRJ_0016,Sevilla,granted,occupied,0,,LOW,2022-10-02
PRJ_0016_U033,PRJ_0016,Sevilla,in_review,occupied,0,,LOW,2023-07-02
PRJ_0016_U034,PRJ_0016,Sevilla,granted,vacant,0,,LOW,2023-07-02
PRJ_0016_U035,PRJ_0016,Sevilla,in_review,vacant,0,,LOW,2023-12-02
PRJ_0016_U036,PRJ_0016,Sevilla,granted,vacant,1,embargo,HIGH,2023-03-02
PRJ_0016_U037,PRJ_0016,Sevilla,in_review,reserved,0,,LOW,2022-12-02
PRJ_0016_U038,PRJ_0016,Sevilla,in_review,vacant,0,,LOW,2023-04-02
PRJ_0016_U039,PRJ_0016,Sevilla,granted,vacant,0,,LOW,2023-03-02
PRJ_0016_U040,PRJ_0016,Sevilla,in_review,occupied,0,,LOW,2023-06-02
PRJ_0016_U041,PRJ_0016,Sevilla,granted,vacant,0,,LOW,2023-10-02
PRJ_0016_U042,PRJ_0016,Sevilla,granted,occupied,0,,LOW,2022-05-02
PRJ_0016_U043,PRJ_0016,Sevilla,granted,vacant,0,,LOW,2023-10-02
PRJ_0016_U044,PRJ_0016,Sevilla,pending,vacant,0,,LOW,2023-11-02
PRJ_0016_U045,PRJ_0016,Sevilla,in_review,vacant,0,,LOW,2023-04-02
PRJ_0016_U046,PRJ_0016,Sevilla,in_review,reserved,0,,LOW,2022-06-02
PRJ_0016_U047,PRJ_0016,Sevilla,granted,reserved,0,,LOW,2022-12-02
PRJ_0016_U048,PRJ_0016,Sevilla,granted,vacant,0,,LOW,2023-03-02
PRJ_0016_U049,PRJ_0016,Sevilla,granted,occupied,0,,LOW,2024-01-02
PRJ_0016_U050,PRJ_0016,Sevilla,pending,occupied,0,,LOW,2023-03-02
PRJ_0016_U051,PRJ_0016,Sevilla,granted,occupied,0,,LOW,2023-01-02
PRJ_0016_U052,PRJ_0016,Sevilla,granted,vacant,0,,LOW,2023-01-02
PRJ_0016_U053,PRJ_0016,Sevilla,granted,vacant,1,servidumbre,MED,2023-11-02
PRJ_0016_U054,PRJ_0016,Sevilla,granted,vacant,1,embargo,HIGH,2022-12-02
PRJ_0016_U055,PRJ_0016,Sevilla,pending,reserved,1,hipoteca,HIGH,2022-05-02
PRJ_0016_U056,PRJ_0016,Sevilla,granted,vacant,0,,LOW,2024-02-02
PRJ_0016_U057,PRJ_0016,Sevilla,granted,reserved,1,hipoteca,HIGH,2024-01-02
PRJ_0016_U058,PRJ_0016,Sevilla,granted,vacant,0,,LOW,2024-01-02
PRJ_0016_U059,PRJ_0016,Sevilla,granted,vacant,0,,LOW,2022-06-02
PRJ_0016_U060,PRJ_0016,Sevilla,granted,vacant,0,,LOW,2022-07-02
PRJ_0016_U061,PRJ_0016,Sevilla,granted,vacant,0,,LOW,2024-01-02
PRJ_0016_U062,PRJ_0016,Sevilla,granted,occupied,0,,LOW,2023-01-02
PRJ_0016_U063,PRJ_0016,Sevilla,granted,reserved,0,,LOW,2023-05-02
PRJ_0016_U064,PRJ_0016,Sevilla,granted,occupied,0,,LOW,2022-07-02
PRJ_0016_U065,PRJ_0016,Sevilla,granted,occupied,0,,LOW,2022-06-02
PRJ_0016_U066,PRJ_0016,Sevilla,pending,occupied,0,,LOW,2022-12-02
PRJ_0016_U067,PRJ_0016,Sevilla,in_review,occupied,0,,LOW,2023-07-02
PRJ_0016_U068,PRJ_0016,Sevilla,granted,vacant,0,,LOW,2024-01-02
PRJ_0016_U069,PRJ_0016,Sevilla,granted,vacant,0,,LOW,2024-03-02
PRJ_0016_U070,PRJ_0016,Sevilla,granted,vacant,0,,LOW,2023-09-02
PRJ_0016_U071,PRJ_0016,Sevilla,pending,reserved,0,,LOW,2023-01-02
PRJ_0016_U072,PRJ_0016,Sevilla,granted,vacant,1,embargo,HIGH,2023-11-02
PRJ_0016_U073,PRJ_0016,Sevilla,granted,vacant,0,,LOW,2024-01-02
PRJ_0016_U074,PRJ_0016,Sevilla,granted,occupied,1,hipoteca,HIGH,2023-02-02
PRJ_0016_U075,PRJ_0016,Sevilla,pending,reserved,0,,LOW,2024-01-02
PRJ_0016_U076,PRJ_0016,Sevilla,in_review,reserved,0,,LOW,2022-07-02
PRJ_0016_U077,PRJ_0016,Sevilla,in_review,occupied,0,,LOW,2022-07-02
PRJ_0016_U078,PRJ_0016,Sevilla,granted,reserved,1,hipoteca,HIGH,2023-10-02
PRJ_0016_U079,PRJ_0016,Sevilla,in_review,vacant,0,,LOW,2022-10-02
PRJ_0016_U080,PRJ_0016,Sevilla,granted,vacant,1,embargo,HIGH,2024-01-02
PRJ_0016_U081,PRJ_0016,Sevilla,granted,reserved,0,,LOW,2023-04-02
PRJ_0016_U082,PRJ_0016,Sevilla,granted,occupied,1,embargo,HIGH,2022-10-02
PRJ_0016_U083,PRJ_0016,Sevilla,granted,occupied,0,,LOW,2023-10-02
PRJ_0016_U084,PRJ_0016,Sevilla,granted,vacant,0,,LOW,2023-05-02
PRJ_0016_U085,PRJ_0016,Sevilla,granted,vacant,0,,LOW,2023-07-02
PRJ_0016_U086,PRJ_0016,Sevilla,pending,reserved,1,servidumbre,MED,2023-09-02
PRJ_0016_U087,PRJ_0016,Sevilla,granted,occupied,0,,LOW,2023-03-02
PRJ_0016_U088,PRJ_0016,Sevilla,in_review,vacant,0,,LOW,2023-08-02
PRJ_0016_U089,PRJ_0016,Sevilla,granted,reserved,0,,LOW,2022-07-02
PRJ_0016_U090,PRJ_0016,Sevilla,granted,vacant,0,,LOW,2023-06-02
PRJ_0016_U091,PRJ_0016,Sevilla,granted,vacant,0,,LOW,2022-05-02
PRJ_0016_U092,PRJ_0016,Sevilla,pending,reserved,0,,LOW,2023-02-02
PRJ_0016_U093,PRJ_0016,Sevilla,granted,vacant,0,,LOW,2023-07-02
PRJ_0016_U094,PRJ_0016,Sevilla,granted,vacant,0,,LOW,2022-05-02
PRJ_0016_U095,PRJ_0016,Sevilla,pending,reserved,0,,LOW,2023-05-02
PRJ_0016_U096,PRJ_0016,Sevilla,granted,vacant,0,,LOW,2024-01-02
PRJ_0016_U097,PRJ_0016,Sevilla,pending,vacant,0,,LOW,2022-09-02
PRJ_0016_U098,PRJ_0016,Sevilla,in_review,occupied,0,,LOW,2022-09-02
PRJ_0016_U099,PRJ_0016,Sevilla,granted,reserved,1,servidumbre,MED,2023-09-02
PRJ_0016_U100,PRJ_0016,Sevilla,in_review,vacant,0,,LOW,2023-01-02
PRJ_0016_U101,PRJ_0016,Sevilla,granted,reserved,0,,LOW,2024-02-02
PRJ_0016_U102,PRJ_0016,Sevilla,granted,vacant,0,,LOW,2023-07-02
PRJ_0016_U103,PRJ_0016,Sevilla,granted,vacant,0,,LOW,2024-03-02
PRJ_0017_U001,PRJ_0017,Valencia,granted,reserved,0,,LOW,2025-02-28
PRJ_0017_U002,PRJ_0017,Valencia,granted,vacant,1,embargo,HIGH,2025-07-30
PRJ_0017_U003,PRJ_0017,Valencia,granted,vacant,0,,LOW,2024-08-30
PRJ_0017_U004,PRJ_0017,Valencia,granted,vacant,0,,LOW,2025-09-30
PRJ_0017_U005,PRJ_0017,Valencia,granted,vacant,0,,LOW,2024-10-30
PRJ_0017_U006,PRJ_0017,Valencia,granted,vacant,0,,LOW,2024-06-30
PRJ_0017_U007,PRJ_0017,Valencia,granted,vacant,0,,LOW,2024-05-30
PRJ_0017_U008,PRJ_0017,Valencia,granted,vacant,1,hipoteca,HIGH,2024-05-30
PRJ_0017_U009,PRJ_0017,Valencia,in_review,reserved,0,,LOW,2026-03-30
PRJ_0017_U010,PRJ_0017,Valencia,granted,reserved,0,,LOW,2025-01-30
PRJ_0017_U011,PRJ_0017,Valencia,in_review,reserved,0,,LOW,2026-03-30
PRJ_0017_U012,PRJ_0017,Valencia,granted,occupied,0,,LOW,2025-03-30
PRJ_0017_U013,PRJ_0017,Valencia,granted,occupied,0,,LOW,2026-01-30
PRJ_0017_U014,PRJ_0017,Valencia,granted,vacant,0,,LOW,2025-06-30
PRJ_0017_U015,PRJ_0017,Valencia,granted,vacant,0,,LOW,2025-06-30
PRJ_0017_U016,PRJ_0017,Valencia,granted,reserved,0,,LOW,2025-03-30
PRJ_0017_U017,PRJ_0017,Valencia,granted,vacant,0,,LOW,2024-04-30
PRJ_0017_U018,PRJ_0017,Valencia,in_review,vacant,0,,LOW,2024-10-30
PRJ_0017_U019,PRJ_0017,Valencia,pending,occupied,0,,LOW,2024-11-30
PRJ_0017_U020,PRJ_0017,Valencia,pending,vacant,0,,LOW,2025-04-30
PRJ_0017_U021,PRJ_0017,Valencia,granted,reserved,0,,LOW,2024-11-30
PRJ_0017_U022,PRJ_0017,Valencia,in_review,vacant,0,,LOW,2025-05-30
PRJ_0017_U023,PRJ_0017,Valencia,granted,vacant,0,,LOW,2025-03-30
PRJ_0017_U024,PRJ_0017,Valencia,granted,occupied,1,servidumbre,MED,2025-10-30
PRJ_0017_U025,PRJ_0017,Valencia,pending,reserved,0,,LOW,2026-03-30
PRJ_0017_U026,PRJ_0017,Valencia,granted,vacant,0,,LOW,2026-04-30
PRJ_0017_U027,PRJ_0017,Valencia,granted,vacant,1,servidumbre,MED,2026-03-30
PRJ_0017_U028,PRJ_0017,Valencia,granted,vacant,0,,LOW,2025-02-28
PRJ_0017_U029,PRJ_0017,Valencia,granted,vacant,1,servidumbre,MED,2024-10-30
PRJ_0017_U030,PRJ_0017,Valencia,in_review,reserved,0,,LOW,2026-03-30
PRJ_0017_U031,PRJ_0017,Valencia,granted,vacant,1,hipoteca,HIGH,2024-11-30
PRJ_0017_U032,PRJ_0017,Valencia,granted,vacant,0,,LOW,2024-10-30
PRJ_0017_U033,PRJ_0017,Valencia,in_review,occupied,1,hipoteca,HIGH,2024-06-30
PRJ_0017_U034,PRJ_0017,Valencia,granted,vacant,0,,LOW,2025-03-30
PRJ_0017_U035,PRJ_0017,Valencia,granted,vacant,0,,LOW,2025-11-30
PRJ_0017_U036,PRJ_0017,Valencia,granted,reserved,0,,LOW,2025-11-30
PRJ_0017_U037,PRJ_0017,Valencia,granted,occupied,0,,LOW,2025-06-30
PRJ_0017_U038,PRJ_0017,Valencia,granted,vacant,0,,LOW,2024-08-30
PRJ_0017_U039,PRJ_0017,Valencia,in_review,vacant,1,servidumbre,MED,2025-06-30
PRJ_0017_U040,PRJ_0017,Valencia,in_review,vacant,1,embargo,HIGH,2025-07-30
PRJ_0017_U041,PRJ_0017,Valencia,granted,reserved,0,,LOW,2024-06-30
PRJ_0017_U042,PRJ_0017,Valencia,granted,vacant,0,,LOW,2025-09-30
PRJ_0017_U043,PRJ_0017,Valencia,granted,vacant,0,,LOW,2025-04-30
PRJ_0017_U044,PRJ_0017,Valencia,granted,reserved,0,,LOW,2024-06-30
PRJ_0017_U045,PRJ_0017,Valencia,pending,occupied,0,,LOW,2026-01-30
PRJ_0017_U046,PRJ_0017,Valencia,granted,occupied,0,,LOW,2025-09-30
PRJ_0017_U047,PRJ_0017,Valencia,granted,vacant,0,,LOW,2025-06-30
PRJ_0017_U048,PRJ_0017,Valencia,granted,reserved,0,,LOW,2025-10-30
PRJ_0017_U049,PRJ_0017,Valencia,in_review,vacant,0,,LOW,2025-10-30
PRJ_0017_U050,PRJ_0017,Valencia,granted,reserved,0,,LOW,2024-06-30
PRJ_0017_U051,PRJ_0017,Valencia,in_review,vacant,0,,LOW,2025-10-30
PRJ_0017_U052,PRJ_0017,Valencia,granted,reserved,0,,LOW,2025-06-30
PRJ_0017_U053,PRJ_0017,Valencia,pending,reserved,0,,LOW,2024-04-30
PRJ_0017_U054,PRJ_0017,Valencia,granted,occupied,0,,LOW,2025-12-30
PRJ_0017_U055,PRJ_0017,Valencia,granted,vacant,0,,LOW,2025-05-30
PRJ_0017_U056,PRJ_0017,Valencia,pending,vacant,0,,LOW,2026-02-28
PRJ_0017_U057,PRJ_0017,Valencia,granted,occupied,0,,LOW,2025-06-30
PRJ_0017_U058,PRJ_0017,Valencia,pending,reserved,0,,LOW,2024-08-30
PRJ_0017_U059,PRJ_0017,Valencia,granted,reserved,0,,LOW,2025-03-30
PRJ_0017_U060,PRJ_0017,Valencia,granted,vacant,0,,LOW,2025-04-30
PRJ_0017_U061,PRJ_0017,Valencia,granted,vacant,1,embargo,HIGH,2024-10-30
PRJ_0017_U062,PRJ_0017,Valencia,in_review,reserved,0,,LOW,2024-10-30
PRJ_0017_U063,PRJ_0017,Valencia,in_review,vacant,0,,LOW,2025-02-28
PRJ_0017_U064,PRJ_0017,Valencia,granted,vacant,0,,LOW,2026-03-30
PRJ_0017_U065,PRJ_0017,Valencia,in_review,occupied,0,,LOW,2025-05-30
PRJ_0017_U066,PRJ_0017,Valencia,in_review,vacant,0,,LOW,2025-07-30
PRJ_0017_U067,PRJ_0017,Valencia,granted,vacant,0,,LOW,2026-04-30
PRJ_0017_U068,PRJ_0017,Valencia,granted,vacant,0,,LOW,2025-02-28
PRJ_0017_U069,PRJ_0017,Valencia,granted,vacant,1,embargo,HIGH,2025-02-28
PRJ_0017_U070,PRJ_0017,Valencia,granted,vacant,0,,LOW,2024-07-30
PRJ_0017_U071,PRJ_0017,Valencia,in_review,vacant,0,,LOW,2025-06-30
PRJ_0017_U072,PRJ_0017,Valencia,granted,vacant,1,embargo,HIGH,2025-06-30
PRJ_0017_U073,PRJ_0017,Valencia,granted,reserved,0,,LOW,2025-08-30
PRJ_0017_U074,PRJ_0017,Valencia,granted,vacant,0,,LOW,2026-03-30
PRJ_0017_U075,PRJ_0017,Valencia,granted,occupied,0,,LOW,2024-09-30
PRJ_0017_U076,PRJ_0017,Valencia,granted,vacant,0,,LOW,2025-03-30
PRJ_0017_U077,PRJ_0017,Valencia,granted,vacant,0,,LOW,2024-05-30
PRJ_0017_U078,PRJ_0017,Valencia,granted,vacant,0,,LOW,2025-02-28
PRJ_0017_U079,PRJ_0017,Valencia,granted,occupied,0,,LOW,2025-01-30
PRJ_0017_U080,PRJ_0017,Valencia,granted,vacant,0,,LOW,2026-02-28
PRJ_0017_U081,PRJ_0017,Valencia,granted,vacant,1,servidumbre,MED,2024-05-30
PRJ_0017_U082,PRJ_0017,Valencia,granted,vacant,0,,LOW,2025-02-28
PRJ_0017_U083,PRJ_0017,Valencia,in_review,vacant,0,,LOW,2024-04-30
PRJ_0017_U084,PRJ_0017,Valencia,granted,occupied,1,embargo,HIGH,2025-11-30
PRJ_0017_U085,PRJ_0017,Valencia,in_review,reserved,0,,LOW,2024-04-30
PRJ_0017_U086,PRJ_0017,Valencia,granted,vacant,0,,LOW,2025-01-30
PRJ_0017_U087,PRJ_0017,Valencia,granted,vacant,0,,LOW,2025-04-30
PRJ_0017_U088,PRJ_0017,Valencia,granted,reserved,0,,LOW,2026-04-30
PRJ_0017_U089,PRJ_0017,Valencia,in_review,vacant,0,,LOW,2024-12-30
PRJ_0017_U090,PRJ_0017,Valencia,in_review,vacant,0,,LOW,2024-10-30
PRJ_0017_U091,PRJ_0017,Valencia,granted,vacant,0,,LOW,2025-01-30
PRJ_0017_U092,PRJ_0017,Valencia,granted,vacant,0,,LOW,2025-11-30
PRJ_0017_U093,PRJ_0017,Valencia,in_review,reserved,0,,LOW,2026-03-30
PRJ_0017_U094,PRJ_0017,Valencia,granted,vacant,0,,LOW,2024-12-30
PRJ_0017_U095,PRJ_0017,Valencia,granted,vacant,0,,LOW,2025-04-30
PRJ_0017_U096,PRJ_0017,Valencia,pending,vacant,0,,LOW,2026-03-30
PRJ_0017_U097,PRJ_0017,Valencia,granted,vacant,0,,LOW,2024-09-30
PRJ_0017_U098,PRJ_0017,Valencia,granted,vacant,0,,LOW,2025-08-30
PRJ_0017_U099,PRJ_0017,Valencia,granted,reserved,0,,LOW,2025-03-30
PRJ_0017_U100,PRJ_0017,Valencia,granted,occupied,1,embargo,HIGH,2025-12-30
PRJ_0017_U101,PRJ_0017,Valencia,granted,vacant,0,,LOW,2025-07-30
PRJ_0017_U102,PRJ_0017,Valencia,granted,vacant,0,,LOW,2026-04-30
PRJ_0017_U103,PRJ_0017,Valencia,granted,occupied,0,,LOW,2025-12-30
PRJ_0017_U104,PRJ_0017,Valencia,granted,occupied,0,,LOW,2026-01-30
PRJ_0017_U105,PRJ_0017,Valencia,granted,vacant,0,,LOW,2025-04-30
PRJ_0017_U106,PRJ_0017,Valencia,in_review,vacant,0,,LOW,2025-07-30
PRJ_0017_U107,PRJ_0017,Valencia,granted,vacant,1,servidumbre,MED,2025-08-30
PRJ_0017_U108,PRJ_0017,Valencia,granted,occupied,0,,LOW,2024-05-30
PRJ_0017_U109,PRJ_0017,Valencia,in_review,occupied,0,,LOW,2026-04-30
PRJ_0017_U110,PRJ_0017,Valencia,granted,reserved,1,embargo,HIGH,2024-04-30
PRJ_0018_U001,PRJ_0018,Madrid,granted,vacant,0,,LOW,2025-06-20
PRJ_0018_U002,PRJ_0018,Madrid,granted,vacant,1,servidumbre,MED,2025-06-20
PRJ_0018_U003,PRJ_0018,Madrid,granted,reserved,0,,LOW,2024-09-20
PRJ_0018_U004,PRJ_0018,Madrid,granted,vacant,0,,LOW,2024-03-20
PRJ_0018_U005,PRJ_0018,Madrid,granted,vacant,1,embargo,HIGH,2025-10-20
PRJ_0018_U006,PRJ_0018,Madrid,granted,vacant,0,,LOW,2025-08-20
PRJ_0018_U007,PRJ_0018,Madrid,in_review,vacant,0,,LOW,2024-06-20
PRJ_0018_U008,PRJ_0018,Madrid,pending,vacant,0,,LOW,2025-07-20
PRJ_0018_U009,PRJ_0018,Madrid,pending,reserved,0,,LOW,2024-09-20
PRJ_0018_U010,PRJ_0018,Madrid,granted,vacant,0,,LOW,2024-06-20
PRJ_0018_U011,PRJ_0018,Madrid,granted,vacant,0,,LOW,2025-09-20
PRJ_0018_U012,PRJ_0018,Madrid,granted,vacant,0,,LOW,2026-02-20
PRJ_0018_U013,PRJ_0018,Madrid,granted,vacant,0,,LOW,2025-03-20
PRJ_0018_U014,PRJ_0018,Madrid,granted,vacant,0,,LOW,2025-11-20
PRJ_0018_U015,PRJ_0018,Madrid,granted,vacant,0,,LOW,2024-12-20
PRJ_0018_U016,PRJ_0018,Madrid,in_review,vacant,0,,LOW,2025-06-20
PRJ_0018_U017,PRJ_0018,Madrid,granted,vacant,0,,LOW,2025-07-20
PRJ_0018_U018,PRJ_0018,Madrid,granted,vacant,0,,LOW,2025-10-20
PRJ_0018_U019,PRJ_0018,Madrid,pending,vacant,0,,LOW,2025-05-20
PRJ_0018_U020,PRJ_0018,Madrid,granted,vacant,1,hipoteca,HIGH,2025-07-20
PRJ_0018_U021,PRJ_0018,Madrid,granted,occupied,0,,LOW,2026-01-20
PRJ_0018_U022,PRJ_0018,Madrid,granted,reserved,1,embargo,HIGH,2026-01-20
PRJ_0018_U023,PRJ_0018,Madrid,granted,vacant,1,hipoteca,HIGH,2025-10-20
PRJ_0018_U024,PRJ_0018,Madrid,pending,vacant,1,hipoteca,HIGH,2025-11-20
PRJ_0018_U025,PRJ_0018,Madrid,granted,vacant,0,,LOW,2024-07-20
PRJ_0018_U026,PRJ_0018,Madrid,granted,vacant,0,,LOW,2026-02-20
PRJ_0018_U027,PRJ_0018,Madrid,granted,vacant,0,,LOW,2025-02-20
PRJ_0018_U028,PRJ_0018,Madrid,pending,vacant,0,,LOW,2025-03-20
PRJ_0018_U029,PRJ_0018,Madrid,granted,occupied,1,embargo,HIGH,2024-04-20
PRJ_0018_U030,PRJ_0018,Madrid,granted,vacant,0,,LOW,2025-03-20
PRJ_0018_U031,PRJ_0018,Madrid,granted,reserved,1,hipoteca,HIGH,2024-04-20
PRJ_0018_U032,PRJ_0018,Madrid,granted,vacant,0,,LOW,2025-09-20
PRJ_0018_U033,PRJ_0018,Madrid,pending,vacant,1,servidumbre,MED,2025-12-20
PRJ_0018_U034,PRJ_0018,Madrid,granted,vacant,0,,LOW,2024-05-20
PRJ_0018_U035,PRJ_0018,Madrid,granted,reserved,1,embargo,HIGH,2024-10-20
PRJ_0018_U036,PRJ_0018,Madrid,granted,vacant,0,,LOW,2025-08-20
PRJ_0018_U037,PRJ_0018,Madrid,granted,occupied,0,,LOW,2025-11-20
PRJ_0018_U038,PRJ_0018,Madrid,granted,vacant,0,,LOW,2024-03-20
PRJ_0018_U039,PRJ_0018,Madrid,granted,vacant,0,,LOW,2025-03-20
PRJ_0018_U040,PRJ_0018,Madrid,granted,vacant,0,,LOW,2024-09-20
PRJ_0018_U041,PRJ_0018,Madrid,granted,reserved,0,,LOW,2025-07-20
PRJ_0018_U042,PRJ_0018,Madrid,granted,vacant,0,,LOW,2025-08-20
PRJ_0018_U043,PRJ_0018,Madrid,granted,vacant,0,,LOW,2025-04-20
PRJ_0018_U044,PRJ_0018,Madrid,in_review,occupied,1,embargo,HIGH,2024-06-20
PRJ_0018_U045,PRJ_0018,Madrid,in_review,occupied,1,servidumbre,MED,2024-10-20
PRJ_0018_U046,PRJ_0018,Madrid,granted,reserved,0,,LOW,2025-03-20
PRJ_0018_U047,PRJ_0018,Madrid,in_review,vacant,0,,LOW,2026-01-20
PRJ_0018_U048,PRJ_0018,Madrid,granted,reserved,0,,LOW,2025-04-20
PRJ_0018_U049,PRJ_0018,Madrid,in_review,vacant,0,,LOW,2024-07-20
PRJ_0018_U050,PRJ_0018,Madrid,granted,vacant,0,,LOW,2024-05-20
PRJ_0018_U051,PRJ_0018,Madrid,granted,vacant,0,,LOW,2024-06-20
PRJ_0018_U052,PRJ_0018,Madrid,granted,vacant,0,,LOW,2025-08-20
PRJ_0018_U053,PRJ_0018,Madrid,granted,vacant,0,,LOW,2024-07-20
PRJ_0018_U054,PRJ_0018,Madrid,pending,vacant,0,,LOW,2024-11-20
PRJ_0018_U055,PRJ_0018,Madrid,in_review,reserved,0,,LOW,2026-02-20
PRJ_0018_U056,PRJ_0018,Madrid,granted,vacant,0,,LOW,2025-10-20
PRJ_0018_U057,PRJ_0018,Madrid,granted,occupied,0,,LOW,2025-12-20
PRJ_0018_U058,PRJ_0018,Madrid,in_review,reserved,0,,LOW,2025-10-20
PRJ_0018_U059,PRJ_0018,Madrid,granted,vacant,0,,LOW,2026-01-20
PRJ_0018_U060,PRJ_0018,Madrid,pending,vacant,0,,LOW,2024-04-20
PRJ_0018_U061,PRJ_0018,Madrid,granted,vacant,0,,LOW,2024-05-20
PRJ_0018_U062,PRJ_0018,Madrid,in_review,vacant,0,,LOW,2025-03-20
PRJ_0018_U063,PRJ_0018,Madrid,granted,vacant,0,,LOW,2025-07-20
PRJ_0018_U064,PRJ_0018,Madrid,granted,vacant,0,,LOW,2025-08-20
PRJ_0018_U065,PRJ_0018,Madrid,granted,vacant,0,,LOW,2025-04-20
PRJ_0018_U066,PRJ_0018,Madrid,granted,vacant,0,,LOW,2024-09-20
PRJ_0018_U067,PRJ_0018,Madrid,in_review,vacant,1,servidumbre,MED,2025-04-20
PRJ_0018_U068,PRJ_0018,Madrid,granted,vacant,0,,LOW,2024-03-20
PRJ_0018_U069,PRJ_0018,Madrid,in_review,vacant,0,,LOW,2026-03-20
PRJ_0018_U070,PRJ_0018,Madrid,granted,vacant,0,,LOW,2024-04-20
PRJ_0018_U071,PRJ_0018,Madrid,granted,occupied,0,,LOW,2024-12-20
PRJ_0018_U072,PRJ_0018,Madrid,in_review,occupied,1,embargo,HIGH,2025-02-20
PRJ_0018_U073,PRJ_0018,Madrid,granted,reserved,0,,LOW,2025-07-20
PRJ_0018_U074,PRJ_0018,Madrid,granted,reserved,0,,LOW,2025-07-20
PRJ_0018_U075,PRJ_0018,Madrid,in_review,vacant,1,servidumbre,MED,2026-01-20
PRJ_0018_U076,PRJ_0018,Madrid,granted,vacant,0,,LOW,2024-07-20
PRJ_0018_U077,PRJ_0018,Madrid,granted,reserved,0,,LOW,2024-04-20
PRJ_0018_U078,PRJ_0018,Madrid,granted,vacant,0,,LOW,2024-07-20
PRJ_0019_U001,PRJ_0019,Malaga,granted,vacant,0,,LOW,2022-09-20
PRJ_0019_U002,PRJ_0019,Malaga,in_review,reserved,1,hipoteca,HIGH,2022-11-20
PRJ_0019_U003,PRJ_0019,Malaga,granted,reserved,0,,LOW,2024-03-20
PRJ_0019_U004,PRJ_0019,Malaga,granted,vacant,0,,LOW,2024-03-20
PRJ_0019_U005,PRJ_0019,Malaga,granted,reserved,0,,LOW,2023-12-20
PRJ_0019_U006,PRJ_0019,Malaga,granted,vacant,1,servidumbre,MED,2024-02-20
PRJ_0019_U007,PRJ_0019,Malaga,pending,vacant,0,,LOW,2023-07-20
PRJ_0019_U008,PRJ_0019,Malaga,granted,occupied,1,embargo,HIGH,2022-08-20
PRJ_0019_U009,PRJ_0019,Malaga,granted,occupied,1,hipoteca,HIGH,2023-05-20
PRJ_0019_U010,PRJ_0019,Malaga,granted,reserved,0,,LOW,2023-09-20
PRJ_0019_U011,PRJ_0019,Malaga,in_review,occupied,0,,LOW,2023-08-20
PRJ_0019_U012,PRJ_0019,Malaga,granted,vacant,0,,LOW,2022-10-20
PRJ_0019_U013,PRJ_0019,Malaga,granted,vacant,1,hipoteca,HIGH,2022-10-20
PRJ_0019_U014,PRJ_0019,Malaga,in_review,vacant,0,,LOW,2023-09-20
PRJ_0019_U015,PRJ_0019,Malaga,granted,vacant,1,embargo,HIGH,2023-08-20
PRJ_0019_U016,PRJ_0019,Malaga,granted,vacant,1,servidumbre,MED,2024-07-20
PRJ_0019_U017,PRJ_0019,Malaga,granted,reserved,0,,LOW,2023-02-20
PRJ_0019_U018,PRJ_0019,Malaga,granted,reserved,0,,LOW,2024-03-20
PRJ_0019_U019,PRJ_0019,Malaga,in_review,vacant,1,hipoteca,HIGH,2024-01-20
PRJ_0019_U020,PRJ_0019,Malaga,granted,vacant,0,,LOW,2023-06-20
PRJ_0019_U021,PRJ_0019,Malaga,in_review,vacant,0,,LOW,2022-10-20
PRJ_0019_U022,PRJ_0019,Malaga,granted,vacant,0,,LOW,2023-10-20
PRJ_0019_U023,PRJ_0019,Malaga,in_review,vacant,0,,LOW,2022-09-20
PRJ_0019_U024,PRJ_0019,Malaga,pending,occupied,0,,LOW,2024-02-20
PRJ_0019_U025,PRJ_0019,Malaga,granted,reserved,0,,LOW,2022-09-20
PRJ_0019_U026,PRJ_0019,Malaga,granted,vacant,0,,LOW,2022-12-20
PRJ_0019_U027,PRJ_0019,Malaga,granted,vacant,0,,LOW,2022-09-20
PRJ_0019_U028,PRJ_0019,Malaga,granted,occupied,1,embargo,HIGH,2024-02-20
PRJ_0019_U029,PRJ_0019,Malaga,granted,vacant,0,,LOW,2023-06-20
PRJ_0019_U030,PRJ_0019,Malaga,granted,reserved,0,,LOW,2023-04-20
PRJ_0019_U031,PRJ_0019,Malaga,in_review,reserved,0,,LOW,2023-01-20
PRJ_0019_U032,PRJ_0019,Malaga,in_review,occupied,0,,LOW,2022-07-20
PRJ_0019_U033,PRJ_0019,Malaga,granted,vacant,0,,LOW,2023-08-20
PRJ_0019_U034,PRJ_0019,Malaga,granted,vacant,0,,LOW,2023-03-20
PRJ_0019_U035,PRJ_0019,Malaga,in_review,vacant,1,servidumbre,MED,2024-06-20
PRJ_0019_U036,PRJ_0019,Malaga,in_review,reserved,0,,LOW,2023-09-20
PRJ_0019_U037,PRJ_0019,Malaga,in_review,vacant,0,,LOW,2023-05-20
PRJ_0019_U038,PRJ_0019,Malaga,granted,vacant,0,,LOW,2024-05-20
PRJ_0019_U039,PRJ_0019,Malaga,pending,vacant,0,,LOW,2023-04-20
PRJ_0019_U040,PRJ_0019,Malaga,granted,vacant,0,,LOW,2023-06-20
PRJ_0019_U041,PRJ_0019,Malaga,granted,reserved,0,,LOW,2024-05-20
PRJ_0019_U042,PRJ_0019,Malaga,granted,vacant,0,,LOW,2024-05-20
PRJ_0019_U043,PRJ_0019,Malaga,pending,vacant,0,,LOW,2023-08-20
PRJ_0019_U044,PRJ_0019,Malaga,granted,vacant,0,,LOW,2024-03-20
PRJ_0019_U045,PRJ_0019,Malaga,granted,vacant,0,,LOW,2022-12-20
PRJ_0019_U046,PRJ_0019,Malaga,granted,vacant,0,,LOW,2022-07-20
PRJ_0019_U047,PRJ_0019,Malaga,in_review,occupied,0,,LOW,2023-09-20
PRJ_0019_U048,PRJ_0019,Malaga,granted,occupied,0,,LOW,2024-07-20
PRJ_0019_U049,PRJ_0019,Malaga,pending,vacant,0,,LOW,2023-11-20
PRJ_0019_U050,PRJ_0019,Malaga,granted,vacant,0,,LOW,2023-03-20
PRJ_0019_U051,PRJ_0019,Malaga,in_review,vacant,1,servidumbre,MED,2024-05-20
PRJ_0019_U052,PRJ_0019,Malaga,granted,vacant,1,embargo,HIGH,2023-11-20
PRJ_0019_U053,PRJ_0019,Malaga,granted,vacant,1,hipoteca,HIGH,2022-11-20
PRJ_0019_U054,PRJ_0019,Malaga,pending,reserved,0,,LOW,2024-01-20
PRJ_0019_U055,PRJ_0019,Malaga,granted,vacant,1,hipoteca,HIGH,2023-02-20
PRJ_0019_U056,PRJ_0019,Malaga,granted,occupied,0,,LOW,2022-07-20
PRJ_0019_U057,PRJ_0019,Malaga,granted,vacant,0,,LOW,2023-06-20
PRJ_0019_U058,PRJ_0019,Malaga,granted,vacant,1,embargo,HIGH,2023-06-20
PRJ_0019_U059,PRJ_0019,Malaga,granted,vacant,0,,LOW,2023-02-20
PRJ_0019_U060,PRJ_0019,Malaga,in_review,vacant,1,servidumbre,MED,2023-10-20
PRJ_0019_U061,PRJ_0019,Malaga,in_review,vacant,1,embargo,HIGH,2023-01-20
PRJ_0019_U062,PRJ_0019,Malaga,granted,vacant,0,,LOW,2023-01-20
PRJ_0019_U063,PRJ_0019,Malaga,pending,vacant,0,,LOW,2024-05-20
PRJ_0019_U064,PRJ_0019,Malaga,granted,occupied,0,,LOW,2024-04-20
PRJ_0019_U065,PRJ_0019,Malaga,granted,vacant,0,,LOW,2024-07-20
PRJ_0019_U066,PRJ_0019,Malaga,granted,vacant,0,,LOW,2023-07-20
PRJ_0019_U067,PRJ_0019,Malaga,granted,reserved,1,hipoteca,HIGH,2023-04-20
PRJ_0019_U068,PRJ_0019,Malaga,pending,reserved,0,,LOW,2022-10-20
PRJ_0019_U069,PRJ_0019,Malaga,granted,vacant,1,hipoteca,HIGH,2024-04-20
PRJ_0019_U070,PRJ_0019,Malaga,granted,vacant,0,,LOW,2024-02-20
PRJ_0019_U071,PRJ_0019,Malaga,granted,vacant,0,,LOW,2022-09-20
PRJ_0019_U072,PRJ_0019,Malaga,granted,vacant,0,,LOW,2023-08-20
PRJ_0019_U073,PRJ_0019,Malaga,in_review,vacant,0,,LOW,2024-03-20
PRJ_0019_U074,PRJ_0019,Malaga,granted,occupied,0,,LOW,2023-11-20
PRJ_0019_U075,PRJ_0019,Malaga,pending,vacant,0,,LOW,2024-04-20
PRJ_0019_U076,PRJ_0019,Malaga,granted,vacant,0,,LOW,2023-03-20
PRJ_0019_U077,PRJ_0019,Malaga,granted,vacant,1,servidumbre,MED,2022-12-20
PRJ_0019_U078,PRJ_0019,Malaga,granted,reserved,0,,LOW,2024-04-20
PRJ_0019_U079,PRJ_0019,Malaga,pending,reserved,0,,LOW,2023-07-20
PRJ_0019_U080,PRJ_0019,Malaga,granted,reserved,1,hipoteca,HIGH,2024-07-20
PRJ_0019_U081,PRJ_0019,Malaga,granted,vacant,1,hipoteca,HIGH,2024-03-20
PRJ_0019_U082,PRJ_0019,Malaga,in_review,vacant,0,,LOW,2023-05-20
PRJ_0019_U083,PRJ_0019,Malaga,granted,occupied,1,servidumbre,MED,2023-11-20
PRJ_0019_U084,PRJ_0019,Malaga,in_review,vacant,0,,LOW,2023-03-20
PRJ_0019_U085,PRJ_0019,Malaga,granted,reserved,0,,LOW,2023-04-20
PRJ_0019_U086,PRJ_0019,Malaga,granted,vacant,1,embargo,HIGH,2023-03-20
PRJ_0019_U087,PRJ_0019,Malaga,pending,occupied,0,,LOW,2024-04-20
PRJ_0019_U088,PRJ_0019,Malaga,granted,vacant,0,,LOW,2023-05-20
PRJ_0019_U089,PRJ_0019,Malaga,granted,vacant,0,,LOW,2022-07-20
PRJ_0019_U090,PRJ_0019,Malaga,pending,occupied,0,,LOW,2024-07-20
PRJ_0019_U091,PRJ_0019,Malaga,granted,vacant,0,,LOW,2022-09-20
PRJ_0019_U092,PRJ_0019,Malaga,granted,reserved,0,,LOW,2023-04-20
PRJ_0019_U093,PRJ_0019,Malaga,in_review,vacant,0,,LOW,2024-02-20
PRJ_0019_U094,PRJ_0019,Malaga,pending,vacant,1,embargo,HIGH,2023-11-20
PRJ_0019_U095,PRJ_0019,Malaga,granted,vacant,0,,LOW,2023-04-20
PRJ_0019_U096,PRJ_0019,Malaga,in_review,occupied,0,,LOW,2024-04-20
PRJ_0019_U097,PRJ_0019,Malaga,granted,vacant,0,,LOW,2023-08-20
PRJ_0019_U098,PRJ_0019,Malaga,granted,vacant,0,,LOW,2023-11-20
PRJ_0019_U099,PRJ_0019,Malaga,granted,vacant,0,,LOW,2023-06-20
PRJ_0019_U100,PRJ_0019,Malaga,in_review,vacant,0,,LOW,2023-01-20
PRJ_0019_U101,PRJ_0019,Malaga,in_review,reserved,0,,LOW,2023-06-20
PRJ_0019_U102,PRJ_0019,Malaga,granted,reserved,0,,LOW,2023-01-20
PRJ_0019_U103,PRJ_0019,Malaga,granted,vacant,0,,LOW,2022-09-20
PRJ_0019_U104,PRJ_0019,Malaga,granted,vacant,0,,LOW,2023-12-20
PRJ_0019_U105,PRJ_0019,Malaga,pending,vacant,0,,LOW,2023-08-20
PRJ_0020_U001,PRJ_0020,Valencia,granted,vacant,0,,LOW,2023-09-25
PRJ_0020_U002,PRJ_0020,Valencia,granted,vacant,0,,LOW,2023-02-25
PRJ_0020_U003,PRJ_0020,Valencia,granted,vacant,0,,LOW,2023-01-25
PRJ_0020_U004,PRJ_0020,Valencia,granted,vacant,0,,LOW,2023-06-25
PRJ_0020_U005,PRJ_0020,Valencia,granted,vacant,0,,LOW,2022-07-25
PRJ_0020_U006,PRJ_0020,Valencia,granted,reserved,0,,LOW,2024-01-25
PRJ_0020_U007,PRJ_0020,Valencia,granted,reserved,1,hipoteca,HIGH,2024-02-25
PRJ_0020_U008,PRJ_0020,Valencia,granted,vacant,0,,LOW,2023-09-25
PRJ_0020_U009,PRJ_0020,Valencia,granted,occupied,0,,LOW,2022-05-25
PRJ_0020_U010,PRJ_0020,Valencia,in_review,occupied,0,,LOW,2022-09-25
PRJ_0020_U011,PRJ_0020,Valencia,granted,reserved,0,,LOW,2023-01-25
PRJ_0020_U012,PRJ_0020,Valencia,granted,vacant,0,,LOW,2023-08-25
PRJ_0020_U013,PRJ_0020,Valencia,in_review,vacant,0,,LOW,2022-03-25
PRJ_0020_U014,PRJ_0020,Valencia,granted,reserved,0,,LOW,2022-08-25
PRJ_0020_U015,PRJ_0020,Valencia,granted,vacant,0,,LOW,2022-05-25
PRJ_0020_U016,PRJ_0020,Valencia,granted,vacant,0,,LOW,2022-04-25
PRJ_0020_U017,PRJ_0020,Valencia,in_review,reserved,0,,LOW,2022-12-25
PRJ_0020_U018,PRJ_0020,Valencia,granted,vacant,0,,LOW,2022-06-25
PRJ_0020_U019,PRJ_0020,Valencia,granted,reserved,0,,LOW,2024-01-25
PRJ_0020_U020,PRJ_0020,Valencia,granted,reserved,1,hipoteca,HIGH,2024-02-25
PRJ_0020_U021,PRJ_0020,Valencia,granted,vacant,1,hipoteca,HIGH,2023-04-25
PRJ_0020_U022,PRJ_0020,Valencia,pending,vacant,0,,LOW,2023-08-25
PRJ_0020_U023,PRJ_0020,Valencia,granted,vacant,0,,LOW,2023-06-25
PRJ_0020_U024,PRJ_0020,Valencia,granted,vacant,0,,LOW,2022-09-25
PRJ_0020_U025,PRJ_0020,Valencia,granted,vacant,0,,LOW,2022-07-25
PRJ_0020_U026,PRJ_0020,Valencia,granted,vacant,1,hipoteca,HIGH,2022-02-25
PRJ_0020_U027,PRJ_0020,Valencia,granted,reserved,0,,LOW,2023-05-25
PRJ_0020_U028,PRJ_0020,Valencia,granted,reserved,1,hipoteca,HIGH,2022-09-25
PRJ_0020_U029,PRJ_0020,Valencia,granted,reserved,0,,LOW,2022-11-25
PRJ_0020_U030,PRJ_0020,Valencia,granted,vacant,1,embargo,HIGH,2024-02-25
PRJ_0020_U031,PRJ_0020,Valencia,granted,vacant,0,,LOW,2022-05-25
PRJ_0020_U032,PRJ_0020,Valencia,granted,vacant,0,,LOW,2023-09-25
PRJ_0020_U033,PRJ_0020,Valencia,granted,occupied,0,,LOW,2023-06-25
PRJ_0020_U034,PRJ_0020,Valencia,pending,vacant,0,,LOW,2024-01-25
PRJ_0020_U035,PRJ_0020,Valencia,in_review,vacant,1,servidumbre,MED,2022-04-25
PRJ_0020_U036,PRJ_0020,Valencia,pending,vacant,0,,LOW,2022-04-25
PRJ_0020_U037,PRJ_0020,Valencia,granted,reserved,1,servidumbre,MED,2023-04-25
PRJ_0020_U038,PRJ_0020,Valencia,granted,vacant,0,,LOW,2022-12-25
PRJ_0020_U039,PRJ_0020,Valencia,granted,vacant,1,servidumbre,MED,2022-07-25
PRJ_0020_U040,PRJ_0020,Valencia,granted,reserved,0,,LOW,2022-05-25
PRJ_0020_U041,PRJ_0020,Valencia,granted,vacant,0,,LOW,2023-03-25
PRJ_0020_U042,PRJ_0020,Valencia,granted,vacant,0,,LOW,2022-07-25
PRJ_0020_U043,PRJ_0020,Valencia,granted,occupied,0,,LOW,2022-07-25
PRJ_0020_U044,PRJ_0020,Valencia,pending,vacant,0,,LOW,2022-04-25
PRJ_0020_U045,PRJ_0020,Valencia,granted,vacant,0,,LOW,2023-09-25
PRJ_0020_U046,PRJ_0020,Valencia,pending,reserved,0,,LOW,2023-07-25
PRJ_0020_U047,PRJ_0020,Valencia,pending,vacant,1,servidumbre,MED,2022-10-25
PRJ_0020_U048,PRJ_0020,Valencia,pending,reserved,0,,LOW,2023-04-25
PRJ_0020_U049,PRJ_0020,Valencia,granted,vacant,1,servidumbre,MED,2022-03-25
PRJ_0020_U050,PRJ_0020,Valencia,in_review,reserved,1,embargo,HIGH,2022-05-25
PRJ_0020_U051,PRJ_0020,Valencia,pending,vacant,0,,LOW,2023-05-25
PRJ_0020_U052,PRJ_0020,Valencia,granted,occupied,1,servidumbre,MED,2023-02-25
PRJ_0020_U053,PRJ_0020,Valencia,in_review,vacant,0,,LOW,2023-03-25
PRJ_0020_U054,PRJ_0020,Valencia,granted,reserved,0,,LOW,2023-01-25
PRJ_0020_U055,PRJ_0020,Valencia,granted,vacant,0,,LOW,2022-09-25
PRJ_0020_U056,PRJ_0020,Valencia,granted,vacant,0,,LOW,2022-06-25
PRJ_0020_U057,PRJ_0020,Valencia,pending,occupied,0,,LOW,2024-02-25
PRJ_0020_U058,PRJ_0020,Valencia,granted,vacant,1,hipoteca,HIGH,2023-08-25
PRJ_0020_U059,PRJ_0020,Valencia,granted,vacant,1,embargo,HIGH,2024-02-25
PRJ_0020_U060,PRJ_0020,Valencia,granted,vacant,0,,LOW,2024-01-25
PRJ_0020_U061,PRJ_0020,Valencia,in_review,reserved,0,,LOW,2022-11-25
PRJ_0021_U001,PRJ_0021,Valencia,granted,vacant,0,,LOW,2024-01-24
PRJ_0021_U002,PRJ_0021,Valencia,granted,vacant,0,,LOW,2025-02-24
PRJ_0021_U003,PRJ_0021,Valencia,in_review,reserved,0,,LOW,2023-11-24
PRJ_0021_U004,PRJ_0021,Valencia,granted,vacant,0,,LOW,2023-09-24
PRJ_0021_U005,PRJ_0021,Valencia,granted,vacant,0,,LOW,2023-11-24
PRJ_0021_U006,PRJ_0021,Valencia,granted,occupied,0,,LOW,2024-10-24
PRJ_0021_U007,PRJ_0021,Valencia,granted,vacant,1,servidumbre,MED,2024-10-24
PRJ_0021_U008,PRJ_0021,Valencia,granted,vacant,0,,LOW,2025-04-24
PRJ_0021_U009,PRJ_0021,Valencia,granted,occupied,0,,LOW,2025-08-24
PRJ_0021_U010,PRJ_0021,Valencia,granted,reserved,0,,LOW,2025-05-24
PRJ_0021_U011,PRJ_0021,Valencia,granted,vacant,0,,LOW,2024-04-24
PRJ_0021_U012,PRJ_0021,Valencia,granted,vacant,0,,LOW,2024-03-24
PRJ_0021_U013,PRJ_0021,Valencia,in_review,vacant,0,,LOW,2023-10-24
PRJ_0021_U014,PRJ_0021,Valencia,in_review,vacant,0,,LOW,2024-04-24
PRJ_0021_U015,PRJ_0021,Valencia,in_review,vacant,1,servidumbre,MED,2024-11-24
PRJ_0021_U016,PRJ_0021,Valencia,granted,vacant,0,,LOW,2025-04-24
PRJ_0021_U017,PRJ_0021,Valencia,in_review,reserved,1,servidumbre,MED,2025-02-24
PRJ_0021_U018,PRJ_0021,Valencia,in_review,vacant,0,,LOW,2023-11-24
PRJ_0021_U019,PRJ_0021,Valencia,granted,reserved,0,,LOW,2024-04-24
PRJ_0021_U020,PRJ_0021,Valencia,granted,occupied,0,,LOW,2025-06-24
PRJ_0021_U021,PRJ_0021,Valencia,granted,vacant,0,,LOW,2023-12-24
PRJ_0021_U022,PRJ_0021,Valencia,granted,occupied,1,servidumbre,MED,2025-08-24
PRJ_0021_U023,PRJ_0021,Valencia,granted,occupied,0,,LOW,2024-01-24
PRJ_0021_U024,PRJ_0021,Valencia,granted,vacant,0,,LOW,2024-12-24
PRJ_0021_U025,PRJ_0021,Valencia,granted,vacant,0,,LOW,2024-07-24
PRJ_0021_U026,PRJ_0021,Valencia,granted,vacant,1,embargo,HIGH,2024-12-24
PRJ_0021_U027,PRJ_0021,Valencia,pending,vacant,0,,LOW,2025-03-24
PRJ_0021_U028,PRJ_0021,Valencia,granted,vacant,1,embargo,HIGH,2024-11-24
PRJ_0021_U029,PRJ_0021,Valencia,pending,reserved,0,,LOW,2025-03-24
PRJ_0021_U030,PRJ_0021,Valencia,granted,vacant,0,,LOW,2024-02-24
PRJ_0021_U031,PRJ_0021,Valencia,granted,reserved,1,embargo,HIGH,2024-03-24
PRJ_0021_U032,PRJ_0021,Valencia,granted,occupied,0,,LOW,2025-04-24
PRJ_0021_U033,PRJ_0021,Valencia,granted,occupied,1,embargo,HIGH,2024-06-24
PRJ_0021_U034,PRJ_0021,Valencia,in_review,reserved,0,,LOW,2024-10-24
PRJ_0021_U035,PRJ_0021,Valencia,granted,vacant,1,hipoteca,HIGH,2024-01-24
PRJ_0021_U036,PRJ_0021,Valencia,granted,vacant,0,,LOW,2024-02-24
PRJ_0021_U037,PRJ_0021,Valencia,granted,occupied,0,,LOW,2024-03-24
PRJ_0021_U038,PRJ_0021,Valencia,in_review,vacant,0,,LOW,2024-08-24
PRJ_0021_U039,PRJ_0021,Valencia,granted,vacant,0,,LOW,2025-01-24
PRJ_0021_U040,PRJ_0021,Valencia,granted,occupied,0,,LOW,2024-08-24
PRJ_0021_U041,PRJ_0021,Valencia,in_review,vacant,0,,LOW,2025-01-24
PRJ_0021_U042,PRJ_0021,Valencia,in_review,vacant,0,,LOW,2024-04-24
PRJ_0022_U001,PRJ_0022,Barcelona,granted,vacant,0,,LOW,2022-04-24
PRJ_0022_U002,PRJ_0022,Barcelona,in_review,vacant,0,,LOW,2022-10-24
PRJ_0022_U003,PRJ_0022,Barcelona,granted,vacant,0,,LOW,2023-04-24
PRJ_0022_U004,PRJ_0022,Barcelona,granted,reserved,0,,LOW,2022-05-24
PRJ_0022_U005,PRJ_0022,Barcelona,granted,reserved,0,,LOW,2023-02-24
PRJ_0022_U006,PRJ_0022,Barcelona,granted,vacant,0,,LOW,2021-08-24
PRJ_0022_U007,PRJ_0022,Barcelona,in_review,reserved,0,,LOW,2022-05-24
PRJ_0022_U008,PRJ_0022,Barcelona,granted,vacant,0,,LOW,2021-12-24
PRJ_0022_U009,PRJ_0022,Barcelona,pending,occupied,0,,LOW,2022-09-24
PRJ_0022_U010,PRJ_0022,Barcelona,granted,vacant,0,,LOW,2021-12-24
PRJ_0022_U011,PRJ_0022,Barcelona,granted,occupied,0,,LOW,2021-12-24
PRJ_0022_U012,PRJ_0022,Barcelona,granted,vacant,1,embargo,HIGH,2021-12-24
PRJ_0022_U013,PRJ_0022,Barcelona,granted,reserved,0,,LOW,2021-09-24
PRJ_0022_U014,PRJ_0022,Barcelona,pending,reserved,0,,LOW,2021-11-24
PRJ_0022_U015,PRJ_0022,Barcelona,granted,vacant,0,,LOW,2023-01-24
PRJ_0022_U016,PRJ_0022,Barcelona,granted,occupied,1,servidumbre,MED,2022-11-24
PRJ_0022_U017,PRJ_0022,Barcelona,pending,vacant,0,,LOW,2022-06-24
PRJ_0022_U018,PRJ_0022,Barcelona,in_review,vacant,0,,LOW,2021-07-24
PRJ_0022_U019,PRJ_0022,Barcelona,granted,occupied,0,,LOW,2022-09-24
PRJ_0022_U020,PRJ_0022,Barcelona,granted,vacant,1,hipoteca,HIGH,2022-05-24
PRJ_0022_U021,PRJ_0022,Barcelona,granted,vacant,0,,LOW,2021-08-24
PRJ_0022_U022,PRJ_0022,Barcelona,in_review,vacant,0,,LOW,2023-05-24
PRJ_0022_U023,PRJ_0022,Barcelona,in_review,occupied,1,hipoteca,HIGH,2022-03-24
PRJ_0022_U024,PRJ_0022,Barcelona,granted,occupied,0,,LOW,2021-10-24
PRJ_0022_U025,PRJ_0022,Barcelona,granted,vacant,0,,LOW,2022-12-24
PRJ_0022_U026,PRJ_0022,Barcelona,granted,vacant,0,,LOW,2022-07-24
PRJ_0022_U027,PRJ_0022,Barcelona,granted,reserved,0,,LOW,2021-11-24
PRJ_0022_U028,PRJ_0022,Barcelona,granted,vacant,0,,LOW,2022-03-24
PRJ_0022_U029,PRJ_0022,Barcelona,in_review,vacant,0,,LOW,2022-04-24
PRJ_0022_U030,PRJ_0022,Barcelona,granted,occupied,0,,LOW,2023-03-24
PRJ_0022_U031,PRJ_0022,Barcelona,granted,occupied,0,,LOW,2022-11-24
PRJ_0022_U032,PRJ_0022,Barcelona,granted,vacant,0,,LOW,2023-07-24
PRJ_0022_U033,PRJ_0022,Barcelona,granted,reserved,0,,LOW,2022-10-24
PRJ_0022_U034,PRJ_0022,Barcelona,pending,vacant,1,servidumbre,MED,2022-01-24
PRJ_0022_U035,PRJ_0022,Barcelona,granted,reserved,0,,LOW,2023-03-24
PRJ_0022_U036,PRJ_0022,Barcelona,granted,vacant,0,,LOW,2021-11-24
PRJ_0022_U037,PRJ_0022,Barcelona,granted,vacant,0,,LOW,2022-02-24
PRJ_0022_U038,PRJ_0022,Barcelona,granted,occupied,0,,LOW,2022-03-24
PRJ_0022_U039,PRJ_0022,Barcelona,granted,occupied,0,,LOW,2021-11-24
PRJ_0022_U040,PRJ_0022,Barcelona,granted,vacant,0,,LOW,2023-06-24
PRJ_0022_U041,PRJ_0022,Barcelona,granted,vacant,0,,LOW,2022-04-24
PRJ_0022_U042,PRJ_0022,Barcelona,pending,occupied,0,,LOW,2021-07-24
PRJ_0022_U043,PRJ_0022,Barcelona,granted,vacant,0,,LOW,2021-08-24
PRJ_0022_U044,PRJ_0022,Barcelona,granted,occupied,0,,LOW,2022-07-24
PRJ_0023_U001,PRJ_0023,Madrid,granted,vacant,0,,LOW,2021-12-19
PRJ_0023_U002,PRJ_0023,Madrid,granted,vacant,1,servidumbre,MED,2023-03-19
PRJ_0023_U003,PRJ_0023,Madrid,pending,occupied,0,,LOW,2022-09-19
PRJ_0023_U004,PRJ_0023,Madrid,granted,vacant,0,,LOW,2022-04-19
PRJ_0023_U005,PRJ_0023,Madrid,in_review,vacant,0,,LOW,2022-04-19
PRJ_0023_U006,PRJ_0023,Madrid,in_review,occupied,0,,LOW,2022-07-19
PRJ_0023_U007,PRJ_0023,Madrid,granted,reserved,0,,LOW,2022-11-19
PRJ_0023_U008,PRJ_0023,Madrid,in_review,reserved,0,,LOW,2022-08-19
PRJ_0023_U009,PRJ_0023,Madrid,granted,occupied,1,embargo,HIGH,2023-01-19
PRJ_0023_U010,PRJ_0023,Madrid,granted,vacant,0,,LOW,2023-05-19
PRJ_0023_U011,PRJ_0023,Madrid,granted,vacant,1,servidumbre,MED,2023-03-19
PRJ_0023_U012,PRJ_0023,Madrid,granted,vacant,0,,LOW,2022-05-19
PRJ_0023_U013,PRJ_0023,Madrid,granted,occupied,0,,LOW,2023-10-19
PRJ_0023_U014,PRJ_0023,Madrid,granted,occupied,0,,LOW,2022-07-19
PRJ_0023_U015,PRJ_0023,Madrid,granted,occupied,0,,LOW,2023-01-19
PRJ_0023_U016,PRJ_0023,Madrid,granted,reserved,0,,LOW,2022-11-19
PRJ_0023_U017,PRJ_0023,Madrid,granted,reserved,0,,LOW,2022-09-19
PRJ_0023_U018,PRJ_0023,Madrid,pending,vacant,0,,LOW,2023-10-19
PRJ_0023_U019,PRJ_0023,Madrid,granted,reserved,0,,LOW,2022-05-19
PRJ_0023_U020,PRJ_0023,Madrid,granted,reserved,0,,LOW,2023-06-19
PRJ_0023_U021,PRJ_0023,Madrid,in_review,vacant,0,,LOW,2023-08-19
PRJ_0023_U022,PRJ_0023,Madrid,granted,occupied,0,,LOW,2023-03-19
PRJ_0023_U023,PRJ_0023,Madrid,granted,vacant,1,hipoteca,HIGH,2023-09-19
PRJ_0023_U024,PRJ_0023,Madrid,granted,vacant,0,,LOW,2022-07-19
PRJ_0023_U025,PRJ_0023,Madrid,granted,reserved,1,servidumbre,MED,2021-12-19
PRJ_0023_U026,PRJ_0023,Madrid,granted,reserved,0,,LOW,2022-08-19
PRJ_0023_U027,PRJ_0023,Madrid,in_review,vacant,0,,LOW,2023-05-19
PRJ_0023_U028,PRJ_0023,Madrid,granted,reserved,1,embargo,HIGH,2023-01-19
PRJ_0023_U029,PRJ_0023,Madrid,granted,vacant,0,,LOW,2023-02-19
PRJ_0023_U030,PRJ_0023,Madrid,pending,reserved,0,,LOW,2023-06-19
PRJ_0023_U031,PRJ_0023,Madrid,granted,vacant,0,,LOW,2022-05-19
PRJ_0023_U032,PRJ_0023,Madrid,granted,vacant,0,,LOW,2022-10-19
PRJ_0023_U033,PRJ_0023,Madrid,in_review,vacant,0,,LOW,2023-01-19
PRJ_0023_U034,PRJ_0023,Madrid,granted,vacant,0,,LOW,2022-02-19
PRJ_0023_U035,PRJ_0023,Madrid,granted,vacant,0,,LOW,2023-09-19
PRJ_0023_U036,PRJ_0023,Madrid,granted,reserved,0,,LOW,2023-04-19
PRJ_0023_U037,PRJ_0023,Madrid,granted,vacant,0,,LOW,2023-03-19
PRJ_0023_U038,PRJ_0023,Madrid,in_review,vacant,0,,LOW,2022-09-19
PRJ_0023_U039,PRJ_0023,Madrid,granted,occupied,0,,LOW,2022-09-19
PRJ_0023_U040,PRJ_0023,Madrid,granted,reserved,0,,LOW,2023-05-19
PRJ_0023_U041,PRJ_0023,Madrid,granted,vacant,0,,LOW,2023-04-19
PRJ_0023_U042,PRJ_0023,Madrid,granted,reserved,0,,LOW,2022-02-19
PRJ_0023_U043,PRJ_0023,Madrid,granted,vacant,0,,LOW,2021-10-19
PRJ_0023_U044,PRJ_0023,Madrid,in_review,vacant,0,,LOW,2023-05-19
PRJ_0023_U045,PRJ_0023,Madrid,granted,occupied,0,,LOW,2022-10-19
PRJ_0023_U046,PRJ_0023,Madrid,granted,vacant,0,,LOW,2023-01-19
PRJ_0023_U047,PRJ_0023,Madrid,granted,occupied,0,,LOW,2021-12-19
PRJ_0023_U048,PRJ_0023,Madrid,granted,vacant,0,,LOW,2023-08-19
PRJ_0023_U049,PRJ_0023,Madrid,in_review,vacant,0,,LOW,2023-06-19
PRJ_0023_U050,PRJ_0023,Madrid,granted,vacant,0,,LOW,2022-03-19
PRJ_0023_U051,PRJ_0023,Madrid,pending,occupied,0,,LOW,2022-03-19
PRJ_0023_U052,PRJ_0023,Madrid,granted,occupied,0,,LOW,2023-07-19
PRJ_0023_U053,PRJ_0023,Madrid,granted,reserved,1,servidumbre,MED,2023-10-19
PRJ_0023_U054,PRJ_0023,Madrid,granted,reserved,1,hipoteca,HIGH,2022-01-19
PRJ_0023_U055,PRJ_0023,Madrid,granted,reserved,0,,LOW,2021-11-19
PRJ_0023_U056,PRJ_0023,Madrid,in_review,vacant,0,,LOW,2022-12-19
PRJ_0023_U057,PRJ_0023,Madrid,granted,vacant,0,,LOW,2022-11-19
PRJ_0023_U058,PRJ_0023,Madrid,granted,vacant,0,,LOW,2022-06-19
PRJ_0023_U059,PRJ_0023,Madrid,in_review,vacant,1,servidumbre,MED,2022-01-19
PRJ_0023_U060,PRJ_0023,Madrid,granted,reserved,0,,LOW,2021-11-19
PRJ_0023_U061,PRJ_0023,Madrid,granted,vacant,0,,LOW,2023-09-19
PRJ_0023_U062,PRJ_0023,Madrid,granted,occupied,0,,LOW,2023-05-19
PRJ_0023_U063,PRJ_0023,Madrid,granted,vacant,0,,LOW,2021-10-19
PRJ_0023_U064,PRJ_0023,Madrid,pending,occupied,0,,LOW,2022-05-19
PRJ_0023_U065,PRJ_0023,Madrid,granted,vacant,0,,LOW,2023-01-19
PRJ_0023_U066,PRJ_0023,Madrid,granted,vacant,0,,LOW,2022-10-19
PRJ_0023_U067,PRJ_0023,Madrid,granted,vacant,0,,LOW,2023-09-19
PRJ_0023_U068,PRJ_0023,Madrid,granted,vacant,0,,LOW,2023-05-19
PRJ_0023_U069,PRJ_0023,Madrid,granted,vacant,0,,LOW,2023-03-19
PRJ_0023_U070,PRJ_0023,Madrid,in_review,occupied,0,,LOW,2021-10-19
PRJ_0023_U071,PRJ_0023,Madrid,granted,occupied,1,embargo,HIGH,2023-04-19
PRJ_0023_U072,PRJ_0023,Madrid,granted,occupied,0,,LOW,2022-02-19
PRJ_0023_U073,PRJ_0023,Madrid,in_review,vacant,1,servidumbre,MED,2022-05-19
PRJ_0023_U074,PRJ_0023,Madrid,in_review,vacant,1,hipoteca,HIGH,2022-12-19
PRJ_0023_U075,PRJ_0023,Madrid,pending,reserved,0,,LOW,2022-12-19
PRJ_0023_U076,PRJ_0023,Madrid,granted,reserved,1,embargo,HIGH,2023-09-19
PRJ_0023_U077,PRJ_0023,Madrid,pending,reserved,0,,LOW,2022-10-19
PRJ_0024_U001,PRJ_0024,Malaga,granted,reserved,0,,LOW,2021-11-11
PRJ_0024_U002,PRJ_0024,Malaga,granted,reserved,0,,LOW,2022-12-11
PRJ_0024_U003,PRJ_0024,Malaga,granted,vacant,0,,LOW,2022-09-11
PRJ_0024_U004,PRJ_0024,Malaga,pending,occupied,0,,LOW,2022-03-11
PRJ_0024_U005,PRJ_0024,Malaga,granted,occupied,0,,LOW,2022-10-11
PRJ_0024_U006,PRJ_0024,Malaga,granted,vacant,0,,LOW,2021-02-11
PRJ_0024_U007,PRJ_0024,Malaga,granted,reserved,0,,LOW,2022-10-11
PRJ_0024_U008,PRJ_0024,Malaga,granted,reserved,0,,LOW,2022-05-11
PRJ_0024_U009,PRJ_0024,Malaga,pending,vacant,0,,LOW,2022-09-11
PRJ_0024_U010,PRJ_0024,Malaga,granted,vacant,1,hipoteca,HIGH,2022-10-11
PRJ_0024_U011,PRJ_0024,Malaga,granted,vacant,0,,LOW,2021-04-11
PRJ_0024_U012,PRJ_0024,Malaga,granted,reserved,0,,LOW,2021-11-11
PRJ_0024_U013,PRJ_0024,Malaga,pending,vacant,0,,LOW,2021-11-11
PRJ_0024_U014,PRJ_0024,Malaga,granted,vacant,0,,LOW,2022-12-11
PRJ_0024_U015,PRJ_0024,Malaga,granted,vacant,0,,LOW,2022-04-11
PRJ_0024_U016,PRJ_0024,Malaga,granted,occupied,1,hipoteca,HIGH,2022-07-11
PRJ_0024_U017,PRJ_0024,Malaga,granted,occupied,0,,LOW,2021-08-11
PRJ_0024_U018,PRJ_0024,Malaga,granted,vacant,0,,LOW,2022-07-11
PRJ_0024_U019,PRJ_0024,Malaga,granted,reserved,0,,LOW,2022-02-11
PRJ_0024_U020,PRJ_0024,Malaga,in_review,occupied,0,,LOW,2022-03-11
PRJ_0024_U021,PRJ_0024,Malaga,in_review,vacant,0,,LOW,2021-11-11
PRJ_0024_U022,PRJ_0024,Malaga,granted,vacant,1,servidumbre,MED,2021-08-11
PRJ_0024_U023,PRJ_0024,Malaga,granted,vacant,0,,LOW,2021-01-11
PRJ_0024_U024,PRJ_0024,Malaga,granted,reserved,1,servidumbre,MED,2021-10-11
PRJ_0024_U025,PRJ_0024,Malaga,granted,reserved,0,,LOW,2022-03-11
PRJ_0024_U026,PRJ_0024,Malaga,granted,reserved,0,,LOW,2021-09-11
PRJ_0024_U027,PRJ_0024,Malaga,granted,reserved,0,,LOW,2022-10-11
PRJ_0024_U028,PRJ_0024,Malaga,granted,occupied,0,,LOW,2022-10-11
PRJ_0024_U029,PRJ_0024,Malaga,pending,occupied,0,,LOW,2021-05-11
PRJ_0024_U030,PRJ_0024,Malaga,in_review,vacant,0,,LOW,2022-04-11
PRJ_0024_U031,PRJ_0024,Malaga,pending,reserved,0,,LOW,2021-12-11
PRJ_0024_U032,PRJ_0024,Malaga,in_review,occupied,0,,LOW,2021-11-11
PRJ_0024_U033,PRJ_0024,Malaga,granted,reserved,0,,LOW,2022-07-11
PRJ_0024_U034,PRJ_0024,Malaga,in_review,vacant,0,,LOW,2022-04-11
PRJ_0024_U035,PRJ_0024,Malaga,granted,vacant,0,,LOW,2022-12-11
PRJ_0024_U036,PRJ_0024,Malaga,granted,vacant,0,,LOW,2022-09-11
PRJ_0024_U037,PRJ_0024,Malaga,in_review,occupied,1,hipoteca,HIGH,2022-05-11
PRJ_0024_U038,PRJ_0024,Malaga,granted,reserved,0,,LOW,2021-09-11
PRJ_0024_U039,PRJ_0024,Malaga,granted,reserved,0,,LOW,2022-06-11
PRJ_0024_U040,PRJ_0024,Malaga,granted,vacant,0,,LOW,2021-05-11
PRJ_0024_U041,PRJ_0024,Malaga,granted,reserved,0,,LOW,2022-07-11
PRJ_0024_U042,PRJ_0024,Malaga,granted,vacant,0,,LOW,2021-09-11
PRJ_0024_U043,PRJ_0024,Malaga,granted,vacant,0,,LOW,2021-09-11
PRJ_0024_U044,PRJ_0024,Malaga,granted,vacant,1,hipoteca,HIGH,2022-07-11
PRJ_0024_U045,PRJ_0024,Malaga,pending,vacant,1,servidumbre,MED,2022-06-11
PRJ_0024_U046,PRJ_0024,Malaga,granted,vacant,0,,LOW,2021-08-11
PRJ_0024_U047,PRJ_0024,Malaga,granted,vacant,0,,LOW,2022-09-11
PRJ_0024_U048,PRJ_0024,Malaga,granted,vacant,0,,LOW,2022-05-11
PRJ_0024_U049,PRJ_0024,Malaga,granted,vacant,0,,LOW,2021-04-11
PRJ_0024_U050,PRJ_0024,Malaga,granted,vacant,0,,LOW,2023-01-11
PRJ_0024_U051,PRJ_0024,Malaga,granted,vacant,0,,LOW,2022-05-11
PRJ_0024_U052,PRJ_0024,Malaga,granted,vacant,0,,LOW,2021-01-11
PRJ_0024_U053,PRJ_0024,Malaga,granted,occupied,0,,LOW,2022-02-11
PRJ_0024_U054,PRJ_0024,Malaga,granted,occupied,0,,LOW,2021-06-11
PRJ_0024_U055,PRJ_0024,Malaga,granted,vacant,1,hipoteca,HIGH,2022-03-11
PRJ_0024_U056,PRJ_0024,Malaga,granted,vacant,0,,LOW,2022-07-11
PRJ_0024_U057,PRJ_0024,Malaga,granted,occupied,0,,LOW,2021-10-11
PRJ_0024_U058,PRJ_0024,Malaga,granted,vacant,0,,LOW,2021-12-11
PRJ_0024_U059,PRJ_0024,Malaga,granted,vacant,0,,LOW,2022-11-11
PRJ_0024_U060,PRJ_0024,Malaga,granted,vacant,1,hipoteca,HIGH,2022-01-11
PRJ_0024_U061,PRJ_0024,Malaga,granted,reserved,0,,LOW,2022-11-11
PRJ_0024_U062,PRJ_0024,Malaga,granted,occupied,0,,LOW,2021-04-11
PRJ_0024_U063,PRJ_0024,Malaga,granted,occupied,0,,LOW,2022-01-11
PRJ_0024_U064,PRJ_0024,Malaga,granted,vacant,0,,LOW,2021-08-11
PRJ_0024_U065,PRJ_0024,Malaga,in_review,vacant,0,,LOW,2022-11-11
PRJ_0024_U066,PRJ_0024,Malaga,pending,reserved,0,,LOW,2021-05-11
PRJ_0024_U067,PRJ_0024,Malaga,granted,vacant,0,,LOW,2022-04-11
PRJ_0024_U068,PRJ_0024,Malaga,in_review,occupied,0,,LOW,2021-09-11
PRJ_0024_U069,PRJ_0024,Malaga,in_review,vacant,0,,LOW,2022-10-11
PRJ_0024_U070,PRJ_0024,Malaga,pending,occupied,1,servidumbre,MED,2022-12-11
PRJ_0024_U071,PRJ_0024,Malaga,granted,vacant,0,,LOW,2021-05-11
PRJ_0024_U072,PRJ_0024,Malaga,granted,reserved,0,,LOW,2022-10-11
PRJ_0024_U073,PRJ_0024,Malaga,granted,vacant,0,,LOW,2022-05-11
PRJ_0024_U074,PRJ_0024,Malaga,granted,reserved,0,,LOW,2021-04-11
PRJ_0024_U075,PRJ_0024,Malaga,in_review,reserved,0,,LOW,2021-03-11
PRJ_0024_U076,PRJ_0024,Malaga,in_review,vacant,0,,LOW,2022-01-11
PRJ_0024_U077,PRJ_0024,Malaga,granted,reserved,0,,LOW,2022-04-11
PRJ_0024_U078,PRJ_0024,Malaga,in_review,occupied,0,,LOW,2021-11-11
PRJ_0024_U079,PRJ_0024,Malaga,granted,vacant,0,,LOW,2022-05-11
PRJ_0024_U080,PRJ_0024,Malaga,granted,reserved,0,,LOW,2021-08-11
PRJ_0024_U081,PRJ_0024,Malaga,granted,reserved,0,,LOW,2021-06-11
PRJ_0024_U082,PRJ_0024,Malaga,granted,occupied,0,,LOW,2021-02-11
PRJ_0024_U083,PRJ_0024,Malaga,in_review,vacant,0,,LOW,2022-09-11
PRJ_0024_U084,PRJ_0024,Malaga,granted,vacant,0,,LOW,2021-11-11
PRJ_0024_U085,PRJ_0024,Malaga,granted,vacant,0,,LOW,2022-06-11
PRJ_0024_U086,PRJ_0024,Malaga,in_review,vacant,0,,LOW,2022-05-11
PRJ_0024_U087,PRJ_0024,Malaga,in_review,vacant,0,,LOW,2021-07-11
PRJ_0024_U088,PRJ_0024,Malaga,granted,occupied,0,,LOW,2021-10-11
PRJ_0024_U089,PRJ_0024,Malaga,in_review,reserved,0,,LOW,2022-01-11
PRJ_0024_U090,PRJ_0024,Malaga,in_review,vacant,0,,LOW,2021-03-11
PRJ_0024_U091,PRJ_0024,Malaga,granted,vacant,0,,LOW,2022-06-11
PRJ_0024_U092,PRJ_0024,Malaga,granted,occupied,0,,LOW,2021-03-11
PRJ_0024_U093,PRJ_0024,Malaga,granted,reserved,0,,LOW,2021-10-11
PRJ_0024_U094,PRJ_0024,Malaga,granted,occupied,0,,LOW,2021-11-11
PRJ_0024_U095,PRJ_0024,Malaga,in_review,occupied,1,hipoteca,HIGH,2023-01-11
PRJ_0024_U096,PRJ_0024,Malaga,in_review,vacant,0,,LOW,2023-01-11
PRJ_0024_U097,PRJ_0024,Malaga,granted,vacant,1,servidumbre,MED,2021-09-11
PRJ_0024_U098,PRJ_0024,Malaga,granted,vacant,0,,LOW,2021-10-11
PRJ_0024_U099,PRJ_0024,Malaga,pending,occupied,0,,LOW,2021-11-11
PRJ_0024_U100,PRJ_0024,Malaga,granted,vacant,0,,LOW,2022-07-11
PRJ_0024_U101,PRJ_0024,Malaga,granted,occupied,0,,LOW,2021-09-11
PRJ_0024_U102,PRJ_0024,Malaga,granted,vacant,0,,LOW,2021-12-11
PRJ_0024_U103,PRJ_0024,Malaga,granted,occupied,0,,LOW,2022-08-11
PRJ_0024_U104,PRJ_0024,Malaga,granted,vacant,1,servidumbre,MED,2022-04-11
PRJ_0024_U105,PRJ_0024,Malaga,granted,vacant,0,,LOW,2022-09-11
PRJ_0024_U106,PRJ_0024,Malaga,granted,occupied,1,servidumbre,MED,2022-09-11
PRJ_0024_U107,PRJ_0024,Malaga,granted,reserved,0,,LOW,2021-10-11
PRJ_0024_U108,PRJ_0024,Malaga,granted,vacant,0,,LOW,2023-01-11
PRJ_0024_U109,PRJ_0024,Malaga,granted,vacant,0,,LOW,2021-07-11
PRJ_0024_U110,PRJ_0024,Malaga,granted,vacant,0,,LOW,2021-06-11
PRJ_0024_U111,PRJ_0024,Malaga,granted,vacant,0,,LOW,2022-12-11
PRJ_0024_U112,PRJ_0024,Malaga,pending,vacant,0,,LOW,2021-01-11
PRJ_0024_U113,PRJ_0024,Malaga,granted,reserved,1,embargo,HIGH,2021-02-11
PRJ_0024_U114,PRJ_0024,Malaga,granted,reserved,0,,LOW,2021-07-11
PRJ_0024_U115,PRJ_0024,Malaga,pending,vacant,0,,LOW,2022-01-11
PRJ_0024_U116,PRJ_0024,Malaga,granted,occupied,0,,LOW,2022-01-11
PRJ_0024_U117,PRJ_0024,Malaga,granted,occupied,0,,LOW,2022-08-11
PRJ_0024_U118,PRJ_0024,Malaga,in_review,occupied,0,,LOW,2022-09-11
PRJ_0024_U119,PRJ_0024,Malaga,pending,vacant,0,,LOW,2021-06-11
PRJ_0024_U120,PRJ_0024,Malaga,granted,reserved,0,,LOW,2022-11-11
PRJ_0024_U121,PRJ_0024,Malaga,granted,occupied,0,,LOW,2021-10-11
PRJ_0025_U001,PRJ_0025,Sevilla,granted,occupied,1,servidumbre,MED,2026-01-23
PRJ_0025_U002,PRJ_0025,Sevilla,in_review,vacant,0,,LOW,2024-09-23
PRJ_0025_U003,PRJ_0025,Sevilla,granted,vacant,0,,LOW,2024-10-23
PRJ_0025_U004,PRJ_0025,Sevilla,granted,vacant,0,,LOW,2025-02-23
PRJ_0025_U005,PRJ_0025,Sevilla,granted,vacant,0,,LOW,2024-02-23
PRJ_0025_U006,PRJ_0025,Sevilla,granted,vacant,0,,LOW,2024-03-23
PRJ_0025_U007,PRJ_0025,Sevilla,in_review,vacant,0,,LOW,2026-02-23
PRJ_0025_U008,PRJ_0025,Sevilla,in_review,vacant,0,,LOW,2025-07-23
PRJ_0025_U009,PRJ_0025,Sevilla,granted,vacant,0,,LOW,2026-02-23
PRJ_0025_U010,PRJ_0025,Sevilla,in_review,reserved,0,,LOW,2024-11-23
PRJ_0025_U011,PRJ_0025,Sevilla,granted,reserved,0,,LOW,2024-06-23
PRJ_0025_U012,PRJ_0025,Sevilla,pending,vacant,0,,LOW,2025-07-23
PRJ_0025_U013,PRJ_0025,Sevilla,granted,reserved,0,,LOW,2024-08-23
PRJ_0025_U014,PRJ_0025,Sevilla,in_review,vacant,0,,LOW,2024-12-23
PRJ_0025_U015,PRJ_0025,Sevilla,granted,vacant,0,,LOW,2024-04-23
PRJ_0025_U016,PRJ_0025,Sevilla,granted,vacant,0,,LOW,2026-01-23
PRJ_0025_U017,PRJ_0025,Sevilla,granted,vacant,0,,LOW,2024-03-23
PRJ_0025_U018,PRJ_0025,Sevilla,granted,vacant,1,hipoteca,HIGH,2025-06-23
PRJ_0025_U019,PRJ_0025,Sevilla,granted,vacant,0,,LOW,2024-07-23
PRJ_0025_U020,PRJ_0025,Sevilla,granted,vacant,0,,LOW,2025-11-23
PRJ_0025_U021,PRJ_0025,Sevilla,granted,vacant,0,,LOW,2025-04-23
PRJ_0025_U022,PRJ_0025,Sevilla,granted,vacant,0,,LOW,2024-04-23
PRJ_0025_U023,PRJ_0025,Sevilla,granted,reserved,0,,LOW,2025-01-23
PRJ_0025_U024,PRJ_0025,Sevilla,granted,vacant,0,,LOW,2025-02-23
PRJ_0025_U025,PRJ_0025,Sevilla,granted,vacant,0,,LOW,2025-01-23
PRJ_0025_U026,PRJ_0025,Sevilla,granted,vacant,1,hipoteca,HIGH,2025-08-23
PRJ_0025_U027,PRJ_0025,Sevilla,granted,vacant,0,,LOW,2025-08-23
PRJ_0025_U028,PRJ_0025,Sevilla,granted,vacant,0,,LOW,2024-08-23
PRJ_0025_U029,PRJ_0025,Sevilla,granted,occupied,0,,LOW,2025-09-23
PRJ_0025_U030,PRJ_0025,Sevilla,granted,reserved,0,,LOW,2025-12-23
PRJ_0025_U031,PRJ_0025,Sevilla,granted,vacant,0,,LOW,2024-12-23
PRJ_0025_U032,PRJ_0025,Sevilla,granted,reserved,0,,LOW,2025-03-23
PRJ_0025_U033,PRJ_0025,Sevilla,granted,vacant,1,hipoteca,HIGH,2026-02-23
PRJ_0025_U034,PRJ_0025,Sevilla,in_review,vacant,0,,LOW,2025-03-23
PRJ_0025_U035,PRJ_0025,Sevilla,in_review,occupied,0,,LOW,2025-12-23
PRJ_0025_U036,PRJ_0025,Sevilla,in_review,vacant,0,,LOW,2025-01-23
PRJ_0025_U037,PRJ_0025,Sevilla,granted,vacant,0,,LOW,2024-02-23
PRJ_0025_U038,PRJ_0025,Sevilla,granted,vacant,0,,LOW,2024-12-23
PRJ_0025_U039,PRJ_0025,Sevilla,pending,reserved,0,,LOW,2024-05-23
PRJ_0025_U040,PRJ_0025,Sevilla,granted,occupied,0,,LOW,2025-06-23
PRJ_0025_U041,PRJ_0025,Sevilla,granted,reserved,0,,LOW,2025-07-23
PRJ_0025_U042,PRJ_0025,Sevilla,pending,reserved,1,hipoteca,HIGH,2025-01-23
PRJ_0025_U043,PRJ_0025,Sevilla,in_review,occupied,0,,LOW,2024-04-23
PRJ_0025_U044,PRJ_0025,Sevilla,in_review,occupied,1,hipoteca,HIGH,2024-10-23
PRJ_0025_U045,PRJ_0025,Sevilla,granted,vacant,0,,LOW,2025-07-23
PRJ_0025_U046,PRJ_0025,Sevilla,granted,vacant,0,,LOW,2025-04-23
PRJ_0025_U047,PRJ_0025,Sevilla,granted,vacant,0,,LOW,2024-08-23
PRJ_0026_U001,PRJ_0026,Sevilla,in_review,reserved,0,,LOW,2024-02-29
PRJ_0026_U002,PRJ_0026,Sevilla,in_review,vacant,0,,LOW,2023-09-29
PRJ_0026_U003,PRJ_0026,Sevilla,granted,occupied,1,embargo,HIGH,2025-05-29
PRJ_0026_U004,PRJ_0026,Sevilla,granted,vacant,0,,LOW,2025-03-29
PRJ_0026_U005,PRJ_0026,Sevilla,granted,vacant,0,,LOW,2024-04-29
PRJ_0026_U006,PRJ_0026,Sevilla,granted,vacant,1,hipoteca,HIGH,2025-06-29
PRJ_0026_U007,PRJ_0026,Sevilla,granted,vacant,0,,LOW,2024-06-29
PRJ_0026_U008,PRJ_0026,Sevilla,granted,vacant,0,,LOW,2023-11-29
PRJ_0026_U009,PRJ_0026,Sevilla,granted,vacant,0,,LOW,2023-11-29
PRJ_0026_U010,PRJ_0026,Sevilla,granted,reserved,0,,LOW,2024-02-29
PRJ_0026_U011,PRJ_0026,Sevilla,in_review,reserved,0,,LOW,2025-07-29
PRJ_0026_U012,PRJ_0026,Sevilla,granted,reserved,0,,LOW,2025-03-29
PRJ_0026_U013,PRJ_0026,Sevilla,granted,reserved,0,,LOW,2023-08-29
PRJ_0026_U014,PRJ_0026,Sevilla,granted,occupied,0,,LOW,2023-10-29
PRJ_0026_U015,PRJ_0026,Sevilla,granted,occupied,0,,LOW,2024-04-29
PRJ_0026_U016,PRJ_0026,Sevilla,granted,vacant,0,,LOW,2024-01-29
PRJ_0026_U017,PRJ_0026,Sevilla,granted,vacant,0,,LOW,2024-09-29
PRJ_0026_U018,PRJ_0026,Sevilla,granted,vacant,0,,LOW,2025-05-29
PRJ_0026_U019,PRJ_0026,Sevilla,granted,vacant,0,,LOW,2024-11-29
PRJ_0026_U020,PRJ_0026,Sevilla,granted,occupied,0,,LOW,2024-05-29
PRJ_0026_U021,PRJ_0026,Sevilla,granted,reserved,0,,LOW,2023-12-29
PRJ_0026_U022,PRJ_0026,Sevilla,granted,reserved,0,,LOW,2024-10-29
PRJ_0026_U023,PRJ_0026,Sevilla,granted,reserved,0,,LOW,2024-03-29
PRJ_0026_U024,PRJ_0026,Sevilla,granted,vacant,0,,LOW,2024-06-29
PRJ_0026_U025,PRJ_0026,Sevilla,granted,vacant,0,,LOW,2023-12-29
PRJ_0026_U026,PRJ_0026,Sevilla,granted,vacant,1,servidumbre,MED,2023-08-29
PRJ_0026_U027,PRJ_0026,Sevilla,granted,vacant,1,hipoteca,HIGH,2025-07-29
PRJ_0026_U028,PRJ_0026,Sevilla,granted,vacant,0,,LOW,2024-03-29
PRJ_0026_U029,PRJ_0026,Sevilla,in_review,reserved,1,servidumbre,MED,2023-08-29
PRJ_0026_U030,PRJ_0026,Sevilla,granted,reserved,1,embargo,HIGH,2024-04-29
PRJ_0026_U031,PRJ_0026,Sevilla,pending,occupied,0,,LOW,2023-08-29
PRJ_0026_U032,PRJ_0026,Sevilla,granted,reserved,1,hipoteca,HIGH,2024-07-29
PRJ_0026_U033,PRJ_0026,Sevilla,granted,vacant,0,,LOW,2025-08-29
PRJ_0026_U034,PRJ_0026,Sevilla,granted,reserved,0,,LOW,2025-02-28
PRJ_0026_U035,PRJ_0026,Sevilla,in_review,reserved,0,,LOW,2025-04-29
PRJ_0026_U036,PRJ_0026,Sevilla,granted,occupied,0,,LOW,2023-09-29
PRJ_0026_U037,PRJ_0026,Sevilla,in_review,vacant,1,servidumbre,MED,2025-07-29
PRJ_0026_U038,PRJ_0026,Sevilla,granted,vacant,1,embargo,HIGH,2025-01-29
PRJ_0026_U039,PRJ_0026,Sevilla,granted,vacant,0,,LOW,2025-03-29
PRJ_0026_U040,PRJ_0026,Sevilla,granted,occupied,0,,LOW,2024-08-29
PRJ_0026_U041,PRJ_0026,Sevilla,granted,vacant,0,,LOW,2024-06-29
PRJ_0026_U042,PRJ_0026,Sevilla,pending,reserved,0,,LOW,2025-04-29
PRJ_0026_U043,PRJ_0026,Sevilla,granted,vacant,0,,LOW,2024-02-29
PRJ_0026_U044,PRJ_0026,Sevilla,granted,reserved,0,,LOW,2024-04-29
PRJ_0026_U045,PRJ_0026,Sevilla,granted,vacant,0,,LOW,2023-10-29
PRJ_0026_U046,PRJ_0026,Sevilla,granted,reserved,0,,LOW,2023-09-29
PRJ_0026_U047,PRJ_0026,Sevilla,in_review,vacant,1,hipoteca,HIGH,2024-11-29
PRJ_0026_U048,PRJ_0026,Sevilla,granted,reserved,0,,LOW,2024-04-29
PRJ_0026_U049,PRJ_0026,Sevilla,granted,vacant,0,,LOW,2024-01-29
PRJ_0026_U050,PRJ_0026,Sevilla,granted,vacant,0,,LOW,2023-08-29
PRJ_0026_U051,PRJ_0026,Sevilla,granted,reserved,0,,LOW,2024-08-29
PRJ_0026_U052,PRJ_0026,Sevilla,granted,vacant,1,servidumbre,MED,2024-08-29
PRJ_0026_U053,PRJ_0026,Sevilla,granted,vacant,0,,LOW,2024-03-29
PRJ_0026_U054,PRJ_0026,Sevilla,pending,occupied,0,,LOW,2024-01-29
PRJ_0026_U055,PRJ_0026,Sevilla,granted,vacant,0,,LOW,2025-08-29
PRJ_0026_U056,PRJ_0026,Sevilla,granted,occupied,0,,LOW,2024-07-29
PRJ_0026_U057,PRJ_0026,Sevilla,granted,occupied,0,,LOW,2023-10-29
PRJ_0026_U058,PRJ_0026,Sevilla,granted,vacant,0,,LOW,2024-09-29
PRJ_0026_U059,PRJ_0026,Sevilla,in_review,occupied,1,servidumbre,MED,2023-09-29
PRJ_0026_U060,PRJ_0026,Sevilla,granted,vacant,0,,LOW,2023-09-29
PRJ_0026_U061,PRJ_0026,Sevilla,pending,vacant,0,,LOW,2024-08-29
PRJ_0026_U062,PRJ_0026,Sevilla,in_review,vacant,0,,LOW,2024-03-29
PRJ_0026_U063,PRJ_0026,Sevilla,granted,vacant,0,,LOW,2025-02-28
PRJ_0026_U064,PRJ_0026,Sevilla,granted,vacant,1,hipoteca,HIGH,2023-08-29
PRJ_0026_U065,PRJ_0026,Sevilla,granted,reserved,0,,LOW,2023-11-29
PRJ_0026_U066,PRJ_0026,Sevilla,granted,vacant,0,,LOW,2025-02-28
PRJ_0026_U067,PRJ_0026,Sevilla,pending,vacant,0,,LOW,2024-01-29
PRJ_0026_U068,PRJ_0026,Sevilla,granted,reserved,0,,LOW,2024-11-29
PRJ_0026_U069,PRJ_0026,Sevilla,granted,occupied,0,,LOW,2024-03-29
PRJ_0026_U070,PRJ_0026,Sevilla,granted,reserved,0,,LOW,2023-10-29
PRJ_0026_U071,PRJ_0026,Sevilla,granted,reserved,0,,LOW,2025-04-29
PRJ_0026_U072,PRJ_0026,Sevilla,granted,vacant,0,,LOW,2023-11-29
PRJ_0026_U073,PRJ_0026,Sevilla,granted,vacant,0,,LOW,2024-07-29
PRJ_0026_U074,PRJ_0026,Sevilla,granted,reserved,0,,LOW,2024-01-29
PRJ_0026_U075,PRJ_0026,Sevilla,granted,vacant,1,servidumbre,MED,2024-08-29
PRJ_0026_U076,PRJ_0026,Sevilla,granted,occupied,1,embargo,HIGH,2025-07-29
PRJ_0026_U077,PRJ_0026,Sevilla,granted,occupied,0,,LOW,2023-11-29
PRJ_0026_U078,PRJ_0026,Sevilla,in_review,vacant,0,,LOW,2023-08-29
PRJ_0027_U001,PRJ_0027,Valencia,pending,vacant,0,,LOW,2025-02-27
PRJ_0027_U002,PRJ_0027,Valencia,granted,vacant,0,,LOW,2024-08-27
PRJ_0027_U003,PRJ_0027,Valencia,pending,vacant,0,,LOW,2025-01-27
PRJ_0027_U004,PRJ_0027,Valencia,granted,vacant,0,,LOW,2025-04-27
PRJ_0027_U005,PRJ_0027,Valencia,granted,vacant,1,servidumbre,MED,2023-12-27
PRJ_0027_U006,PRJ_0027,Valencia,granted,vacant,0,,LOW,2025-01-27
PRJ_0027_U007,PRJ_0027,Valencia,granted,reserved,0,,LOW,2024-07-27
PRJ_0027_U008,PRJ_0027,Valencia,granted,vacant,0,,LOW,2025-03-27
PRJ_0027_U009,PRJ_0027,Valencia,pending,reserved,0,,LOW,2024-08-27
PRJ_0027_U010,PRJ_0027,Valencia,granted,vacant,0,,LOW,2025-10-27
PRJ_0027_U011,PRJ_0027,Valencia,granted,vacant,0,,LOW,2024-03-27
PRJ_0027_U012,PRJ_0027,Valencia,granted,reserved,0,,LOW,2024-10-27
PRJ_0027_U013,PRJ_0027,Valencia,pending,occupied,1,servidumbre,MED,2024-12-27
PRJ_0027_U014,PRJ_0027,Valencia,granted,reserved,0,,LOW,2024-09-27
PRJ_0027_U015,PRJ_0027,Valencia,granted,vacant,1,servidumbre,MED,2025-07-27
PRJ_0027_U016,PRJ_0027,Valencia,granted,vacant,0,,LOW,2025-06-27
PRJ_0027_U017,PRJ_0027,Valencia,granted,vacant,0,,LOW,2024-01-27
PRJ_0027_U018,PRJ_0027,Valencia,granted,reserved,0,,LOW,2024-05-27
PRJ_0027_U019,PRJ_0027,Valencia,in_review,occupied,0,,LOW,2024-02-27
PRJ_0027_U020,PRJ_0027,Valencia,granted,vacant,1,hipoteca,HIGH,2024-08-27
PRJ_0027_U021,PRJ_0027,Valencia,pending,vacant,0,,LOW,2025-07-27
PRJ_0027_U022,PRJ_0027,Valencia,in_review,vacant,0,,LOW,2025-02-27
PRJ_0027_U023,PRJ_0027,Valencia,in_review,vacant,0,,LOW,2025-02-27
PRJ_0027_U024,PRJ_0027,Valencia,granted,vacant,0,,LOW,2023-11-27
PRJ_0027_U025,PRJ_0027,Valencia,pending,vacant,0,,LOW,2024-05-27
PRJ_0027_U026,PRJ_0027,Valencia,granted,vacant,0,,LOW,2024-07-27
PRJ_0027_U027,PRJ_0027,Valencia,in_review,occupied,0,,LOW,2023-12-27
PRJ_0027_U028,PRJ_0027,Valencia,granted,reserved,0,,LOW,2025-02-27
PRJ_0027_U029,PRJ_0027,Valencia,granted,occupied,0,,LOW,2024-01-27
PRJ_0027_U030,PRJ_0027,Valencia,in_review,reserved,0,,LOW,2024-03-27
PRJ_0027_U031,PRJ_0027,Valencia,granted,occupied,1,servidumbre,MED,2025-07-27
PRJ_0027_U032,PRJ_0027,Valencia,granted,vacant,0,,LOW,2025-02-27
PRJ_0027_U033,PRJ_0027,Valencia,granted,reserved,0,,LOW,2024-08-27
PRJ_0027_U034,PRJ_0027,Valencia,granted,vacant,0,,LOW,2024-09-27
PRJ_0027_U035,PRJ_0027,Valencia,pending,reserved,0,,LOW,2024-01-27
PRJ_0027_U036,PRJ_0027,Valencia,granted,reserved,0,,LOW,2024-10-27
PRJ_0027_U037,PRJ_0027,Valencia,granted,reserved,0,,LOW,2025-03-27
PRJ_0027_U038,PRJ_0027,Valencia,in_review,reserved,1,embargo,HIGH,2024-06-27
PRJ_0027_U039,PRJ_0027,Valencia,granted,reserved,0,,LOW,2025-07-27
PRJ_0027_U040,PRJ_0027,Valencia,granted,vacant,0,,LOW,2025-04-27
PRJ_0027_U041,PRJ_0027,Valencia,granted,occupied,0,,LOW,2023-11-27
PRJ_0027_U042,PRJ_0027,Valencia,granted,reserved,0,,LOW,2024-02-27
PRJ_0027_U043,PRJ_0027,Valencia,pending,occupied,1,servidumbre,MED,2025-02-27
PRJ_0027_U044,PRJ_0027,Valencia,granted,occupied,0,,LOW,2024-04-27
PRJ_0027_U045,PRJ_0027,Valencia,granted,reserved,0,,LOW,2025-10-27
PRJ_0027_U046,PRJ_0027,Valencia,granted,reserved,0,,LOW,2024-10-27
PRJ_0027_U047,PRJ_0027,Valencia,granted,reserved,0,,LOW,2025-03-27
PRJ_0027_U048,PRJ_0027,Valencia,granted,vacant,0,,LOW,2023-10-27
PRJ_0027_U049,PRJ_0027,Valencia,in_review,occupied,0,,LOW,2024-04-27
PRJ_0027_U050,PRJ_0027,Valencia,pending,occupied,0,,LOW,2025-09-27
PRJ_0027_U051,PRJ_0027,Valencia,granted,occupied,1,embargo,HIGH,2024-02-27
PRJ_0027_U052,PRJ_0027,Valencia,granted,vacant,1,hipoteca,HIGH,2024-05-27
PRJ_0027_U053,PRJ_0027,Valencia,granted,vacant,0,,LOW,2023-12-27
PRJ_0027_U054,PRJ_0027,Valencia,granted,occupied,0,,LOW,2024-10-27
PRJ_0027_U055,PRJ_0027,Valencia,in_review,vacant,0,,LOW,2025-07-27
PRJ_0027_U056,PRJ_0027,Valencia,granted,vacant,0,,LOW,2025-04-27
PRJ_0027_U057,PRJ_0027,Valencia,granted,reserved,0,,LOW,2023-11-27
PRJ_0027_U058,PRJ_0027,Valencia,granted,reserved,0,,LOW,2024-07-27
PRJ_0027_U059,PRJ_0027,Valencia,in_review,reserved,0,,LOW,2025-10-27
PRJ_0027_U060,PRJ_0027,Valencia,pending,reserved,0,,LOW,2025-01-27
PRJ_0027_U061,PRJ_0027,Valencia,granted,vacant,0,,LOW,2025-07-27
PRJ_0027_U062,PRJ_0027,Valencia,granted,vacant,1,embargo,HIGH,2025-07-27
PRJ_0027_U063,PRJ_0027,Valencia,granted,vacant,0,,LOW,2023-11-27
PRJ_0027_U064,PRJ_0027,Valencia,granted,vacant,0,,LOW,2024-09-27
PRJ_0027_U065,PRJ_0027,Valencia,granted,vacant,0,,LOW,2024-09-27
PRJ_0027_U066,PRJ_0027,Valencia,granted,vacant,0,,LOW,2023-11-27
PRJ_0027_U067,PRJ_0027,Valencia,granted,vacant,0,,LOW,2025-06-27
PRJ_0027_U068,PRJ_0027,Valencia,granted,vacant,1,embargo,HIGH,2024-04-27
PRJ_0027_U069,PRJ_0027,Valencia,in_review,vacant,0,,LOW,2025-10-27
PRJ_0027_U070,PRJ_0027,Valencia,granted,vacant,0,,LOW,2025-02-27
PRJ_0027_U071,PRJ_0027,Valencia,granted,reserved,0,,LOW,2025-07-27
PRJ_0027_U072,PRJ_0027,Valencia,in_review,reserved,0,,LOW,2024-01-27
PRJ_0027_U073,PRJ_0027,Valencia,granted,vacant,0,,LOW,2025-07-27
PRJ_0027_U074,PRJ_0027,Valencia,pending,vacant,0,,LOW,2024-12-27
PRJ_0027_U075,PRJ_0027,Valencia,pending,vacant,0,,LOW,2024-04-27
PRJ_0027_U076,PRJ_0027,Valencia,granted,vacant,0,,LOW,2023-12-27
PRJ_0027_U077,PRJ_0027,Valencia,granted,occupied,0,,LOW,2025-07-27
PRJ_0027_U078,PRJ_0027,Valencia,granted,vacant,0,,LOW,2024-08-27
PRJ_0027_U079,PRJ_0027,Valencia,pending,vacant,1,hipoteca,HIGH,2024-11-27
PRJ_0027_U080,PRJ_0027,Valencia,granted,reserved,1,hipoteca,HIGH,2024-02-27
PRJ_0027_U081,PRJ_0027,Valencia,granted,vacant,1,hipoteca,HIGH,2024-09-27
PRJ_0027_U082,PRJ_0027,Valencia,granted,vacant,0,,LOW,2024-02-27
PRJ_0027_U083,PRJ_0027,Valencia,granted,occupied,0,,LOW,2024-02-27
PRJ_0027_U084,PRJ_0027,Valencia,in_review,vacant,0,,LOW,2025-04-27
PRJ_0027_U085,PRJ_0027,Valencia,granted,reserved,0,,LOW,2023-10-27
PRJ_0027_U086,PRJ_0027,Valencia,granted,occupied,0,,LOW,2024-02-27
PRJ_0027_U087,PRJ_0027,Valencia,granted,vacant,0,,LOW,2024-05-27
PRJ_0027_U088,PRJ_0027,Valencia,granted,reserved,0,,LOW,2024-09-27
PRJ_0027_U089,PRJ_0027,Valencia,granted,vacant,0,,LOW,2024-02-27
PRJ_0027_U090,PRJ_0027,Valencia,granted,occupied,0,,LOW,2025-02-27
PRJ_0027_U091,PRJ_0027,Valencia,granted,occupied,0,,LOW,2024-01-27
PRJ_0027_U092,PRJ_0027,Valencia,granted,vacant,0,,LOW,2024-07-27
PRJ_0027_U093,PRJ_0027,Valencia,in_review,reserved,1,hipoteca,HIGH,2025-04-27
PRJ_0027_U094,PRJ_0027,Valencia,granted,vacant,0,,LOW,2025-04-27
PRJ_0027_U095,PRJ_0027,Valencia,granted,occupied,0,,LOW,2024-03-27
PRJ_0027_U096,PRJ_0027,Valencia,granted,vacant,0,,LOW,2025-10-27
PRJ_0027_U097,PRJ_0027,Valencia,granted,vacant,0,,LOW,2025-10-27
PRJ_0027_U098,PRJ_0027,Valencia,granted,reserved,0,,LOW,2024-06-27
PRJ_0027_U099,PRJ_0027,Valencia,in_review,vacant,0,,LOW,2024-12-27
PRJ_0027_U100,PRJ_0027,Valencia,granted,vacant,0,,LOW,2024-04-27
PRJ_0027_U101,PRJ_0027,Valencia,in_review,vacant,0,,LOW,2024-01-27
PRJ_0027_U102,PRJ_0027,Valencia,granted,vacant,0,,LOW,2023-10-27
PRJ_0028_U001,PRJ_0028,Malaga,granted,vacant,0,,LOW,2026-01-14
PRJ_0028_U002,PRJ_0028,Malaga,granted,reserved,0,,LOW,2025-03-14
PRJ_0028_U003,PRJ_0028,Malaga,granted,vacant,0,,LOW,2025-04-14
PRJ_0028_U004,PRJ_0028,Malaga,in_review,occupied,0,,LOW,2024-04-14
PRJ_0028_U005,PRJ_0028,Malaga,granted,vacant,0,,LOW,2025-11-14
PRJ_0028_U006,PRJ_0028,Malaga,granted,reserved,0,,LOW,2024-04-14
PRJ_0028_U007,PRJ_0028,Malaga,granted,vacant,0,,LOW,2024-08-14
PRJ_0028_U008,PRJ_0028,Malaga,granted,vacant,0,,LOW,2025-09-14
PRJ_0028_U009,PRJ_0028,Malaga,granted,vacant,0,,LOW,2025-05-14
PRJ_0028_U010,PRJ_0028,Malaga,in_review,reserved,0,,LOW,2024-11-14
PRJ_0028_U011,PRJ_0028,Malaga,granted,vacant,0,,LOW,2026-02-14
PRJ_0028_U012,PRJ_0028,Malaga,granted,vacant,0,,LOW,2024-03-14
PRJ_0028_U013,PRJ_0028,Malaga,pending,occupied,0,,LOW,2025-08-14
PRJ_0028_U014,PRJ_0028,Malaga,granted,vacant,0,,LOW,2025-06-14
PRJ_0028_U015,PRJ_0028,Malaga,granted,vacant,0,,LOW,2024-02-14
PRJ_0028_U016,PRJ_0028,Malaga,granted,vacant,0,,LOW,2024-06-14
PRJ_0028_U017,PRJ_0028,Malaga,granted,vacant,0,,LOW,2025-03-14
PRJ_0028_U018,PRJ_0028,Malaga,granted,vacant,0,,LOW,2024-07-14
PRJ_0028_U019,PRJ_0028,Malaga,granted,reserved,0,,LOW,2025-10-14
PRJ_0028_U020,PRJ_0028,Malaga,in_review,vacant,0,,LOW,2024-11-14
PRJ_0028_U021,PRJ_0028,Malaga,granted,vacant,0,,LOW,2024-02-14
PRJ_0028_U022,PRJ_0028,Malaga,granted,reserved,0,,LOW,2024-04-14
PRJ_0028_U023,PRJ_0028,Malaga,in_review,vacant,1,hipoteca,HIGH,2025-10-14
PRJ_0028_U024,PRJ_0028,Malaga,granted,vacant,0,,LOW,2025-12-14
PRJ_0028_U025,PRJ_0028,Malaga,granted,vacant,0,,LOW,2025-03-14
PRJ_0028_U026,PRJ_0028,Malaga,granted,vacant,0,,LOW,2026-02-14
PRJ_0028_U027,PRJ_0028,Malaga,granted,vacant,0,,LOW,2024-06-14
PRJ_0028_U028,PRJ_0028,Malaga,pending,vacant,0,,LOW,2024-12-14
PRJ_0028_U029,PRJ_0028,Malaga,granted,vacant,0,,LOW,2025-09-14
PRJ_0028_U030,PRJ_0028,Malaga,in_review,occupied,0,,LOW,2024-12-14
PRJ_0028_U031,PRJ_0028,Malaga,granted,vacant,0,,LOW,2025-07-14
PRJ_0028_U032,PRJ_0028,Malaga,pending,vacant,0,,LOW,2026-01-14
PRJ_0028_U033,PRJ_0028,Malaga,granted,reserved,1,hipoteca,HIGH,2025-04-14
PRJ_0028_U034,PRJ_0028,Malaga,granted,vacant,0,,LOW,2025-07-14
PRJ_0028_U035,PRJ_0028,Malaga,granted,vacant,1,hipoteca,HIGH,2024-06-14
PRJ_0028_U036,PRJ_0028,Malaga,granted,reserved,0,,LOW,2025-12-14
PRJ_0028_U037,PRJ_0028,Malaga,granted,vacant,0,,LOW,2024-02-14
PRJ_0028_U038,PRJ_0028,Malaga,granted,vacant,0,,LOW,2025-11-14
PRJ_0028_U039,PRJ_0028,Malaga,granted,occupied,1,hipoteca,HIGH,2025-06-14
PRJ_0028_U040,PRJ_0028,Malaga,in_review,reserved,0,,LOW,2025-10-14
PRJ_0028_U041,PRJ_0028,Malaga,granted,vacant,0,,LOW,2024-04-14
PRJ_0028_U042,PRJ_0028,Malaga,granted,vacant,0,,LOW,2025-08-14
PRJ_0028_U043,PRJ_0028,Malaga,granted,vacant,0,,LOW,2025-07-14
PRJ_0028_U044,PRJ_0028,Malaga,granted,occupied,0,,LOW,2024-05-14
PRJ_0028_U045,PRJ_0028,Malaga,granted,vacant,0,,LOW,2025-07-14
PRJ_0028_U046,PRJ_0028,Malaga,in_review,occupied,0,,LOW,2024-12-14
PRJ_0028_U047,PRJ_0028,Malaga,granted,vacant,1,embargo,HIGH,2025-03-14
PRJ_0028_U048,PRJ_0028,Malaga,granted,occupied,0,,LOW,2024-09-14
PRJ_0028_U049,PRJ_0028,Malaga,granted,vacant,0,,LOW,2025-03-14
PRJ_0028_U050,PRJ_0028,Malaga,granted,occupied,0,,LOW,2025-12-14
PRJ_0028_U051,PRJ_0028,Malaga,granted,vacant,0,,LOW,2025-10-14
PRJ_0028_U052,PRJ_0028,Malaga,granted,reserved,1,hipoteca,HIGH,2024-02-14
PRJ_0028_U053,PRJ_0028,Malaga,granted,occupied,1,servidumbre,MED,2024-08-14
PRJ_0028_U054,PRJ_0028,Malaga,granted,reserved,0,,LOW,2025-03-14
