snapshot_date,supplier_id,supplier_name,category,risk_profile,annual_volume_eur,orders,incidents,avg_delay_days,dependency_pct,estimated_margin_pct,macro_pressure,demand_pressure,risk_score,risk_tier_rule,reliability_index,behavior_state,forecast_risk_score_90,forecast_risk_level_90,risk_tier
2024-01-01,SUP_0001,SUP_0001,logistica,watch,3946409.1,156,0.0,14.98,63.09,4.91,1.0007,0.9796,45.96,LOW,38.68,warning,80.26,MED,MED
2024-01-01,SUP_0002,SUP_0002,acero,stable,3178142.93,32,2.89,8.68,17.25,23.48,1.0007,0.9796,5.98,LOW,70.56,warning,32.41,LOW,LOW
2024-01-01,SUP_0003,SUP_0003,cemento,fragile,2802758.21,33,0.85,36.18,77.07,17.05,1.0007,0.9796,74.46,MED,0.0,critical,145.27,HIGH,HIGH
2024-01-01,SUP_0004,SUP_0004,electricidad,watch,1917179.64,69,1.18,14.38,38.0,5.67,1.0007,0.9796,36.53,LOW,49.34,warning,69.72,LOW,LOW
2024-01-01,SUP_0005,SUP_0005,electricidad,stable,3768194.0,95,2.78,9.12,36.01,27.71,1.0007,0.9796,10.53,LOW,61.28,warning,38.81,LOW,LOW
2024-01-01,SUP_0006,SUP_0006,fontaneria,fragile,4850948.98,64,2.52,10.13,73.34,14.41,1.0007,0.9796,41.35,LOW,39.77,critical,92.17,MED,MED
2024-01-01,SUP_0007,SUP_0007,acero,watch,3277115.16,32,2.25,8.95,75.8,21.93,1.0007,0.9796,32.34,LOW,45.71,warning,64.62,LOW,LOW
2024-01-01,SUP_0008,SUP_0008,logistica,watch,1873115.52,75,5.08,1.46,61.94,10.63,1.0007,0.9796,34.67,LOW,50.38,warning,62.93,LOW,LOW
2024-01-01,SUP_0009,SUP_0009,electricidad,stable,5206342.32,54,2.23,11.52,10.69,5.84,1.0007,0.9796,22.96,LOW,63.61,stable,46.36,LOW,LOW
2024-01-01,SUP_0010,SUP_0010,acero,watch,3823154.51,56,2.49,7.62,37.83,18.46,1.0007,0.9796,17.45,LOW,62.55,warning,38.95,LOW,LOW
2024-01-01,SUP_0011,SUP_0011,logistica,stable,4011612.78,248,4.62,4.01,13.41,13.69,1.0007,0.9796,12.22,LOW,64.83,warning,34.58,LOW,LOW
2024-01-01,SUP_0012,SUP_0012,logistica,fragile,3332275.13,91,6.96,29.77,42.67,8.87,1.0007,0.9796,75.89,MED,0.0,critical,147.54,HIGH,HIGH
2024-01-01,SUP_0013,SUP_0013,electricidad,watch,2265018.12,96,13.75,15.18,83.6,18.91,1.0007,0.9796,82.73,MED,0.0,critical,145.83,HIGH,HIGH
2024-01-01,SUP_0014,SUP_0014,cemento,fragile,1916828.88,66,10.44,14.41,58.37,33.64,1.0007,0.9796,45.57,LOW,12.94,critical,111.21,MED,MED
2024-01-01,SUP_0015,SUP_0015,fontaneria,stable,1994473.48,101,6.25,7.28,18.31,37.42,1.0007,0.9796,0.5,LOW,62.27,warning,21.95,LOW,LOW
2024-01-01,SUP_0016,SUP_0016,electricidad,stable,1094849.66,40,3.89,17.41,22.18,32.4,1.0007,0.9796,15.37,LOW,49.76,warning,50.56,LOW,LOW
2024-01-01,SUP_0017,SUP_0017,hormigon,watch,3182891.18,9,3.72,8.61,40.58,16.0,1.0007,0.9796,26.34,LOW,54.97,warning,53.69,LOW,LOW
2024-01-01,SUP_0018,SUP_0018,fontaneria,stable,1844869.11,44,4.18,9.31,11.32,23.01,1.0007,0.9796,8.56,LOW,66.33,warning,34.25,LOW,LOW
2024-01-01,SUP_0019,SUP_0019,acabados,fragile,1516282.99,18,5.35,8.82,37.95,17.22,1.0007,0.9796,29.13,LOW,49.39,warning,68.71,LOW,LOW
2024-01-01,SUP_0020,SUP_0020,cemento,watch,234922.66,8,3.59,18.87,41.88,18.21,1.0007,0.9796,39.73,LOW,35.17,critical,83.16,MED,MED
2024-01-01,SUP_0021,SUP_0021,acabados,watch,1941778.66,41,2.14,10.58,65.48,18.46,1.0007,0.9796,33.3,LOW,46.03,critical,64.26,LOW,LOW
2024-01-01,SUP_0022,SUP_0022,cemento,stable,3910737.15,111,1.2,1.18,33.34,25.72,1.0007,0.9796,-5.36,LOW,83.51,stable,2.91,LOW,LOW
2024-01-01,SUP_0023,SUP_0023,acabados,fragile,2345198.72,112,8.21,11.07,5.71,10.89,1.0007,0.9796,32.91,LOW,42.9,critical,70.4,LOW,LOW
2024-01-01,SUP_0024,SUP_0024,acero,fragile,3121843.53,168,7.96,12.46,80.09,8.93,1.0007,0.9796,69.69,LOW,5.28,critical,127.68,HIGH,HIGH
2024-01-01,SUP_0025,SUP_0025,cemento,watch,1818951.96,128,2.99,13.18,39.62,8.57,1.0007,0.9796,38.02,LOW,43.0,warning,61.85,LOW,MED
2024-01-01,SUP_0026,SUP_0026,logistica,stable,4723509.04,96,3.01,4.95,37.95,23.18,1.0007,0.9796,10.34,LOW,66.23,warning,35.7,LOW,LOW
2024-01-01,SUP_0027,SUP_0027,hormigon,watch,2001425.53,49,5.36,4.04,63.09,12.35,1.0007,0.9796,38.18,LOW,44.95,warning,67.33,LOW,MED
2024-01-01,SUP_0028,SUP_0028,fontaneria,stable,3284642.32,85,6.55,8.33,5.16,27.6,1.0007,0.9796,6.88,LOW,61.9,warning,30.31,LOW,LOW
2024-01-01,SUP_0029,SUP_0029,hormigon,stable,4942575.92,41,5.16,0.64,22.96,28.09,1.0007,0.9796,-1.31,LOW,76.35,stable,14.0,LOW,LOW
2024-01-01,SUP_0030,SUP_0030,logistica,watch,3649792.71,68,4.33,3.31,44.78,17.76,1.0007,0.9796,20.37,LOW,60.05,warning,38.58,LOW,LOW
2024-01-01,SUP_0031,SUP_0031,acabados,watch,1963232.71,149,2.81,5.38,15.29,14.81,1.0007,0.9796,8.59,LOW,71.81,stable,25.23,LOW,LOW
2024-01-01,SUP_0032,SUP_0032,acabados,fragile,2115389.92,61,3.42,11.67,75.43,12.51,1.0007,0.9796,49.2,LOW,31.6,critical,85.72,MED,MED
2024-01-01,SUP_0033,SUP_0033,electricidad,stable,2671798.87,60,1.0,5.53,41.39,6.61,1.0007,0.9796,23.31,LOW,66.83,warning,48.25,LOW,LOW
2024-01-01,SUP_0034,SUP_0034,electricidad,stable,3048876.73,44,3.88,2.46,37.52,34.13,1.0007,0.9796,-1.92,LOW,73.3,stable,19.98,LOW,LOW
2024-01-01,SUP_0035,SUP_0035,fontaneria,watch,3681609.83,45,8.38,13.14,29.97,10.85,1.0007,0.9796,47.49,LOW,29.15,critical,94.64,MED,MED
2024-01-01,SUP_0036,SUP_0036,acabados,stable,2380459.42,97,2.16,8.63,50.54,6.04,1.0007,0.9796,36.13,LOW,50.55,warning,62.7,LOW,LOW
2024-01-01,SUP_0037,SUP_0037,acabados,stable,5389466.87,112,2.4,1.53,37.25,10.96,1.0007,0.9796,15.32,LOW,71.03,stable,33.73,LOW,LOW
2024-01-01,SUP_0038,SUP_0038,cemento,watch,3029738.4,52,1.16,19.26,45.35,7.13,1.0007,0.9796,45.64,LOW,37.38,critical,76.53,MED,MED
2024-01-01,SUP_0039,SUP_0039,fontaneria,stable,6185210.1,131,12.34,17.92,28.62,13.11,1.0007,0.9796,63.68,LOW,2.57,critical,130.2,HIGH,HIGH
2024-01-01,SUP_0040,SUP_0040,cemento,watch,2608656.91,117,7.2,21.01,46.39,13.64,1.0007,0.9796,60.35,LOW,9.57,critical,114.55,MED,HIGH
2024-01-01,SUP_0041,SUP_0041,acero,stable,4510449.95,153,0.04,11.89,18.37,17.46,1.0007,0.9796,8.75,LOW,69.33,stable,26.91,LOW,LOW
2024-01-01,SUP_0042,SUP_0042,acabados,fragile,3738390.97,189,11.67,9.98,52.17,15.65,1.0007,0.9796,57.81,LOW,9.69,critical,103.73,MED,HIGH
2024-01-01,SUP_0043,SUP_0043,hormigon,watch,4579119.55,110,0.0,6.68,34.06,20.39,1.0007,0.9796,4.95,LOW,75.16,warning,29.1,LOW,LOW
2024-01-01,SUP_0044,SUP_0044,acabados,stable,1569704.39,39,1.93,2.44,39.52,14.22,1.0007,0.9796,13.01,LOW,73.41,stable,31.48,LOW,LOW
2024-01-01,SUP_0045,SUP_0045,electricidad,fragile,1855288.5,155,8.51,17.08,74.76,14.64,1.0007,0.9796,70.13,MED,0.0,critical,117.12,MED,HIGH
2024-01-01,SUP_0046,SUP_0046,hormigon,fragile,3710160.13,57,2.98,16.49,25.71,9.51,1.0007,0.9796,35.73,LOW,45.16,warning,63.49,LOW,LOW
2024-01-01,SUP_0047,SUP_0047,acero,stable,4194854.83,150,5.96,12.48,34.76,1.27,1.0007,0.9796,50.95,LOW,31.53,critical,89.43,MED,MED
2024-01-01,SUP_0048,SUP_0048,electricidad,stable,3122083.57,128,13.17,11.09,55.35,9.72,1.0007,0.9796,71.33,MED,0.0,critical,122.97,HIGH,HIGH
2024-01-01,SUP_0049,SUP_0049,acabados,watch,1546340.52,63,1.96,17.13,27.67,1.0,1.0007,0.9796,43.02,LOW,43.92,warning,79.88,MED,MED
2024-01-01,SUP_0050,SUP_0050,fontaneria,stable,1602022.23,20,2.5,4.12,21.69,17.57,1.0007,0.9796,5.87,LOW,77.57,stable,22.15,LOW,LOW
2024-01-01,SUP_0051,SUP_0051,logistica,stable,1587105.43,94,4.81,11.66,33.37,18.84,1.0007,0.9796,28.09,LOW,46.2,warning,75.97,MED,LOW
2024-01-01,SUP_0052,SUP_0052,logistica,stable,1162271.58,31,6.72,10.15,38.29,33.12,1.0007,0.9796,19.5,LOW,46.25,warning,54.51,LOW,LOW
2024-01-01,SUP_0053,SUP_0053,acabados,watch,2861364.01,160,2.01,10.76,44.15,13.86,1.0007,0.9796,28.18,LOW,50.61,warning,57.15,LOW,LOW
2024-01-01,SUP_0054,SUP_0054,fontaneria,watch,3593435.61,167,4.16,9.76,58.01,16.13,1.0007,0.9796,37.09,LOW,38.38,warning,68.46,LOW,LOW
2024-01-01,SUP_0055,SUP_0055,acero,watch,4403979.52,77,15.6,14.59,49.9,13.44,1.0007,0.9796,77.71,MED,0.0,critical,137.72,HIGH,HIGH
2024-01-01,SUP_0056,SUP_0056,acero,watch,396012.29,113,0.45,7.35,50.35,14.87,1.0007,0.9796,20.15,LOW,62.66,warning,46.14,LOW,LOW
2024-01-01,SUP_0057,SUP_0057,cemento,watch,1870570.04,49,3.71,9.33,49.05,6.93,1.0007,0.9796,40.27,LOW,45.36,warning,71.71,LOW,MED
2024-01-01,SUP_0058,SUP_0058,acero,watch,2773716.68,52,5.09,15.43,95.0,12.82,1.0007,0.9796,68.35,LOW,8.94,critical,111.54,MED,HIGH
2024-01-01,SUP_0059,SUP_0059,logistica,stable,5877131.35,127,2.18,5.84,27.28,26.66,1.0007,0.9796,0.92,LOW,72.82,stable,18.17,LOW,LOW
2024-01-01,SUP_0060,SUP_0060,acero,stable,1712569.09,117,4.96,11.8,5.37,17.71,1.0007,0.9796,17.3,LOW,56.8,warning,45.03,LOW,LOW
2024-01-01,SUP_0061,SUP_0061,cemento,watch,2537419.28,137,4.86,6.86,69.14,19.97,1.0007,0.9796,36.0,LOW,38.62,critical,65.46,LOW,LOW
2024-01-01,SUP_0062,SUP_0062,fontaneria,watch,3917848.7,81,0.56,9.23,34.41,19.26,1.0007,0.9796,11.76,LOW,68.11,warning,43.16,LOW,LOW
2024-01-01,SUP_0063,SUP_0063,logistica,watch,4208307.21,125,6.36,7.69,37.77,7.98,1.0007,0.9796,39.62,LOW,41.24,critical,64.05,LOW,MED
2024-01-01,SUP_0064,SUP_0064,logistica,watch,4323264.15,96,3.41,10.69,69.0,16.14,1.0007,0.9796,41.18,LOW,36.7,critical,78.83,MED,MED
2024-01-01,SUP_0065,SUP_0065,hormigon,watch,3666894.94,133,14.32,3.47,9.39,18.62,1.0007,0.9796,33.77,LOW,34.09,critical,56.52,LOW,LOW
2024-01-01,SUP_0066,SUP_0066,electricidad,watch,3182881.38,85,3.24,0.0,20.13,19.16,1.0007,0.9796,-0.39,LOW,82.16,warning,8.5,LOW,LOW
2024-01-01,SUP_0067,SUP_0067,electricidad,watch,2937254.48,30,4.99,1.78,11.69,9.44,1.0007,0.9796,13.44,LOW,73.65,stable,25.84,LOW,LOW
2024-01-01,SUP_0068,SUP_0068,hormigon,stable,2281402.76,95,6.13,7.51,22.59,16.69,1.0007,0.9796,23.12,LOW,53.29,stable,57.37,LOW,LOW
2024-01-01,SUP_0069,SUP_0069,hormigon,stable,5746954.05,71,7.29,6.34,43.33,21.49,1.0007,0.9796,29.39,LOW,44.06,warning,60.61,LOW,LOW
2024-01-01,SUP_0070,SUP_0070,hormigon,stable,1877048.01,107,0.0,6.99,31.76,25.79,1.0007,0.9796,-1.02,LOW,77.54,stable,23.79,LOW,LOW
2024-01-01,SUP_0071,SUP_0071,logistica,stable,3137095.47,129,0.87,14.79,37.97,11.57,1.0007,0.9796,30.3,LOW,50.04,warning,74.6,LOW,LOW
2024-01-01,SUP_0072,SUP_0072,acabados,stable,1885690.52,131,7.85,0.0,14.98,13.23,1.0007,0.9796,17.05,LOW,62.58,stable,38.14,LOW,LOW
2024-01-01,SUP_0073,SUP_0073,acabados,fragile,3362678.39,159,4.0,18.67,3.95,4.41,1.0007,0.9796,37.38,LOW,41.64,warning,78.24,MED,LOW
2024-01-01,SUP_0074,SUP_0074,acabados,stable,2820823.47,120,1.2,16.11,34.43,17.84,1.0007,0.9796,25.4,LOW,50.15,warning,66.94,LOW,LOW
2024-01-01,SUP_0075,SUP_0075,logistica,stable,2297979.52,40,1.24,4.79,28.03,14.24,1.0007,0.9796,9.28,LOW,76.62,stable,32.33,LOW,LOW
2024-01-01,SUP_0076,SUP_0076,cemento,stable,2080411.52,144,5.61,10.03,36.08,45.0,1.0007,0.9796,3.1,LOW,52.71,warning,31.78,LOW,LOW
2024-01-01,SUP_0077,SUP_0077,logistica,stable,2771172.5,31,2.69,9.46,34.95,6.4,1.0007,0.9796,31.6,LOW,55.88,warning,58.67,LOW,LOW
2024-01-01,SUP_0078,SUP_0078,cemento,watch,1507776.5,108,2.46,3.34,42.66,21.92,1.0007,0.9796,9.68,LOW,68.7,warning,33.61,LOW,LOW
2024-01-01,SUP_0079,SUP_0079,electricidad,watch,2774962.08,73,2.27,13.57,54.86,9.58,1.0007,0.9796,42.27,LOW,40.25,critical,75.88,MED,MED
2024-01-01,SUP_0080,SUP_0080,fontaneria,watch,1436896.18,170,7.71,16.27,42.0,20.64,1.0007,0.9796,45.79,LOW,19.86,critical,84.13,MED,MED
2024-01-01,SUP_0081,SUP_0081,acero,watch,2594350.97,145,0.4,18.57,48.77,12.39,1.0007,0.9796,38.61,LOW,39.29,critical,82.89,MED,MED
2024-01-01,SUP_0082,SUP_0082,hormigon,stable,2056411.51,79,11.13,2.23,18.56,12.86,1.0007,0.9796,32.22,LOW,44.81,warning,63.66,LOW,LOW
2024-01-01,SUP_0083,SUP_0083,hormigon,fragile,1879150.25,174,6.12,45.0,56.62,7.06,1.0007,0.9796,104.26,MED,0.0,critical,180.0,HIGH,HIGH
2024-01-01,SUP_0084,SUP_0084,acabados,stable,1844290.26,11,5.49,7.7,31.57,35.24,1.0007,0.9796,6.98,LOW,60.45,warning,41.38,LOW,LOW
2024-01-01,SUP_0085,SUP_0085,acero,stable,4863395.67,9,8.55,27.13,37.6,10.37,1.0007,0.9796,72.89,MED,0.0,critical,134.04,HIGH,HIGH
2024-01-01,SUP_0086,SUP_0086,acero,stable,3218814.8,89,0.91,3.33,25.56,21.54,1.0007,0.9796,-2.3,LOW,83.04,stable,6.03,LOW,LOW
2024-01-01,SUP_0087,SUP_0087,logistica,watch,2489756.45,86,9.71,13.49,48.05,11.55,1.0007,0.9796,59.44,LOW,14.02,critical,113.08,MED,HIGH
2024-01-01,SUP_0088,SUP_0088,hormigon,watch,4645347.99,97,0.84,12.9,37.3,18.07,1.0007,0.9796,20.59,LOW,57.46,warning,50.03,LOW,LOW
2024-01-01,SUP_0089,SUP_0089,logistica,stable,647890.25,38,3.6,28.4,28.49,12.53,1.0007,0.9796,53.71,LOW,19.19,critical,111.06,MED,MED
2024-01-01,SUP_0090,SUP_0090,logistica,watch,3531154.55,81,16.34,14.17,64.4,11.62,1.0007,0.9796,87.64,MED,0.0,critical,158.03,HIGH,HIGH
2024-01-01,SUP_0091,SUP_0091,fontaneria,stable,4902321.55,210,3.08,9.87,5.95,29.18,1.0007,0.9796,-2.47,LOW,69.18,warning,28.98,LOW,LOW
2024-01-01,SUP_0092,SUP_0092,hormigon,watch,3396583.28,167,0.0,14.07,20.97,13.72,1.0007,0.9796,16.82,LOW,62.22,warning,39.55,LOW,LOW
2024-01-01,SUP_0093,SUP_0093,hormigon,stable,3602839.31,92,16.95,10.93,8.68,13.99,1.0007,0.9796,57.16,LOW,8.57,critical,116.48,MED,HIGH
2024-01-01,SUP_0094,SUP_0094,hormigon,stable,3949699.24,48,10.22,9.73,4.94,7.64,1.0007,0.9796,39.83,LOW,38.67,warning,78.49,MED,MED
2024-01-01,SUP_0095,SUP_0095,fontaneria,stable,2714934.9,111,3.6,11.32,23.51,15.24,1.0007,0.9796,23.13,LOW,54.38,warning,41.54,LOW,LOW
2024-01-01,SUP_0096,SUP_0096,hormigon,watch,792650.36,5,0.0,13.01,51.89,4.16,1.0007,0.9796,38.71,LOW,51.93,warning,77.66,MED,MED
2024-01-01,SUP_0097,SUP_0097,electricidad,stable,1126178.59,108,6.34,14.37,31.79,9.0,1.0007,0.9796,45.89,LOW,31.48,critical,89.06,MED,MED
2024-01-01,SUP_0098,SUP_0098,cemento,stable,2624840.78,105,5.13,11.17,41.74,17.37,1.0007,0.9796,33.54,LOW,41.31,warning,77.64,MED,LOW
2024-01-01,SUP_0099,SUP_0099,electricidad,stable,2675057.63,29,3.97,10.47,47.86,39.72,1.0007,0.9796,9.42,LOW,54.7,warning,47.11,LOW,LOW
2024-01-01,SUP_0100,SUP_0100,cemento,fragile,4645040.22,84,3.39,7.45,95.0,25.01,1.0007,0.9796,39.08,LOW,35.04,critical,85.29,MED,MED
2024-01-01,SUP_0101,SUP_0101,fontaneria,fragile,2492412.67,36,9.21,1.42,60.13,7.9,1.0007,0.9796,48.9,LOW,34.98,critical,76.59,MED,MED
2024-01-01,SUP_0102,SUP_0102,cemento,watch,758456.14,45,4.49,10.64,72.65,19.71,1.0007,0.9796,42.42,LOW,33.59,critical,79.03,MED,MED
2024-01-01,SUP_0103,SUP_0103,hormigon,stable,1878219.59,92,1.88,6.08,27.37,15.65,1.0007,0.9796,11.44,LOW,70.71,stable,25.27,LOW,LOW
2024-01-01,SUP_0104,SUP_0104,hormigon,fragile,230392.92,12,9.32,4.43,31.53,13.41,1.0007,0.9796,35.39,LOW,43.98,critical,72.5,LOW,LOW
2024-01-01,SUP_0105,SUP_0105,acabados,watch,2599787.81,156,10.63,7.2,33.74,15.4,1.0007,0.9796,42.47,LOW,28.62,critical,79.52,MED,MED
2024-01-01,SUP_0106,SUP_0106,cemento,watch,2716475.88,102,3.86,4.88,20.64,17.78,1.0007,0.9796,10.41,LOW,68.68,warning,31.67,LOW,LOW
2024-01-01,SUP_0107,SUP_0107,electricidad,stable,2273518.8,57,1.99,4.11,20.03,20.88,1.0007,0.9796,0.28,LOW,80.4,stable,12.42,LOW,LOW
2024-01-01,SUP_0108,SUP_0108,fontaneria,stable,3975113.73,11,5.0,17.59,23.8,14.65,1.0007,0.9796,37.46,LOW,38.89,warning,86.83,MED,MED
2024-01-01,SUP_0109,SUP_0109,electricidad,stable,3142189.77,44,9.09,3.18,37.0,8.12,1.0007,0.9796,40.57,LOW,42.15,warning,62.29,LOW,MED
2024-01-01,SUP_0110,SUP_0110,fontaneria,fragile,3438706.55,132,0.36,7.43,80.38,3.92,1.0007,0.9796,44.47,LOW,44.94,warning,77.52,MED,MED
2024-01-01,SUP_0111,SUP_0111,acabados,watch,648004.84,12,4.25,10.81,18.37,14.7,1.0007,0.9796,22.52,LOW,57.92,warning,49.39,LOW,LOW
2024-01-01,SUP_0112,SUP_0112,acero,stable,2888385.11,77,3.54,9.0,29.34,17.79,1.0007,0.9796,19.52,LOW,58.56,warning,46.54,LOW,LOW
2024-01-01,SUP_0113,SUP_0113,acabados,stable,3679778.47,28,5.16,10.83,19.84,16.91,1.0007,0.9796,23.74,LOW,53.87,warning,51.73,LOW,LOW
2024-01-01,SUP_0114,SUP_0114,acero,watch,4309588.58,90,7.89,3.19,49.05,12.93,1.0007,0.9796,37.59,LOW,41.82,critical,70.08,LOW,MED
2024-01-01,SUP_0115,SUP_0115,logistica,stable,3439199.45,75,15.19,16.51,25.87,22.57,1.0007,0.9796,59.42,LOW,0.22,critical,125.94,HIGH,HIGH
2024-01-01,SUP_0116,SUP_0116,electricidad,fragile,1152562.84,100,3.2,20.63,13.07,12.02,1.0007,0.9796,34.41,LOW,41.26,critical,78.58,MED,LOW
2024-01-01,SUP_0117,SUP_0117,acabados,watch,3687844.02,99,7.2,1.22,62.97,14.01,1.0007,0.9796,37.75,LOW,42.38,critical,74.96,LOW,MED
2024-01-01,SUP_0118,SUP_0118,logistica,watch,2181655.04,197,1.92,1.14,28.34,27.46,1.0007,0.9796,-7.24,LOW,80.99,stable,3.66,LOW,LOW
2024-01-01,SUP_0119,SUP_0119,acabados,stable,4807369.3,66,2.88,7.41,30.78,35.19,1.0007,0.9796,-1.57,LOW,70.14,warning,24.87,LOW,LOW
2024-01-01,SUP_0120,SUP_0120,acabados,watch,953980.32,95,7.3,11.7,24.12,15.53,1.0007,0.9796,34.79,LOW,39.12,warning,71.06,LOW,LOW
2024-01-01,SUP_0121,SUP_0121,electricidad,watch,2086008.57,30,11.98,12.1,28.25,25.21,1.0007,0.9796,41.59,LOW,23.09,critical,88.3,MED,MED
2024-01-01,SUP_0122,SUP_0122,cemento,watch,3044806.88,196,3.33,9.24,54.94,20.5,1.0007,0.9796,28.08,LOW,44.76,warning,52.48,LOW,LOW
2024-01-01,SUP_0123,SUP_0123,electricidad,stable,3016232.99,42,0.4,9.15,25.88,27.51,1.0007,0.9796,-0.95,LOW,76.84,stable,23.51,LOW,LOW
2024-01-01,SUP_0124,SUP_0124,hormigon,stable,5230925.19,98,2.17,10.59,38.96,28.68,1.0007,0.9796,11.25,LOW,59.69,warning,54.42,LOW,LOW
2024-01-01,SUP_0125,SUP_0125,logistica,stable,3338919.64,103,1.3,4.33,43.11,26.16,1.0007,0.9796,3.64,LOW,72.79,stable,23.02,LOW,LOW
2024-01-01,SUP_0126,SUP_0126,hormigon,watch,2532383.8,22,5.63,6.17,74.31,16.04,1.0007,0.9796,43.55,LOW,36.65,critical,86.25,MED,MED
2024-01-01,SUP_0127,SUP_0127,hormigon,stable,4426178.48,138,7.19,5.15,30.73,7.46,1.0007,0.9796,35.67,LOW,45.57,warning,63.07,LOW,LOW
2024-01-01,SUP_0128,SUP_0128,hormigon,stable,2917633.5,96,0.32,17.95,11.01,22.15,1.0007,0.9796,10.68,LOW,62.75,stable,38.61,LOW,LOW
2024-01-01,SUP_0129,SUP_0129,fontaneria,stable,710758.43,53,0.45,5.98,34.26,7.32,1.0007,0.9796,18.42,LOW,71.78,warning,30.68,LOW,LOW
2024-01-01,SUP_0130,SUP_0130,electricidad,watch,2145066.49,28,10.04,11.93,37.39,10.92,1.0007,0.9796,53.94,LOW,22.13,critical,100.96,MED,MED
2024-01-01,SUP_0131,SUP_0131,logistica,stable,2784234.77,75,3.56,0.0,39.17,27.33,1.0007,0.9796,0.97,LOW,75.45,stable,18.32,LOW,LOW
2024-01-01,SUP_0132,SUP_0132,acero,fragile,3409518.97,112,0.0,3.18,64.13,16.33,1.0007,0.9796,17.29,LOW,67.13,warning,37.1,LOW,LOW
2024-01-01,SUP_0133,SUP_0133,hormigon,watch,1248956.75,8,5.63,9.57,42.28,28.04,1.0007,0.9796,22.22,LOW,48.9,warning,66.56,LOW,LOW
2024-01-01,SUP_0134,SUP_0134,cemento,stable,1864444.23,42,4.47,8.57,35.98,10.48,1.0007,0.9796,31.97,LOW,51.21,warning,66.36,LOW,LOW
2024-01-01,SUP_0135,SUP_0135,cemento,watch,2717728.16,163,3.28,7.32,62.77,8.07,1.0007,0.9796,40.99,LOW,41.94,critical,56.39,LOW,MED
2024-01-01,SUP_0136,SUP_0136,acero,stable,2393675.42,105,0.79,10.93,61.05,26.24,1.0007,0.9796,19.98,LOW,53.57,warning,52.4,LOW,LOW
2024-01-01,SUP_0137,SUP_0137,logistica,fragile,759821.51,103,17.34,9.0,64.85,11.8,1.0007,0.9796,82.92,MED,0.0,critical,140.95,HIGH,HIGH
2024-01-01,SUP_0138,SUP_0138,electricidad,watch,2353217.76,169,7.7,29.93,45.28,10.91,1.0007,0.9796,77.45,MED,0.0,critical,145.06,HIGH,HIGH
2024-01-01,SUP_0139,SUP_0139,logistica,watch,2097716.75,138,7.67,10.44,71.88,26.77,1.0007,0.9796,44.24,LOW,21.34,critical,88.18,MED,MED
2024-01-01,SUP_0140,SUP_0140,cemento,stable,4867225.12,118,5.21,4.29,18.22,22.09,1.0007,0.9796,8.16,LOW,66.59,warning,30.82,LOW,LOW
2024-01-01,SUP_0141,SUP_0141,cemento,watch,4294463.89,267,6.25,17.99,44.89,20.75,1.0007,0.9796,45.19,LOW,18.07,critical,93.03,MED,MED
2024-01-01,SUP_0142,SUP_0142,acabados,watch,2607731.19,99,4.77,2.45,38.74,9.11,1.0007,0.9796,26.3,LOW,58.8,warning,53.04,LOW,LOW
2024-01-01,SUP_0143,SUP_0143,cemento,fragile,2829669.31,57,10.19,7.65,51.88,13.67,1.0007,0.9796,51.73,LOW,23.67,critical,93.8,MED,MED
2024-01-01,SUP_0144,SUP_0144,cemento,watch,3307541.44,136,9.9,9.42,27.55,13.6,1.0007,0.9796,42.62,LOW,29.84,critical,75.38,MED,MED
2024-01-01,SUP_0145,SUP_0145,acero,watch,1525334.92,129,7.92,11.98,14.55,8.3,1.0007,0.9796,39.97,LOW,36.85,critical,77.91,MED,MED
2024-01-01,SUP_0146,SUP_0146,logistica,stable,1618460.8,74,3.62,20.9,4.18,18.58,1.0007,0.9796,25.51,LOW,46.13,warning,61.9,LOW,LOW
2024-01-01,SUP_0147,SUP_0147,fontaneria,stable,2056541.98,56,3.2,7.7,14.22,14.02,1.0007,0.9796,13.53,LOW,68.62,stable,42.6,LOW,LOW
2024-01-01,SUP_0148,SUP_0148,cemento,watch,2046912.32,141,3.16,25.0,29.63,10.53,1.0007,0.9796,49.79,LOW,23.48,critical,93.26,MED,MED
2024-01-01,SUP_0149,SUP_0149,acabados,stable,1703305.19,107,11.64,8.08,30.33,32.91,1.0007,0.9796,27.78,LOW,31.94,critical,82.88,MED,LOW
2024-01-01,SUP_0150,SUP_0150,acabados,stable,3116416.51,51,2.85,3.92,61.36,24.62,1.0007,0.9796,17.41,LOW,60.25,warning,35.85,LOW,LOW
2024-01-01,SUP_0151,SUP_0151,acabados,fragile,2974480.43,152,6.55,13.73,66.5,8.61,1.0007,0.9796,61.57,LOW,14.86,critical,110.75,MED,HIGH
2024-01-01,SUP_0152,SUP_0152,logistica,fragile,1426105.26,66,8.29,5.78,33.56,1.19,1.0007,0.9796,47.45,LOW,38.6,critical,92.8,MED,MED
2024-01-01,SUP_0153,SUP_0153,hormigon,stable,3372204.42,83,7.14,8.21,29.98,10.56,1.0007,0.9796,36.67,LOW,42.71,warning,62.19,LOW,LOW
2024-01-01,SUP_0154,SUP_0154,logistica,watch,3053816.52,124,6.59,18.81,35.69,16.26,1.0007,0.9796,47.77,LOW,21.96,critical,94.64,MED,MED
2024-01-01,SUP_0155,SUP_0155,acero,stable,3656591.73,42,6.38,12.41,25.22,16.06,1.0007,0.9796,33.03,LOW,42.69,warning,71.7,LOW,LOW
2024-01-01,SUP_0156,SUP_0156,acabados,watch,2647150.68,93,0.0,5.83,47.23,25.8,1.0007,0.9796,4.19,LOW,73.33,warning,30.99,LOW,LOW
2024-01-01,SUP_0157,SUP_0157,fontaneria,stable,1208118.76,181,2.64,29.16,50.8,14.85,1.0007,0.9796,59.68,LOW,8.0,critical,121.81,HIGH,HIGH
2024-01-01,SUP_0158,SUP_0158,acabados,watch,1480111.46,123,3.66,19.2,44.1,19.29,1.0007,0.9796,40.34,LOW,30.19,critical,79.87,MED,MED
2024-01-01,SUP_0159,SUP_0159,fontaneria,watch,3268808.26,87,0.0,19.95,58.45,11.21,1.0007,0.9796,45.02,LOW,35.11,critical,82.11,MED,MED
2024-01-01,SUP_0160,SUP_0160,fontaneria,watch,4605783.56,89,2.28,10.63,19.23,11.16,1.0007,0.9796,20.27,LOW,62.21,warning,44.25,LOW,LOW
2024-01-01,SUP_0161,SUP_0161,fontaneria,stable,324597.47,60,2.71,19.32,29.14,17.68,1.0007,0.9796,32.54,LOW,41.8,critical,74.7,LOW,LOW
2024-01-01,SUP_0162,SUP_0162,acabados,fragile,2835985.1,57,4.94,1.42,75.71,8.28,1.0007,0.9796,42.74,LOW,44.53,critical,66.12,LOW,MED
2024-01-01,SUP_0163,SUP_0163,acabados,stable,5175210.71,68,6.34,9.92,30.37,30.93,1.0007,0.9796,16.65,LOW,49.92,warning,57.27,LOW,LOW
2024-01-01,SUP_0164,SUP_0164,cemento,stable,2735839.18,132,4.55,7.31,50.76,1.0,1.0007,0.9796,46.47,LOW,40.71,warning,71.93,LOW,MED
2024-01-01,SUP_0165,SUP_0165,acabados,watch,4472783.41,27,1.49,18.99,46.04,2.26,1.0007,0.9796,51.42,LOW,35.32,critical,81.28,MED,MED
2024-01-01,SUP_0166,SUP_0166,electricidad,stable,1973354.28,87,2.18,4.96,36.01,20.47,1.0007,0.9796,9.71,LOW,69.7,stable,23.17,LOW,LOW
2024-01-01,SUP_0167,SUP_0167,acero,fragile,3366556.49,58,16.98,17.84,55.32,12.57,1.0007,0.9796,90.03,MED,0.0,critical,164.6,HIGH,HIGH
2024-01-01,SUP_0168,SUP_0168,electricidad,fragile,1343025.82,113,2.43,15.74,56.09,17.32,1.0007,0.9796,38.82,LOW,36.23,critical,70.21,LOW,MED
2024-01-01,SUP_0169,SUP_0169,logistica,stable,303570.0,43,1.96,13.97,20.86,17.15,1.0007,0.9796,19.09,LOW,59.52,warning,49.06,LOW,LOW
2024-01-01,SUP_0170,SUP_0170,logistica,fragile,4779782.23,121,0.0,20.0,65.68,7.8,1.0007,0.9796,51.76,LOW,29.54,critical,93.46,MED,MED
2024-01-01,SUP_0171,SUP_0171,acabados,stable,2403303.93,132,5.1,2.46,14.08,24.57,1.0007,0.9796,0.76,LOW,72.99,stable,14.83,LOW,LOW
2024-01-01,SUP_0172,SUP_0172,electricidad,watch,1976615.01,121,12.24,7.82,48.36,21.77,1.0007,0.9796,48.44,LOW,17.64,critical,97.97,MED,MED
2024-01-01,SUP_0173,SUP_0173,acabados,stable,1414507.49,28,5.1,9.61,43.25,21.39,1.0007,0.9796,27.81,LOW,47.55,warning,74.25,LOW,LOW
2024-01-01,SUP_0174,SUP_0174,acero,fragile,1242539.32,99,12.76,22.11,95.0,17.06,1.0007,0.9796,97.13,MED,0.0,critical,180.0,HIGH,HIGH
2024-01-01,SUP_0175,SUP_0175,fontaneria,stable,3125130.61,137,2.66,12.89,31.16,18.92,1.0007,0.9796,22.41,LOW,52.07,warning,50.99,LOW,LOW
2024-01-01,SUP_0176,SUP_0176,fontaneria,stable,2017394.23,23,4.97,19.29,43.56,14.08,1.0007,0.9796,49.35,LOW,26.2,critical,96.06,MED,MED
2024-01-01,SUP_0177,SUP_0177,hormigon,stable,2378664.63,70,2.72,7.3,25.99,34.54,1.0007,0.9796,-3.73,LOW,72.8,stable,22.66,LOW,LOW
2024-01-01,SUP_0178,SUP_0178,hormigon,fragile,2879410.01,121,2.84,23.63,67.01,10.66,1.0007,0.9796,63.45,LOW,11.34,critical,119.92,MED,HIGH
2024-01-01,SUP_0179,SUP_0179,cemento,fragile,3398706.71,90,0.0,5.64,11.21,9.77,1.0007,0.9796,3.74,LOW,84.39,stable,0.49,LOW,LOW
2024-01-01,SUP_0180,SUP_0180,cemento,watch,3382669.62,94,9.43,6.7,31.56,23.44,1.0007,0.9796,29.1,LOW,40.06,critical,64.0,LOW,LOW
2024-01-01,SUP_0181,SUP_0181,electricidad,fragile,3897087.73,99,4.67,13.48,7.15,1.36,1.0007,0.9796,36.09,LOW,48.65,critical,67.17,LOW,LOW
2024-01-01,SUP_0182,SUP_0182,electricidad,fragile,1251997.42,137,3.33,23.64,22.0,4.31,1.0007,0.9796,51.04,LOW,26.91,critical,88.78,MED,MED
2024-01-01,SUP_0183,SUP_0183,hormigon,watch,2742216.78,115,2.6,11.96,59.0,9.77,1.0007,0.9796,42.51,LOW,39.11,critical,75.31,MED,MED
2024-01-01,SUP_0184,SUP_0184,acero,stable,5482768.13,11,10.29,6.85,41.0,11.72,1.0007,0.9796,47.87,LOW,30.46,critical,88.32,MED,MED
2024-01-01,SUP_0185,SUP_0185,fontaneria,watch,4453878.47,81,0.0,9.46,21.48,13.8,1.0007,0.9796,10.06,LOW,73.8,stable,28.81,LOW,LOW
2024-01-01,SUP_0186,SUP_0186,hormigon,watch,1427476.17,140,1.4,27.93,15.37,3.56,1.0007,0.9796,49.45,LOW,28.69,critical,96.93,MED,MED
2024-01-01,SUP_0187,SUP_0187,acero,stable,2832005.73,15,4.33,11.09,4.01,8.91,1.0007,0.9796,22.51,LOW,61.38,warning,48.13,LOW,LOW
2024-01-01,SUP_0188,SUP_0188,acero,stable,4204294.8,121,7.65,7.31,34.46,11.33,1.0007,0.9796,38.08,LOW,39.64,critical,78.14,MED,MED
2024-01-01,SUP_0189,SUP_0189,electricidad,watch,4435143.14,167,2.45,15.36,83.99,43.54,1.0007,0.9796,24.64,LOW,31.91,critical,72.09,LOW,LOW
2024-01-01,SUP_0190,SUP_0190,acero,stable,3438277.75,34,5.7,0.0,39.18,28.97,1.0007,0.9796,5.75,LOW,68.71,stable,35.29,LOW,LOW
2024-01-01,SUP_0191,SUP_0191,acabados,fragile,2058910.4,120,0.91,11.69,53.76,15.06,1.0007,0.9796,29.41,LOW,50.44,warning,47.19,LOW,LOW
2024-01-01,SUP_0192,SUP_0192,acero,stable,2900964.02,71,1.46,0.0,40.31,19.12,1.0007,0.9796,3.4,LOW,80.57,stable,20.54,LOW,LOW
2024-01-01,SUP_0193,SUP_0193,electricidad,stable,4109955.85,69,3.03,1.15,10.27,8.61,1.0007,0.9796,6.83,LOW,81.9,stable,23.24,LOW,LOW
2024-01-01,SUP_0194,SUP_0194,acero,fragile,2731729.1,114,7.42,27.69,51.1,1.93,1.0007,0.9796,84.85,MED,0.0,critical,148.99,HIGH,HIGH
2024-01-01,SUP_0195,SUP_0195,hormigon,stable,3076540.13,87,7.15,6.4,28.93,15.04,1.0007,0.9796,29.02,LOW,48.23,warning,62.3,LOW,LOW
2024-01-01,SUP_0196,SUP_0196,fontaneria,stable,2525824.22,73,2.87,4.01,32.13,10.08,1.0007,0.9796,18.99,LOW,67.39,stable,40.44,LOW,LOW
2024-01-01,SUP_0197,SUP_0197,hormigon,watch,2312752.96,21,5.28,9.63,44.56,16.09,1.0007,0.9796,34.23,LOW,44.6,warning,60.99,LOW,LOW
2024-01-01,SUP_0198,SUP_0198,acero,fragile,3795999.41,164,5.84,27.54,68.37,3.4,1.0007,0.9796,86.21,MED,0.0,critical,148.17,HIGH,HIGH
2024-01-01,SUP_0199,SUP_0199,acabados,stable,4313443.11,145,9.0,6.25,38.56,8.28,1.0007,0.9796,45.46,LOW,32.69,warning,80.54,MED,MED
2024-01-01,SUP_0200,SUP_0200,logistica,stable,908324.09,62,4.2,22.12,24.25,20.99,1.0007,0.9796,35.7,LOW,33.55,warning,90.25,MED,LOW
2024-01-01,SUP_0201,SUP_0201,fontaneria,watch,3519919.04,137,1.17,15.95,48.69,17.57,1.0007,0.9796,31.78,LOW,43.55,warning,63.81,LOW,LOW
2024-01-01,SUP_0202,SUP_0202,logistica,fragile,2111868.32,51,0.0,7.48,95.0,20.26,1.0007,0.9796,33.71,LOW,47.85,critical,68.46,LOW,LOW
2024-01-01,SUP_0203,SUP_0203,acabados,watch,4459828.95,140,11.66,18.92,21.44,4.45,1.0007,0.9796,68.56,LOW,3.22,critical,126.42,HIGH,HIGH
2024-01-01,SUP_0204,SUP_0204,electricidad,stable,4293150.9,97,5.35,3.91,21.01,33.89,1.0007,0.9796,-2.53,LOW,70.3,warning,27.77,LOW,LOW
2024-01-01,SUP_0205,SUP_0205,acabados,stable,3273939.11,97,3.27,5.89,40.23,12.05,1.0007,0.9796,24.69,LOW,58.37,warning,46.37,LOW,LOW
2024-01-01,SUP_0206,SUP_0206,acero,stable,3781568.03,78,0.09,7.31,34.95,29.43,1.0007,0.9796,-2.47,LOW,77.26,stable,22.28,LOW,LOW
2024-01-01,SUP_0207,SUP_0207,electricidad,stable,3831919.71,80,2.99,12.13,56.87,21.02,1.0007,0.9796,31.73,LOW,43.14,warning,67.27,LOW,LOW
2024-01-01,SUP_0208,SUP_0208,electricidad,watch,3034005.82,86,7.48,5.66,28.3,6.16,1.0007,0.9796,37.51,LOW,45.61,warning,67.11,LOW,MED
2024-01-01,SUP_0209,SUP_0209,logistica,stable,374505.68,105,12.15,6.32,39.06,21.91,1.0007,0.9796,41.6,LOW,25.7,critical,90.14,MED,MED
2024-01-01,SUP_0210,SUP_0210,acabados,watch,4734281.47,96,8.93,7.51,47.69,20.88,1.0007,0.9796,38.62,LOW,32.24,critical,81.36,MED,MED
2024-01-01,SUP_0211,SUP_0211,electricidad,watch,2312004.61,70,4.1,7.79,48.24,19.48,1.0007,0.9796,26.21,LOW,51.02,warning,59.85,LOW,LOW
2024-01-01,SUP_0212,SUP_0212,fontaneria,watch,4609768.11,88,0.87,7.05,74.45,17.4,1.0007,0.9796,29.28,LOW,52.39,warning,58.96,LOW,LOW
2024-01-01,SUP_0213,SUP_0213,hormigon,stable,1684986.34,56,3.41,4.74,27.73,35.66,1.0007,0.9796,-5.85,LOW,75.22,stable,22.47,LOW,LOW
2024-01-01,SUP_0214,SUP_0214,acabados,fragile,1943226.99,156,3.21,20.62,24.82,13.49,1.0007,0.9796,38.24,LOW,34.79,critical,71.41,LOW,MED
2024-01-01,SUP_0215,SUP_0215,electricidad,watch,3003526.02,27,1.93,9.53,29.98,14.21,1.0007,0.9796,19.37,LOW,63.89,warning,42.63,LOW,LOW
2024-01-01,SUP_0216,SUP_0216,electricidad,watch,2467347.09,120,14.32,13.77,52.8,20.28,1.0007,0.9796,67.09,LOW,0.0,critical,131.08,HIGH,HIGH
2024-01-01,SUP_0217,SUP_0217,acabados,stable,4071088.89,146,11.37,6.41,10.77,38.35,1.0007,0.9796,10.21,LOW,45.91,warning,49.11,LOW,LOW
2024-01-01,SUP_0218,SUP_0218,fontaneria,stable,3826472.26,59,9.21,8.89,35.93,31.54,1.0007,0.9796,25.58,LOW,38.5,critical,74.8,LOW,LOW
2024-01-01,SUP_0219,SUP_0219,cemento,fragile,887512.62,299,2.4,9.02,32.5,6.64,1.0007,0.9796,28.7,LOW,51.11,critical,59.12,LOW,LOW
2024-01-01,SUP_0220,SUP_0220,acero,stable,3675081.17,127,4.43,6.18,48.64,13.94,1.0007,0.9796,30.51,LOW,49.1,warning,52.19,LOW,LOW
2024-02-01,SUP_0001,SUP_0001,logistica,watch,3944043.29,163,0.0,17.09,65.06,5.77,1.0318,0.8213,49.15,LOW,33.68,critical,93.4,MED,MED
2024-02-01,SUP_0002,SUP_0002,acero,stable,2084113.94,33,3.41,13.95,12.29,24.67,1.0318,0.8213,12.01,LOW,60.58,warning,40.53,LOW,LOW
2024-02-01,SUP_0003,SUP_0003,cemento,fragile,2124880.48,24,0.45,25.26,57.86,24.48,1.0318,0.8213,40.79,LOW,29.51,critical,100.4,MED,MED
2024-02-01,SUP_0004,SUP_0004,electricidad,watch,2196341.58,41,5.04,12.56,36.06,5.77,1.0318,0.8213,44.4,LOW,39.29,critical,74.25,LOW,MED
2024-02-01,SUP_0005,SUP_0005,electricidad,stable,1494252.79,113,4.05,12.45,43.73,19.84,1.0318,0.8213,30.67,LOW,42.78,critical,67.43,LOW,LOW
2024-02-01,SUP_0006,SUP_0006,fontaneria,fragile,3288401.07,93,5.74,15.3,78.27,15.15,1.0318,0.8213,60.23,LOW,13.73,critical,112.82,MED,HIGH
2024-02-01,SUP_0007,SUP_0007,acero,watch,2479153.84,53,8.3,22.4,70.96,14.09,1.0318,0.8213,76.34,MED,0.0,critical,146.17,HIGH,HIGH
2024-02-01,SUP_0008,SUP_0008,logistica,watch,1379532.84,53,3.18,1.24,56.33,25.04,1.0318,0.8213,11.73,LOW,66.61,stable,35.31,LOW,LOW
2024-02-01,SUP_0009,SUP_0009,electricidad,stable,4322756.4,57,5.04,5.58,9.83,6.68,1.0318,0.8213,21.24,LOW,64.88,warning,27.72,LOW,LOW
2024-02-01,SUP_0010,SUP_0010,acero,watch,2521578.19,40,3.69,6.27,55.09,18.63,1.0318,0.8213,26.64,LOW,53.22,warning,56.63,LOW,LOW
2024-02-01,SUP_0011,SUP_0011,logistica,stable,2425553.76,181,4.08,3.07,14.06,16.46,1.0318,0.8213,6.72,LOW,71.52,stable,12.52,LOW,LOW
2024-02-01,SUP_0012,SUP_0012,logistica,fragile,2888617.89,68,9.47,26.38,54.72,10.79,1.0318,0.8213,81.82,MED,0.0,critical,142.79,HIGH,HIGH
2024-02-01,SUP_0013,SUP_0013,electricidad,watch,2767149.59,97,8.32,12.98,58.41,20.18,1.0318,0.8213,50.55,LOW,18.61,critical,106.98,MED,MED
2024-02-01,SUP_0014,SUP_0014,cemento,fragile,1182862.13,45,7.16,19.61,61.63,18.66,1.0318,0.8213,59.94,LOW,9.62,critical,109.89,MED,HIGH
2024-02-01,SUP_0015,SUP_0015,fontaneria,stable,1839999.18,82,9.51,8.64,15.41,33.05,1.0318,0.8213,15.37,LOW,46.87,critical,49.31,LOW,LOW
2024-02-01,SUP_0016,SUP_0016,electricidad,stable,1320071.35,69,4.55,7.94,16.14,26.88,1.0318,0.8213,5.94,LOW,65.98,warning,22.17,LOW,LOW
2024-02-01,SUP_0017,SUP_0017,hormigon,watch,2844094.42,9,3.72,6.95,41.03,19.2,1.0318,0.8213,20.85,LOW,59.21,warning,41.28,LOW,LOW
2024-02-01,SUP_0018,SUP_0018,fontaneria,stable,1931676.82,25,5.38,5.81,16.71,14.93,1.0318,0.8213,17.45,LOW,63.8,stable,42.71,LOW,LOW
2024-02-01,SUP_0019,SUP_0019,acabados,fragile,2090870.62,21,7.27,8.92,42.32,14.15,1.0318,0.8213,40.06,LOW,38.39,critical,72.49,LOW,MED
2024-02-01,SUP_0020,SUP_0020,cemento,watch,203849.94,8,2.91,21.29,54.9,9.12,1.0318,0.8213,56.26,LOW,24.01,critical,118.6,MED,HIGH
2024-02-01,SUP_0021,SUP_0021,acabados,watch,1140285.53,45,2.09,4.27,58.84,13.38,1.0318,0.8213,25.77,LOW,59.96,warning,57.91,LOW,LOW
2024-02-01,SUP_0022,SUP_0022,cemento,stable,3130752.05,95,2.59,2.94,37.85,18.11,1.0318,0.8213,11.11,LOW,70.19,warning,20.23,LOW,LOW
2024-02-01,SUP_0023,SUP_0023,acabados,fragile,2082242.73,72,5.34,15.66,6.74,11.88,1.0318,0.8213,30.67,LOW,46.27,warning,66.61,LOW,LOW
2024-02-01,SUP_0024,SUP_0024,acero,fragile,3408655.27,134,5.72,10.67,49.69,6.64,1.0318,0.8213,48.87,LOW,31.72,critical,88.91,MED,MED
2024-02-01,SUP_0025,SUP_0025,cemento,watch,1099559.07,113,3.91,22.57,41.36,11.93,1.0318,0.8213,52.28,LOW,21.38,critical,93.38,MED,MED
2024-02-01,SUP_0026,SUP_0026,logistica,stable,4146084.13,98,5.24,19.26,40.13,22.04,1.0318,0.8213,40.63,LOW,27.24,critical,94.26,MED,MED
2024-02-01,SUP_0027,SUP_0027,hormigon,watch,2960142.78,46,11.39,18.95,72.59,14.39,1.0318,0.8213,80.88,MED,0.0,critical,145.88,HIGH,HIGH
2024-02-01,SUP_0028,SUP_0028,fontaneria,stable,2420638.4,76,3.06,5.1,5.06,18.16,1.0318,0.8213,0.94,LOW,79.37,stable,14.45,LOW,LOW
2024-02-01,SUP_0029,SUP_0029,hormigon,stable,6505430.0,107,5.24,11.19,19.43,20.68,1.0318,0.8213,20.56,LOW,51.96,warning,47.17,LOW,LOW
2024-02-01,SUP_0030,SUP_0030,logistica,watch,3791565.92,46,3.6,10.19,52.83,9.19,1.0318,0.8213,40.67,LOW,43.28,critical,71.27,LOW,MED
2024-02-01,SUP_0031,SUP_0031,acabados,watch,2398338.71,86,9.93,5.35,14.07,21.2,1.0318,0.8213,22.94,LOW,48.1,warning,59.58,LOW,LOW
2024-02-01,SUP_0032,SUP_0032,acabados,fragile,1965839.26,84,9.43,19.29,93.52,11.23,1.0318,0.8213,88.09,MED,0.0,critical,151.45,HIGH,HIGH
2024-02-01,SUP_0033,SUP_0033,electricidad,stable,1684560.57,77,1.03,5.46,25.04,8.48,1.0318,0.8213,14.06,LOW,74.35,stable,13.92,LOW,LOW
2024-02-01,SUP_0034,SUP_0034,electricidad,stable,3489687.34,36,5.89,4.37,37.57,33.04,1.0318,0.8213,8.1,LOW,61.26,warning,30.48,LOW,LOW
2024-02-01,SUP_0035,SUP_0035,fontaneria,watch,1860241.73,31,6.85,19.87,29.93,14.46,1.0318,0.8213,49.36,LOW,23.53,critical,87.16,MED,MED
2024-02-01,SUP_0036,SUP_0036,acabados,stable,2787009.58,67,2.37,13.43,46.53,5.02,1.0318,0.8213,43.19,LOW,42.44,warning,82.14,MED,MED
2024-02-01,SUP_0037,SUP_0037,acabados,stable,4228906.96,77,3.8,1.19,58.68,14.99,1.0318,0.8213,24.59,LOW,58.97,warning,44.61,LOW,LOW
2024-02-01,SUP_0038,SUP_0038,cemento,watch,1932014.82,59,1.2,9.52,51.71,6.27,1.0318,0.8213,34.89,LOW,53.31,warning,67.15,LOW,LOW
2024-02-01,SUP_0039,SUP_0039,fontaneria,stable,4927882.61,66,7.02,9.02,35.13,23.02,1.0318,0.8213,27.38,LOW,44.16,warning,56.41,LOW,LOW
2024-02-01,SUP_0040,SUP_0040,cemento,watch,4134905.82,95,9.71,10.99,54.93,14.57,1.0318,0.8213,55.75,LOW,16.74,critical,101.87,MED,MED
2024-02-01,SUP_0041,SUP_0041,acero,stable,5236856.14,91,8.15,15.09,16.71,9.43,1.0318,0.8213,45.17,LOW,30.28,critical,81.64,MED,MED
2024-02-01,SUP_0042,SUP_0042,acabados,fragile,2131848.0,93,11.92,17.85,51.58,17.76,1.0318,0.8213,67.99,LOW,0.0,critical,121.43,HIGH,HIGH
2024-02-01,SUP_0043,SUP_0043,hormigon,watch,4018114.33,136,0.0,4.55,40.66,16.88,1.0318,0.8213,8.24,LOW,74.44,stable,24.58,LOW,LOW
2024-02-01,SUP_0044,SUP_0044,acabados,stable,2165398.22,36,1.92,4.39,30.27,14.64,1.0318,0.8213,11.32,LOW,73.97,stable,20.04,LOW,LOW
2024-02-01,SUP_0045,SUP_0045,electricidad,fragile,1956905.48,200,9.07,18.82,82.44,9.47,1.0318,0.8213,83.07,MED,0.0,critical,150.77,HIGH,HIGH
2024-02-01,SUP_0046,SUP_0046,hormigon,fragile,2476100.76,64,3.13,7.05,30.58,10.82,1.0318,0.8213,22.9,LOW,61.49,critical,49.58,LOW,LOW
2024-02-01,SUP_0047,SUP_0047,acero,stable,3418599.29,105,7.87,23.37,31.39,1.4,1.0318,0.8213,71.39,MED,4.98,critical,130.32,HIGH,HIGH
2024-02-01,SUP_0048,SUP_0048,electricidad,stable,3232929.24,74,13.34,15.55,58.17,21.05,1.0318,0.8213,68.47,LOW,0.0,critical,151.07,HIGH,HIGH
2024-02-01,SUP_0049,SUP_0049,acabados,watch,1452385.06,54,2.28,10.54,26.14,1.58,1.0318,0.8213,32.83,LOW,56.96,warning,62.35,LOW,LOW
2024-02-01,SUP_0050,SUP_0050,fontaneria,stable,1315190.44,15,2.8,3.46,26.03,22.49,1.0318,0.8213,2.8,LOW,77.59,stable,14.5,LOW,LOW
2024-02-01,SUP_0051,SUP_0051,logistica,stable,1410439.45,62,4.43,7.13,32.09,23.43,1.0318,0.8213,14.99,LOW,59.92,warning,39.01,LOW,LOW
2024-02-01,SUP_0052,SUP_0052,logistica,stable,741585.96,32,12.16,4.66,31.55,31.15,1.0318,0.8213,26.53,LOW,37.76,warning,72.66,LOW,LOW
2024-02-01,SUP_0053,SUP_0053,acabados,watch,3102527.11,120,1.52,8.41,46.74,20.05,1.0318,0.8213,18.16,LOW,59.5,warning,36.29,LOW,LOW
2024-02-01,SUP_0054,SUP_0054,fontaneria,watch,3374584.21,152,9.86,8.27,68.53,16.93,1.0318,0.8213,55.89,LOW,14.53,critical,98.46,MED,MED
2024-02-01,SUP_0055,SUP_0055,acero,watch,2136210.19,69,17.49,12.99,38.1,9.0,1.0318,0.8213,80.1,MED,0.0,critical,142.73,HIGH,HIGH
2024-02-01,SUP_0056,SUP_0056,acero,watch,355670.7,90,0.35,6.71,53.36,20.67,1.0318,0.8213,14.48,LOW,65.68,warning,33.14,LOW,LOW
2024-02-01,SUP_0057,SUP_0057,cemento,watch,2288015.98,46,1.97,13.24,50.29,8.1,1.0318,0.8213,40.31,LOW,44.44,warning,75.96,MED,MED
2024-02-01,SUP_0058,SUP_0058,acero,watch,2412488.43,57,0.55,18.47,86.38,11.7,1.0318,0.8213,56.54,LOW,24.36,critical,103.06,MED,HIGH
2024-02-01,SUP_0059,SUP_0059,logistica,stable,4536867.56,70,7.68,6.02,23.46,25.55,1.0318,0.8213,17.07,LOW,53.53,warning,44.29,LOW,LOW
2024-02-01,SUP_0060,SUP_0060,acero,stable,1287676.44,102,2.39,17.94,5.36,9.93,1.0318,0.8213,26.55,LOW,52.56,warning,51.94,LOW,LOW
2024-02-01,SUP_0061,SUP_0061,cemento,watch,2064391.53,172,6.84,12.32,65.75,12.23,1.0318,0.8213,56.35,LOW,17.53,critical,99.77,MED,HIGH
2024-02-01,SUP_0062,SUP_0062,fontaneria,watch,3233175.87,59,0.07,6.28,29.82,19.77,1.0318,0.8213,3.28,LOW,78.91,stable,10.27,LOW,LOW
2024-02-01,SUP_0063,SUP_0063,logistica,watch,3072285.91,161,8.66,6.95,39.43,8.88,1.0318,0.8213,45.28,LOW,31.98,critical,80.11,MED,MED
2024-02-01,SUP_0064,SUP_0064,logistica,watch,3393040.1,79,5.25,20.82,46.42,21.62,1.0318,0.8213,46.24,LOW,21.68,critical,92.97,MED,MED
2024-02-01,SUP_0065,SUP_0065,hormigon,watch,2353471.27,102,11.29,1.33,16.73,16.0,1.0318,0.8213,27.38,LOW,47.19,critical,68.56,LOW,LOW
2024-02-01,SUP_0066,SUP_0066,electricidad,watch,3080886.35,59,3.04,0.0,20.99,13.64,1.0318,0.8213,4.93,LOW,81.4,warning,25.94,LOW,LOW
2024-02-01,SUP_0067,SUP_0067,electricidad,watch,3236442.81,81,2.39,0.95,15.89,7.5,1.0318,0.8213,8.23,LOW,81.61,stable,12.26,LOW,LOW
2024-02-01,SUP_0068,SUP_0068,hormigon,stable,1536283.14,95,3.66,11.56,19.11,13.65,1.0318,0.8213,23.29,LOW,55.56,warning,50.84,LOW,LOW
2024-02-01,SUP_0069,SUP_0069,hormigon,stable,4026031.07,40,6.51,5.52,40.02,17.54,1.0318,0.8213,28.27,LOW,49.86,warning,61.2,LOW,LOW
2024-02-01,SUP_0070,SUP_0070,hormigon,stable,1202995.95,117,3.01,7.68,45.19,16.41,1.0318,0.8213,24.46,LOW,54.52,warning,50.85,LOW,LOW
2024-02-01,SUP_0071,SUP_0071,logistica,stable,2562954.49,119,0.56,13.06,26.76,17.93,1.0318,0.8213,15.39,LOW,62.29,stable,32.23,LOW,LOW
2024-02-01,SUP_0072,SUP_0072,acabados,stable,2833861.06,75,5.09,0.0,9.19,25.82,1.0318,0.8213,-6.42,LOW,82.29,stable,14.88,LOW,LOW
2024-02-01,SUP_0073,SUP_0073,acabados,fragile,1671237.52,202,1.64,19.2,4.85,5.98,1.0318,0.8213,29.93,LOW,48.87,critical,57.02,LOW,LOW
2024-02-01,SUP_0074,SUP_0074,acabados,stable,2437266.11,143,7.41,12.91,32.17,19.68,1.0318,0.8213,36.4,LOW,32.64,critical,91.67,MED,LOW
2024-02-01,SUP_0075,SUP_0075,logistica,stable,1962993.98,72,1.8,4.82,22.75,19.2,1.0318,0.8213,3.67,LOW,77.46,stable,23.97,LOW,LOW
2024-02-01,SUP_0076,SUP_0076,cemento,stable,1894332.75,78,6.84,8.28,37.08,37.62,1.0318,0.8213,12.02,LOW,50.21,warning,49.03,LOW,LOW
2024-02-01,SUP_0077,SUP_0077,logistica,stable,1946517.14,39,1.84,3.83,40.28,8.23,1.0318,0.8213,21.14,LOW,68.57,warning,41.28,LOW,LOW
2024-02-01,SUP_0078,SUP_0078,cemento,watch,1830953.4,67,2.62,3.65,35.68,29.09,1.0318,0.8213,0.3,LOW,74.35,stable,13.24,LOW,LOW
2024-02-01,SUP_0079,SUP_0079,electricidad,watch,2814373.31,48,6.48,8.28,59.52,21.4,1.0318,0.8213,37.24,LOW,36.79,warning,81.16,MED,LOW
2024-02-01,SUP_0080,SUP_0080,fontaneria,watch,1396276.67,130,2.21,12.7,44.11,18.5,1.0318,0.8213,27.03,LOW,48.49,warning,52.27,LOW,LOW
2024-02-01,SUP_0081,SUP_0081,acero,watch,4149420.68,96,2.86,30.92,52.38,18.32,1.0318,0.8213,60.22,LOW,6.66,critical,120.5,HIGH,HIGH
2024-02-01,SUP_0082,SUP_0082,hormigon,stable,898466.33,75,4.84,9.63,20.7,25.64,1.0318,0.8213,12.64,LOW,58.8,warning,44.15,LOW,LOW
2024-02-01,SUP_0083,SUP_0083,hormigon,fragile,1690044.58,101,5.89,20.16,49.57,13.0,1.0318,0.8213,57.22,LOW,15.32,critical,119.38,MED,HIGH
2024-02-01,SUP_0084,SUP_0084,acabados,stable,1981458.19,7,7.21,6.53,36.29,28.76,1.0318,0.8213,18.99,LOW,51.64,warning,54.66,LOW,LOW
2024-02-01,SUP_0085,SUP_0085,acero,stable,3923868.0,12,6.56,19.13,33.35,14.58,1.0318,0.8213,48.8,LOW,25.25,critical,102.67,MED,MED
2024-02-01,SUP_0086,SUP_0086,acero,stable,2850264.75,124,2.64,11.15,16.16,25.26,1.0318,0.8213,6.67,LOW,64.97,stable,29.39,LOW,LOW
2024-02-01,SUP_0087,SUP_0087,logistica,watch,2893975.87,95,12.18,5.93,54.32,9.07,1.0318,0.8213,60.82,LOW,15.28,critical,105.69,MED,HIGH
2024-02-01,SUP_0088,SUP_0088,hormigon,watch,3327358.7,123,4.02,16.49,41.31,15.74,1.0318,0.8213,39.63,LOW,34.19,critical,79.92,MED,MED
2024-02-01,SUP_0089,SUP_0089,logistica,stable,482004.22,29,2.29,34.14,29.59,7.45,1.0318,0.8213,63.94,LOW,10.98,critical,119.4,MED,HIGH
2024-02-01,SUP_0090,SUP_0090,logistica,watch,2680974.17,124,15.12,1.51,52.36,15.53,1.0318,0.8213,55.64,LOW,14.69,critical,101.73,MED,MED
2024-02-01,SUP_0091,SUP_0091,fontaneria,stable,3541455.94,125,2.43,4.98,6.55,34.8,1.0318,0.8213,-17.11,LOW,85.84,stable,0.0,LOW,LOW
2024-02-01,SUP_0092,SUP_0092,hormigon,watch,2369091.89,82,0.0,9.36,16.08,6.84,1.0318,0.8213,14.43,LOW,73.99,warning,40.04,LOW,LOW
2024-02-01,SUP_0093,SUP_0093,hormigon,stable,2605499.58,70,7.63,5.05,12.36,18.37,1.0318,0.8213,17.67,LOW,58.13,warning,37.82,LOW,LOW
2024-02-01,SUP_0094,SUP_0094,hormigon,stable,2648402.61,64,12.51,7.51,4.63,7.27,1.0318,0.8213,43.62,LOW,33.47,critical,71.42,LOW,MED
2024-02-01,SUP_0095,SUP_0095,fontaneria,stable,4413810.08,76,6.75,15.83,20.89,21.85,1.0318,0.8213,31.53,LOW,37.33,critical,56.72,LOW,LOW
2024-02-01,SUP_0096,SUP_0096,hormigon,watch,660343.3,9,0.0,12.17,58.98,5.77,1.0318,0.8213,39.03,LOW,50.88,warning,63.03,LOW,MED
2024-02-01,SUP_0097,SUP_0097,electricidad,stable,638669.32,62,3.49,9.64,25.03,8.26,1.0318,0.8213,27.92,LOW,56.53,warning,50.7,LOW,LOW
2024-02-01,SUP_0098,SUP_0098,cemento,stable,2617608.23,124,3.16,9.86,35.24,19.45,1.0318,0.8213,20.67,LOW,54.88,warning,49.11,LOW,LOW
2024-02-01,SUP_0099,SUP_0099,electricidad,stable,1676525.15,26,4.96,14.08,32.8,29.91,1.0318,0.8213,20.85,LOW,46.92,warning,61.47,LOW,LOW
2024-02-01,SUP_0100,SUP_0100,cemento,fragile,3464582.58,66,2.13,14.69,93.7,32.53,1.0318,0.8213,38.06,LOW,29.34,critical,85.79,MED,MED
2024-02-01,SUP_0101,SUP_0101,fontaneria,fragile,1753877.53,35,6.11,0.9,48.95,14.14,1.0318,0.8213,27.57,LOW,55.63,warning,51.4,LOW,LOW
2024-02-01,SUP_0102,SUP_0102,cemento,watch,547233.61,45,13.65,4.26,63.13,22.44,1.0318,0.8213,53.29,LOW,15.01,critical,107.73,MED,MED
2024-02-01,SUP_0103,SUP_0103,hormigon,stable,1437993.26,84,0.98,4.64,30.7,20.24,1.0318,0.8213,3.46,LOW,77.56,stable,12.84,LOW,LOW
2024-02-01,SUP_0104,SUP_0104,hormigon,fragile,211548.68,7,9.3,1.92,40.01,18.51,1.0318,0.8213,30.27,LOW,47.23,warning,56.07,LOW,LOW
2024-02-01,SUP_0105,SUP_0105,acabados,watch,2391414.32,126,22.0,11.6,32.07,23.86,1.0318,0.8213,73.96,MED,0.0,critical,149.87,HIGH,HIGH
2024-02-01,SUP_0106,SUP_0106,cemento,watch,2188515.59,119,5.67,1.51,19.02,17.1,1.0318,0.8213,10.75,LOW,68.14,stable,24.16,LOW,LOW
2024-02-01,SUP_0107,SUP_0107,electricidad,stable,2088306.54,74,2.75,7.08,19.17,19.82,1.0318,0.8213,7.68,LOW,70.92,warning,19.7,LOW,LOW
2024-02-01,SUP_0108,SUP_0108,fontaneria,stable,4198519.51,8,1.46,0.06,32.45,17.48,1.0318,0.8213,1.58,LOW,85.33,stable,14.61,LOW,LOW
2024-02-01,SUP_0109,SUP_0109,electricidad,stable,3297012.98,53,6.69,4.2,37.33,6.62,1.0318,0.8213,36.55,LOW,48.77,warning,77.09,MED,LOW
2024-02-01,SUP_0110,SUP_0110,fontaneria,fragile,2375516.69,120,0.7,9.36,89.74,4.14,1.0318,0.8213,52.39,LOW,35.96,critical,99.31,MED,MED
2024-02-01,SUP_0111,SUP_0111,acabados,watch,400498.25,11,3.0,7.01,18.79,16.73,1.0318,0.8213,11.22,LOW,71.07,stable,27.59,LOW,LOW
2024-02-01,SUP_0112,SUP_0112,acero,stable,2601887.59,50,0.97,4.82,40.87,11.36,1.0318,0.8213,17.16,LOW,70.57,warning,31.1,LOW,LOW
2024-02-01,SUP_0113,SUP_0113,acabados,stable,2375741.15,25,7.81,8.19,18.22,15.04,1.0318,0.8213,28.89,LOW,48.68,warning,65.94,LOW,LOW
2024-02-01,SUP_0114,SUP_0114,acero,watch,3766866.15,101,4.28,6.76,54.27,12.41,1.0318,0.8213,35.0,LOW,46.24,critical,64.74,LOW,LOW
2024-02-01,SUP_0115,SUP_0115,logistica,stable,3797705.9,62,7.79,12.87,23.29,15.79,1.0318,0.8213,37.36,LOW,36.3,warning,71.45,LOW,LOW
2024-02-01,SUP_0116,SUP_0116,electricidad,fragile,1031933.85,96,5.68,15.32,11.13,9.95,1.0318,0.8213,35.09,LOW,42.23,critical,64.13,LOW,LOW
2024-02-01,SUP_0117,SUP_0117,acabados,watch,4574834.94,86,8.89,1.27,65.22,8.79,1.0318,0.8213,49.15,LOW,33.03,critical,83.53,MED,MED
2024-02-01,SUP_0118,SUP_0118,logistica,watch,1714624.44,178,7.87,1.25,29.74,20.57,1.0318,0.8213,18.29,LOW,54.51,warning,37.01,LOW,LOW
2024-02-01,SUP_0119,SUP_0119,acabados,stable,1982900.27,64,2.78,11.28,21.82,37.33,1.0318,0.8213,-2.25,LOW,67.65,stable,24.2,LOW,LOW
2024-02-01,SUP_0120,SUP_0120,acabados,watch,855380.79,81,9.69,13.32,29.26,14.31,1.0318,0.8213,47.91,LOW,24.01,critical,96.27,MED,MED
2024-02-01,SUP_0121,SUP_0121,electricidad,watch,1665566.95,26,14.59,11.92,26.0,13.7,1.0318,0.8213,59.65,LOW,10.1,critical,110.6,MED,HIGH
2024-02-01,SUP_0122,SUP_0122,cemento,watch,4122695.59,150,2.7,6.91,50.53,24.55,1.0318,0.8213,16.66,LOW,56.72,warning,50.12,LOW,LOW
2024-02-01,SUP_0123,SUP_0123,electricidad,stable,1550535.39,55,0.72,9.45,31.94,22.87,1.0318,0.8213,7.84,LOW,70.21,stable,24.06,LOW,LOW
2024-02-01,SUP_0124,SUP_0124,hormigon,stable,3465147.82,77,3.36,12.93,32.25,30.64,1.0318,0.8213,13.36,LOW,54.6,warning,50.68,LOW,LOW
2024-02-01,SUP_0125,SUP_0125,logistica,stable,1659707.06,79,0.85,6.54,32.56,28.69,1.0318,0.8213,-1.69,LOW,76.57,stable,11.31,LOW,LOW
2024-02-01,SUP_0126,SUP_0126,hormigon,watch,2190548.11,25,4.9,4.0,70.34,17.13,1.0318,0.8213,35.21,LOW,46.01,critical,65.78,LOW,LOW
2024-02-01,SUP_0127,SUP_0127,hormigon,stable,3852253.46,74,6.25,0.55,21.11,8.65,1.0318,0.8213,20.44,LOW,65.18,stable,46.15,LOW,LOW
2024-02-01,SUP_0128,SUP_0128,hormigon,stable,2397715.05,122,0.17,15.05,12.49,19.93,1.0318,0.8213,8.77,LOW,66.94,stable,29.46,LOW,LOW
2024-02-01,SUP_0129,SUP_0129,fontaneria,stable,733709.4,109,0.63,12.34,38.3,7.5,1.0318,0.8213,30.14,LOW,54.91,warning,57.62,LOW,LOW
2024-02-01,SUP_0130,SUP_0130,electricidad,watch,1217044.08,24,5.84,6.42,34.76,11.45,1.0318,0.8213,31.34,LOW,51.44,critical,63.15,LOW,LOW
2024-02-01,SUP_0131,SUP_0131,logistica,stable,2759369.58,79,1.55,0.0,50.93,42.64,1.0318,0.8213,-15.07,LOW,83.42,stable,0.0,LOW,LOW
2024-02-01,SUP_0132,SUP_0132,acero,fragile,1497233.64,94,0.0,2.01,62.58,15.36,1.0318,0.8213,15.82,LOW,70.37,warning,32.54,LOW,LOW
2024-02-01,SUP_0133,SUP_0133,hormigon,watch,1163408.84,13,13.16,9.75,29.81,26.77,1.0318,0.8213,40.74,LOW,23.44,critical,92.96,MED,MED
2024-02-01,SUP_0134,SUP_0134,cemento,stable,1098367.7,25,4.73,4.41,25.87,19.51,1.0318,0.8213,12.95,LOW,66.69,stable,40.48,LOW,LOW
2024-02-01,SUP_0135,SUP_0135,cemento,watch,1662715.95,134,4.5,9.3,76.11,8.47,1.0318,0.8213,53.23,LOW,28.08,critical,93.4,MED,MED
2024-02-01,SUP_0136,SUP_0136,acero,stable,2035556.12,69,1.41,5.89,56.16,19.93,1.0318,0.8213,18.42,LOW,62.22,warning,44.96,LOW,LOW
2024-02-01,SUP_0137,SUP_0137,logistica,fragile,1106267.62,131,11.4,7.73,56.29,16.36,1.0318,0.8213,54.77,LOW,15.4,critical,102.89,MED,MED
2024-02-01,SUP_0138,SUP_0138,electricidad,watch,1904039.82,122,9.68,14.31,45.03,11.79,1.0318,0.8213,58.96,LOW,12.87,critical,113.67,MED,HIGH
2024-02-01,SUP_0139,SUP_0139,logistica,watch,1929155.24,101,11.01,4.93,53.04,25.69,1.0318,0.8213,38.61,LOW,28.2,critical,81.12,MED,MED
2024-02-01,SUP_0140,SUP_0140,cemento,stable,4115780.26,81,11.07,3.92,22.04,12.19,1.0318,0.8213,36.83,LOW,39.77,warning,69.86,LOW,LOW
2024-02-01,SUP_0141,SUP_0141,cemento,watch,3118978.52,195,9.53,12.61,42.6,15.93,1.0318,0.8213,50.75,LOW,17.23,critical,98.08,MED,MED
2024-02-01,SUP_0142,SUP_0142,acabados,watch,2600101.77,60,7.22,4.31,50.19,7.26,1.0318,0.8213,43.44,LOW,40.68,warning,67.93,LOW,MED
2024-02-01,SUP_0143,SUP_0143,cemento,fragile,2124362.23,53,15.49,18.77,58.11,18.42,1.0318,0.8213,82.35,MED,0.0,critical,154.24,HIGH,HIGH
2024-02-01,SUP_0144,SUP_0144,cemento,watch,2324490.64,102,6.22,10.96,22.31,15.62,1.0318,0.8213,29.53,LOW,45.54,warning,61.67,LOW,LOW
2024-02-01,SUP_0145,SUP_0145,acero,watch,1460956.41,126,10.3,3.75,12.95,13.3,1.0318,0.8213,29.05,LOW,46.37,warning,51.02,LOW,LOW
2024-02-01,SUP_0146,SUP_0146,logistica,stable,1503778.22,51,6.02,22.88,4.75,11.9,1.0318,0.8213,42.63,LOW,30.64,critical,74.6,LOW,MED
2024-02-01,SUP_0147,SUP_0147,fontaneria,stable,1264039.06,25,3.74,4.47,17.21,15.23,1.0318,0.8213,10.45,LOW,72.94,stable,41.86,LOW,LOW
2024-02-01,SUP_0148,SUP_0148,cemento,watch,2574366.63,151,4.03,17.4,33.32,16.17,1.0318,0.8213,37.01,LOW,35.22,warning,66.51,LOW,LOW
2024-02-01,SUP_0149,SUP_0149,acabados,stable,1516531.78,94,5.78,14.47,25.12,29.27,1.0318,0.8213,21.09,LOW,44.05,warning,59.46,LOW,LOW
2024-02-01,SUP_0150,SUP_0150,acabados,stable,2650636.26,64,7.97,3.65,59.95,25.83,1.0318,0.8213,30.54,LOW,40.96,critical,63.0,LOW,LOW
2024-02-01,SUP_0151,SUP_0151,acabados,fragile,2319066.24,104,3.46,8.91,77.93,7.64,1.0318,0.8213,51.18,LOW,32.82,critical,86.81,MED,MED
2024-02-01,SUP_0152,SUP_0152,logistica,fragile,828975.3,63,3.75,5.03,37.4,1.31,1.0318,0.8213,34.32,LOW,56.68,warning,63.27,LOW,LOW
2024-02-01,SUP_0153,SUP_0153,hormigon,stable,2509624.75,75,8.61,6.97,28.17,12.63,1.0318,0.8213,36.34,LOW,41.1,warning,72.8,LOW,LOW
2024-02-01,SUP_0154,SUP_0154,logistica,watch,2159311.56,84,1.97,11.02,38.54,18.29,1.0318,0.8213,21.48,LOW,56.63,warning,51.75,LOW,LOW
2024-02-01,SUP_0155,SUP_0155,acero,stable,2857038.32,41,4.56,12.99,29.52,16.59,1.0318,0.8213,29.87,LOW,47.06,stable,70.39,LOW,LOW
2024-02-01,SUP_0156,SUP_0156,acabados,watch,2798279.71,120,0.0,12.4,39.93,29.37,1.0318,0.8213,7.19,LOW,63.93,warning,36.43,LOW,LOW
2024-02-01,SUP_0157,SUP_0157,fontaneria,stable,897649.61,161,2.66,14.51,34.89,22.36,1.0318,0.8213,23.07,LOW,47.66,warning,47.57,LOW,LOW
2024-02-01,SUP_0158,SUP_0158,acabados,watch,1406739.41,81,1.9,17.55,39.28,35.92,1.0318,0.8213,13.78,LOW,49.76,warning,39.81,LOW,LOW
2024-02-01,SUP_0159,SUP_0159,fontaneria,watch,2045583.21,71,0.0,32.47,56.82,10.68,1.0318,0.8213,63.6,LOW,11.11,critical,122.86,HIGH,HIGH
2024-02-01,SUP_0160,SUP_0160,fontaneria,watch,2880705.66,67,2.19,19.76,19.04,18.65,1.0318,0.8213,26.12,LOW,47.68,warning,76.53,MED,LOW
2024-02-01,SUP_0161,SUP_0161,fontaneria,stable,318327.36,53,2.38,18.0,31.23,19.15,1.0318,0.8213,29.05,LOW,45.53,warning,72.99,LOW,LOW
2024-02-01,SUP_0162,SUP_0162,acabados,fragile,2271339.49,54,6.76,2.52,95.0,11.34,1.0318,0.8213,55.47,LOW,27.51,critical,94.8,MED,MED
2024-02-01,SUP_0163,SUP_0163,acabados,stable,2601788.02,75,10.8,2.91,40.21,34.59,1.0318,0.8213,20.26,LOW,42.76,warning,51.46,LOW,LOW
2024-02-01,SUP_0164,SUP_0164,cemento,stable,2486019.08,119,2.76,6.19,70.66,1.1,1.0318,0.8213,48.25,LOW,41.62,warning,89.47,MED,MED
2024-02-01,SUP_0165,SUP_0165,acabados,watch,3084669.74,23,4.04,17.91,37.43,1.69,1.0318,0.8213,54.15,LOW,31.07,critical,96.53,MED,MED
2024-02-01,SUP_0166,SUP_0166,electricidad,stable,1616927.07,107,1.84,7.24,34.64,20.66,1.0318,0.8213,11.31,LOW,66.59,stable,39.22,LOW,LOW
2024-02-01,SUP_0167,SUP_0167,acero,fragile,2138936.87,63,2.66,11.63,60.16,12.22,1.0318,0.8213,40.29,LOW,41.39,critical,87.57,MED,MED
2024-02-01,SUP_0168,SUP_0168,electricidad,fragile,1058973.28,127,2.72,41.16,66.51,16.07,1.0318,0.8213,83.75,MED,0.0,critical,160.59,HIGH,HIGH
2024-02-01,SUP_0169,SUP_0169,logistica,stable,304751.19,48,2.21,6.87,23.17,23.45,1.0318,0.8213,3.93,LOW,73.75,stable,19.4,LOW,LOW
2024-02-01,SUP_0170,SUP_0170,logistica,fragile,4323193.39,117,5.12,16.37,85.83,7.85,1.0318,0.8213,70.69,MED,7.4,critical,114.43,MED,HIGH
2024-02-01,SUP_0171,SUP_0171,acabados,stable,1447473.39,153,4.24,9.92,21.79,20.63,1.0318,0.8213,16.76,LOW,56.05,warning,36.34,LOW,LOW
2024-02-01,SUP_0172,SUP_0172,electricidad,watch,2218771.02,85,11.36,5.95,55.16,21.21,1.0318,0.8213,46.6,LOW,22.75,critical,99.44,MED,MED
2024-02-01,SUP_0173,SUP_0173,acabados,stable,902850.55,24,1.59,10.1,56.72,25.48,1.0318,0.8213,19.96,LOW,56.11,warning,43.35,LOW,LOW
2024-02-01,SUP_0174,SUP_0174,acero,fragile,1598413.19,130,7.37,13.25,69.64,17.52,1.0318,0.8213,55.8,LOW,14.91,critical,107.76,MED,MED
2024-02-01,SUP_0175,SUP_0175,fontaneria,stable,2500021.61,99,1.36,9.87,25.73,23.9,1.0318,0.8213,6.58,LOW,68.63,stable,20.96,LOW,LOW
2024-02-01,SUP_0176,SUP_0176,fontaneria,stable,1826294.52,29,3.6,8.51,41.88,12.98,1.0318,0.8213,29.43,LOW,53.4,warning,53.31,LOW,LOW
2024-02-01,SUP_0177,SUP_0177,hormigon,stable,3277594.85,88,5.98,5.08,22.08,24.95,1.0318,0.8213,10.56,LOW,62.07,warning,34.31,LOW,LOW
2024-02-01,SUP_0178,SUP_0178,hormigon,fragile,3372616.37,98,2.76,20.09,66.56,18.03,1.0318,0.8213,50.33,LOW,22.21,critical,96.35,MED,MED
2024-02-01,SUP_0179,SUP_0179,cemento,fragile,2276111.23,116,0.86,4.9,12.66,12.5,1.0318,0.8213,3.12,LOW,81.96,stable,11.38,LOW,LOW
2024-02-01,SUP_0180,SUP_0180,cemento,watch,2212102.03,71,10.48,14.02,42.5,32.07,1.0318,0.8213,39.53,LOW,20.0,critical,89.14,MED,MED
2024-02-01,SUP_0181,SUP_0181,electricidad,fragile,4469015.99,100,5.77,17.26,8.17,1.19,1.0318,0.8213,45.68,LOW,36.17,critical,80.09,MED,MED
2024-02-01,SUP_0182,SUP_0182,electricidad,fragile,1500445.04,94,2.62,10.56,16.67,5.45,1.0318,0.8213,25.75,LOW,59.99,warning,51.92,LOW,LOW
2024-02-01,SUP_0183,SUP_0183,hormigon,watch,3031031.9,122,4.29,11.16,52.62,6.47,1.0318,0.8213,46.82,LOW,35.43,critical,77.61,MED,MED
2024-02-01,SUP_0184,SUP_0184,acero,stable,3671844.92,9,10.34,13.12,39.86,10.92,1.0318,0.8213,57.73,LOW,17.99,critical,106.51,MED,HIGH
2024-02-01,SUP_0185,SUP_0185,fontaneria,watch,3069481.5,50,0.0,13.82,31.45,15.06,1.0318,0.8213,19.83,LOW,61.97,warning,49.43,LOW,LOW
2024-02-01,SUP_0186,SUP_0186,hormigon,watch,1458144.5,71,1.28,18.65,15.62,4.54,1.0318,0.8213,34.31,LOW,49.99,warning,71.85,LOW,LOW
2024-02-01,SUP_0187,SUP_0187,acero,stable,2233039.1,17,2.32,12.56,4.75,9.12,1.0318,0.8213,18.83,LOW,66.13,stable,44.76,LOW,LOW
2024-02-01,SUP_0188,SUP_0188,acero,stable,4090121.05,67,14.52,7.95,25.42,9.61,1.0318,0.8213,57.32,LOW,15.91,critical,97.37,MED,HIGH
2024-02-01,SUP_0189,SUP_0189,electricidad,watch,3539902.98,138,8.86,11.84,86.55,22.02,1.0318,0.8213,61.26,LOW,5.52,critical,119.05,MED,HIGH
2024-02-01,SUP_0190,SUP_0190,acero,stable,2385254.27,31,6.9,0.0,38.22,45.0,1.0318,0.8213,-7.1,LOW,70.02,stable,13.17,LOW,LOW
2024-02-01,SUP_0191,SUP_0191,acabados,fragile,2445832.38,97,3.31,19.49,36.25,10.38,1.0318,0.8213,45.11,LOW,32.17,critical,85.94,MED,MED
2024-02-01,SUP_0192,SUP_0192,acero,stable,2068200.07,50,2.87,0.0,35.96,19.29,1.0318,0.8213,5.49,LOW,77.6,stable,18.84,LOW,LOW
2024-02-01,SUP_0193,SUP_0193,electricidad,stable,3115935.06,72,7.68,1.27,11.38,8.11,1.0318,0.8213,21.96,LOW,62.28,warning,41.89,LOW,LOW
2024-02-01,SUP_0194,SUP_0194,acero,fragile,2031352.47,81,14.47,18.19,51.6,2.22,1.0318,0.8213,91.69,MED,0.0,critical,161.43,HIGH,HIGH
2024-02-01,SUP_0195,SUP_0195,hormigon,stable,2419992.19,72,1.06,12.31,42.21,11.93,1.0318,0.8213,28.71,LOW,54.17,critical,60.36,LOW,LOW
2024-02-01,SUP_0196,SUP_0196,fontaneria,stable,3054303.14,130,3.95,1.85,32.8,10.48,1.0318,0.8213,18.91,LOW,65.5,warning,28.48,LOW,LOW
2024-02-01,SUP_0197,SUP_0197,hormigon,watch,2020828.64,16,6.17,7.78,44.18,11.57,1.0318,0.8213,38.49,LOW,43.45,critical,71.52,LOW,MED
2024-02-01,SUP_0198,SUP_0198,acero,fragile,3119416.55,134,6.39,20.28,61.55,4.84,1.0318,0.8213,72.44,MED,3.86,critical,127.44,HIGH,HIGH
2024-02-01,SUP_0199,SUP_0199,acabados,stable,4931174.15,99,7.97,5.91,35.45,12.93,1.0318,0.8213,35.79,LOW,41.9,warning,65.95,LOW,LOW
2024-02-01,SUP_0200,SUP_0200,logistica,stable,661828.19,66,6.87,12.39,23.17,33.5,1.0318,0.8213,16.12,LOW,47.07,warning,42.43,LOW,LOW
2024-02-01,SUP_0201,SUP_0201,fontaneria,watch,2635883.15,90,1.36,9.82,67.87,18.9,1.0318,0.8213,30.46,LOW,48.27,warning,66.83,LOW,LOW
2024-02-01,SUP_0202,SUP_0202,logistica,fragile,1934159.93,37,0.0,8.82,90.62,10.53,1.0318,0.8213,43.48,LOW,44.16,critical,71.17,LOW,MED
2024-02-01,SUP_0203,SUP_0203,acabados,watch,1312852.16,141,10.72,22.3,27.98,5.12,1.0318,0.8213,73.08,MED,0.0,critical,147.84,HIGH,HIGH
2024-02-01,SUP_0204,SUP_0204,electricidad,stable,2867871.31,69,4.98,10.42,18.81,34.26,1.0318,0.8213,4.76,LOW,60.7,warning,52.88,LOW,LOW
2024-02-01,SUP_0205,SUP_0205,acabados,stable,3202092.17,37,1.73,6.55,37.9,9.13,1.0318,0.8213,22.94,LOW,65.0,stable,44.76,LOW,LOW
2024-02-01,SUP_0206,SUP_0206,acero,stable,4302777.44,71,0.19,3.52,25.2,30.16,1.0318,0.8213,-12.98,LOW,89.29,stable,2.13,LOW,LOW
2024-02-01,SUP_0207,SUP_0207,electricidad,stable,2800352.39,63,2.19,7.18,40.01,17.22,1.0318,0.8213,18.12,LOW,63.02,stable,48.91,LOW,LOW
2024-02-01,SUP_0208,SUP_0208,electricidad,watch,5066744.02,26,5.31,3.43,35.07,6.84,1.0318,0.8213,30.02,LOW,57.74,warning,50.65,LOW,LOW
2024-02-01,SUP_0209,SUP_0209,logistica,stable,303842.51,90,8.85,14.87,48.86,12.92,1.0318,0.8213,57.91,LOW,14.72,critical,107.96,MED,HIGH
2024-02-01,SUP_0210,SUP_0210,acabados,watch,3538428.74,129,9.5,8.85,58.67,15.34,1.0318,0.8213,52.84,LOW,19.37,critical,89.6,MED,MED
2024-02-01,SUP_0211,SUP_0211,electricidad,watch,2448946.11,62,4.0,22.53,43.23,23.57,1.0318,0.8213,41.66,LOW,25.89,critical,97.61,MED,MED
2024-02-01,SUP_0212,SUP_0212,fontaneria,watch,3610743.54,144,4.53,8.1,65.35,14.56,1.0318,0.8213,40.59,LOW,37.05,critical,79.19,MED,MED
2024-02-01,SUP_0213,SUP_0213,hormigon,stable,1276374.35,50,6.17,6.61,25.05,31.05,1.0318,0.8213,8.64,LOW,60.19,warning,30.47,LOW,LOW
2024-02-01,SUP_0214,SUP_0214,acabados,fragile,1597977.08,164,10.03,20.75,37.49,12.88,1.0318,0.8213,65.2,LOW,1.1,critical,125.32,HIGH,HIGH
2024-02-01,SUP_0215,SUP_0215,electricidad,watch,3053921.75,27,2.81,11.48,28.05,8.93,1.0318,0.8213,29.35,LOW,55.49,stable,55.14,LOW,LOW
2024-02-01,SUP_0216,SUP_0216,electricidad,watch,1576049.48,117,12.3,15.0,42.58,17.64,1.0318,0.8213,60.91,LOW,4.32,critical,112.58,MED,HIGH
2024-02-01,SUP_0217,SUP_0217,acabados,stable,3091579.7,165,7.82,4.68,8.5,37.91,1.0318,0.8213,-3.6,LOW,63.86,stable,29.85,LOW,LOW
2024-02-01,SUP_0218,SUP_0218,fontaneria,stable,3315754.28,40,10.9,5.85,43.89,24.16,1.0318,0.8213,37.08,LOW,32.2,warning,78.28,MED,LOW
2024-02-01,SUP_0219,SUP_0219,cemento,fragile,560203.28,134,6.26,16.56,55.54,5.25,1.0318,0.8213,63.37,LOW,14.65,critical,120.15,HIGH,HIGH
2024-02-01,SUP_0220,SUP_0220,acero,stable,4060201.86,81,13.41,8.06,53.92,10.65,1.0318,0.8213,65.94,LOW,7.27,critical,114.05,MED,HIGH
2024-03-01,SUP_0001,SUP_0001,logistica,watch,4898031.21,236,0.0,17.22,56.43,5.55,1.1025,1.1158,45.67,LOW,35.05,warning,87.83,MED,MED
2024-03-01,SUP_0002,SUP_0002,acero,stable,3734260.55,54,4.93,14.86,20.21,23.24,1.1025,1.1158,22.94,LOW,47.99,warning,60.8,LOW,LOW
2024-03-01,SUP_0003,SUP_0003,cemento,fragile,3097784.49,42,0.95,25.51,70.85,17.7,1.1025,1.1158,55.31,LOW,18.22,critical,113.06,MED,MED
2024-03-01,SUP_0004,SUP_0004,electricidad,watch,3252746.2,93,4.52,21.26,46.56,4.01,1.1025,1.1158,62.38,LOW,17.08,critical,112.57,MED,HIGH
2024-03-01,SUP_0005,SUP_0005,electricidad,stable,3185529.28,91,9.56,24.37,43.27,15.39,1.1025,1.1158,69.32,LOW,0.0,critical,138.06,HIGH,HIGH
2024-03-01,SUP_0006,SUP_0006,fontaneria,fragile,4069876.74,66,5.54,18.71,79.18,14.58,1.1025,1.1158,65.73,LOW,7.92,critical,126.21,HIGH,HIGH
2024-03-01,SUP_0007,SUP_0007,acero,watch,4369307.87,29,1.7,7.44,79.71,18.41,1.1025,1.1158,33.72,LOW,48.02,critical,71.52,LOW,LOW
2024-03-01,SUP_0008,SUP_0008,logistica,watch,2345209.64,45,11.47,0.43,62.12,23.38,1.1025,1.1158,39.63,LOW,32.14,critical,79.98,MED,MED
2024-03-01,SUP_0009,SUP_0009,electricidad,stable,4351967.54,98,7.06,7.37,8.97,6.09,1.1025,1.1158,30.18,LOW,52.17,warning,64.44,LOW,LOW
2024-03-01,SUP_0010,SUP_0010,acero,watch,4366520.16,67,2.84,11.72,40.17,19.87,1.1025,1.1158,24.32,LOW,52.05,warning,63.57,LOW,LOW
2024-03-01,SUP_0011,SUP_0011,logistica,stable,4031797.98,283,5.26,1.97,13.92,14.12,1.1025,1.1158,10.89,LOW,65.19,stable,13.07,LOW,LOW
2024-03-01,SUP_0012,SUP_0012,logistica,fragile,4492362.12,144,11.88,23.53,40.0,5.41,1.1025,1.1158,83.51,MED,0.0,critical,144.02,HIGH,HIGH
2024-03-01,SUP_0013,SUP_0013,electricidad,watch,2971009.61,155,10.05,18.95,70.39,18.32,1.1025,1.1158,71.94,MED,0.0,critical,139.16,HIGH,HIGH
2024-03-01,SUP_0014,SUP_0014,cemento,fragile,2428746.89,53,3.44,16.88,64.19,27.96,1.1025,1.1158,36.57,LOW,31.79,critical,82.27,MED,LOW
2024-03-01,SUP_0015,SUP_0015,fontaneria,stable,1546731.57,95,2.14,12.33,22.52,36.39,1.1025,1.1158,-1.33,LOW,66.51,warning,28.91,LOW,LOW
2024-03-01,SUP_0016,SUP_0016,electricidad,stable,1612884.52,78,6.36,16.08,18.54,21.32,1.1025,1.1158,30.22,LOW,39.18,warning,72.07,LOW,LOW
2024-03-01,SUP_0017,SUP_0017,hormigon,watch,5053587.63,13,5.14,13.48,38.87,12.28,1.1025,1.1158,40.84,LOW,38.91,critical,71.09,LOW,MED
2024-03-01,SUP_0018,SUP_0018,fontaneria,stable,2813138.47,40,4.58,6.98,15.82,29.78,1.1025,1.1158,1.55,LOW,69.83,warning,17.2,LOW,LOW
2024-03-01,SUP_0019,SUP_0019,acabados,fragile,2522032.7,26,4.65,5.73,42.69,12.24,1.1025,1.1158,29.5,LOW,54.25,critical,58.16,LOW,LOW
2024-03-01,SUP_0020,SUP_0020,cemento,watch,230584.73,8,3.52,18.01,57.39,16.32,1.1025,1.1158,47.07,LOW,29.55,critical,84.54,MED,MED
2024-03-01,SUP_0021,SUP_0021,acabados,watch,2392095.97,40,2.52,2.27,64.48,19.23,1.1025,1.1158,20.75,LOW,61.89,warning,39.71,LOW,LOW
2024-03-01,SUP_0022,SUP_0022,cemento,stable,6346665.73,194,1.17,1.46,34.04,38.92,1.1025,1.1158,-17.91,LOW,84.89,stable,0.0,LOW,LOW
2024-03-01,SUP_0023,SUP_0023,acabados,fragile,2942965.57,85,7.41,15.89,4.88,16.09,1.1025,1.1158,32.18,LOW,39.46,critical,68.43,LOW,LOW
2024-03-01,SUP_0024,SUP_0024,acero,fragile,4705194.1,256,9.28,13.51,72.69,8.4,1.1025,1.1158,72.42,MED,0.0,critical,125.95,HIGH,HIGH
2024-03-01,SUP_0025,SUP_0025,cemento,watch,1245563.66,89,4.63,24.43,43.88,15.42,1.1025,1.1158,54.85,LOW,15.61,critical,105.46,MED,MED
2024-03-01,SUP_0026,SUP_0026,logistica,stable,5652669.42,167,3.27,14.7,43.87,14.33,1.1025,1.1158,37.29,LOW,37.76,warning,73.27,LOW,LOW
2024-03-01,SUP_0027,SUP_0027,hormigon,watch,2559993.07,63,12.18,6.2,71.8,16.78,1.1025,1.1158,61.37,LOW,10.54,critical,111.73,MED,HIGH
2024-03-01,SUP_0028,SUP_0028,fontaneria,stable,3375102.83,118,13.82,11.85,5.67,21.59,1.1025,1.1158,40.19,LOW,22.5,critical,74.21,LOW,MED
2024-03-01,SUP_0029,SUP_0029,hormigon,stable,4438938.31,205,2.85,10.08,19.53,27.78,1.1025,1.1158,4.68,LOW,63.24,warning,22.75,LOW,LOW
2024-03-01,SUP_0030,SUP_0030,logistica,watch,5814501.34,107,3.53,12.25,54.14,9.94,1.1025,1.1158,43.41,LOW,37.27,warning,64.36,LOW,MED
2024-03-01,SUP_0031,SUP_0031,acabados,watch,3863935.67,97,12.09,2.33,17.75,18.41,1.1025,1.1158,29.33,LOW,42.53,warning,57.51,LOW,LOW
2024-03-01,SUP_0032,SUP_0032,acabados,fragile,3056283.09,121,8.65,17.21,64.3,8.95,1.1025,1.1158,71.75,MED,1.53,critical,129.96,HIGH,HIGH
2024-03-01,SUP_0033,SUP_0033,electricidad,stable,2689401.74,76,1.14,7.58,39.35,6.54,1.1025,1.1158,25.95,LOW,62.58,warning,53.1,LOW,LOW
2024-03-01,SUP_0034,SUP_0034,electricidad,stable,3956382.35,51,7.85,2.9,39.69,29.54,1.1025,1.1158,16.23,LOW,53.73,warning,54.63,LOW,LOW
2024-03-01,SUP_0035,SUP_0035,fontaneria,watch,3333102.59,62,4.96,10.69,35.99,15.26,1.1025,1.1158,31.86,LOW,46.07,warning,63.62,LOW,LOW
2024-03-01,SUP_0036,SUP_0036,acabados,stable,3228192.79,111,1.91,16.0,43.48,4.9,1.1025,1.1158,44.4,LOW,39.19,warning,78.66,MED,MED
2024-03-01,SUP_0037,SUP_0037,acabados,stable,6932528.06,119,5.08,1.37,43.72,11.85,1.1025,1.1158,25.1,LOW,57.87,warning,46.68,LOW,LOW
2024-03-01,SUP_0038,SUP_0038,cemento,watch,2921678.45,68,0.92,9.07,38.04,9.9,1.1025,1.1158,23.57,LOW,62.49,stable,56.18,LOW,LOW
2024-03-01,SUP_0039,SUP_0039,fontaneria,stable,7440256.41,124,16.04,16.72,29.28,15.93,1.1025,1.1158,70.46,MED,0.0,critical,135.08,HIGH,HIGH
2024-03-01,SUP_0040,SUP_0040,cemento,watch,3761392.87,116,11.6,12.74,39.54,9.48,1.1025,1.1158,62.23,LOW,10.15,critical,109.39,MED,HIGH
2024-03-01,SUP_0041,SUP_0041,acero,stable,3579669.04,146,6.09,13.36,18.63,15.37,1.1025,1.1158,31.33,LOW,41.52,warning,85.25,MED,LOW
2024-03-01,SUP_0042,SUP_0042,acabados,fragile,5567945.01,201,14.73,19.14,56.36,9.36,1.1025,1.1158,88.91,MED,0.0,critical,152.29,HIGH,HIGH
2024-03-01,SUP_0043,SUP_0043,hormigon,watch,4132333.58,135,0.0,5.08,32.6,16.38,1.1025,1.1158,5.91,LOW,76.86,stable,21.22,LOW,LOW
2024-03-01,SUP_0044,SUP_0044,acabados,stable,3101113.28,52,0.95,4.28,24.37,27.02,1.1025,1.1158,-6.78,LOW,84.57,stable,5.42,LOW,LOW
2024-03-01,SUP_0045,SUP_0045,electricidad,fragile,2481630.23,126,1.89,13.1,95.0,19.71,1.1025,1.1158,48.35,LOW,26.62,critical,93.26,MED,MED
2024-03-01,SUP_0046,SUP_0046,hormigon,fragile,2965148.24,99,3.57,15.18,44.76,11.78,1.1025,1.1158,41.85,LOW,36.37,critical,81.2,MED,MED
2024-03-01,SUP_0047,SUP_0047,acero,stable,5811882.54,163,5.99,11.94,39.67,1.84,1.1025,1.1158,51.88,LOW,30.07,critical,88.61,MED,MED
2024-03-01,SUP_0048,SUP_0048,electricidad,stable,3249719.89,110,8.93,6.18,32.76,24.68,1.1025,1.1158,26.12,LOW,42.52,critical,64.81,LOW,LOW
2024-03-01,SUP_0049,SUP_0049,acabados,watch,1699500.49,99,3.22,11.17,25.03,1.06,1.1025,1.1158,36.61,LOW,50.93,warning,59.55,LOW,LOW
2024-03-01,SUP_0050,SUP_0050,fontaneria,stable,1359588.62,27,3.19,5.86,22.94,17.34,1.1025,1.1158,11.35,LOW,70.46,stable,42.55,LOW,LOW
2024-03-01,SUP_0051,SUP_0051,logistica,stable,1955804.06,78,4.6,11.64,31.12,15.88,1.1025,1.1158,29.39,LOW,47.54,warning,74.96,LOW,LOW
2024-03-01,SUP_0052,SUP_0052,logistica,stable,1068080.89,35,8.93,4.13,38.43,32.58,1.1025,1.1158,17.69,LOW,49.08,warning,45.87,LOW,LOW
2024-03-01,SUP_0053,SUP_0053,acabados,watch,3150976.37,101,2.99,19.37,35.61,25.76,1.1025,1.1158,28.29,LOW,39.25,warning,68.84,LOW,LOW
2024-03-01,SUP_0054,SUP_0054,fontaneria,watch,3698379.56,223,5.9,11.52,68.46,18.16,1.1025,1.1158,47.63,LOW,22.22,critical,96.34,MED,MED
2024-03-01,SUP_0055,SUP_0055,acero,watch,3069517.89,81,13.99,8.37,49.8,9.73,1.1025,1.1158,67.21,LOW,5.85,critical,113.07,MED,HIGH
2024-03-01,SUP_0056,SUP_0056,acero,watch,365329.2,78,0.85,5.64,69.56,18.04,1.1025,1.1158,24.28,LOW,57.99,warning,49.51,LOW,LOW
2024-03-01,SUP_0057,SUP_0057,cemento,watch,3075325.69,75,2.56,12.28,50.91,4.73,1.1025,1.1158,44.26,LOW,41.71,warning,84.21,MED,MED
2024-03-01,SUP_0058,SUP_0058,acero,watch,4007706.73,73,3.83,8.35,95.0,17.42,1.1025,1.1158,49.33,LOW,29.15,critical,92.68,MED,MED
2024-03-01,SUP_0059,SUP_0059,logistica,stable,5938269.28,181,6.07,9.8,33.73,25.05,1.1025,1.1158,23.02,LOW,44.3,warning,67.42,LOW,LOW
2024-03-01,SUP_0060,SUP_0060,acero,stable,1565898.92,97,12.88,15.33,4.51,12.59,1.1025,1.1158,51.08,LOW,17.28,critical,95.93,MED,MED
2024-03-01,SUP_0061,SUP_0061,cemento,watch,2704626.99,228,6.18,17.53,72.45,23.87,1.1025,1.1158,53.56,LOW,9.15,critical,108.06,MED,MED
2024-03-01,SUP_0062,SUP_0062,fontaneria,watch,5784721.25,96,0.44,8.45,36.7,27.95,1.1025,1.1158,2.57,LOW,71.71,stable,17.69,LOW,LOW
2024-03-01,SUP_0063,SUP_0063,logistica,watch,3772682.94,145,6.21,2.36,38.74,9.65,1.1025,1.1158,29.95,LOW,52.05,warning,53.42,LOW,LOW
2024-03-01,SUP_0064,SUP_0064,logistica,watch,3506800.27,92,4.19,23.56,70.43,17.1,1.1025,1.1158,62.51,LOW,7.64,critical,117.51,MED,HIGH
2024-03-01,SUP_0065,SUP_0065,hormigon,watch,3778328.93,171,9.51,1.69,13.52,21.7,1.1025,1.1158,15.46,LOW,54.96,stable,48.47,LOW,LOW
2024-03-01,SUP_0066,SUP_0066,electricidad,watch,3843941.29,75,6.43,0.0,26.97,15.21,1.1025,1.1158,16.21,LOW,65.24,warning,38.57,LOW,LOW
2024-03-01,SUP_0067,SUP_0067,electricidad,watch,3447954.52,70,4.5,1.18,12.4,6.87,1.1025,1.1158,14.0,LOW,74.33,warning,30.51,LOW,LOW
2024-03-01,SUP_0068,SUP_0068,hormigon,stable,2690820.42,125,9.02,11.38,24.44,11.88,1.1025,1.1158,43.23,LOW,30.59,critical,91.02,MED,MED
2024-03-01,SUP_0069,SUP_0069,hormigon,stable,3530759.89,88,7.34,10.47,34.07,14.18,1.1025,1.1158,38.86,LOW,36.72,critical,75.17,MED,MED
2024-03-01,SUP_0070,SUP_0070,hormigon,stable,1576951.01,136,7.27,11.11,35.29,22.33,1.1025,1.1158,32.03,LOW,36.55,warning,53.77,LOW,LOW
2024-03-01,SUP_0071,SUP_0071,logistica,stable,4194956.63,138,0.49,12.27,29.43,10.91,1.1025,1.1158,22.2,LOW,59.94,warning,44.13,LOW,LOW
2024-03-01,SUP_0072,SUP_0072,acabados,stable,4330148.82,151,7.18,0.0,9.61,28.08,1.1025,1.1158,-2.21,LOW,72.24,warning,12.96,LOW,LOW
2024-03-01,SUP_0073,SUP_0073,acabados,fragile,2826135.36,175,4.77,9.3,5.87,5.84,1.1025,1.1158,25.07,LOW,56.46,critical,39.44,LOW,LOW
2024-03-01,SUP_0074,SUP_0074,acabados,stable,3822822.95,160,6.15,19.15,24.71,15.78,1.1025,1.1158,42.5,LOW,26.73,critical,83.3,MED,MED
2024-03-01,SUP_0075,SUP_0075,logistica,stable,2440644.81,78,1.66,5.91,31.05,17.48,1.1025,1.1158,10.34,LOW,71.34,stable,23.2,LOW,LOW
2024-03-01,SUP_0076,SUP_0076,cemento,stable,1920553.58,87,8.6,9.25,37.78,38.2,1.1025,1.1158,18.48,LOW,40.85,warning,61.84,LOW,LOW
2024-03-01,SUP_0077,SUP_0077,logistica,stable,2936176.41,87,2.56,5.54,26.97,10.54,1.1025,1.1158,17.58,LOW,67.64,warning,43.53,LOW,LOW
2024-03-01,SUP_0078,SUP_0078,cemento,watch,1891054.59,90,1.15,9.19,43.43,27.55,1.1025,1.1158,9.21,LOW,64.42,warning,32.94,LOW,LOW
2024-03-01,SUP_0079,SUP_0079,electricidad,watch,3814249.7,55,9.13,8.29,50.49,15.21,1.1025,1.1158,47.34,LOW,27.85,critical,87.89,MED,MED
2024-03-01,SUP_0080,SUP_0080,fontaneria,watch,1519984.06,159,9.2,23.98,50.29,16.04,1.1025,1.1158,70.17,MED,0.0,critical,134.06,HIGH,HIGH
2024-03-01,SUP_0081,SUP_0081,acero,watch,3619073.58,110,2.46,9.42,51.77,19.38,1.1025,1.1158,25.44,LOW,51.48,warning,58.29,LOW,LOW
2024-03-01,SUP_0082,SUP_0082,hormigon,stable,939249.42,147,14.01,3.77,20.26,26.13,1.1025,1.1158,30.66,LOW,32.04,critical,65.72,LOW,LOW
2024-03-01,SUP_0083,SUP_0083,hormigon,fragile,2062386.29,180,5.53,19.02,54.43,11.06,1.1025,1.1158,58.55,LOW,13.8,critical,120.87,HIGH,HIGH
2024-03-01,SUP_0084,SUP_0084,acabados,stable,1911667.74,7,5.52,13.46,31.14,36.85,1.1025,1.1158,13.93,LOW,49.63,warning,49.58,LOW,LOW
2024-03-01,SUP_0085,SUP_0085,acero,stable,3928517.29,13,6.91,21.09,37.9,18.14,1.1025,1.1158,51.27,LOW,19.1,critical,100.35,MED,MED
2024-03-01,SUP_0086,SUP_0086,acero,stable,2871799.45,198,2.52,9.92,23.46,27.8,1.1025,1.1158,5.19,LOW,63.32,stable,23.4,LOW,LOW
2024-03-01,SUP_0087,SUP_0087,logistica,watch,2851626.76,137,6.82,15.81,47.72,13.27,1.1025,1.1158,52.39,LOW,20.13,critical,94.83,MED,MED
2024-03-01,SUP_0088,SUP_0088,hormigon,watch,5075526.98,117,3.35,13.23,31.59,10.54,1.1025,1.1158,33.57,LOW,46.12,warning,62.53,LOW,LOW
2024-03-01,SUP_0089,SUP_0089,logistica,stable,749880.15,27,4.53,17.84,21.17,15.97,1.1025,1.1158,33.93,LOW,41.42,warning,70.64,LOW,LOW
2024-03-01,SUP_0090,SUP_0090,logistica,watch,2697247.84,91,11.31,21.86,60.77,24.66,1.1025,1.1158,69.4,LOW,0.0,critical,146.09,HIGH,HIGH
2024-03-01,SUP_0091,SUP_0091,fontaneria,stable,5517854.71,199,2.29,4.96,5.93,37.92,1.1025,1.1158,-20.95,LOW,85.56,stable,0.0,LOW,LOW
2024-03-01,SUP_0092,SUP_0092,hormigon,watch,4615790.77,106,0.0,18.1,20.46,14.27,1.1025,1.1158,22.09,LOW,56.4,warning,56.74,LOW,LOW
2024-03-01,SUP_0093,SUP_0093,hormigon,stable,4527906.77,113,7.39,5.76,13.26,24.12,1.1025,1.1158,12.65,LOW,58.03,warning,42.23,LOW,LOW
2024-03-01,SUP_0094,SUP_0094,hormigon,stable,3150687.75,84,7.86,11.8,4.6,6.65,1.1025,1.1158,36.71,LOW,42.7,warning,77.18,MED,LOW
2024-03-01,SUP_0095,SUP_0095,fontaneria,stable,3319309.77,75,3.3,8.44,23.74,11.61,1.1025,1.1158,21.64,LOW,61.04,warning,50.14,LOW,LOW
2024-03-01,SUP_0096,SUP_0096,hormigon,watch,838599.58,10,0.0,11.72,57.53,6.21,1.1025,1.1158,37.25,LOW,52.54,critical,76.0,MED,LOW
2024-03-01,SUP_0097,SUP_0097,electricidad,stable,1026314.14,146,4.75,11.87,28.92,11.02,1.1025,1.1158,34.06,LOW,43.71,warning,64.66,LOW,LOW
2024-03-01,SUP_0098,SUP_0098,cemento,stable,3581482.07,128,2.56,10.36,32.15,20.02,1.1025,1.1158,17.67,LOW,57.73,warning,41.05,LOW,LOW
2024-03-01,SUP_0099,SUP_0099,electricidad,stable,1311346.61,18,6.07,11.37,53.46,36.51,1.1025,1.1158,22.8,LOW,41.18,warning,55.44,LOW,LOW
2024-03-01,SUP_0100,SUP_0100,cemento,fragile,4560351.92,81,1.8,19.16,95.0,27.26,1.1025,1.1158,49.62,LOW,18.86,critical,101.44,MED,MED
2024-03-01,SUP_0101,SUP_0101,fontaneria,fragile,1532869.45,48,11.94,1.23,54.67,8.09,1.1025,1.1158,54.15,LOW,26.59,critical,101.63,MED,MED
2024-03-01,SUP_0102,SUP_0102,cemento,watch,708274.12,61,9.15,10.5,81.72,19.07,1.1025,1.1158,60.89,LOW,10.48,critical,127.33,HIGH,HIGH
2024-03-01,SUP_0103,SUP_0103,hormigon,stable,1538983.0,120,1.83,5.28,26.48,18.67,1.1025,1.1158,6.66,LOW,73.13,stable,15.34,LOW,LOW
2024-03-01,SUP_0104,SUP_0104,hormigon,fragile,234977.89,13,11.01,4.92,40.87,7.65,1.1025,1.1158,51.17,LOW,29.99,critical,90.76,MED,MED
2024-03-01,SUP_0105,SUP_0105,acabados,watch,3136112.27,128,12.06,14.66,24.39,15.89,1.1025,1.1158,53.25,LOW,13.2,critical,98.02,MED,MED
2024-03-01,SUP_0106,SUP_0106,cemento,watch,3054101.93,171,4.11,10.8,17.78,11.27,1.1025,1.1158,25.24,LOW,52.81,warning,53.26,LOW,LOW
2024-03-01,SUP_0107,SUP_0107,electricidad,stable,2380880.99,104,2.04,7.52,14.21,20.02,1.1025,1.1158,3.79,LOW,74.27,stable,15.5,LOW,LOW
2024-03-01,SUP_0108,SUP_0108,fontaneria,stable,3343856.11,16,5.62,10.4,34.1,17.29,1.1025,1.1158,30.52,LOW,46.93,warning,63.13,LOW,LOW
2024-03-01,SUP_0109,SUP_0109,electricidad,stable,4858858.46,73,9.37,1.71,33.15,7.42,1.1025,1.1158,38.16,LOW,44.61,critical,60.0,LOW,MED
2024-03-01,SUP_0110,SUP_0110,fontaneria,fragile,3940423.03,171,0.36,14.36,91.22,4.04,1.1025,1.1158,59.62,LOW,25.09,critical,97.3,MED,HIGH
2024-03-01,SUP_0111,SUP_0111,acabados,watch,647631.95,10,6.17,5.86,17.04,12.73,1.1025,1.1158,22.25,LOW,60.08,warning,54.42,LOW,LOW
2024-03-01,SUP_0112,SUP_0112,acero,stable,4665898.33,108,6.19,17.1,44.89,17.86,1.1025,1.1158,46.56,LOW,23.83,critical,93.18,MED,MED
2024-03-01,SUP_0113,SUP_0113,acabados,stable,4393049.2,48,8.5,2.45,16.44,19.0,1.1025,1.1158,17.56,LOW,58.92,stable,44.46,LOW,LOW
2024-03-01,SUP_0114,SUP_0114,acero,watch,2956810.01,189,12.86,9.74,42.06,12.91,1.1025,1.1158,59.21,LOW,9.0,critical,118.13,MED,HIGH
2024-03-01,SUP_0115,SUP_0115,logistica,stable,4236218.5,65,12.34,4.71,32.46,42.17,1.1025,1.1158,16.52,LOW,39.42,critical,50.05,LOW,LOW
2024-03-01,SUP_0116,SUP_0116,electricidad,fragile,1760267.85,134,2.59,9.61,12.48,11.04,1.1025,1.1158,16.76,LOW,64.64,warning,42.34,LOW,LOW
2024-03-01,SUP_0117,SUP_0117,acabados,watch,4975244.25,90,5.61,1.36,55.79,9.96,1.1025,1.1158,34.01,LOW,50.53,warning,59.77,LOW,LOW
2024-03-01,SUP_0118,SUP_0118,logistica,watch,1562201.29,185,2.61,0.36,34.02,23.12,1.1025,1.1158,0.54,LOW,76.1,warning,12.26,LOW,LOW
2024-03-01,SUP_0119,SUP_0119,acabados,stable,4405052.15,98,3.98,10.03,22.02,28.55,1.1025,1.1158,8.33,LOW,61.16,stable,31.9,LOW,LOW
2024-03-01,SUP_0120,SUP_0120,acabados,watch,1290079.71,116,11.78,16.36,23.1,16.78,1.1025,1.1158,53.51,LOW,12.13,critical,115.96,MED,MED
2024-03-01,SUP_0121,SUP_0121,electricidad,watch,2579480.9,30,8.56,6.96,28.69,22.61,1.1025,1.1158,26.42,LOW,45.95,critical,61.44,LOW,LOW
2024-03-01,SUP_0122,SUP_0122,cemento,watch,5985111.14,182,10.55,11.49,35.53,20.23,1.1025,1.1158,44.64,LOW,20.45,critical,96.82,MED,MED
2024-03-01,SUP_0123,SUP_0123,electricidad,stable,2701224.46,111,1.1,13.87,34.63,17.87,1.1025,1.1158,21.81,LOW,55.21,warning,51.32,LOW,LOW
2024-03-01,SUP_0124,SUP_0124,hormigon,stable,2701466.49,96,4.92,22.54,35.58,22.86,1.1025,1.1158,41.73,LOW,24.34,critical,93.5,MED,MED
2024-03-01,SUP_0125,SUP_0125,logistica,stable,3432072.82,119,2.71,6.1,36.4,13.64,1.1025,1.1158,20.01,LOW,61.8,warning,44.69,LOW,LOW
2024-03-01,SUP_0126,SUP_0126,hormigon,watch,2811975.58,32,5.64,7.69,73.83,17.99,1.1025,1.1158,43.7,LOW,34.16,critical,88.67,MED,MED
2024-03-01,SUP_0127,SUP_0127,hormigon,stable,3896537.28,149,6.11,3.6,18.7,10.42,1.1025,1.1158,21.73,LOW,59.13,warning,42.89,LOW,LOW
2024-03-01,SUP_0128,SUP_0128,hormigon,stable,3273047.99,147,0.71,14.48,10.6,22.73,1.1025,1.1158,5.89,LOW,66.99,stable,32.96,LOW,LOW
2024-03-01,SUP_0129,SUP_0129,fontaneria,stable,1099609.21,117,1.21,16.49,46.05,5.25,1.1025,1.1158,43.84,LOW,39.8,critical,77.53,MED,MED
2024-03-01,SUP_0130,SUP_0130,electricidad,watch,2532105.39,31,6.96,3.7,38.81,12.14,1.1025,1.1158,31.77,LOW,50.59,warning,55.89,LOW,LOW
2024-03-01,SUP_0131,SUP_0131,logistica,stable,5885030.71,92,3.4,0.0,43.15,30.09,1.1025,1.1158,-0.46,LOW,74.73,stable,13.69,LOW,LOW
2024-03-01,SUP_0132,SUP_0132,acero,fragile,3549809.41,134,0.0,2.62,54.86,13.97,1.1025,1.1158,14.65,LOW,70.93,stable,34.76,LOW,LOW
2024-03-01,SUP_0133,SUP_0133,hormigon,watch,1770086.09,19,8.24,9.54,41.72,26.18,1.1025,1.1158,31.63,LOW,37.79,warning,73.09,LOW,LOW
2024-03-01,SUP_0134,SUP_0134,cemento,stable,2427267.51,60,5.53,7.42,29.81,14.89,1.1025,1.1158,26.24,LOW,53.04,warning,59.01,LOW,LOW
2024-03-01,SUP_0135,SUP_0135,cemento,watch,2372339.55,136,6.8,9.29,62.61,6.97,1.1025,1.1158,55.55,LOW,24.39,critical,105.72,MED,MED
2024-03-01,SUP_0136,SUP_0136,acero,stable,3009203.41,107,1.67,9.22,61.59,16.96,1.1025,1.1158,29.59,LOW,49.89,warning,63.94,LOW,LOW
2024-03-01,SUP_0137,SUP_0137,logistica,fragile,1305970.5,153,8.04,9.52,53.61,10.79,1.1025,1.1158,51.73,LOW,23.86,critical,101.86,MED,MED
2024-03-01,SUP_0138,SUP_0138,electricidad,watch,2787013.06,225,4.27,20.96,43.53,18.62,1.1025,1.1158,45.22,LOW,21.19,critical,89.79,MED,MED
2024-03-01,SUP_0139,SUP_0139,logistica,watch,1922588.07,120,16.43,5.64,70.93,24.29,1.1025,1.1158,65.37,LOW,0.0,critical,122.01,HIGH,HIGH
2024-03-01,SUP_0140,SUP_0140,cemento,stable,4286319.49,156,4.52,4.65,13.78,15.07,1.1025,1.1158,11.65,LOW,67.02,stable,29.61,LOW,LOW
2024-03-01,SUP_0141,SUP_0141,cemento,watch,4118540.26,280,3.57,15.45,48.37,15.41,1.1025,1.1158,40.23,LOW,30.06,critical,73.45,LOW,MED
2024-03-01,SUP_0142,SUP_0142,acabados,watch,2995583.31,135,7.64,4.48,43.39,9.05,1.1025,1.1158,40.14,LOW,40.05,warning,67.0,LOW,MED
2024-03-01,SUP_0143,SUP_0143,cemento,fragile,2587730.85,82,13.63,10.5,44.65,14.54,1.1025,1.1158,62.19,LOW,7.0,critical,112.87,MED,HIGH
2024-03-01,SUP_0144,SUP_0144,cemento,watch,4410386.6,106,7.67,9.91,26.78,21.44,1.1025,1.1158,28.49,LOW,41.77,critical,64.84,LOW,LOW
2024-03-01,SUP_0145,SUP_0145,acero,watch,2554604.7,112,9.98,14.81,15.86,9.21,1.1025,1.1158,50.1,LOW,23.18,critical,97.7,MED,MED
2024-03-01,SUP_0146,SUP_0146,logistica,stable,1790342.05,120,4.46,11.58,4.07,14.13,1.1025,1.1158,18.45,LOW,58.51,warning,51.35,LOW,LOW
2024-03-01,SUP_0147,SUP_0147,fontaneria,stable,2734401.24,53,3.4,2.86,18.18,21.44,1.1025,1.1158,1.21,LOW,78.45,stable,22.87,LOW,LOW
2024-03-01,SUP_0148,SUP_0148,cemento,watch,2430332.15,227,5.33,32.01,30.0,8.94,1.1025,1.1158,68.55,LOW,0.0,critical,130.43,HIGH,HIGH
2024-03-01,SUP_0149,SUP_0149,acabados,stable,1962636.76,110,5.47,7.93,25.15,32.86,1.1025,1.1158,6.76,LOW,59.16,warning,30.6,LOW,LOW
2024-03-01,SUP_0150,SUP_0150,acabados,stable,2777688.15,71,8.43,3.66,62.65,17.02,1.1025,1.1158,41.97,LOW,34.56,critical,74.04,LOW,MED
2024-03-01,SUP_0151,SUP_0151,acabados,fragile,4802768.79,194,8.87,18.38,57.75,13.55,1.1025,1.1158,66.62,LOW,0.68,critical,117.69,MED,HIGH
2024-03-01,SUP_0152,SUP_0152,logistica,fragile,1711266.83,131,5.91,13.15,43.91,1.0,1.1025,1.1158,56.22,LOW,26.73,critical,94.02,MED,HIGH
2024-03-01,SUP_0153,SUP_0153,hormigon,stable,4162513.55,56,4.59,5.23,34.27,14.39,1.1025,1.1158,22.66,LOW,59.1,warning,50.8,LOW,LOW
2024-03-01,SUP_0154,SUP_0154,logistica,watch,2494598.61,138,5.68,4.85,40.81,12.1,1.1025,1.1158,30.56,LOW,49.32,warning,56.66,LOW,LOW
2024-03-01,SUP_0155,SUP_0155,acero,stable,3839589.77,45,5.17,8.27,26.45,19.2,1.1025,1.1158,20.61,LOW,56.26,warning,51.75,LOW,LOW
2024-03-01,SUP_0156,SUP_0156,acabados,watch,3207962.51,99,0.0,11.57,48.86,15.1,1.1025,1.1158,24.24,LOW,57.2,warning,45.19,LOW,LOW
2024-03-01,SUP_0157,SUP_0157,fontaneria,stable,1773178.13,177,2.1,7.79,33.15,22.85,1.1025,1.1158,10.05,LOW,63.8,warning,37.11,LOW,LOW
2024-03-01,SUP_0158,SUP_0158,acabados,watch,1846350.92,107,3.7,11.38,29.3,21.77,1.1025,1.1158,19.59,LOW,53.65,warning,49.86,LOW,LOW
2024-03-01,SUP_0159,SUP_0159,fontaneria,watch,2482589.14,118,0.0,21.44,67.66,14.44,1.1025,1.1158,48.17,LOW,28.17,critical,110.18,MED,MED
2024-03-01,SUP_0160,SUP_0160,fontaneria,watch,3901645.39,97,2.37,1.63,16.37,15.95,1.1025,1.1158,0.99,LOW,82.55,stable,17.65,LOW,LOW
2024-03-01,SUP_0161,SUP_0161,fontaneria,stable,492632.93,91,1.44,10.8,26.53,17.69,1.1025,1.1158,14.78,LOW,64.15,stable,39.97,LOW,LOW
2024-03-01,SUP_0162,SUP_0162,acabados,fragile,4713147.51,79,6.21,1.47,91.56,13.77,1.1025,1.1158,48.27,LOW,33.45,critical,89.79,MED,MED
2024-03-01,SUP_0163,SUP_0163,acabados,stable,4501865.82,72,7.07,5.22,31.23,45.0,1.1025,1.1158,-1.9,LOW,60.83,warning,20.81,LOW,LOW
2024-03-01,SUP_0164,SUP_0164,cemento,stable,2523911.91,72,6.19,7.23,55.19,1.01,1.1025,1.1158,53.22,LOW,34.15,warning,79.92,MED,MED
2024-03-01,SUP_0165,SUP_0165,acabados,watch,4309519.86,24,4.39,9.81,45.32,1.66,1.1025,1.1158,46.62,LOW,42.27,critical,86.26,MED,MED
2024-03-01,SUP_0166,SUP_0166,electricidad,stable,2530727.05,172,3.63,7.64,40.81,16.3,1.1025,1.1158,24.4,LOW,52.4,warning,48.33,LOW,LOW
2024-03-01,SUP_0167,SUP_0167,acero,fragile,3746861.96,77,6.76,13.09,65.18,7.39,1.1025,1.1158,61.84,LOW,17.74,critical,110.05,MED,HIGH
2024-03-01,SUP_0168,SUP_0168,electricidad,fragile,963590.86,119,3.37,27.04,51.74,19.79,1.1025,1.1158,54.16,LOW,12.51,critical,102.59,MED,MED
2024-03-01,SUP_0169,SUP_0169,logistica,stable,396373.75,32,1.79,7.01,22.4,26.49,1.1025,1.1158,-0.52,LOW,77.03,warning,14.76,LOW,LOW
2024-03-01,SUP_0170,SUP_0170,logistica,fragile,5352958.36,140,2.99,12.86,60.53,8.59,1.1025,1.1158,46.91,LOW,33.9,critical,86.88,MED,MED
2024-03-01,SUP_0171,SUP_0171,acabados,stable,1094080.04,110,5.72,7.84,20.91,28.8,1.1025,1.1158,9.52,LOW,58.83,warning,39.71,LOW,LOW
2024-03-01,SUP_0172,SUP_0172,electricidad,watch,3617713.74,171,13.95,11.06,49.86,21.47,1.1025,1.1158,59.41,LOW,2.03,critical,111.69,MED,HIGH
2024-03-01,SUP_0173,SUP_0173,acabados,stable,1513084.61,25,4.65,15.04,53.32,26.25,1.1025,1.1158,34.26,LOW,35.76,critical,74.75,LOW,LOW
2024-03-01,SUP_0174,SUP_0174,acero,fragile,1668627.08,169,16.13,18.4,49.52,16.98,1.1025,1.1158,81.29,MED,0.0,critical,155.99,HIGH,HIGH
2024-03-01,SUP_0175,SUP_0175,fontaneria,stable,3344470.6,112,2.43,13.44,31.3,26.45,1.1025,1.1158,15.1,LOW,55.2,warning,42.21,LOW,LOW
2024-03-01,SUP_0176,SUP_0176,fontaneria,stable,2651898.9,39,1.95,11.68,33.19,16.48,1.1025,1.1158,21.82,LOW,58.5,warning,53.49,LOW,LOW
2024-03-01,SUP_0177,SUP_0177,hormigon,stable,3818915.02,136,3.75,9.48,27.66,26.23,1.1025,1.1158,11.7,LOW,58.68,warning,44.66,LOW,LOW
2024-03-01,SUP_0178,SUP_0178,hormigon,fragile,5325605.68,91,2.55,24.72,73.81,9.49,1.1025,1.1158,68.43,LOW,7.76,critical,131.74,HIGH,HIGH
2024-03-01,SUP_0179,SUP_0179,cemento,fragile,4385285.77,121,0.75,6.63,12.12,9.41,1.1025,1.1158,8.23,LOW,77.97,stable,12.77,LOW,LOW
2024-03-01,SUP_0180,SUP_0180,cemento,watch,4868859.38,85,7.48,15.5,35.86,21.05,1.1025,1.1158,40.79,LOW,27.75,critical,85.55,MED,MED
2024-03-01,SUP_0181,SUP_0181,electricidad,fragile,5125459.71,142,2.49,15.68,9.26,1.3,1.1025,1.1158,33.84,LOW,50.74,warning,66.93,LOW,LOW
2024-03-01,SUP_0182,SUP_0182,electricidad,fragile,1910145.4,110,2.4,19.91,21.08,4.91,1.1025,1.1158,41.65,LOW,39.5,critical,84.79,MED,MED
2024-03-01,SUP_0183,SUP_0183,hormigon,watch,3667584.78,228,3.81,13.27,62.54,8.91,1.1025,1.1158,50.58,LOW,26.34,critical,92.95,MED,MED
2024-03-01,SUP_0184,SUP_0184,acero,stable,5988702.47,6,5.08,14.28,37.46,20.18,1.1025,1.1158,33.35,LOW,41.14,warning,60.99,LOW,LOW
2024-03-01,SUP_0185,SUP_0185,fontaneria,watch,3978841.98,80,0.0,10.73,23.34,19.2,1.1025,1.1158,7.4,LOW,72.35,warning,27.69,LOW,LOW
2024-03-01,SUP_0186,SUP_0186,hormigon,watch,1817735.37,87,1.94,15.33,13.78,4.07,1.1025,1.1158,30.95,LOW,54.21,warning,54.85,LOW,LOW
2024-03-01,SUP_0187,SUP_0187,acero,stable,2266395.0,24,4.14,15.41,5.65,8.59,1.1025,1.1158,29.49,LOW,52.36,warning,56.59,LOW,LOW
2024-03-01,SUP_0188,SUP_0188,acero,stable,3698072.94,92,9.81,6.96,21.34,8.19,1.1025,1.1158,41.27,LOW,37.36,warning,79.39,MED,MED
2024-03-01,SUP_0189,SUP_0189,electricidad,watch,4588327.98,191,8.15,12.03,75.76,23.28,1.1025,1.1158,53.32,LOW,11.64,critical,101.22,MED,MED
2024-03-01,SUP_0190,SUP_0190,acero,stable,3657021.42,51,6.27,0.0,37.75,16.64,1.1025,1.1158,19.16,LOW,62.22,warning,51.92,LOW,LOW
2024-03-01,SUP_0191,SUP_0191,acabados,fragile,2668843.54,103,2.14,19.67,35.42,14.3,1.1025,1.1158,37.56,LOW,38.09,critical,84.94,MED,MED
2024-03-01,SUP_0192,SUP_0192,acero,stable,2689855.41,34,1.17,0.0,29.77,15.33,1.1025,1.1158,1.56,LOW,86.28,stable,9.85,LOW,LOW
2024-03-01,SUP_0193,SUP_0193,electricidad,stable,4725510.43,59,6.29,1.86,9.53,6.58,1.1025,1.1158,19.37,LOW,67.38,warning,43.84,LOW,LOW
2024-03-01,SUP_0194,SUP_0194,acero,fragile,1680119.33,192,5.84,19.78,51.88,1.31,1.1025,1.1158,69.23,LOW,8.43,critical,125.77,HIGH,HIGH
2024-03-01,SUP_0195,SUP_0195,hormigon,stable,3477417.22,80,4.97,12.79,24.14,10.54,1.1025,1.1158,34.42,LOW,44.95,warning,71.07,LOW,LOW
2024-03-01,SUP_0196,SUP_0196,fontaneria,stable,4328060.85,141,4.75,2.92,21.12,9.25,1.1025,1.1158,18.86,LOW,64.69,warning,41.16,LOW,LOW
2024-03-01,SUP_0197,SUP_0197,hormigon,watch,2949521.62,17,5.83,9.02,57.5,15.29,1.1025,1.1158,41.6,LOW,37.6,critical,73.16,LOW,MED
2024-03-01,SUP_0198,SUP_0198,acero,fragile,3859860.91,185,12.38,34.07,56.63,2.63,1.1025,1.1158,111.1,MED,0.0,critical,180.0,HIGH,HIGH
2024-03-01,SUP_0199,SUP_0199,acabados,stable,6567808.41,130,5.76,5.86,39.5,9.29,1.1025,1.1158,34.56,LOW,46.83,warning,56.87,LOW,LOW
2024-03-01,SUP_0200,SUP_0200,logistica,stable,802754.23,94,4.31,20.79,23.92,25.3,1.1025,1.1158,29.58,LOW,36.44,critical,77.59,MED,LOW
2024-03-01,SUP_0201,SUP_0201,fontaneria,watch,3102432.16,106,0.89,11.26,60.54,21.57,1.1025,1.1158,25.22,LOW,51.07,warning,53.03,LOW,LOW
2024-03-01,SUP_0202,SUP_0202,logistica,fragile,2437659.52,49,0.0,18.83,85.68,18.75,1.1025,1.1158,48.05,LOW,28.89,critical,87.65,MED,MED
2024-03-01,SUP_0203,SUP_0203,acabados,watch,5650132.99,235,8.88,28.67,26.89,5.67,1.1025,1.1158,76.09,MED,0.0,critical,143.21,HIGH,HIGH
2024-03-01,SUP_0204,SUP_0204,electricidad,stable,1943855.53,91,13.3,12.09,14.35,21.7,1.1025,1.1158,42.8,LOW,21.01,critical,85.98,MED,MED
2024-03-01,SUP_0205,SUP_0205,acabados,stable,5294474.9,110,2.93,2.77,55.86,12.19,1.1025,1.1158,25.87,LOW,58.6,stable,39.0,LOW,LOW
2024-03-01,SUP_0206,SUP_0206,acero,stable,3945872.27,63,0.16,7.65,27.04,29.87,1.1025,1.1158,-5.75,LOW,80.46,stable,9.25,LOW,LOW
2024-03-01,SUP_0207,SUP_0207,electricidad,stable,3468185.72,97,3.06,9.82,47.58,21.74,1.1025,1.1158,23.58,LOW,51.4,warning,51.31,LOW,LOW
2024-03-01,SUP_0208,SUP_0208,electricidad,watch,4299061.07,162,7.89,4.83,37.16,4.94,1.1025,1.1158,42.68,LOW,38.95,warning,75.05,MED,MED
2024-03-01,SUP_0209,SUP_0209,logistica,stable,339018.85,134,8.53,5.29,36.1,10.3,1.1025,1.1158,39.48,LOW,38.62,critical,70.89,LOW,MED
2024-03-01,SUP_0210,SUP_0210,acabados,watch,7365732.92,130,5.35,4.1,53.58,20.78,1.1025,1.1158,25.53,LOW,49.66,warning,60.24,LOW,LOW
2024-03-01,SUP_0211,SUP_0211,electricidad,watch,3051056.31,73,4.13,23.85,43.2,18.02,1.1025,1.1158,49.58,LOW,20.47,critical,104.38,MED,MED
2024-03-01,SUP_0212,SUP_0212,fontaneria,watch,4830887.97,111,1.17,7.56,67.88,12.88,1.1025,1.1158,32.52,LOW,50.83,warning,75.1,MED,LOW
2024-03-01,SUP_0213,SUP_0213,hormigon,stable,1531771.21,87,1.78,7.01,25.38,22.45,1.1025,1.1158,4.82,LOW,72.7,warning,34.53,LOW,LOW
2024-03-01,SUP_0214,SUP_0214,acabados,fragile,2423034.02,185,4.42,17.42,31.69,15.84,1.1025,1.1158,37.81,LOW,33.2,critical,82.83,MED,MED
2024-03-01,SUP_0215,SUP_0215,electricidad,watch,3915960.03,22,3.79,13.8,36.24,12.72,1.1025,1.1158,35.64,LOW,44.74,warning,68.43,LOW,LOW
2024-03-01,SUP_0216,SUP_0216,electricidad,watch,2327679.52,151,22.0,17.55,40.52,17.71,1.1025,1.1158,92.85,MED,0.0,critical,174.48,HIGH,HIGH
2024-03-01,SUP_0217,SUP_0217,acabados,stable,3086798.49,224,4.2,8.59,7.35,25.82,1.1025,1.1158,2.99,LOW,65.03,warning,28.93,LOW,LOW
2024-03-01,SUP_0218,SUP_0218,fontaneria,stable,4627119.72,89,8.21,3.8,44.57,43.39,1.1025,1.1158,7.0,LOW,52.02,warning,36.4,LOW,LOW
2024-03-01,SUP_0219,SUP_0219,cemento,fragile,1110844.25,227,4.77,24.28,38.56,4.25,1.1025,1.1158,63.82,LOW,9.7,critical,115.44,MED,HIGH
2024-03-01,SUP_0220,SUP_0220,acero,stable,4178579.68,133,5.26,13.46,44.91,8.44,1.1025,1.1158,47.73,LOW,30.8,warning,79.8,MED,MED
2024-04-01,SUP_0001,SUP_0001,logistica,watch,4294323.41,95,0.0,13.52,68.73,5.5,1.0341,1.0248,45.71,LOW,41.09,critical,79.35,MED,MED
2024-04-01,SUP_0002,SUP_0002,acero,stable,3436400.78,65,2.28,5.28,12.46,23.87,1.0341,1.0248,-3.5,LOW,81.12,stable,20.76,LOW,LOW
2024-04-01,SUP_0003,SUP_0003,cemento,fragile,3297905.77,46,1.05,17.42,67.9,13.08,1.0341,1.0248,46.76,LOW,33.6,critical,90.07,MED,MED
2024-04-01,SUP_0004,SUP_0004,electricidad,watch,1999485.49,91,3.83,18.08,41.08,4.9,1.0341,1.0248,52.19,LOW,29.04,critical,86.19,MED,MED
2024-04-01,SUP_0005,SUP_0005,electricidad,stable,3766711.18,102,5.59,15.62,48.94,12.59,1.0341,1.0248,49.63,LOW,25.72,critical,88.34,MED,MED
2024-04-01,SUP_0006,SUP_0006,fontaneria,fragile,4824425.38,86,9.95,22.54,83.57,15.22,1.0341,1.0248,86.06,MED,0.0,critical,165.03,HIGH,HIGH
2024-04-01,SUP_0007,SUP_0007,acero,watch,3482690.58,78,5.13,11.12,87.09,17.6,1.0341,1.0248,53.67,LOW,21.86,critical,102.92,MED,MED
2024-04-01,SUP_0008,SUP_0008,logistica,watch,2071372.67,48,7.19,2.32,59.17,24.07,1.0341,1.0248,27.62,LOW,46.96,warning,54.85,LOW,LOW
2024-04-01,SUP_0009,SUP_0009,electricidad,stable,3175190.57,85,9.75,7.11,12.54,6.01,1.0341,1.0248,39.54,LOW,40.71,warning,72.23,LOW,MED
2024-04-01,SUP_0010,SUP_0010,acero,watch,4677805.81,112,3.72,8.39,43.87,18.05,1.0341,1.0248,25.43,LOW,51.56,warning,47.3,LOW,LOW
2024-04-01,SUP_0011,SUP_0011,logistica,stable,3009592.4,189,5.73,5.09,14.2,21.65,1.0341,1.0248,9.58,LOW,62.4,stable,31.62,LOW,LOW
2024-04-01,SUP_0012,SUP_0012,logistica,fragile,3586150.3,128,0.6,15.03,52.33,11.56,1.0341,1.0248,36.34,LOW,44.19,critical,74.82,LOW,LOW
2024-04-01,SUP_0013,SUP_0013,electricidad,watch,3212692.67,143,3.87,11.37,73.22,24.17,1.0341,1.0248,37.44,LOW,33.0,critical,73.71,LOW,MED
2024-04-01,SUP_0014,SUP_0014,cemento,fragile,1904793.4,63,16.35,34.93,70.19,14.7,1.0341,1.0248,118.32,MED,0.0,critical,180.0,HIGH,HIGH
2024-04-01,SUP_0015,SUP_0015,fontaneria,stable,2442158.82,101,7.14,12.46,19.72,39.66,1.0341,1.0248,9.32,LOW,48.51,warning,51.75,LOW,LOW
2024-04-01,SUP_0016,SUP_0016,electricidad,stable,1110485.55,72,7.21,14.28,17.32,39.07,1.0341,1.0248,11.78,LOW,46.3,warning,56.95,LOW,LOW
2024-04-01,SUP_0017,SUP_0017,hormigon,watch,3006983.44,10,5.45,5.4,36.77,13.37,1.0341,1.0248,27.62,LOW,55.24,warning,48.24,LOW,LOW
2024-04-01,SUP_0018,SUP_0018,fontaneria,stable,2608135.0,35,4.12,6.82,19.76,15.12,1.0341,1.0248,16.36,LOW,65.25,warning,37.0,LOW,LOW
2024-04-01,SUP_0019,SUP_0019,acabados,fragile,2662814.48,27,3.23,6.42,34.85,15.46,1.0341,1.0248,19.55,LOW,63.13,warning,45.89,LOW,LOW
2024-04-01,SUP_0020,SUP_0020,cemento,watch,265435.74,12,1.58,23.06,46.52,11.61,1.0341,1.0248,48.65,LOW,30.35,critical,104.49,MED,MED
2024-04-01,SUP_0021,SUP_0021,acabados,watch,1306056.16,33,3.17,10.21,57.62,14.83,1.0341,1.0248,35.93,LOW,45.17,warning,72.41,LOW,LOW
2024-04-01,SUP_0022,SUP_0022,cemento,stable,3670585.81,157,2.91,2.41,35.89,25.67,1.0341,1.0248,2.83,LOW,71.66,stable,20.81,LOW,LOW
2024-04-01,SUP_0023,SUP_0023,acabados,fragile,2636306.61,72,3.5,15.48,4.95,9.43,1.0341,1.0248,26.53,LOW,53.93,warning,48.45,LOW,LOW
2024-04-01,SUP_0024,SUP_0024,acero,fragile,3075792.64,107,10.6,11.02,70.5,9.62,1.0341,1.0248,70.43,MED,3.99,critical,127.2,HIGH,HIGH
2024-04-01,SUP_0025,SUP_0025,cemento,watch,1495435.13,104,6.18,20.25,44.46,11.41,1.0341,1.0248,57.51,LOW,15.64,critical,109.68,MED,HIGH
2024-04-01,SUP_0026,SUP_0026,logistica,stable,3794025.82,138,3.69,11.56,34.71,25.93,1.0341,1.0248,18.09,LOW,51.47,warning,50.88,LOW,LOW
2024-04-01,SUP_0027,SUP_0027,hormigon,watch,3204750.26,61,6.38,15.29,68.72,15.26,1.0341,1.0248,57.75,LOW,16.48,critical,109.46,MED,HIGH
2024-04-01,SUP_0028,SUP_0028,fontaneria,stable,4238739.57,127,6.42,10.83,4.26,21.07,1.0341,1.0248,16.36,LOW,54.31,warning,43.43,LOW,LOW
2024-04-01,SUP_0029,SUP_0029,hormigon,stable,4776212.71,120,9.26,11.88,25.41,27.13,1.0341,1.0248,29.92,LOW,33.65,critical,75.77,MED,LOW
2024-04-01,SUP_0030,SUP_0030,logistica,watch,5597473.89,84,3.77,9.72,54.94,11.22,1.0341,1.0248,39.38,LOW,42.18,critical,78.16,MED,MED
2024-04-01,SUP_0031,SUP_0031,acabados,watch,3009457.31,126,6.49,7.81,14.82,19.42,1.0341,1.0248,18.45,LOW,54.74,warning,45.75,LOW,LOW
2024-04-01,SUP_0032,SUP_0032,acabados,fragile,1778067.58,130,10.97,10.38,80.67,15.73,1.0341,1.0248,69.06,LOW,0.64,critical,117.0,MED,HIGH
2024-04-01,SUP_0033,SUP_0033,electricidad,stable,2396759.82,61,0.62,6.48,33.97,9.39,1.0341,1.0248,17.48,LOW,70.73,stable,38.57,LOW,LOW
2024-04-01,SUP_0034,SUP_0034,electricidad,stable,3301547.26,56,4.18,2.61,51.51,27.26,1.0341,1.0248,12.37,LOW,62.73,warning,35.72,LOW,LOW
2024-04-01,SUP_0035,SUP_0035,fontaneria,watch,3817616.51,69,9.18,9.23,28.55,15.51,1.0341,1.0248,38.74,LOW,35.31,warning,76.83,MED,MED
2024-04-01,SUP_0036,SUP_0036,acabados,stable,2333437.57,74,4.36,16.57,32.61,4.53,1.0341,1.0248,48.09,LOW,34.11,critical,93.12,MED,MED
2024-04-01,SUP_0037,SUP_0037,acabados,stable,3707634.91,132,1.86,1.17,40.57,11.89,1.0341,1.0248,13.68,LOW,72.19,warning,14.57,LOW,LOW
2024-04-01,SUP_0038,SUP_0038,cemento,watch,3402196.41,59,1.94,8.47,56.63,9.14,1.0341,1.0248,34.88,LOW,51.23,warning,65.42,LOW,LOW
2024-04-01,SUP_0039,SUP_0039,fontaneria,stable,5917355.65,88,8.59,9.11,29.9,20.85,1.0341,1.0248,32.04,LOW,38.61,warning,68.54,LOW,LOW
2024-04-01,SUP_0040,SUP_0040,cemento,watch,3126368.38,69,8.89,19.63,35.71,15.52,1.0341,1.0248,56.66,LOW,12.47,critical,105.69,MED,HIGH
2024-04-01,SUP_0041,SUP_0041,acero,stable,4488348.94,114,6.17,14.93,20.56,20.41,1.0341,1.0248,29.76,LOW,39.92,warning,60.85,LOW,LOW
2024-04-01,SUP_0042,SUP_0042,acabados,fragile,4224964.12,147,10.86,9.77,45.73,16.21,1.0341,1.0248,51.6,LOW,17.72,critical,102.35,MED,MED
2024-04-01,SUP_0043,SUP_0043,hormigon,watch,4807644.45,149,0.0,3.33,42.9,19.33,1.0341,1.0248,4.97,LOW,76.33,stable,15.11,LOW,LOW
2024-04-01,SUP_0044,SUP_0044,acabados,stable,2335618.36,59,2.2,3.66,36.12,28.5,1.0341,1.0248,-0.15,LOW,75.81,stable,19.48,LOW,LOW
2024-04-01,SUP_0045,SUP_0045,electricidad,fragile,2097868.88,215,7.16,19.78,83.74,16.02,1.0341,1.0248,72.81,MED,0.0,critical,130.43,HIGH,HIGH
2024-04-01,SUP_0046,SUP_0046,hormigon,fragile,2973843.4,73,4.05,10.66,35.08,18.07,1.0341,1.0248,25.86,LOW,50.83,warning,65.95,LOW,LOW
2024-04-01,SUP_0047,SUP_0047,acero,stable,5052824.01,205,9.89,18.47,33.88,1.08,1.0341,1.0248,71.55,MED,2.47,critical,119.21,MED,HIGH
2024-04-01,SUP_0048,SUP_0048,electricidad,stable,2822224.04,109,12.66,11.91,50.75,11.92,1.0341,1.0248,66.77,LOW,3.6,critical,113.56,MED,HIGH
2024-04-01,SUP_0049,SUP_0049,acabados,watch,1715798.07,80,2.75,7.91,31.38,1.0,1.0341,1.0248,33.23,LOW,57.02,warning,54.14,LOW,LOW
2024-04-01,SUP_0050,SUP_0050,fontaneria,stable,1479237.33,14,1.02,4.05,23.2,25.25,1.0341,1.0248,-5.7,LOW,85.82,stable,8.04,LOW,LOW
2024-04-01,SUP_0051,SUP_0051,logistica,stable,937077.25,77,7.8,7.52,36.9,17.2,1.0341,1.0248,34.07,LOW,40.89,warning,81.77,MED,LOW
2024-04-01,SUP_0052,SUP_0052,logistica,stable,1134937.34,40,8.03,13.78,41.64,35.41,1.0341,1.0248,28.1,LOW,32.76,critical,74.83,LOW,LOW
2024-04-01,SUP_0053,SUP_0053,acabados,watch,3182031.72,94,1.12,9.73,34.09,23.02,1.0341,1.0248,10.28,LOW,65.94,warning,26.92,LOW,LOW
2024-04-01,SUP_0054,SUP_0054,fontaneria,watch,4403058.58,92,4.89,10.46,62.47,10.9,1.0341,1.0248,47.57,LOW,32.48,critical,89.37,MED,MED
2024-04-01,SUP_0055,SUP_0055,acero,watch,3029424.84,59,10.73,10.48,50.09,15.54,1.0341,1.0248,54.93,LOW,17.24,critical,102.48,MED,MED
2024-04-01,SUP_0056,SUP_0056,acero,watch,367914.52,113,1.15,10.32,61.37,17.11,1.0341,1.0248,29.43,LOW,49.76,warning,72.68,LOW,LOW
2024-04-01,SUP_0057,SUP_0057,cemento,watch,3612529.56,80,3.01,6.75,53.59,9.31,1.0341,1.0248,33.95,LOW,51.22,warning,59.33,LOW,LOW
2024-04-01,SUP_0058,SUP_0058,acero,watch,3371718.98,66,9.86,17.99,83.8,12.03,1.0341,1.0248,82.24,MED,0.0,critical,141.13,HIGH,HIGH
2024-04-01,SUP_0059,SUP_0059,logistica,stable,5756744.64,118,2.6,9.22,29.69,33.72,1.0341,1.0248,1.25,LOW,66.09,warning,20.91,LOW,LOW
2024-04-01,SUP_0060,SUP_0060,acero,stable,1110064.29,54,4.8,6.72,4.21,15.17,1.0341,1.0248,11.21,LOW,69.14,warning,33.89,LOW,LOW
2024-04-01,SUP_0061,SUP_0061,cemento,watch,2148734.28,184,8.47,15.84,70.32,16.94,1.0341,1.0248,63.87,LOW,3.23,critical,119.23,MED,HIGH
2024-04-01,SUP_0062,SUP_0062,fontaneria,watch,4330872.5,64,0.39,7.49,36.38,9.8,1.0341,1.0248,18.97,LOW,68.61,warning,37.42,LOW,LOW
2024-04-01,SUP_0063,SUP_0063,logistica,watch,3865530.49,132,7.43,10.35,42.71,8.85,1.0341,1.0248,48.2,LOW,29.49,critical,84.7,MED,MED
2024-04-01,SUP_0064,SUP_0064,logistica,watch,3099021.89,94,2.39,30.74,74.64,15.86,1.0341,1.0248,71.0,MED,0.0,critical,132.41,HIGH,HIGH
2024-04-01,SUP_0065,SUP_0065,hormigon,watch,3242585.92,29,9.57,4.38,12.94,19.72,1.0341,1.0248,21.39,LOW,53.15,warning,56.74,LOW,LOW
2024-04-01,SUP_0066,SUP_0066,electricidad,watch,2724828.26,68,6.04,0.0,19.29,14.95,1.0341,1.0248,11.87,LOW,70.32,warning,37.6,LOW,LOW
2024-04-01,SUP_0067,SUP_0067,electricidad,watch,4146641.74,100,2.89,1.8,16.27,8.37,1.0341,1.0248,10.33,LOW,77.43,stable,24.25,LOW,LOW
2024-04-01,SUP_0068,SUP_0068,hormigon,stable,2070445.41,86,4.15,3.43,26.88,14.05,1.0341,1.0248,15.65,LOW,66.78,stable,32.71,LOW,LOW
2024-04-01,SUP_0069,SUP_0069,hormigon,stable,3273945.34,63,6.25,5.34,42.95,11.67,1.0341,1.0248,34.41,LOW,47.19,critical,68.86,LOW,LOW
2024-04-01,SUP_0070,SUP_0070,hormigon,stable,1393299.6,54,6.53,10.97,37.68,23.87,1.0341,1.0248,29.14,LOW,41.72,warning,64.24,LOW,LOW
2024-04-01,SUP_0071,SUP_0071,logistica,stable,1685558.94,120,0.9,19.41,36.8,10.67,1.0341,1.0248,37.71,LOW,41.15,warning,66.52,LOW,MED
2024-04-01,SUP_0072,SUP_0072,acabados,stable,2510403.63,129,9.19,0.0,13.73,30.81,1.0341,1.0248,2.93,LOW,63.98,warning,23.29,LOW,LOW
2024-04-01,SUP_0073,SUP_0073,acabados,fragile,2841251.57,187,3.38,15.59,4.74,5.79,1.0341,1.0248,29.86,LOW,49.6,critical,66.35,LOW,LOW
2024-04-01,SUP_0074,SUP_0074,acabados,stable,2929274.52,143,4.3,18.17,23.34,18.28,1.0341,1.0248,32.4,LOW,38.03,warning,68.72,LOW,LOW
2024-04-01,SUP_0075,SUP_0075,logistica,stable,2094236.32,103,1.61,4.01,20.18,18.27,1.0341,1.0248,1.68,LOW,79.73,stable,23.75,LOW,LOW
2024-04-01,SUP_0076,SUP_0076,cemento,stable,2238893.65,131,6.5,6.65,41.52,45.0,1.0341,1.0248,3.17,LOW,53.82,warning,37.68,LOW,LOW
2024-04-01,SUP_0077,SUP_0077,logistica,stable,3035899.46,57,2.52,4.72,41.86,8.33,1.0341,1.0248,25.15,LOW,62.84,stable,43.53,LOW,LOW
2024-04-01,SUP_0078,SUP_0078,cemento,watch,1090601.26,81,2.11,3.65,46.72,17.17,1.0341,1.0248,15.67,LOW,66.79,stable,38.45,LOW,LOW
2024-04-01,SUP_0079,SUP_0079,electricidad,watch,3992145.28,61,2.48,9.8,39.47,21.07,1.0341,1.0248,18.82,LOW,58.29,warning,47.06,LOW,LOW
2024-04-01,SUP_0080,SUP_0080,fontaneria,watch,1507029.32,207,5.63,32.59,43.77,15.1,1.0341,1.0248,70.37,MED,0.0,critical,138.33,HIGH,HIGH
2024-04-01,SUP_0081,SUP_0081,acero,watch,3770585.35,137,3.43,22.97,52.0,13.38,1.0341,1.0248,54.75,LOW,17.54,critical,95.35,MED,MED
2024-04-01,SUP_0082,SUP_0082,hormigon,stable,1729997.88,96,7.08,6.26,19.31,28.03,1.0341,1.0248,11.27,LOW,57.4,critical,37.28,LOW,LOW
2024-04-01,SUP_0083,SUP_0083,hormigon,fragile,2845951.47,198,2.84,25.45,71.93,7.55,1.0341,1.0248,71.49,MED,2.08,critical,130.06,HIGH,HIGH
2024-04-01,SUP_0084,SUP_0084,acabados,stable,2258141.31,12,6.36,9.48,42.13,30.07,1.0341,1.0248,22.18,LOW,46.82,warning,65.23,LOW,LOW
2024-04-01,SUP_0085,SUP_0085,acero,stable,4988542.3,15,7.08,22.9,37.36,11.38,1.0341,1.0248,61.03,LOW,12.59,critical,126.34,HIGH,HIGH
2024-04-01,SUP_0086,SUP_0086,acero,stable,3291038.89,144,2.74,4.26,21.27,33.76,1.0341,1.0248,-9.57,LOW,78.45,stable,11.61,LOW,LOW
2024-04-01,SUP_0087,SUP_0087,logistica,watch,2765179.81,63,8.05,4.59,52.33,13.58,1.0341,1.0248,41.0,LOW,37.93,critical,85.24,MED,MED
2024-04-01,SUP_0088,SUP_0088,hormigon,watch,2349470.58,121,3.87,10.22,29.16,11.99,1.0341,1.0248,28.06,LOW,51.54,warning,53.53,LOW,LOW
2024-04-01,SUP_0089,SUP_0089,logistica,stable,722317.11,53,3.71,5.54,36.99,9.76,1.0341,1.0248,26.32,LOW,59.26,warning,43.33,LOW,LOW
2024-04-01,SUP_0090,SUP_0090,logistica,watch,2380497.06,87,4.37,9.7,70.58,21.77,1.0341,1.0248,37.65,LOW,36.36,warning,79.63,MED,MED
2024-04-01,SUP_0091,SUP_0091,fontaneria,stable,4927488.76,163,1.99,8.24,5.65,37.38,1.0341,1.0248,-16.52,LOW,81.23,stable,8.91,LOW,LOW
2024-04-01,SUP_0092,SUP_0092,hormigon,watch,2959258.33,93,0.0,8.83,20.34,18.99,1.0341,1.0248,3.4,LOW,77.04,warning,17.2,LOW,LOW
2024-04-01,SUP_0093,SUP_0093,hormigon,stable,4153022.76,92,9.88,11.63,12.71,16.85,1.0341,1.0248,35.95,LOW,34.64,critical,74.38,LOW,LOW
2024-04-01,SUP_0094,SUP_0094,hormigon,stable,3646574.41,101,14.1,10.54,4.65,10.3,1.0341,1.0248,49.9,LOW,21.01,critical,107.51,MED,MED
2024-04-01,SUP_0095,SUP_0095,fontaneria,stable,3758681.5,45,4.77,11.17,20.71,24.46,1.0341,1.0248,15.92,LOW,56.48,warning,50.66,LOW,LOW
2024-04-01,SUP_0096,SUP_0096,hormigon,watch,790106.73,12,0.0,12.9,45.86,5.26,1.0341,1.0248,34.72,LOW,55.07,warning,56.57,LOW,LOW
2024-04-01,SUP_0097,SUP_0097,electricidad,stable,996918.25,108,4.58,6.82,31.7,11.9,1.0341,1.0248,26.32,LOW,54.7,warning,48.6,LOW,LOW
2024-04-01,SUP_0098,SUP_0098,cemento,stable,4130499.37,85,3.77,15.21,25.49,22.25,1.0341,1.0248,23.34,LOW,48.27,warning,50.85,LOW,LOW
2024-04-01,SUP_0099,SUP_0099,electricidad,stable,2084122.18,15,4.96,5.65,50.98,45.0,1.0341,1.0248,1.29,LOW,61.23,warning,38.48,LOW,LOW
2024-04-01,SUP_0100,SUP_0100,cemento,fragile,5484171.85,38,4.7,23.1,77.5,15.98,1.0341,1.0248,67.65,LOW,4.58,critical,119.6,MED,HIGH
2024-04-01,SUP_0101,SUP_0101,fontaneria,fragile,2559485.83,44,3.78,1.74,55.01,10.67,1.0341,1.0248,28.02,LOW,59.08,warning,44.72,LOW,LOW
2024-04-01,SUP_0102,SUP_0102,cemento,watch,803017.79,76,7.61,9.98,54.27,18.21,1.0341,1.0248,44.01,LOW,29.28,critical,74.41,LOW,MED
2024-04-01,SUP_0103,SUP_0103,hormigon,stable,1393723.71,128,0.17,4.74,33.95,23.92,1.0341,1.0248,-1.01,LOW,79.08,warning,7.92,LOW,LOW
2024-04-01,SUP_0104,SUP_0104,hormigon,fragile,180493.77,12,7.13,5.66,24.78,12.76,1.0341,1.0248,28.27,LOW,53.11,critical,65.45,LOW,LOW
2024-04-01,SUP_0105,SUP_0105,acabados,watch,4172718.36,156,7.11,11.83,31.76,13.57,1.0341,1.0248,39.81,LOW,33.66,critical,74.53,LOW,MED
2024-04-01,SUP_0106,SUP_0106,cemento,watch,3613575.64,149,7.69,6.09,12.3,18.59,1.0341,1.0248,19.15,LOW,53.58,warning,44.04,LOW,LOW
2024-04-01,SUP_0107,SUP_0107,electricidad,stable,3107664.07,95,4.4,6.44,16.84,27.07,1.0341,1.0248,3.36,LOW,68.58,warning,28.48,LOW,LOW
2024-04-01,SUP_0108,SUP_0108,fontaneria,stable,4943939.99,13,3.94,20.31,29.34,21.28,1.0341,1.0248,34.21,LOW,37.48,warning,68.32,LOW,LOW
2024-04-01,SUP_0109,SUP_0109,electricidad,stable,4565825.8,48,8.52,5.27,34.88,4.97,1.0341,1.0248,44.19,LOW,39.96,warning,82.7,MED,MED
2024-04-01,SUP_0110,SUP_0110,fontaneria,fragile,3107520.11,166,0.5,13.94,89.77,2.37,1.0341,1.0248,60.45,LOW,25.56,critical,113.78,MED,HIGH
2024-04-01,SUP_0111,SUP_0111,acabados,watch,664317.47,11,7.27,9.85,17.2,25.23,1.0341,1.0248,19.11,LOW,51.95,warning,57.32,LOW,LOW
2024-04-01,SUP_0112,SUP_0112,acero,stable,4527317.38,91,2.65,12.33,31.57,7.8,1.0341,1.0248,32.84,LOW,50.54,warning,60.03,LOW,LOW
2024-04-01,SUP_0113,SUP_0113,acabados,stable,4987017.03,44,5.78,6.79,15.43,15.19,1.0341,1.0248,19.26,LOW,60.39,warning,46.32,LOW,LOW
2024-04-01,SUP_0114,SUP_0114,acero,watch,4105359.7,137,1.76,2.8,46.31,12.28,1.0341,1.0248,18.06,LOW,66.67,warning,33.37,LOW,LOW
2024-04-01,SUP_0115,SUP_0115,logistica,stable,3652350.4,75,5.92,9.97,32.31,38.3,1.0341,1.0248,8.95,LOW,53.0,warning,37.62,LOW,LOW
2024-04-01,SUP_0116,SUP_0116,electricidad,fragile,1847937.23,136,3.47,14.89,10.93,13.37,1.0341,1.0248,24.3,LOW,52.03,warning,59.91,LOW,LOW
2024-04-01,SUP_0117,SUP_0117,acabados,watch,3511043.62,132,0.0,1.01,48.16,9.87,1.0341,1.0248,13.31,LOW,75.79,warning,29.06,LOW,LOW
2024-04-01,SUP_0118,SUP_0118,logistica,watch,1976131.06,213,4.76,0.68,32.81,28.23,1.0341,1.0248,1.85,LOW,68.3,warning,17.89,LOW,LOW
2024-04-01,SUP_0119,SUP_0119,acabados,stable,4328479.85,53,2.3,9.31,21.24,24.2,1.0341,1.0248,6.24,LOW,69.49,stable,18.0,LOW,LOW
2024-04-01,SUP_0120,SUP_0120,acabados,watch,1134299.92,116,8.27,9.43,26.21,14.07,1.0341,1.0248,36.7,LOW,37.7,critical,72.01,LOW,LOW
2024-04-01,SUP_0121,SUP_0121,electricidad,watch,1755820.91,46,9.89,10.26,31.95,24.31,1.0341,1.0248,35.11,LOW,32.7,warning,72.98,LOW,LOW
2024-04-01,SUP_0122,SUP_0122,cemento,watch,4534233.88,120,4.95,19.94,57.24,21.49,1.0341,1.0248,49.05,LOW,18.46,critical,105.66,MED,MED
2024-04-01,SUP_0123,SUP_0123,electricidad,stable,3360152.6,64,0.39,15.27,28.65,33.58,1.0341,1.0248,3.39,LOW,64.85,warning,37.74,LOW,LOW
2024-04-01,SUP_0124,SUP_0124,hormigon,stable,3608612.81,82,5.78,7.86,38.18,25.07,1.0341,1.0248,21.25,LOW,50.26,warning,58.44,LOW,LOW
2024-04-01,SUP_0125,SUP_0125,logistica,stable,4343786.32,67,2.28,1.6,24.52,24.05,1.0341,1.0248,-3.78,LOW,83.06,stable,2.7,LOW,LOW
2024-04-01,SUP_0126,SUP_0126,hormigon,watch,2450196.33,28,4.42,8.37,56.92,15.86,1.0341,1.0248,35.58,LOW,44.66,warning,50.25,LOW,LOW
2024-04-01,SUP_0127,SUP_0127,hormigon,stable,3482463.66,157,5.5,5.66,23.91,7.71,1.0341,1.0248,28.05,LOW,53.91,warning,53.88,LOW,LOW
2024-04-01,SUP_0128,SUP_0128,hormigon,stable,2184177.62,115,0.53,6.79,11.16,25.07,1.0341,1.0248,-8.28,LOW,84.6,stable,0.0,LOW,LOW
2024-04-01,SUP_0129,SUP_0129,fontaneria,stable,1119069.95,110,1.22,3.98,46.82,8.75,1.0341,1.0248,21.97,LOW,65.83,stable,40.16,LOW,LOW
2024-04-01,SUP_0130,SUP_0130,electricidad,watch,1941296.45,29,9.31,3.77,32.49,10.6,1.0341,1.0248,37.6,LOW,43.45,critical,69.08,LOW,MED
2024-04-01,SUP_0131,SUP_0131,logistica,stable,2878964.35,73,3.02,0.0,60.48,28.68,1.0341,1.0248,7.61,LOW,68.53,stable,33.31,LOW,LOW
2024-04-01,SUP_0132,SUP_0132,acero,fragile,2560462.38,196,0.0,3.16,64.52,14.99,1.0341,1.0248,18.78,LOW,64.01,critical,38.18,LOW,LOW
2024-04-01,SUP_0133,SUP_0133,hormigon,watch,1157514.21,18,6.99,5.69,39.29,23.58,1.0341,1.0248,23.61,LOW,50.69,warning,54.32,LOW,LOW
2024-04-01,SUP_0134,SUP_0134,cemento,stable,2785357.53,31,2.39,3.32,29.51,20.54,1.0341,1.0248,4.89,LOW,76.78,stable,21.21,LOW,LOW
2024-04-01,SUP_0135,SUP_0135,cemento,watch,1685721.31,85,3.26,6.41,83.7,8.53,1.0341,1.0248,48.53,LOW,36.91,critical,86.21,MED,MED
2024-04-01,SUP_0136,SUP_0136,acero,stable,2612374.58,118,1.76,8.83,55.11,13.99,1.0341,1.0248,29.34,LOW,51.85,warning,58.43,LOW,LOW
2024-04-01,SUP_0137,SUP_0137,logistica,fragile,1389965.26,89,5.17,12.27,53.2,10.76,1.0341,1.0248,47.08,LOW,31.94,critical,88.38,MED,MED
2024-04-01,SUP_0138,SUP_0138,electricidad,watch,1739315.48,104,8.12,3.81,41.31,18.38,1.0341,1.0248,30.29,LOW,44.6,critical,75.43,MED,LOW
2024-04-01,SUP_0139,SUP_0139,logistica,watch,1890079.04,103,18.05,3.83,66.32,18.62,1.0341,1.0248,71.12,MED,0.0,critical,127.29,HIGH,HIGH
2024-04-01,SUP_0140,SUP_0140,cemento,stable,4101589.41,95,4.09,5.09,16.7,15.14,1.0341,1.0248,12.3,LOW,68.38,warning,27.81,LOW,LOW
2024-04-01,SUP_0141,SUP_0141,cemento,watch,5180854.24,185,4.75,13.53,46.7,16.9,1.0341,1.0248,38.65,LOW,33.29,critical,75.8,MED,MED
2024-04-01,SUP_0142,SUP_0142,acabados,watch,2638498.15,96,4.58,2.86,35.83,6.29,1.0341,1.0248,27.87,LOW,59.15,warning,46.54,LOW,LOW
2024-04-01,SUP_0143,SUP_0143,cemento,fragile,3213893.74,54,5.47,28.44,43.04,13.04,1.0341,1.0248,65.41,LOW,4.82,critical,124.48,HIGH,HIGH
2024-04-01,SUP_0144,SUP_0144,cemento,watch,4394697.07,111,10.12,13.34,27.77,13.2,1.0341,1.0248,49.66,LOW,21.62,critical,100.81,MED,MED
2024-04-01,SUP_0145,SUP_0145,acero,watch,1848373.98,123,10.82,14.84,14.31,10.37,1.0341,1.0248,50.8,LOW,20.53,critical,96.6,MED,MED
2024-04-01,SUP_0146,SUP_0146,logistica,stable,1424449.61,117,4.38,11.02,4.4,17.94,1.0341,1.0248,13.71,LOW,61.23,warning,38.73,LOW,LOW
2024-04-01,SUP_0147,SUP_0147,fontaneria,stable,1411227.9,50,3.97,3.27,16.24,13.0,1.0341,1.0248,11.12,LOW,73.32,stable,18.58,LOW,LOW
2024-04-01,SUP_0148,SUP_0148,cemento,watch,2244167.88,153,3.02,10.39,35.54,20.03,1.0341,1.0248,20.61,LOW,53.55,warning,53.78,LOW,LOW
2024-04-01,SUP_0149,SUP_0149,acabados,stable,1470528.87,161,6.22,10.51,23.96,25.0,1.0341,1.0248,20.21,LOW,47.24,warning,46.25,LOW,LOW
2024-04-01,SUP_0150,SUP_0150,acabados,stable,2740137.61,54,5.78,2.05,45.1,24.01,1.0341,1.0248,16.7,LOW,59.26,warning,48.38,LOW,LOW
2024-04-01,SUP_0151,SUP_0151,acabados,fragile,3324321.99,153,3.21,8.95,65.47,12.75,1.0341,1.0248,39.77,LOW,39.68,critical,69.36,LOW,MED
2024-04-01,SUP_0152,SUP_0152,logistica,fragile,1112419.07,106,9.06,8.72,33.08,1.38,1.0341,1.0248,53.75,LOW,28.74,critical,90.39,MED,MED
2024-04-01,SUP_0153,SUP_0153,hormigon,stable,3000121.7,121,6.66,10.76,37.62,7.11,1.0341,1.0248,45.94,LOW,33.75,critical,78.97,MED,MED
2024-04-01,SUP_0154,SUP_0154,logistica,watch,2679446.44,104,2.51,11.71,37.58,19.33,1.0341,1.0248,22.66,LOW,53.31,warning,50.41,LOW,LOW
2024-04-01,SUP_0155,SUP_0155,acero,stable,3808752.17,38,6.86,14.69,27.79,10.3,1.0341,1.0248,44.83,LOW,33.13,critical,80.0,MED,MED
2024-04-01,SUP_0156,SUP_0156,acabados,watch,2131312.0,115,0.0,8.52,38.22,14.99,1.0341,1.0248,14.99,LOW,67.55,stable,34.17,LOW,LOW
2024-04-01,SUP_0157,SUP_0157,fontaneria,stable,1358828.98,252,0.74,12.26,36.36,11.15,1.0341,1.0248,25.83,LOW,52.49,warning,50.96,LOW,LOW
2024-04-01,SUP_0158,SUP_0158,acabados,watch,1503079.59,159,4.88,19.44,35.68,18.82,1.0341,1.0248,41.04,LOW,27.34,critical,69.12,LOW,MED
2024-04-01,SUP_0159,SUP_0159,fontaneria,watch,3368406.24,75,0.0,18.39,61.32,12.44,1.0341,1.0248,42.73,LOW,37.75,warning,80.88,MED,MED
2024-04-01,SUP_0160,SUP_0160,fontaneria,watch,3096962.45,79,2.66,17.28,21.48,10.02,1.0341,1.0248,33.54,LOW,46.26,critical,55.5,LOW,LOW
2024-04-01,SUP_0161,SUP_0161,fontaneria,stable,412431.51,66,2.92,25.47,34.41,19.82,1.0341,1.0248,42.63,LOW,26.83,critical,87.62,MED,MED
2024-04-01,SUP_0162,SUP_0162,acabados,fragile,4198409.43,98,2.27,1.03,95.0,11.66,1.0341,1.0248,39.44,LOW,47.26,warning,65.6,LOW,MED
2024-04-01,SUP_0163,SUP_0163,acabados,stable,4329622.32,83,6.49,6.29,32.11,18.33,1.0341,1.0248,25.01,LOW,50.94,warning,54.87,LOW,LOW
2024-04-01,SUP_0164,SUP_0164,cemento,stable,1869514.51,165,1.83,5.4,35.05,1.12,1.0341,1.0248,28.24,LOW,61.56,warning,44.93,LOW,LOW
2024-04-01,SUP_0165,SUP_0165,acabados,watch,3023209.54,29,3.81,20.49,47.21,1.51,1.0341,1.0248,61.9,LOW,22.17,critical,113.41,MED,HIGH
2024-04-01,SUP_0166,SUP_0166,electricidad,stable,1978020.71,150,5.11,5.27,40.56,17.69,1.0341,1.0248,23.81,LOW,52.46,warning,54.24,LOW,LOW
2024-04-01,SUP_0167,SUP_0167,acero,fragile,2911471.16,51,17.95,11.26,51.48,10.95,1.0341,1.0248,82.94,MED,0.0,critical,153.19,HIGH,HIGH
2024-04-01,SUP_0168,SUP_0168,electricidad,fragile,886080.97,109,5.16,36.11,61.3,19.54,1.0341,1.0248,77.7,MED,0.0,critical,156.68,HIGH,HIGH
2024-04-01,SUP_0169,SUP_0169,logistica,stable,280572.02,52,3.54,10.55,28.61,14.35,1.0341,1.0248,24.97,LOW,55.32,warning,53.84,LOW,LOW
2024-04-01,SUP_0170,SUP_0170,logistica,fragile,4737098.68,218,0.0,19.18,72.74,11.35,1.0341,1.0248,50.15,LOW,26.34,critical,94.51,MED,MED
2024-04-01,SUP_0171,SUP_0171,acabados,stable,1917561.32,169,2.84,6.69,20.55,21.76,1.0341,1.0248,6.05,LOW,68.56,warning,22.58,LOW,LOW
2024-04-01,SUP_0172,SUP_0172,electricidad,watch,2787728.19,97,4.78,7.53,58.94,23.31,1.0341,1.0248,28.84,LOW,44.56,warning,72.91,LOW,LOW
2024-04-01,SUP_0173,SUP_0173,acabados,stable,1761968.8,30,0.56,8.37,61.24,21.54,1.0341,1.0248,20.24,LOW,60.12,warning,48.2,LOW,LOW
2024-04-01,SUP_0174,SUP_0174,acero,fragile,1692358.24,152,10.56,12.62,56.53,20.41,1.0341,1.0248,55.65,LOW,9.64,critical,98.24,MED,MED
2024-04-01,SUP_0175,SUP_0175,fontaneria,stable,3577098.89,80,1.67,15.89,36.39,23.84,1.0341,1.0248,21.37,LOW,51.11,warning,54.52,LOW,LOW
2024-04-01,SUP_0176,SUP_0176,fontaneria,stable,2687798.81,26,1.6,17.77,36.14,8.95,1.0341,1.0248,38.77,LOW,44.13,warning,81.05,MED,MED
2024-04-01,SUP_0177,SUP_0177,hormigon,stable,4609036.19,95,5.04,9.54,28.55,26.81,1.0341,1.0248,15.46,LOW,54.46,warning,54.21,LOW,LOW
2024-04-01,SUP_0178,SUP_0178,hormigon,fragile,3390263.9,96,3.15,21.85,82.43,11.17,1.0341,1.0248,68.15,LOW,7.65,critical,129.09,HIGH,HIGH
2024-04-01,SUP_0179,SUP_0179,cemento,fragile,3484987.4,134,1.53,2.38,13.47,13.69,1.0341,1.0248,0.54,LOW,83.83,stable,5.28,LOW,LOW
2024-04-01,SUP_0180,SUP_0180,cemento,watch,2592681.76,133,4.81,3.68,39.67,30.81,1.0341,1.0248,7.0,LOW,62.31,stable,26.58,LOW,LOW
2024-04-01,SUP_0181,SUP_0181,electricidad,fragile,4494877.14,98,5.69,10.95,7.99,1.49,1.0341,1.0248,35.6,LOW,49.32,warning,75.14,MED,LOW
2024-04-01,SUP_0182,SUP_0182,electricidad,fragile,1815242.56,132,1.1,29.53,18.75,2.8,1.0341,1.0248,53.25,LOW,25.09,critical,98.37,MED,MED
2024-04-01,SUP_0183,SUP_0183,hormigon,watch,3951103.66,124,8.27,9.2,71.99,7.72,1.0341,1.0248,63.28,LOW,15.12,critical,113.42,MED,HIGH
2024-04-01,SUP_0184,SUP_0184,acero,stable,2396343.49,10,11.56,18.64,32.51,10.99,1.0341,1.0248,66.27,LOW,5.42,critical,112.2,MED,HIGH
2024-04-01,SUP_0185,SUP_0185,fontaneria,watch,3622186.62,88,0.0,19.04,33.62,10.94,1.0341,1.0248,32.75,LOW,47.97,warning,56.68,LOW,LOW
2024-04-01,SUP_0186,SUP_0186,hormigon,watch,1439316.88,128,0.95,15.53,15.11,5.61,1.0341,1.0248,27.33,LOW,56.48,warning,55.1,LOW,LOW
2024-04-01,SUP_0187,SUP_0187,acero,stable,2610090.17,22,3.41,4.77,5.27,6.49,1.0341,1.0248,13.28,LOW,76.05,stable,28.28,LOW,LOW
2024-04-01,SUP_0188,SUP_0188,acero,stable,3438949.3,109,4.22,8.99,21.15,7.26,1.0341,1.0248,28.39,LOW,54.9,warning,59.83,LOW,LOW
2024-04-01,SUP_0189,SUP_0189,electricidad,watch,4043790.82,155,5.19,7.21,66.34,20.42,1.0341,1.0248,35.82,LOW,37.47,critical,75.98,MED,LOW
2024-04-01,SUP_0190,SUP_0190,acero,stable,3234573.07,52,5.32,0.0,30.52,28.58,1.0341,1.0248,1.1,LOW,73.46,stable,11.51,LOW,LOW
2024-04-01,SUP_0191,SUP_0191,acabados,fragile,2599691.0,107,2.53,21.15,34.91,9.07,1.0341,1.0248,45.97,LOW,31.82,critical,84.3,MED,MED
2024-04-01,SUP_0192,SUP_0192,acero,stable,2293724.77,65,1.66,0.0,39.6,11.45,1.0341,1.0248,11.36,LOW,77.59,stable,32.26,LOW,LOW
2024-04-01,SUP_0193,SUP_0193,electricidad,stable,3719993.21,77,6.24,1.42,9.59,8.6,1.0341,1.0248,16.55,LOW,68.61,warning,23.93,LOW,LOW
2024-04-01,SUP_0194,SUP_0194,acero,fragile,3095574.88,179,8.34,7.25,46.28,1.88,1.0341,1.0248,54.84,LOW,26.6,critical,81.38,MED,MED
2024-04-01,SUP_0195,SUP_0195,hormigon,stable,3473736.53,66,4.75,13.68,27.9,17.38,1.0341,1.0248,29.94,LOW,45.2,critical,58.82,LOW,LOW
2024-04-01,SUP_0196,SUP_0196,fontaneria,stable,3436997.01,112,5.53,3.25,32.7,12.48,1.0341,1.0248,23.7,LOW,57.69,warning,44.11,LOW,LOW
2024-04-01,SUP_0197,SUP_0197,hormigon,watch,2306888.63,15,5.68,9.06,48.14,12.56,1.0341,1.0248,39.73,LOW,41.47,warning,87.21,MED,MED
2024-04-01,SUP_0198,SUP_0198,acero,fragile,3942233.2,220,6.12,13.41,75.75,3.77,1.0341,1.0248,68.79,LOW,9.34,critical,109.24,MED,HIGH
2024-04-01,SUP_0199,SUP_0199,acabados,stable,7028542.82,130,5.78,6.03,36.44,11.05,1.0341,1.0248,31.72,LOW,48.4,warning,54.88,LOW,LOW
2024-04-01,SUP_0200,SUP_0200,logistica,stable,1080683.0,71,8.84,23.95,20.81,33.93,1.0341,1.0248,37.87,LOW,17.13,critical,98.31,MED,MED
2024-04-01,SUP_0201,SUP_0201,fontaneria,watch,3294373.03,139,0.9,11.6,67.18,12.75,1.0341,1.0248,37.58,LOW,43.25,warning,72.67,LOW,MED
2024-04-01,SUP_0202,SUP_0202,logistica,fragile,1659281.6,30,0.0,9.32,95.0,15.12,1.0341,1.0248,41.61,LOW,43.0,critical,78.69,MED,MED
2024-04-01,SUP_0203,SUP_0203,acabados,watch,4459987.45,143,7.59,28.0,17.87,5.71,1.0341,1.0248,67.11,LOW,3.3,critical,131.28,HIGH,HIGH
2024-04-01,SUP_0204,SUP_0204,electricidad,stable,2974274.75,84,10.73,5.38,23.84,23.54,1.0341,1.0248,27.43,LOW,41.35,warning,69.39,LOW,LOW
2024-04-01,SUP_0205,SUP_0205,acabados,stable,4747487.08,113,1.92,4.15,50.16,14.67,1.0341,1.0248,19.88,LOW,63.19,warning,28.71,LOW,LOW
2024-04-01,SUP_0206,SUP_0206,acero,stable,5441490.71,55,0.11,8.32,25.97,19.89,1.0341,1.0248,4.62,LOW,76.53,stable,22.33,LOW,LOW
2024-04-01,SUP_0207,SUP_0207,electricidad,stable,2209571.28,79,5.97,12.15,58.01,20.97,1.0341,1.0248,41.28,LOW,30.67,critical,88.32,MED,MED
2024-04-01,SUP_0208,SUP_0208,electricidad,watch,4548603.75,122,7.92,3.87,41.17,7.52,1.0341,1.0248,40.57,LOW,41.02,warning,63.48,LOW,MED
2024-04-01,SUP_0209,SUP_0209,logistica,stable,360172.99,127,13.29,3.78,53.39,11.69,1.0341,1.0248,57.89,LOW,15.52,critical,106.13,MED,HIGH
2024-04-01,SUP_0210,SUP_0210,acabados,watch,4772635.49,93,5.98,8.7,39.45,18.01,1.0341,1.0248,30.73,LOW,44.44,warning,67.0,LOW,LOW
2024-04-01,SUP_0211,SUP_0211,electricidad,watch,3064842.82,63,7.03,13.87,43.06,17.49,1.0341,1.0248,43.77,LOW,29.0,critical,89.51,MED,MED
2024-04-01,SUP_0212,SUP_0212,fontaneria,watch,3794522.83,92,6.1,9.65,74.31,9.02,1.0341,1.0248,57.19,LOW,23.26,critical,101.43,MED,HIGH
2024-04-01,SUP_0213,SUP_0213,hormigon,stable,1095115.98,98,9.59,7.94,31.31,19.3,1.0341,1.0248,35.47,LOW,35.49,critical,76.97,MED,LOW
2024-04-01,SUP_0214,SUP_0214,acabados,fragile,1624864.7,158,6.03,17.71,27.81,17.35,1.0341,1.0248,39.83,LOW,29.27,critical,85.43,MED,MED
2024-04-01,SUP_0215,SUP_0215,electricidad,watch,2804666.06,34,0.47,15.22,30.38,10.4,1.0341,1.0248,27.5,LOW,56.63,warning,57.24,LOW,LOW
2024-04-01,SUP_0216,SUP_0216,electricidad,watch,1673932.2,114,16.47,21.55,54.61,10.31,1.0341,1.0248,96.01,MED,0.0,critical,180.0,HIGH,HIGH
2024-04-01,SUP_0217,SUP_0217,acabados,stable,2329620.07,137,8.45,7.77,8.44,33.97,1.0341,1.0248,6.85,LOW,54.63,warning,36.7,LOW,LOW
2024-04-01,SUP_0218,SUP_0218,fontaneria,stable,4414430.49,71,5.45,3.82,29.93,40.3,1.0341,1.0248,-4.76,LOW,69.08,stable,16.88,LOW,LOW
2024-04-01,SUP_0219,SUP_0219,cemento,fragile,653162.69,206,3.12,27.46,35.83,2.81,1.0341,1.0248,63.87,LOW,11.28,critical,107.99,MED,HIGH
2024-04-01,SUP_0220,SUP_0220,acero,stable,3678847.18,113,3.72,6.57,62.16,10.2,1.0341,1.0248,38.78,LOW,44.18,warning,67.45,LOW,MED
2024-05-01,SUP_0001,SUP_0001,logistica,watch,3831475.2,116,0.0,17.38,56.39,4.44,1.1799,1.0416,47.01,LOW,37.95,warning,91.41,MED,MED
2024-05-01,SUP_0002,SUP_0002,acero,stable,2586626.83,58,4.68,8.34,15.98,12.88,1.1799,1.0416,20.87,LOW,60.17,warning,46.52,LOW,LOW
2024-05-01,SUP_0003,SUP_0003,cemento,fragile,2763308.14,36,1.14,20.89,88.71,14.11,1.1799,1.0416,60.56,LOW,17.61,critical,113.54,MED,HIGH
2024-05-01,SUP_0004,SUP_0004,electricidad,watch,3408955.04,81,5.64,20.6,34.92,5.19,1.1799,1.0416,58.34,LOW,19.91,critical,108.07,MED,HIGH
2024-05-01,SUP_0005,SUP_0005,electricidad,stable,2969902.84,139,4.22,12.23,43.48,14.42,1.1799,1.0416,36.15,LOW,39.98,critical,70.68,LOW,LOW
2024-05-01,SUP_0006,SUP_0006,fontaneria,fragile,2983773.51,117,7.38,16.62,69.98,13.42,1.1799,1.0416,65.13,LOW,6.95,critical,117.04,MED,HIGH
2024-05-01,SUP_0007,SUP_0007,acero,watch,2630044.12,76,4.99,14.25,59.88,19.22,1.1799,1.0416,44.06,LOW,29.06,critical,93.46,MED,MED
2024-05-01,SUP_0008,SUP_0008,logistica,watch,2197622.0,63,5.28,1.36,54.1,32.22,1.1799,1.0416,10.02,LOW,61.18,warning,39.1,LOW,LOW
2024-05-01,SUP_0009,SUP_0009,electricidad,stable,2325723.67,60,4.2,6.79,9.79,7.8,1.1799,1.0416,19.4,LOW,66.15,stable,34.92,LOW,LOW
2024-05-01,SUP_0010,SUP_0010,acero,watch,4101550.71,39,2.95,8.16,49.29,13.37,1.1799,1.0416,29.91,LOW,53.21,warning,60.79,LOW,LOW
2024-05-01,SUP_0011,SUP_0011,logistica,stable,3245693.74,199,7.89,3.61,11.85,23.49,1.1799,1.0416,10.93,LOW,58.13,warning,33.26,LOW,LOW
2024-05-01,SUP_0012,SUP_0012,logistica,fragile,4605957.44,114,4.43,30.43,36.31,11.1,1.1799,1.0416,64.18,LOW,5.54,critical,124.89,HIGH,HIGH
2024-05-01,SUP_0013,SUP_0013,electricidad,watch,2698269.89,124,10.66,23.22,70.13,25.26,1.1799,1.0416,73.11,MED,0.0,critical,143.37,HIGH,HIGH
2024-05-01,SUP_0014,SUP_0014,cemento,fragile,1882711.66,65,11.81,15.61,58.8,19.19,1.1799,1.0416,66.1,LOW,0.0,critical,132.13,HIGH,HIGH
2024-05-01,SUP_0015,SUP_0015,fontaneria,stable,2297556.91,63,11.32,14.05,21.87,27.19,1.1799,1.0416,37.69,LOW,24.41,critical,77.1,MED,MED
2024-05-01,SUP_0016,SUP_0016,electricidad,stable,1074938.71,60,13.17,12.98,18.38,31.41,1.1799,1.0416,35.83,LOW,22.28,critical,92.21,MED,LOW
2024-05-01,SUP_0017,SUP_0017,hormigon,watch,3198802.35,13,10.45,8.96,49.94,6.8,1.1799,1.0416,60.45,LOW,19.82,critical,102.94,MED,HIGH
2024-05-01,SUP_0018,SUP_0018,fontaneria,stable,3330615.04,35,6.2,11.25,16.95,21.59,1.1799,1.0416,21.51,LOW,51.57,warning,59.76,LOW,LOW
2024-05-01,SUP_0019,SUP_0019,acabados,fragile,2907405.89,19,4.17,4.38,43.46,13.97,1.1799,1.0416,24.67,LOW,59.33,warning,41.64,LOW,LOW
2024-05-01,SUP_0020,SUP_0020,cemento,watch,283057.7,7,3.79,11.07,45.09,15.22,1.1799,1.0416,33.03,LOW,47.54,warning,62.82,LOW,LOW
2024-05-01,SUP_0021,SUP_0021,acabados,watch,1827301.44,47,1.43,8.79,71.24,19.45,1.1799,1.0416,30.08,LOW,50.03,warning,61.84,LOW,LOW
2024-05-01,SUP_0022,SUP_0022,cemento,stable,3860238.33,145,3.8,2.11,47.48,33.0,1.1799,1.0416,2.92,LOW,66.44,warning,30.13,LOW,LOW
2024-05-01,SUP_0023,SUP_0023,acabados,fragile,2294091.43,106,8.95,12.57,5.85,9.46,1.1799,1.0416,38.87,LOW,36.58,critical,81.11,MED,MED
2024-05-01,SUP_0024,SUP_0024,acero,fragile,4690259.72,139,8.53,10.42,58.64,7.06,1.1799,1.0416,60.55,LOW,16.95,critical,101.86,MED,HIGH
2024-05-01,SUP_0025,SUP_0025,cemento,watch,1434901.39,58,4.31,13.94,33.43,14.64,1.1799,1.0416,34.23,LOW,43.22,warning,79.85,MED,LOW
2024-05-01,SUP_0026,SUP_0026,logistica,stable,4740664.08,134,2.56,6.26,29.87,40.54,1.1799,1.0416,-10.02,LOW,73.94,stable,10.89,LOW,LOW
2024-05-01,SUP_0027,SUP_0027,hormigon,watch,3098162.3,68,4.97,10.23,63.39,19.37,1.1799,1.0416,39.43,LOW,35.85,critical,84.37,MED,MED
2024-05-01,SUP_0028,SUP_0028,fontaneria,stable,2446990.91,104,10.53,14.04,3.82,23.74,1.1799,1.0416,30.62,LOW,33.29,critical,73.57,LOW,LOW
2024-05-01,SUP_0029,SUP_0029,hormigon,stable,6399530.18,116,6.34,8.09,24.18,24.38,1.1799,1.0416,17.66,LOW,52.62,warning,48.11,LOW,LOW
2024-05-01,SUP_0030,SUP_0030,logistica,watch,4608037.71,67,2.91,10.91,41.54,8.22,1.1799,1.0416,35.57,LOW,48.71,warning,67.23,LOW,LOW
2024-05-01,SUP_0031,SUP_0031,acabados,watch,2691903.99,156,7.76,6.85,14.51,19.49,1.1799,1.0416,20.59,LOW,50.88,critical,39.32,LOW,LOW
2024-05-01,SUP_0032,SUP_0032,acabados,fragile,1930272.15,152,10.72,10.52,92.33,11.51,1.1799,1.0416,77.98,MED,0.0,critical,132.25,HIGH,HIGH
2024-05-01,SUP_0033,SUP_0033,electricidad,stable,1838482.6,64,1.83,6.1,43.08,10.11,1.1799,1.0416,23.92,LOW,62.71,warning,41.5,LOW,LOW
2024-05-01,SUP_0034,SUP_0034,electricidad,stable,3203398.69,36,5.75,5.4,35.97,22.9,1.1799,1.0416,18.62,LOW,56.98,warning,45.38,LOW,LOW
2024-05-01,SUP_0035,SUP_0035,fontaneria,watch,2872839.9,50,9.55,13.62,34.71,10.61,1.1799,1.0416,54.08,LOW,21.17,critical,97.77,MED,MED
2024-05-01,SUP_0036,SUP_0036,acabados,stable,2873591.15,126,4.66,14.1,47.73,4.25,1.1799,1.0416,52.34,LOW,29.4,warning,94.47,MED,MED
2024-05-01,SUP_0037,SUP_0037,acabados,stable,5153657.45,142,5.6,1.65,44.99,10.31,1.1799,1.0416,29.2,LOW,53.41,warning,52.02,LOW,LOW
2024-05-01,SUP_0038,SUP_0038,cemento,watch,2924820.94,69,1.1,12.52,55.81,10.04,1.1799,1.0416,37.16,LOW,46.89,critical,63.96,LOW,LOW
2024-05-01,SUP_0039,SUP_0039,fontaneria,stable,4654672.96,101,16.28,14.42,39.02,17.16,1.1799,1.0416,70.86,MED,0.0,critical,137.4,HIGH,HIGH
2024-05-01,SUP_0040,SUP_0040,cemento,watch,3086038.21,138,9.77,28.6,44.59,9.12,1.1799,1.0416,83.15,MED,0.0,critical,151.32,HIGH,HIGH
2024-05-01,SUP_0041,SUP_0041,acero,stable,5731747.62,111,6.93,21.08,21.22,17.04,1.1799,1.0416,44.91,LOW,23.22,critical,88.12,MED,MED
2024-05-01,SUP_0042,SUP_0042,acabados,fragile,4415785.84,172,8.9,7.61,43.7,22.06,1.1799,1.0416,35.72,LOW,32.07,critical,68.77,LOW,LOW
2024-05-01,SUP_0043,SUP_0043,hormigon,watch,5141445.81,121,0.0,4.1,42.52,16.12,1.1799,1.0416,9.16,LOW,74.69,warning,35.24,LOW,LOW
2024-05-01,SUP_0044,SUP_0044,acabados,stable,2356200.2,47,1.03,3.21,42.74,26.5,1.1799,1.0416,0.66,LOW,78.07,stable,16.76,LOW,LOW
2024-05-01,SUP_0045,SUP_0045,electricidad,fragile,1741936.66,123,10.37,22.59,67.13,10.7,1.1799,1.0416,84.51,MED,0.0,critical,154.56,HIGH,HIGH
2024-05-01,SUP_0046,SUP_0046,hormigon,fragile,3298471.43,50,5.42,15.76,26.2,14.21,1.1799,1.0416,37.49,LOW,38.48,critical,72.14,LOW,MED
2024-05-01,SUP_0047,SUP_0047,acero,stable,5128682.25,166,7.34,25.72,21.66,1.05,1.1799,1.0416,69.29,LOW,4.84,critical,122.39,HIGH,HIGH
2024-05-01,SUP_0048,SUP_0048,electricidad,stable,3504794.34,104,16.04,16.87,41.03,15.12,1.1799,1.0416,76.78,MED,0.0,critical,139.76,HIGH,HIGH
2024-05-01,SUP_0049,SUP_0049,acabados,watch,1601227.74,75,3.91,9.78,33.63,1.0,1.1799,1.0416,40.53,LOW,47.77,critical,72.98,LOW,MED
2024-05-01,SUP_0050,SUP_0050,fontaneria,stable,1657394.41,22,2.38,4.81,19.19,16.1,1.1799,1.0416,6.87,LOW,77.23,stable,16.16,LOW,LOW
2024-05-01,SUP_0051,SUP_0051,logistica,stable,1387288.58,100,7.98,10.65,31.87,22.9,1.1799,1.0416,31.35,LOW,37.45,critical,59.73,LOW,LOW
2024-05-01,SUP_0052,SUP_0052,logistica,stable,1060138.41,41,13.99,7.19,43.13,19.71,1.1799,1.0416,52.44,LOW,15.94,critical,101.11,MED,MED
2024-05-01,SUP_0053,SUP_0053,acabados,watch,2557507.76,137,1.23,18.78,47.1,22.95,1.1799,1.0416,30.11,LOW,40.25,warning,72.22,LOW,LOW
2024-05-01,SUP_0054,SUP_0054,fontaneria,watch,5899014.46,129,13.76,7.26,63.22,16.63,1.1799,1.0416,63.98,LOW,3.96,critical,126.29,HIGH,HIGH
2024-05-01,SUP_0055,SUP_0055,acero,watch,3287138.94,84,9.16,14.65,66.15,11.6,1.1799,1.0416,67.63,LOW,5.83,critical,122.91,HIGH,HIGH
2024-05-01,SUP_0056,SUP_0056,acero,watch,522089.81,133,1.01,6.45,39.53,21.03,1.1799,1.0416,9.46,LOW,68.65,stable,41.34,LOW,LOW
2024-05-01,SUP_0057,SUP_0057,cemento,watch,2590660.84,31,2.62,5.28,53.58,12.36,1.1799,1.0416,27.51,LOW,58.27,warning,48.25,LOW,LOW
2024-05-01,SUP_0058,SUP_0058,acero,watch,3301573.71,51,7.07,10.23,95.0,14.07,1.1799,1.0416,65.23,LOW,11.9,critical,104.89,MED,HIGH
2024-05-01,SUP_0059,SUP_0059,logistica,stable,6365371.05,133,3.74,6.72,32.71,36.14,1.1799,1.0416,-0.11,LOW,65.52,warning,28.82,LOW,LOW
2024-05-01,SUP_0060,SUP_0060,acero,stable,1756098.29,113,4.71,12.03,3.89,15.34,1.1799,1.0416,18.59,LOW,57.33,warning,51.63,LOW,LOW
2024-05-01,SUP_0061,SUP_0061,cemento,watch,2170029.62,138,10.38,23.05,71.09,16.37,1.1799,1.0416,81.35,MED,0.0,critical,158.12,HIGH,HIGH
2024-05-01,SUP_0062,SUP_0062,fontaneria,watch,4681280.29,81,0.37,6.07,24.37,19.91,1.1799,1.0416,1.27,LOW,79.96,stable,18.14,LOW,LOW
2024-05-01,SUP_0063,SUP_0063,logistica,watch,4185780.99,154,10.98,11.42,44.6,6.59,1.1799,1.0416,63.56,LOW,10.84,critical,115.24,MED,HIGH
2024-05-01,SUP_0064,SUP_0064,logistica,watch,3026914.09,78,3.49,19.07,58.01,22.94,1.1799,1.0416,42.22,LOW,27.51,critical,70.49,LOW,MED
2024-05-01,SUP_0065,SUP_0065,hormigon,watch,2491617.92,91,18.57,3.64,17.7,19.82,1.1799,1.0416,49.34,LOW,14.66,critical,96.16,MED,MED
2024-05-01,SUP_0066,SUP_0066,electricidad,watch,2668136.2,60,5.57,0.0,20.42,15.64,1.1799,1.0416,10.27,LOW,72.19,warning,30.77,LOW,LOW
2024-05-01,SUP_0067,SUP_0067,electricidad,watch,4553827.51,84,4.23,0.79,10.31,13.12,1.1799,1.0416,5.39,LOW,78.92,stable,12.08,LOW,LOW
2024-05-01,SUP_0068,SUP_0068,hormigon,stable,2290722.85,84,7.67,5.48,21.7,12.8,1.1799,1.0416,28.19,LOW,50.57,warning,60.91,LOW,LOW
2024-05-01,SUP_0069,SUP_0069,hormigon,stable,3807900.91,75,11.9,9.75,41.76,14.23,1.1799,1.0416,54.89,LOW,16.84,critical,106.02,MED,MED
2024-05-01,SUP_0070,SUP_0070,hormigon,stable,1373511.3,57,9.68,4.11,35.84,28.28,1.1799,1.0416,23.05,LOW,45.14,warning,55.56,LOW,LOW
2024-05-01,SUP_0071,SUP_0071,logistica,stable,3276510.72,93,0.68,15.18,28.32,14.47,1.1799,1.0416,23.08,LOW,56.47,warning,45.59,LOW,LOW
2024-05-01,SUP_0072,SUP_0072,acabados,stable,3183399.62,90,6.08,0.0,11.56,18.07,1.1799,1.0416,5.39,LOW,74.08,stable,16.39,LOW,LOW
2024-05-01,SUP_0073,SUP_0073,acabados,fragile,1993743.19,128,3.69,30.32,5.12,7.34,1.1799,1.0416,51.52,LOW,21.03,critical,107.78,MED,MED
2024-05-01,SUP_0074,SUP_0074,acabados,stable,3688179.1,141,5.55,18.98,40.33,19.69,1.1799,1.0416,43.58,LOW,24.33,critical,98.59,MED,MED
2024-05-01,SUP_0075,SUP_0075,logistica,stable,2161558.65,78,0.82,3.47,20.26,11.93,1.1799,1.0416,4.84,LOW,82.5,stable,18.64,LOW,LOW
2024-05-01,SUP_0076,SUP_0076,cemento,stable,1349932.8,87,9.2,5.15,34.13,37.06,1.1799,1.0416,13.62,LOW,47.92,warning,49.3,LOW,LOW
2024-05-01,SUP_0077,SUP_0077,logistica,stable,2758854.43,83,3.4,6.33,56.72,4.97,1.1799,1.0416,40.25,LOW,47.48,warning,62.71,LOW,MED
2024-05-01,SUP_0078,SUP_0078,cemento,watch,1442164.6,145,2.47,5.64,45.41,27.86,1.1799,1.0416,8.46,LOW,63.78,warning,14.91,LOW,LOW
2024-05-01,SUP_0079,SUP_0079,electricidad,watch,2337516.53,86,8.0,6.39,41.76,13.79,1.1799,1.0416,38.58,LOW,38.68,critical,70.94,LOW,MED
2024-05-01,SUP_0080,SUP_0080,fontaneria,watch,1458400.98,197,4.99,20.48,48.41,18.47,1.1799,1.0416,49.03,LOW,17.84,critical,97.37,MED,MED
2024-05-01,SUP_0081,SUP_0081,acero,watch,4078239.18,112,3.19,30.58,39.76,15.23,1.1799,1.0416,58.11,LOW,10.14,critical,115.69,MED,HIGH
2024-05-01,SUP_0082,SUP_0082,hormigon,stable,1463282.91,107,10.39,6.67,19.8,19.15,1.1799,1.0416,30.95,LOW,39.67,warning,70.78,LOW,LOW
2024-05-01,SUP_0083,SUP_0083,hormigon,fragile,3215050.84,164,5.39,9.1,56.94,11.44,1.1799,1.0416,44.01,LOW,33.7,critical,88.05,MED,MED
2024-05-01,SUP_0084,SUP_0084,acabados,stable,2236004.08,11,3.0,10.61,38.09,40.78,1.1799,1.0416,1.29,LOW,63.56,warning,41.72,LOW,LOW
2024-05-01,SUP_0085,SUP_0085,acero,stable,4048428.62,13,6.49,19.38,40.19,15.01,1.1799,1.0416,51.61,LOW,22.08,critical,101.55,MED,MED
2024-05-01,SUP_0086,SUP_0086,acero,stable,3372733.14,201,3.32,11.51,23.25,23.15,1.1799,1.0416,14.54,LOW,55.32,warning,34.14,LOW,LOW
2024-05-01,SUP_0087,SUP_0087,logistica,watch,2749059.72,121,9.19,5.46,51.25,9.45,1.1799,1.0416,49.35,LOW,28.98,critical,95.1,MED,MED
2024-05-01,SUP_0088,SUP_0088,hormigon,watch,1960009.95,112,4.58,13.29,44.82,15.62,1.1799,1.0416,38.23,LOW,37.05,critical,68.37,LOW,MED
2024-05-01,SUP_0089,SUP_0089,logistica,stable,525872.56,58,4.46,18.98,36.72,7.37,1.1799,1.0416,51.0,LOW,28.51,critical,100.97,MED,MED
2024-05-01,SUP_0090,SUP_0090,logistica,watch,3088549.5,53,18.97,27.71,68.56,14.92,1.1799,1.0416,114.4,MED,0.0,critical,180.0,HIGH,HIGH
2024-05-01,SUP_0091,SUP_0091,fontaneria,stable,4543353.73,198,3.98,9.68,3.94,31.39,1.1799,1.0416,-3.14,LOW,67.97,stable,29.79,LOW,LOW
2024-05-01,SUP_0092,SUP_0092,hormigon,watch,3145334.96,195,0.0,16.83,20.13,22.3,1.1799,1.0416,12.01,LOW,59.22,warning,40.07,LOW,LOW
2024-05-01,SUP_0093,SUP_0093,hormigon,stable,2719963.52,96,9.58,5.12,12.83,17.06,1.1799,1.0416,25.14,LOW,48.76,warning,57.76,LOW,LOW
2024-05-01,SUP_0094,SUP_0094,hormigon,stable,4552554.63,77,21.54,7.57,4.08,8.68,1.1799,1.0416,69.15,LOW,0.0,critical,132.27,HIGH,HIGH
2024-05-01,SUP_0095,SUP_0095,fontaneria,stable,5263461.56,72,5.48,11.45,25.39,21.21,1.1799,1.0416,23.81,LOW,49.04,warning,51.33,LOW,LOW
2024-05-01,SUP_0096,SUP_0096,hormigon,watch,568556.7,10,0.0,9.99,60.58,5.18,1.1799,1.0416,37.06,LOW,54.26,warning,65.11,LOW,LOW
2024-05-01,SUP_0097,SUP_0097,electricidad,stable,1153046.61,110,4.16,7.62,31.17,12.61,1.1799,1.0416,25.35,LOW,55.18,warning,53.49,LOW,LOW
2024-05-01,SUP_0098,SUP_0098,cemento,stable,3840630.92,140,5.27,11.05,32.35,32.83,1.1799,1.0416,14.12,LOW,49.55,warning,50.45,LOW,LOW
2024-05-01,SUP_0099,SUP_0099,electricidad,stable,1876189.22,27,4.57,6.82,62.06,36.59,1.1799,1.0416,15.27,LOW,52.17,stable,55.36,LOW,LOW
2024-05-01,SUP_0100,SUP_0100,cemento,fragile,4851138.69,107,5.77,20.37,79.88,11.29,1.1799,1.0416,72.53,MED,0.96,critical,137.84,HIGH,HIGH
2024-05-01,SUP_0101,SUP_0101,fontaneria,fragile,2387252.43,41,6.06,1.32,54.34,10.49,1.1799,1.0416,34.13,LOW,51.09,warning,58.94,LOW,LOW
2024-05-01,SUP_0102,SUP_0102,cemento,watch,839989.34,60,7.96,7.5,62.44,22.49,1.1799,1.0416,40.75,LOW,31.12,critical,93.63,MED,MED
2024-05-01,SUP_0103,SUP_0103,hormigon,stable,1786031.55,120,1.05,5.9,33.67,19.49,1.1799,1.0416,7.67,LOW,72.07,stable,30.65,LOW,LOW
2024-05-01,SUP_0104,SUP_0104,hormigon,fragile,284763.67,11,8.88,3.88,38.63,8.43,1.1799,1.0416,41.4,LOW,41.97,critical,71.53,LOW,MED
2024-05-01,SUP_0105,SUP_0105,acabados,watch,3045190.22,127,16.72,10.89,27.67,14.62,1.1799,1.0416,64.31,LOW,0.2,critical,119.3,MED,HIGH
2024-05-01,SUP_0106,SUP_0106,cemento,watch,2717683.17,94,2.87,6.74,14.18,13.08,1.1799,1.0416,12.03,LOW,70.42,stable,22.29,LOW,LOW
2024-05-01,SUP_0107,SUP_0107,electricidad,stable,2366353.98,121,3.58,5.73,23.42,22.0,1.1799,1.0416,7.86,LOW,67.77,warning,20.45,LOW,LOW
2024-05-01,SUP_0108,SUP_0108,fontaneria,stable,3141732.89,11,3.2,17.71,21.59,13.87,1.1799,1.0416,32.01,LOW,46.58,warning,60.6,LOW,LOW
2024-05-01,SUP_0109,SUP_0109,electricidad,stable,3302289.22,70,6.21,6.46,53.31,6.43,1.1799,1.0416,45.89,LOW,38.4,critical,72.36,LOW,MED
2024-05-01,SUP_0110,SUP_0110,fontaneria,fragile,2140929.2,180,1.22,10.08,92.2,3.95,1.1799,1.0416,56.33,LOW,29.43,critical,94.96,MED,HIGH
2024-05-01,SUP_0111,SUP_0111,acabados,watch,537412.01,11,7.23,8.42,20.7,14.66,1.1799,1.0416,28.99,LOW,49.71,warning,59.94,LOW,LOW
2024-05-01,SUP_0112,SUP_0112,acero,stable,4701129.67,63,5.16,0.31,30.64,13.83,1.1799,1.0416,15.9,LOW,67.92,warning,31.15,LOW,LOW
2024-05-01,SUP_0113,SUP_0113,acabados,stable,3002908.66,37,10.53,9.08,15.52,12.91,1.1799,1.0416,39.3,LOW,36.12,critical,79.25,MED,MED
2024-05-01,SUP_0114,SUP_0114,acero,watch,4870149.61,153,6.56,6.82,55.11,18.57,1.1799,1.0416,36.16,LOW,37.21,critical,66.1,LOW,LOW
2024-05-01,SUP_0115,SUP_0115,logistica,stable,3303971.63,88,5.15,7.85,40.93,29.28,1.1799,1.0416,16.37,LOW,52.88,critical,60.61,LOW,LOW
2024-05-01,SUP_0116,SUP_0116,electricidad,fragile,1022560.11,119,4.32,8.16,12.87,10.46,1.1799,1.0416,20.53,LOW,60.7,warning,41.51,LOW,LOW
2024-05-01,SUP_0117,SUP_0117,acabados,watch,4161764.49,116,5.28,0.48,53.97,11.04,1.1799,1.0416,29.79,LOW,54.05,warning,52.7,LOW,LOW
2024-05-01,SUP_0118,SUP_0118,logistica,watch,1837324.01,147,9.36,0.46,22.42,23.93,1.1799,1.0416,14.94,LOW,55.49,warning,43.8,LOW,LOW
2024-05-01,SUP_0119,SUP_0119,acabados,stable,3655729.42,114,1.05,9.46,25.71,26.89,1.1799,1.0416,2.02,LOW,71.29,stable,24.52,LOW,LOW
2024-05-01,SUP_0120,SUP_0120,acabados,watch,1259763.15,57,11.04,5.59,22.57,11.02,1.1799,1.0416,40.63,LOW,36.65,warning,82.15,MED,MED
2024-05-01,SUP_0121,SUP_0121,electricidad,watch,2130279.74,40,9.64,15.41,28.07,29.46,1.1799,1.0416,35.21,LOW,27.1,critical,81.46,MED,LOW
2024-05-01,SUP_0122,SUP_0122,cemento,watch,5424717.25,185,3.36,10.71,48.5,18.82,1.1799,1.0416,29.16,LOW,44.33,warning,52.55,LOW,LOW
2024-05-01,SUP_0123,SUP_0123,electricidad,stable,2411042.17,62,0.59,17.99,20.68,23.83,1.1799,1.0416,14.25,LOW,58.8,warning,51.55,LOW,LOW
2024-05-01,SUP_0124,SUP_0124,hormigon,stable,3715352.56,68,0.0,8.93,40.92,23.62,1.1799,1.0416,8.18,LOW,69.95,warning,35.74,LOW,LOW
2024-05-01,SUP_0125,SUP_0125,logistica,stable,2446505.47,43,3.12,2.65,33.82,21.99,1.1799,1.0416,6.56,LOW,73.4,stable,39.05,LOW,LOW
2024-05-01,SUP_0126,SUP_0126,hormigon,watch,2816821.38,35,4.71,6.55,54.53,23.6,1.1799,1.0416,24.88,LOW,50.73,warning,57.19,LOW,LOW
2024-05-01,SUP_0127,SUP_0127,hormigon,stable,3919252.78,70,6.16,4.17,22.04,10.22,1.1799,1.0416,24.42,LOW,58.61,stable,47.02,LOW,LOW
2024-05-01,SUP_0128,SUP_0128,hormigon,stable,2379188.5,151,0.3,11.31,10.7,25.39,1.1799,1.0416,-2.71,LOW,75.72,stable,18.97,LOW,LOW
2024-05-01,SUP_0129,SUP_0129,fontaneria,stable,1118175.65,128,0.52,19.48,54.14,6.22,1.1799,1.0416,48.93,LOW,32.92,critical,82.02,MED,MED
2024-05-01,SUP_0130,SUP_0130,electricidad,watch,2071595.6,20,7.73,4.8,33.09,12.64,1.1799,1.0416,32.64,LOW,48.42,critical,62.82,LOW,LOW
2024-05-01,SUP_0131,SUP_0131,logistica,stable,2284643.09,86,2.3,0.0,37.09,37.58,1.1799,1.0416,-13.98,LOW,84.66,stable,5.25,LOW,LOW
2024-05-01,SUP_0132,SUP_0132,acero,fragile,2988075.9,92,0.0,3.38,65.11,19.28,1.1799,1.0416,15.09,LOW,67.94,warning,30.45,LOW,LOW
2024-05-01,SUP_0133,SUP_0133,hormigon,watch,1298379.49,14,11.18,4.53,37.28,19.14,1.1799,1.0416,37.97,LOW,35.73,critical,79.29,MED,MED
2024-05-01,SUP_0134,SUP_0134,cemento,stable,2444924.93,48,3.41,8.67,33.2,17.26,1.1799,1.0416,20.92,LOW,58.67,warning,37.81,LOW,LOW
2024-05-01,SUP_0135,SUP_0135,cemento,watch,2045796.8,120,3.82,3.92,86.61,8.79,1.1799,1.0416,47.54,LOW,37.35,critical,87.64,MED,MED
2024-05-01,SUP_0136,SUP_0136,acero,stable,2031596.55,148,2.02,8.54,54.3,18.69,1.1799,1.0416,24.61,LOW,52.51,warning,56.34,LOW,LOW
2024-05-01,SUP_0137,SUP_0137,logistica,fragile,1782265.25,106,13.43,4.64,56.65,14.68,1.1799,1.0416,58.06,LOW,13.46,critical,113.61,MED,HIGH
2024-05-01,SUP_0138,SUP_0138,electricidad,watch,1952574.24,89,10.99,24.08,43.88,15.39,1.1799,1.0416,73.45,MED,0.0,critical,132.04,HIGH,HIGH
2024-05-01,SUP_0139,SUP_0139,logistica,watch,1902092.94,174,12.09,3.27,66.32,17.66,1.1799,1.0416,53.37,LOW,16.2,critical,93.11,MED,MED
2024-05-01,SUP_0140,SUP_0140,cemento,stable,4893055.54,93,11.19,7.47,17.78,11.54,1.1799,1.0416,41.22,LOW,33.55,critical,69.77,LOW,MED
2024-05-01,SUP_0141,SUP_0141,cemento,watch,3753031.48,174,3.37,4.02,40.75,17.13,1.1799,1.0416,17.35,LOW,60.92,stable,38.04,LOW,LOW
2024-05-01,SUP_0142,SUP_0142,acabados,watch,4419198.0,92,5.5,3.59,44.08,8.85,1.1799,1.0416,32.85,LOW,51.35,warning,53.32,LOW,LOW
2024-05-01,SUP_0143,SUP_0143,cemento,fragile,2895425.03,78,5.88,11.84,61.5,14.42,1.1799,1.0416,48.66,LOW,27.82,critical,94.0,MED,MED
2024-05-01,SUP_0144,SUP_0144,cemento,watch,4235518.5,115,11.94,17.16,25.36,14.11,1.1799,1.0416,58.87,LOW,8.0,critical,113.66,MED,HIGH
2024-05-01,SUP_0145,SUP_0145,acero,watch,2451326.31,166,8.11,13.31,13.65,9.17,1.1799,1.0416,41.26,LOW,33.03,critical,83.91,MED,MED
2024-05-01,SUP_0146,SUP_0146,logistica,stable,1932598.8,61,4.23,16.45,4.91,16.45,1.1799,1.0416,23.11,LOW,51.91,warning,63.08,LOW,LOW
2024-05-01,SUP_0147,SUP_0147,fontaneria,stable,2134048.2,69,2.81,8.83,17.29,20.7,1.1799,1.0416,8.77,LOW,68.48,warning,31.41,LOW,LOW
2024-05-01,SUP_0148,SUP_0148,cemento,watch,2405838.62,283,7.99,29.64,31.27,10.3,1.1799,1.0416,72.2,MED,0.0,critical,131.51,HIGH,HIGH
2024-05-01,SUP_0149,SUP_0149,acabados,stable,1899365.38,121,13.02,13.63,35.1,31.19,1.1799,1.0416,44.1,LOW,12.15,critical,93.82,MED,MED
2024-05-01,SUP_0150,SUP_0150,acabados,stable,4004567.52,48,8.89,4.58,60.88,14.62,1.1799,1.0416,46.31,LOW,31.58,critical,85.88,MED,MED
2024-05-01,SUP_0151,SUP_0151,acabados,fragile,4134654.16,156,5.31,8.83,95.0,10.71,1.1799,1.0416,61.22,LOW,17.39,critical,108.37,MED,HIGH
2024-05-01,SUP_0152,SUP_0152,logistica,fragile,1348481.62,98,4.4,14.32,34.75,1.0,1.1799,1.0416,49.32,LOW,35.51,critical,86.28,MED,MED
2024-05-01,SUP_0153,SUP_0153,hormigon,stable,2168688.01,100,2.26,9.34,34.32,13.1,1.1799,1.0416,23.14,LOW,58.4,warning,57.08,LOW,LOW
2024-05-01,SUP_0154,SUP_0154,logistica,watch,2294177.99,151,11.08,22.63,40.01,8.08,1.1799,1.0416,77.11,MED,0.0,critical,132.9,HIGH,HIGH
2024-05-01,SUP_0155,SUP_0155,acero,stable,2639978.42,37,8.66,8.43,27.23,10.37,1.1799,1.0416,40.49,LOW,38.8,critical,70.1,LOW,MED
2024-05-01,SUP_0156,SUP_0156,acabados,watch,3348072.96,90,0.0,8.22,48.93,29.12,1.1799,1.0416,5.23,LOW,69.04,warning,34.63,LOW,LOW
2024-05-01,SUP_0157,SUP_0157,fontaneria,stable,1649214.47,233,3.18,13.78,37.6,12.86,1.1799,1.0416,34.26,LOW,40.33,critical,66.76,LOW,LOW
2024-05-01,SUP_0158,SUP_0158,acabados,watch,1664029.17,82,1.13,14.31,30.44,21.88,1.1799,1.0416,16.68,LOW,58.36,warning,50.74,LOW,LOW
2024-05-01,SUP_0159,SUP_0159,fontaneria,watch,2690879.88,118,0.0,20.95,46.04,16.33,1.1799,1.0416,35.82,LOW,39.56,critical,68.84,LOW,LOW
2024-05-01,SUP_0160,SUP_0160,fontaneria,watch,4765428.18,56,1.92,8.73,21.78,13.08,1.1799,1.0416,15.58,LOW,67.97,warning,32.86,LOW,LOW
2024-05-01,SUP_0161,SUP_0161,fontaneria,stable,410430.55,63,2.68,14.79,31.62,19.64,1.1799,1.0416,24.8,LOW,50.48,warning,70.38,LOW,LOW
2024-05-01,SUP_0162,SUP_0162,acabados,fragile,4057840.72,83,5.5,1.74,95.0,13.38,1.1799,1.0416,48.49,LOW,33.95,warning,93.63,MED,MED
2024-05-01,SUP_0163,SUP_0163,acabados,stable,4513032.42,86,8.55,5.67,33.63,39.18,1.1799,1.0416,10.1,LOW,50.46,warning,44.16,LOW,LOW
2024-05-01,SUP_0164,SUP_0164,cemento,stable,3283113.38,183,3.9,6.78,43.37,1.43,1.1799,1.0416,39.96,LOW,46.32,warning,78.85,MED,MED
2024-05-01,SUP_0165,SUP_0165,acabados,watch,3377739.7,22,3.59,11.62,38.91,2.06,1.1799,1.0416,43.65,LOW,44.96,warning,69.61,LOW,MED
2024-05-01,SUP_0166,SUP_0166,electricidad,stable,2247464.59,126,3.75,5.79,31.69,14.61,1.1799,1.0416,19.58,LOW,60.51,warning,56.83,LOW,LOW
2024-05-01,SUP_0167,SUP_0167,acero,fragile,2331566.52,87,9.7,22.18,52.6,7.75,1.1799,1.0416,78.3,MED,0.0,critical,137.42,HIGH,HIGH
2024-05-01,SUP_0168,SUP_0168,electricidad,fragile,1056596.95,154,3.17,24.05,34.37,13.22,1.1799,1.0416,47.83,LOW,23.76,critical,91.66,MED,MED
2024-05-01,SUP_0169,SUP_0169,logistica,stable,406151.1,52,3.49,11.44,30.24,30.03,1.1799,1.0416,11.22,LOW,58.47,warning,42.13,LOW,LOW
2024-05-01,SUP_0170,SUP_0170,logistica,fragile,4248626.88,119,4.6,8.87,56.61,9.79,1.1799,1.0416,42.79,LOW,38.25,critical,79.11,MED,MED
2024-05-01,SUP_0171,SUP_0171,acabados,stable,2284576.73,190,4.8,4.56,20.93,29.55,1.1799,1.0416,1.13,LOW,66.87,warning,19.13,LOW,LOW
2024-05-01,SUP_0172,SUP_0172,electricidad,watch,2537081.77,117,3.72,10.53,48.95,26.67,1.1799,1.0416,22.32,LOW,47.85,warning,62.44,LOW,LOW
2024-05-01,SUP_0173,SUP_0173,acabados,stable,1799968.55,33,2.72,10.13,37.86,21.42,1.1799,1.0416,19.0,LOW,58.3,stable,37.61,LOW,LOW
2024-05-01,SUP_0174,SUP_0174,acero,fragile,1212261.56,151,13.7,8.67,61.37,19.74,1.1799,1.0416,61.97,LOW,2.65,critical,106.95,MED,HIGH
2024-05-01,SUP_0175,SUP_0175,fontaneria,stable,3144923.35,109,3.01,19.66,21.43,21.79,1.1799,1.0416,26.36,LOW,43.38,warning,57.87,LOW,LOW
2024-05-01,SUP_0176,SUP_0176,fontaneria,stable,2252262.74,33,4.79,16.37,36.79,11.18,1.1799,1.0416,44.32,LOW,34.45,warning,82.99,MED,MED
2024-05-01,SUP_0177,SUP_0177,hormigon,stable,3852589.37,73,4.7,7.61,31.69,30.16,1.1799,1.0416,9.62,LOW,60.09,warning,36.23,LOW,LOW
2024-05-01,SUP_0178,SUP_0178,hormigon,fragile,4222225.61,123,1.36,22.03,83.7,13.63,1.1799,1.0416,61.18,LOW,13.88,critical,100.69,MED,HIGH
2024-05-01,SUP_0179,SUP_0179,cemento,fragile,3328571.32,86,1.62,3.52,12.03,11.32,1.1799,1.0416,4.22,LOW,82.46,stable,21.7,LOW,LOW
2024-05-01,SUP_0180,SUP_0180,cemento,watch,3577430.58,73,11.22,8.99,42.67,21.23,1.1799,1.0416,45.12,LOW,23.17,critical,98.27,MED,MED
2024-05-01,SUP_0181,SUP_0181,electricidad,fragile,5123892.05,115,4.6,19.75,8.46,1.28,1.1799,1.0416,45.95,LOW,35.3,critical,74.15,LOW,MED
2024-05-01,SUP_0182,SUP_0182,electricidad,fragile,1928114.71,153,5.01,20.49,23.25,5.1,1.1799,1.0416,51.12,LOW,25.73,critical,97.64,MED,MED
2024-05-01,SUP_0183,SUP_0183,hormigon,watch,2276354.09,101,10.82,16.23,79.9,9.35,1.1799,1.0416,83.4,MED,0.0,critical,147.45,HIGH,HIGH
2024-05-01,SUP_0184,SUP_0184,acero,stable,3801540.6,11,14.68,18.26,41.86,19.39,1.1799,1.0416,70.88,MED,0.0,critical,149.04,HIGH,HIGH
2024-05-01,SUP_0185,SUP_0185,fontaneria,watch,4220360.18,80,0.0,19.62,27.41,11.44,1.1799,1.0416,30.33,LOW,50.03,warning,70.01,LOW,LOW
2024-05-01,SUP_0186,SUP_0186,hormigon,watch,1568830.1,90,1.41,29.9,17.53,5.8,1.1799,1.0416,51.17,LOW,26.01,critical,87.93,MED,MED
2024-05-01,SUP_0187,SUP_0187,acero,stable,2798667.01,23,2.56,3.49,3.69,10.34,1.1799,1.0416,4.25,LOW,84.02,stable,14.71,LOW,LOW
2024-05-01,SUP_0188,SUP_0188,acero,stable,6822295.79,99,5.47,7.62,23.86,13.56,1.1799,1.0416,25.0,LOW,53.92,warning,50.82,LOW,LOW
2024-05-01,SUP_0189,SUP_0189,electricidad,watch,3071497.94,135,9.26,10.37,73.75,28.54,1.1799,1.0416,47.99,LOW,14.95,critical,96.36,MED,MED
2024-05-01,SUP_0190,SUP_0190,acero,stable,3396820.44,50,10.36,0.0,44.39,40.79,1.1799,1.0416,10.25,LOW,51.36,warning,51.92,LOW,LOW
2024-05-01,SUP_0191,SUP_0191,acabados,fragile,3155734.41,109,2.33,20.51,42.85,10.44,1.1799,1.0416,46.6,LOW,30.76,critical,90.45,MED,MED
2024-05-01,SUP_0192,SUP_0192,acero,stable,2285442.09,54,1.6,0.0,43.35,20.7,1.1799,1.0416,3.59,LOW,79.73,stable,21.25,LOW,LOW
2024-05-01,SUP_0193,SUP_0193,electricidad,stable,3505270.47,86,7.53,1.99,10.75,9.36,1.1799,1.0416,21.05,LOW,61.75,warning,41.26,LOW,LOW
2024-05-01,SUP_0194,SUP_0194,acero,fragile,2619502.34,167,12.55,29.17,31.09,1.39,1.1799,1.0416,94.02,MED,0.0,critical,169.06,HIGH,HIGH
2024-05-01,SUP_0195,SUP_0195,hormigon,stable,2840407.22,68,5.35,6.19,27.85,24.15,1.1799,1.0416,13.72,LOW,60.1,warning,39.21,LOW,LOW
2024-05-01,SUP_0196,SUP_0196,fontaneria,stable,3324567.35,83,4.57,4.67,22.3,7.49,1.1799,1.0416,23.27,LOW,62.48,warning,35.81,LOW,LOW
2024-05-01,SUP_0197,SUP_0197,hormigon,watch,1207327.45,16,12.38,8.98,51.14,13.22,1.1799,1.0416,60.42,LOW,13.62,critical,110.08,MED,HIGH
2024-05-01,SUP_0198,SUP_0198,acero,fragile,4484646.26,210,5.37,27.47,52.56,3.39,1.1799,1.0416,77.56,MED,0.0,critical,143.69,HIGH,HIGH
2024-05-01,SUP_0199,SUP_0199,acabados,stable,7419758.75,139,5.61,8.86,38.31,14.87,1.1799,1.0416,32.48,LOW,43.66,critical,74.94,LOW,LOW
2024-05-01,SUP_0200,SUP_0200,logistica,stable,1061894.02,97,7.92,15.42,17.71,22.67,1.1799,1.0416,32.21,LOW,34.5,critical,73.58,LOW,LOW
2024-05-01,SUP_0201,SUP_0201,fontaneria,watch,5163952.95,127,1.44,12.37,61.31,13.29,1.1799,1.0416,37.18,LOW,42.74,warning,53.78,LOW,LOW
2024-05-01,SUP_0202,SUP_0202,logistica,fragile,2687970.52,28,0.0,16.3,95.0,15.29,1.1799,1.0416,51.91,LOW,29.16,critical,91.11,MED,MED
2024-05-01,SUP_0203,SUP_0203,acabados,watch,2336059.66,128,9.19,19.81,19.76,7.5,1.1799,1.0416,58.67,LOW,13.53,critical,112.18,MED,HIGH
2024-05-01,SUP_0204,SUP_0204,electricidad,stable,2803766.28,78,9.88,7.75,26.32,30.55,1.1799,1.0416,22.57,LOW,41.48,warning,52.59,LOW,LOW
2024-05-01,SUP_0205,SUP_0205,acabados,stable,4090151.25,94,1.97,2.74,51.47,9.22,1.1799,1.0416,23.97,LOW,63.87,warning,41.35,LOW,LOW
2024-05-01,SUP_0206,SUP_0206,acero,stable,4501858.6,77,0.19,12.09,28.32,19.76,1.1799,1.0416,11.7,LOW,66.9,warning,36.23,LOW,LOW
2024-05-01,SUP_0207,SUP_0207,electricidad,stable,2644389.58,94,5.53,13.27,43.22,25.65,1.1799,1.0416,30.29,LOW,38.05,warning,67.28,LOW,LOW
2024-05-01,SUP_0208,SUP_0208,electricidad,watch,4805804.39,138,3.61,3.89,30.6,6.32,1.1799,1.0416,24.11,LOW,62.1,warning,46.72,LOW,LOW
2024-05-01,SUP_0209,SUP_0209,logistica,stable,304283.27,113,17.83,9.11,48.86,15.37,1.1799,1.0416,73.76,MED,0.0,critical,136.47,HIGH,HIGH
2024-05-01,SUP_0210,SUP_0210,acabados,watch,3211548.63,122,5.62,7.58,43.28,19.85,1.1799,1.0416,27.88,LOW,46.16,warning,61.03,LOW,LOW
2024-05-01,SUP_0211,SUP_0211,electricidad,watch,3688782.16,49,2.25,20.43,51.0,20.73,1.1799,1.0416,39.62,LOW,32.96,critical,80.82,MED,MED
2024-05-01,SUP_0212,SUP_0212,fontaneria,watch,3834091.04,115,2.69,4.54,68.19,18.4,1.1799,1.0416,27.16,LOW,52.47,warning,59.93,LOW,LOW
2024-05-01,SUP_0213,SUP_0213,hormigon,stable,1734043.68,81,3.54,4.41,24.31,33.08,1.1799,1.0416,-4.9,LOW,75.22,stable,13.78,LOW,LOW
2024-05-01,SUP_0214,SUP_0214,acabados,fragile,1663217.12,173,4.94,10.32,28.28,16.16,1.1799,1.0416,26.88,LOW,47.32,warning,63.51,LOW,LOW
2024-05-01,SUP_0215,SUP_0215,electricidad,watch,3477465.34,34,3.0,9.32,27.41,21.35,1.1799,1.0416,13.98,LOW,63.44,warning,42.4,LOW,LOW
2024-05-01,SUP_0216,SUP_0216,electricidad,watch,2982783.04,230,13.69,9.73,58.2,26.12,1.1799,1.0416,55.74,LOW,1.82,critical,109.01,MED,MED
2024-05-01,SUP_0217,SUP_0217,acabados,stable,4266999.29,149,10.32,7.78,9.13,23.28,1.1799,1.0416,23.45,LOW,42.73,warning,56.79,LOW,LOW
2024-05-01,SUP_0218,SUP_0218,fontaneria,stable,4041970.43,51,5.68,2.89,27.35,39.68,1.1799,1.0416,-6.0,LOW,71.55,stable,16.1,LOW,LOW
2024-05-01,SUP_0219,SUP_0219,cemento,fragile,637413.56,191,5.69,22.04,39.05,5.21,1.1799,1.0416,62.5,LOW,11.67,critical,111.17,MED,HIGH
2024-05-01,SUP_0220,SUP_0220,acero,stable,3910780.24,126,9.21,8.98,40.36,10.5,1.1799,1.0416,48.76,LOW,26.93,critical,90.78,MED,MED
2024-06-01,SUP_0001,SUP_0001,logistica,watch,4005643.21,211,0.0,10.18,69.72,5.71,1.0074,1.0536,40.93,LOW,43.95,warning,67.65,LOW,MED
2024-06-01,SUP_0002,SUP_0002,acero,stable,2879248.89,52,3.14,10.94,14.47,20.86,1.0074,1.0536,11.48,LOW,64.78,stable,47.63,LOW,LOW
2024-06-01,SUP_0003,SUP_0003,cemento,fragile,2747070.11,45,0.85,20.5,77.54,12.62,1.0074,1.0536,55.57,LOW,23.79,critical,109.72,MED,MED
2024-06-01,SUP_0004,SUP_0004,electricidad,watch,3017836.36,63,5.02,6.29,37.3,5.84,1.0074,1.0536,35.46,LOW,50.67,warning,57.92,LOW,LOW
2024-06-01,SUP_0005,SUP_0005,electricidad,stable,3880762.02,64,6.56,14.25,51.46,23.47,1.0074,1.0536,40.75,LOW,28.41,critical,71.98,LOW,MED
2024-06-01,SUP_0006,SUP_0006,fontaneria,fragile,3357652.72,98,7.98,24.5,78.11,16.34,1.0074,1.0536,79.51,MED,0.0,critical,153.53,HIGH,HIGH
2024-06-01,SUP_0007,SUP_0007,acero,watch,3461808.92,96,5.3,23.05,77.37,15.5,1.0074,1.0536,69.78,LOW,0.43,critical,123.23,HIGH,HIGH
2024-06-01,SUP_0008,SUP_0008,logistica,watch,1808412.79,89,5.69,2.48,51.86,19.4,1.0074,1.0536,24.72,LOW,53.06,warning,52.56,LOW,LOW
2024-06-01,SUP_0009,SUP_0009,electricidad,stable,4645334.19,69,7.13,8.18,8.94,9.16,1.0074,1.0536,28.52,LOW,52.23,warning,51.74,LOW,LOW
2024-06-01,SUP_0010,SUP_0010,acero,watch,4420572.52,65,3.14,11.44,50.8,17.94,1.0074,1.0536,31.51,LOW,46.01,warning,70.32,LOW,LOW
2024-06-01,SUP_0011,SUP_0011,logistica,stable,4520453.17,139,4.34,4.14,15.49,16.92,1.0074,1.0536,9.28,LOW,69.13,warning,16.13,LOW,LOW
2024-06-01,SUP_0012,SUP_0012,logistica,fragile,3133348.78,106,8.77,15.8,46.65,6.63,1.0074,1.0536,64.37,LOW,11.46,critical,112.53,MED,HIGH
2024-06-01,SUP_0013,SUP_0013,electricidad,watch,2952936.37,145,8.11,25.01,69.78,18.43,1.0074,1.0536,74.81,MED,0.0,critical,146.23,HIGH,HIGH
2024-06-01,SUP_0014,SUP_0014,cemento,fragile,1695042.21,54,8.17,15.5,61.58,21.75,1.0074,1.0536,53.7,LOW,14.62,critical,102.78,MED,MED
2024-06-01,SUP_0015,SUP_0015,fontaneria,stable,1862900.01,88,5.82,11.33,26.18,36.24,1.0074,1.0536,10.0,LOW,52.33,warning,40.63,LOW,LOW
2024-06-01,SUP_0016,SUP_0016,electricidad,stable,1330925.48,41,10.0,21.93,21.32,27.3,1.0074,1.0536,45.17,LOW,14.9,critical,99.23,MED,MED
2024-06-01,SUP_0017,SUP_0017,hormigon,watch,4217400.08,11,1.86,7.89,37.42,16.33,1.0074,1.0536,17.93,LOW,65.33,warning,31.73,LOW,LOW
2024-06-01,SUP_0018,SUP_0018,fontaneria,stable,3711830.26,38,3.98,11.21,14.92,17.73,1.0074,1.0536,17.74,LOW,60.02,warning,38.63,LOW,LOW
2024-06-01,SUP_0019,SUP_0019,acabados,fragile,1620205.9,21,3.71,9.89,27.62,15.84,1.0074,1.0536,22.57,LOW,57.86,warning,50.9,LOW,LOW
2024-06-01,SUP_0020,SUP_0020,cemento,watch,252599.13,13,2.62,8.37,48.4,17.64,1.0074,1.0536,24.55,LOW,56.78,warning,51.9,LOW,LOW
2024-06-01,SUP_0021,SUP_0021,acabados,watch,1481184.15,41,2.74,10.28,52.23,14.55,1.0074,1.0536,32.59,LOW,48.83,warning,56.3,LOW,LOW
2024-06-01,SUP_0022,SUP_0022,cemento,stable,4702753.01,164,1.25,2.12,48.11,20.92,1.0074,1.0536,7.67,LOW,71.49,warning,19.47,LOW,LOW
2024-06-01,SUP_0023,SUP_0023,acabados,fragile,2338042.31,112,3.97,8.6,6.68,10.18,1.0074,1.0536,17.62,LOW,64.14,warning,36.99,LOW,LOW
2024-06-01,SUP_0024,SUP_0024,acero,fragile,4072936.98,111,9.08,12.0,86.63,7.85,1.0074,1.0536,76.38,MED,0.12,critical,129.64,HIGH,HIGH
2024-06-01,SUP_0025,SUP_0025,cemento,watch,1437165.07,93,8.77,26.94,43.19,10.06,1.0074,1.0536,76.09,MED,0.0,critical,138.19,HIGH,HIGH
2024-06-01,SUP_0026,SUP_0026,logistica,stable,3792716.0,162,3.16,8.26,36.07,21.92,1.0074,1.0536,16.18,LOW,57.41,warning,42.21,LOW,LOW
2024-06-01,SUP_0027,SUP_0027,hormigon,watch,2745633.18,62,12.62,15.83,64.1,10.37,1.0074,1.0536,80.08,MED,0.0,critical,133.37,HIGH,HIGH
2024-06-01,SUP_0028,SUP_0028,fontaneria,stable,3204888.3,106,8.69,11.82,5.15,21.46,1.0074,1.0536,24.67,LOW,43.6,critical,58.51,LOW,LOW
2024-06-01,SUP_0029,SUP_0029,hormigon,stable,5741526.85,156,2.79,5.01,28.19,23.03,1.0074,1.0536,5.54,LOW,69.52,stable,23.84,LOW,LOW
2024-06-01,SUP_0030,SUP_0030,logistica,watch,4894094.31,70,6.66,7.31,41.36,12.8,1.0074,1.0536,36.76,LOW,42.51,critical,72.07,LOW,LOW
2024-06-01,SUP_0031,SUP_0031,acabados,watch,3330400.88,127,11.99,6.54,15.89,24.01,1.0074,1.0536,28.92,LOW,36.39,critical,63.44,LOW,LOW
2024-06-01,SUP_0032,SUP_0032,acabados,fragile,3179819.65,44,9.18,17.2,93.63,13.47,1.0074,1.0536,81.99,MED,0.0,critical,142.0,HIGH,HIGH
2024-06-01,SUP_0033,SUP_0033,electricidad,stable,3175034.64,110,0.69,3.9,31.92,10.96,1.0074,1.0536,11.32,LOW,75.63,stable,23.42,LOW,LOW
2024-06-01,SUP_0034,SUP_0034,electricidad,stable,2965800.45,51,3.65,4.67,39.42,36.27,1.0074,1.0536,-0.6,LOW,69.51,warning,14.17,LOW,LOW
2024-06-01,SUP_0035,SUP_0035,fontaneria,watch,2377335.81,50,5.93,15.64,32.81,12.1,1.0074,1.0536,43.9,LOW,32.98,critical,87.79,MED,MED
2024-06-01,SUP_0036,SUP_0036,acabados,stable,3348361.11,131,3.76,11.82,43.14,5.27,1.0074,1.0536,43.17,LOW,39.79,warning,91.55,MED,MED
2024-06-01,SUP_0037,SUP_0037,acabados,stable,3972009.66,151,6.84,1.11,56.66,12.71,1.0074,1.0536,34.97,LOW,44.86,warning,51.57,LOW,LOW
2024-06-01,SUP_0038,SUP_0038,cemento,watch,3324842.89,44,1.27,20.64,41.03,10.77,1.0074,1.0536,42.45,LOW,37.64,warning,80.79,MED,MED
2024-06-01,SUP_0039,SUP_0039,fontaneria,stable,5096842.68,85,4.68,14.21,28.46,19.19,1.0074,1.0536,28.98,LOW,44.2,warning,70.14,LOW,LOW
2024-06-01,SUP_0040,SUP_0040,cemento,watch,2810669.61,142,6.92,18.31,56.38,12.1,1.0074,1.0536,61.51,LOW,10.3,critical,104.15,MED,HIGH
2024-06-01,SUP_0041,SUP_0041,acero,stable,7113765.77,144,7.03,20.45,21.09,11.56,1.0074,1.0536,49.71,LOW,21.19,critical,109.86,MED,MED
2024-06-01,SUP_0042,SUP_0042,acabados,fragile,2898804.88,159,8.05,5.66,44.09,13.32,1.0074,1.0536,39.16,LOW,36.53,critical,72.98,LOW,MED
2024-06-01,SUP_0043,SUP_0043,hormigon,watch,4288193.83,161,0.0,6.54,37.46,15.81,1.0074,1.0536,10.86,LOW,70.77,warning,26.94,LOW,LOW
2024-06-01,SUP_0044,SUP_0044,acabados,stable,2898269.12,53,2.39,3.18,36.24,16.61,1.0074,1.0536,11.64,LOW,72.0,stable,28.0,LOW,LOW
2024-06-01,SUP_0045,SUP_0045,electricidad,fragile,1817247.13,165,5.72,13.25,95.0,11.44,1.0074,1.0536,68.36,LOW,6.91,critical,122.98,HIGH,HIGH
2024-06-01,SUP_0046,SUP_0046,hormigon,fragile,4622039.13,72,4.6,8.21,27.19,11.32,1.0074,1.0536,27.03,LOW,54.74,warning,56.79,LOW,LOW
2024-06-01,SUP_0047,SUP_0047,acero,stable,4377817.17,120,7.84,13.55,25.6,1.7,1.0074,1.0536,53.66,LOW,27.03,critical,88.54,MED,MED
2024-06-01,SUP_0048,SUP_0048,electricidad,stable,3801021.44,95,5.47,10.31,48.19,12.35,1.0074,1.0536,41.21,LOW,37.29,warning,77.67,MED,MED
2024-06-01,SUP_0049,SUP_0049,acabados,watch,1406033.13,129,3.73,18.54,25.62,1.0,1.0074,1.0536,49.54,LOW,32.95,critical,84.3,MED,MED
2024-06-01,SUP_0050,SUP_0050,fontaneria,stable,1380505.85,25,1.65,2.53,22.38,23.67,1.0074,1.0536,-4.86,LOW,85.82,stable,0.62,LOW,LOW
2024-06-01,SUP_0051,SUP_0051,logistica,stable,1281667.39,92,10.31,14.88,35.53,15.47,1.0074,1.0536,53.78,LOW,15.65,critical,95.13,MED,MED
2024-06-01,SUP_0052,SUP_0052,logistica,stable,952138.66,43,2.73,13.16,40.57,29.02,1.0074,1.0536,17.17,LOW,53.37,warning,58.11,LOW,LOW
2024-06-01,SUP_0053,SUP_0053,acabados,watch,3085226.05,146,2.15,8.68,37.05,18.51,1.0074,1.0536,17.63,LOW,59.47,warning,39.26,LOW,LOW
2024-06-01,SUP_0054,SUP_0054,fontaneria,watch,3595905.05,219,6.18,6.39,63.42,13.0,1.0074,1.0536,43.66,LOW,31.95,critical,80.76,MED,MED
2024-06-01,SUP_0055,SUP_0055,acero,watch,3403548.48,70,10.0,13.32,51.46,10.0,1.0074,1.0536,63.13,LOW,11.62,critical,116.13,MED,HIGH
2024-06-01,SUP_0056,SUP_0056,acero,watch,476837.52,101,0.58,11.14,65.18,28.94,1.0074,1.0536,18.84,LOW,53.16,warning,50.77,LOW,LOW
2024-06-01,SUP_0057,SUP_0057,cemento,watch,2082177.62,63,2.8,8.98,59.01,14.97,1.0074,1.0536,33.44,LOW,47.67,critical,74.44,LOW,LOW
2024-06-01,SUP_0058,SUP_0058,acero,watch,2911672.62,80,3.54,11.26,84.48,12.59,1.0074,1.0536,52.92,LOW,27.34,critical,97.85,MED,MED
2024-06-01,SUP_0059,SUP_0059,logistica,stable,5710295.92,114,6.63,10.11,19.65,35.25,1.0074,1.0536,8.64,LOW,53.33,warning,33.05,LOW,LOW
2024-06-01,SUP_0060,SUP_0060,acero,stable,1415296.72,86,3.72,8.34,5.92,17.38,1.0074,1.0536,8.94,LOW,69.29,stable,31.77,LOW,LOW
2024-06-01,SUP_0061,SUP_0061,cemento,watch,3082372.9,173,5.28,8.59,64.08,13.73,1.0074,1.0536,43.85,LOW,32.48,critical,83.55,MED,MED
2024-06-01,SUP_0062,SUP_0062,fontaneria,watch,5847310.85,46,0.44,8.84,25.69,18.95,1.0074,1.0536,7.21,LOW,74.22,warning,30.39,LOW,LOW
2024-06-01,SUP_0063,SUP_0063,logistica,watch,2921859.51,137,5.33,8.19,43.4,8.29,1.0074,1.0536,39.52,LOW,41.55,warning,73.23,LOW,MED
2024-06-01,SUP_0064,SUP_0064,logistica,watch,4649535.94,112,3.03,16.53,73.22,29.28,1.0074,1.0536,37.56,LOW,28.75,critical,90.02,MED,MED
2024-06-01,SUP_0065,SUP_0065,hormigon,watch,2918837.34,122,11.21,7.33,14.5,21.15,1.0074,1.0536,29.99,LOW,37.73,critical,62.34,LOW,LOW
2024-06-01,SUP_0066,SUP_0066,electricidad,watch,3819051.01,114,1.4,0.0,14.3,15.33,1.0074,1.0536,-4.71,LOW,89.93,stable,0.0,LOW,LOW
2024-06-01,SUP_0067,SUP_0067,electricidad,watch,3473398.84,77,6.14,1.43,16.97,7.69,1.0074,1.0536,20.53,LOW,65.3,stable,49.22,LOW,LOW
2024-06-01,SUP_0068,SUP_0068,hormigon,stable,1930510.06,77,3.67,9.43,23.91,12.43,1.0074,1.0536,23.48,LOW,57.75,warning,58.15,LOW,LOW
2024-06-01,SUP_0069,SUP_0069,hormigon,stable,4539044.6,62,5.9,11.16,35.44,10.55,1.0074,1.0536,39.85,LOW,39.96,critical,74.68,LOW,MED
2024-06-01,SUP_0070,SUP_0070,hormigon,stable,1661654.94,133,6.92,3.58,34.36,30.57,1.0074,1.0536,11.02,LOW,56.4,warning,34.38,LOW,LOW
2024-06-01,SUP_0071,SUP_0071,logistica,stable,3311767.59,62,0.63,10.22,30.27,13.65,1.0074,1.0536,17.18,LOW,66.37,stable,38.52,LOW,LOW
2024-06-01,SUP_0072,SUP_0072,acabados,stable,1959848.02,113,3.16,0.0,7.12,22.29,1.0074,1.0536,-9.62,LOW,88.56,stable,5.86,LOW,LOW
2024-06-01,SUP_0073,SUP_0073,acabados,fragile,2662958.58,162,3.48,11.19,4.36,3.22,1.0074,1.0536,25.96,LOW,58.01,warning,54.67,LOW,LOW
2024-06-01,SUP_0074,SUP_0074,acabados,stable,3788675.49,55,3.93,11.82,30.44,18.57,1.0074,1.0536,24.66,LOW,51.77,warning,47.28,LOW,LOW
2024-06-01,SUP_0075,SUP_0075,logistica,stable,2896816.66,63,0.87,5.13,22.37,15.98,1.0074,1.0536,4.38,LOW,79.9,stable,17.61,LOW,LOW
2024-06-01,SUP_0076,SUP_0076,cemento,stable,2149101.27,97,6.63,4.02,32.46,37.4,1.0074,1.0536,3.13,LOW,61.01,warning,32.75,LOW,LOW
2024-06-01,SUP_0077,SUP_0077,logistica,stable,2913927.45,91,2.06,1.2,33.38,6.7,1.0074,1.0536,16.3,LOW,73.94,stable,24.8,LOW,LOW
2024-06-01,SUP_0078,SUP_0078,cemento,watch,1367532.98,102,1.46,8.64,45.38,26.58,1.0074,1.0536,11.17,LOW,62.7,warning,37.85,LOW,LOW
2024-06-01,SUP_0079,SUP_0079,electricidad,watch,3949430.87,92,8.48,13.86,51.69,16.65,1.0074,1.0536,52.85,LOW,18.15,critical,98.13,MED,MED
2024-06-01,SUP_0080,SUP_0080,fontaneria,watch,1588145.31,205,7.64,23.76,44.63,18.0,1.0074,1.0536,60.64,LOW,2.0,critical,125.56,HIGH,HIGH
2024-06-01,SUP_0081,SUP_0081,acero,watch,3060670.61,124,5.4,16.75,52.02,14.65,1.0074,1.0536,50.06,LOW,22.93,critical,89.0,MED,MED
2024-06-01,SUP_0082,SUP_0082,hormigon,stable,1491451.58,102,7.64,7.28,19.6,20.2,1.0074,1.0536,22.45,LOW,50.09,stable,52.36,LOW,LOW
2024-06-01,SUP_0083,SUP_0083,hormigon,fragile,2765781.11,139,3.96,13.12,53.49,14.84,1.0074,1.0536,40.79,LOW,34.88,critical,81.29,MED,MED
2024-06-01,SUP_0084,SUP_0084,acabados,stable,2060422.78,14,5.26,20.18,25.38,31.66,1.0074,1.0536,25.81,LOW,37.85,critical,65.22,LOW,LOW
2024-06-01,SUP_0085,SUP_0085,acero,stable,3825432.68,11,4.4,18.55,45.0,11.65,1.0074,1.0536,49.64,LOW,28.78,critical,91.21,MED,MED
2024-06-01,SUP_0086,SUP_0086,acero,stable,3428908.8,156,2.56,8.83,26.83,25.72,1.0074,1.0536,7.27,LOW,64.38,warning,26.22,LOW,LOW
2024-06-01,SUP_0087,SUP_0087,logistica,watch,3052670.47,92,6.8,7.57,63.37,12.54,1.0074,1.0536,47.72,LOW,30.79,critical,95.1,MED,MED
2024-06-01,SUP_0088,SUP_0088,hormigon,watch,5304601.08,115,2.33,11.44,43.87,19.08,1.0074,1.0536,24.8,LOW,51.29,warning,57.2,LOW,LOW
2024-06-01,SUP_0089,SUP_0089,logistica,stable,665266.83,47,3.0,34.8,20.03,5.78,1.0074,1.0536,64.44,LOW,9.99,critical,128.81,HIGH,HIGH
2024-06-01,SUP_0090,SUP_0090,logistica,watch,3086191.73,87,12.37,14.47,66.36,13.27,1.0074,1.0536,75.42,MED,0.0,critical,124.06,HIGH,HIGH
2024-06-01,SUP_0091,SUP_0091,fontaneria,stable,6271390.28,113,3.23,6.12,5.3,26.39,1.0074,1.0536,-5.15,LOW,78.32,stable,16.35,LOW,LOW
2024-06-01,SUP_0092,SUP_0092,hormigon,watch,2810906.24,74,0.0,27.91,15.17,14.24,1.0074,1.0536,34.46,LOW,40.12,critical,78.92,MED,LOW
2024-06-01,SUP_0093,SUP_0093,hormigon,stable,2624989.1,99,11.19,8.14,8.75,16.82,1.0074,1.0536,32.9,LOW,37.93,warning,69.81,LOW,LOW
2024-06-01,SUP_0094,SUP_0094,hormigon,stable,3912042.6,89,15.73,6.48,5.08,6.65,1.0074,1.0536,52.56,LOW,21.47,critical,87.98,MED,MED
2024-06-01,SUP_0095,SUP_0095,fontaneria,stable,3777390.41,124,2.75,20.93,22.36,11.18,1.0074,1.0536,38.54,LOW,37.27,warning,76.83,MED,MED
2024-06-01,SUP_0096,SUP_0096,hormigon,watch,675623.29,13,0.0,17.57,49.74,4.15,1.0074,1.0536,44.59,LOW,43.54,warning,87.73,MED,MED
2024-06-01,SUP_0097,SUP_0097,electricidad,stable,1151736.28,105,3.69,9.52,27.5,10.6,1.0074,1.0536,27.12,LOW,54.39,warning,63.75,LOW,LOW
2024-06-01,SUP_0098,SUP_0098,cemento,stable,3637601.99,141,2.92,16.47,30.67,15.1,1.0074,1.0536,32.16,LOW,42.64,warning,61.87,LOW,LOW
2024-06-01,SUP_0099,SUP_0099,electricidad,stable,2570578.77,31,5.47,9.37,38.76,29.68,1.0074,1.0536,18.22,LOW,51.39,warning,57.07,LOW,LOW
2024-06-01,SUP_0100,SUP_0100,cemento,fragile,4098361.42,45,2.48,11.26,95.0,24.28,1.0074,1.0536,42.81,LOW,31.95,critical,80.25,MED,MED
2024-06-01,SUP_0101,SUP_0101,fontaneria,fragile,3782160.71,62,6.51,0.86,46.8,12.83,1.0074,1.0536,29.04,LOW,53.81,critical,49.96,LOW,LOW
2024-06-01,SUP_0102,SUP_0102,cemento,watch,972872.96,71,10.55,17.62,61.75,28.06,1.0074,1.0536,57.79,LOW,2.5,critical,117.96,MED,HIGH
2024-06-01,SUP_0103,SUP_0103,hormigon,stable,1086987.08,88,1.23,4.08,33.16,26.7,1.0074,1.0536,-1.96,LOW,78.68,stable,6.42,LOW,LOW
2024-06-01,SUP_0104,SUP_0104,hormigon,fragile,277357.59,9,12.45,5.15,38.39,12.46,1.0074,1.0536,49.89,LOW,26.73,critical,101.57,MED,MED
2024-06-01,SUP_0105,SUP_0105,acabados,watch,3469795.55,112,4.94,7.17,29.93,20.85,1.0074,1.0536,18.19,LOW,56.36,warning,42.65,LOW,LOW
2024-06-01,SUP_0106,SUP_0106,cemento,watch,3119151.49,147,8.31,7.53,18.24,13.32,1.0074,1.0536,31.1,LOW,43.74,critical,67.58,LOW,LOW
2024-06-01,SUP_0107,SUP_0107,electricidad,stable,2549398.92,92,1.87,4.44,22.79,19.92,1.0074,1.0536,2.61,LOW,77.59,stable,9.63,LOW,LOW
2024-06-01,SUP_0108,SUP_0108,fontaneria,stable,5412784.52,16,4.85,10.67,27.05,14.99,1.0074,1.0536,27.74,LOW,51.85,warning,55.67,LOW,LOW
2024-06-01,SUP_0109,SUP_0109,electricidad,stable,4538904.93,61,3.5,1.31,49.34,7.72,1.0074,1.0536,26.94,LOW,62.05,stable,48.41,LOW,LOW
2024-06-01,SUP_0110,SUP_0110,fontaneria,fragile,3954483.07,191,0.16,7.73,95.0,3.22,1.0074,1.0536,51.62,LOW,36.52,critical,81.53,MED,MED
2024-06-01,SUP_0111,SUP_0111,acabados,watch,651700.4,15,3.79,12.44,19.44,21.18,1.0074,1.0536,17.58,LOW,58.18,warning,48.38,LOW,LOW
2024-06-01,SUP_0112,SUP_0112,acero,stable,3854795.24,63,5.08,11.38,38.9,15.1,1.0074,1.0536,34.72,LOW,42.82,warning,58.82,LOW,LOW
2024-06-01,SUP_0113,SUP_0113,acabados,stable,4548749.02,50,7.78,9.3,14.22,18.38,1.0074,1.0536,25.3,LOW,48.82,warning,46.36,LOW,LOW
2024-06-01,SUP_0114,SUP_0114,acero,watch,4129388.07,167,4.94,4.31,45.86,13.69,1.0074,1.0536,28.25,LOW,50.74,warning,65.82,LOW,LOW
2024-06-01,SUP_0115,SUP_0115,logistica,stable,4649668.87,67,7.77,7.06,19.95,30.66,1.0074,1.0536,12.23,LOW,54.53,warning,35.32,LOW,LOW
2024-06-01,SUP_0116,SUP_0116,electricidad,fragile,1388153.73,99,2.11,4.57,14.05,14.98,1.0074,1.0536,4.54,LOW,78.36,warning,9.89,LOW,LOW
2024-06-01,SUP_0117,SUP_0117,acabados,watch,3878335.99,186,3.6,1.07,56.33,11.2,1.0074,1.0536,26.55,LOW,56.45,warning,50.12,LOW,LOW
2024-06-01,SUP_0118,SUP_0118,logistica,watch,1695412.04,94,7.61,0.7,31.54,31.86,1.0074,1.0536,6.22,LOW,62.28,stable,36.19,LOW,LOW
2024-06-01,SUP_0119,SUP_0119,acabados,stable,4212488.83,144,3.39,12.69,19.72,26.35,1.0074,1.0536,11.73,LOW,57.1,warning,42.99,LOW,LOW
2024-06-01,SUP_0120,SUP_0120,acabados,watch,950002.18,141,6.95,7.65,26.45,24.6,1.0074,1.0536,19.62,LOW,49.4,warning,53.98,LOW,LOW
2024-06-01,SUP_0121,SUP_0121,electricidad,watch,1305634.42,36,9.11,6.93,28.97,12.97,1.0074,1.0536,37.78,LOW,40.13,critical,62.58,LOW,MED
2024-06-01,SUP_0122,SUP_0122,cemento,watch,5336906.34,131,3.52,8.4,52.07,21.36,1.0074,1.0536,25.24,LOW,49.24,warning,61.4,LOW,LOW
2024-06-01,SUP_0123,SUP_0123,electricidad,stable,2880471.3,51,0.43,10.7,20.98,21.69,1.0074,1.0536,5.1,LOW,73.49,stable,22.56,LOW,LOW
2024-06-01,SUP_0124,SUP_0124,hormigon,stable,3951125.67,68,5.88,16.32,36.09,29.74,1.0074,1.0536,28.61,LOW,35.98,warning,75.44,MED,LOW
2024-06-01,SUP_0125,SUP_0125,logistica,stable,3578714.2,105,2.38,3.57,33.94,21.75,1.0074,1.0536,6.02,LOW,72.53,stable,27.44,LOW,LOW
2024-06-01,SUP_0126,SUP_0126,hormigon,watch,3146306.42,37,5.64,8.25,68.54,21.25,1.0074,1.0536,38.88,LOW,36.43,critical,79.84,MED,MED
2024-06-01,SUP_0127,SUP_0127,hormigon,stable,4339680.9,106,6.15,4.12,27.44,7.16,1.0074,1.0536,29.82,LOW,54.15,warning,55.43,LOW,LOW
2024-06-01,SUP_0128,SUP_0128,hormigon,stable,2575373.83,165,0.72,9.6,14.89,27.85,1.0074,1.0536,-4.6,LOW,76.03,stable,12.38,LOW,LOW
2024-06-01,SUP_0129,SUP_0129,fontaneria,stable,942436.45,92,0.54,13.11,42.37,11.41,1.0074,1.0536,28.94,LOW,53.79,warning,52.95,LOW,LOW
2024-06-01,SUP_0130,SUP_0130,electricidad,watch,2559498.88,38,8.18,9.41,35.05,8.27,1.0074,1.0536,46.16,LOW,34.43,critical,91.8,MED,MED
2024-06-01,SUP_0131,SUP_0131,logistica,stable,2432595.36,88,3.34,0.0,46.56,29.4,1.0074,1.0536,1.57,LOW,73.36,stable,17.51,LOW,LOW
2024-06-01,SUP_0132,SUP_0132,acero,fragile,4743203.02,129,0.0,3.12,64.18,15.26,1.0074,1.0536,18.3,LOW,66.35,warning,35.98,LOW,LOW
2024-06-01,SUP_0133,SUP_0133,hormigon,watch,977971.21,17,5.38,5.05,43.22,25.57,1.0074,1.0536,17.59,LOW,57.37,critical,48.82,LOW,LOW
2024-06-01,SUP_0134,SUP_0134,cemento,stable,2095718.76,71,3.57,6.97,45.37,22.02,1.0074,1.0536,19.58,LOW,56.92,warning,46.91,LOW,LOW
2024-06-01,SUP_0135,SUP_0135,cemento,watch,3617110.41,136,3.51,12.41,81.43,7.03,1.0074,1.0536,58.78,LOW,22.84,critical,108.47,MED,HIGH
2024-06-01,SUP_0136,SUP_0136,acero,stable,3038996.87,72,2.13,10.4,51.14,16.37,1.0074,1.0536,28.64,LOW,51.24,warning,59.04,LOW,LOW
2024-06-01,SUP_0137,SUP_0137,logistica,fragile,1233332.52,142,9.61,10.74,50.64,16.52,1.0074,1.0536,51.2,LOW,18.82,critical,95.44,MED,MED
2024-06-01,SUP_0138,SUP_0138,electricidad,watch,2559328.41,191,1.72,16.09,49.82,13.45,1.0074,1.0536,38.27,LOW,37.51,critical,74.82,LOW,MED
2024-06-01,SUP_0139,SUP_0139,logistica,watch,2067094.71,125,14.77,9.27,63.12,25.67,1.0074,1.0536,60.94,LOW,0.0,critical,111.01,MED,HIGH
2024-06-01,SUP_0140,SUP_0140,cemento,stable,5105281.45,147,5.8,4.07,18.16,14.03,1.0074,1.0536,17.66,LOW,60.98,warning,41.17,LOW,LOW
2024-06-01,SUP_0141,SUP_0141,cemento,watch,4168167.44,181,4.15,14.94,38.53,18.71,1.0074,1.0536,33.48,LOW,37.33,critical,66.89,LOW,LOW
2024-06-01,SUP_0142,SUP_0142,acabados,watch,3877852.91,115,6.8,3.36,39.92,7.19,1.0074,1.0536,36.2,LOW,47.19,critical,71.19,LOW,LOW
2024-06-01,SUP_0143,SUP_0143,cemento,fragile,2781844.47,87,9.97,23.32,67.57,15.6,1.0074,1.0536,79.71,MED,0.0,critical,133.59,HIGH,HIGH
2024-06-01,SUP_0144,SUP_0144,cemento,watch,3053447.22,106,3.58,12.34,25.74,13.8,1.0074,1.0536,27.04,LOW,51.06,warning,53.75,LOW,LOW
2024-06-01,SUP_0145,SUP_0145,acero,watch,2080880.21,75,13.46,14.43,14.18,9.21,1.0074,1.0536,59.2,LOW,11.88,critical,112.07,MED,HIGH
2024-06-01,SUP_0146,SUP_0146,logistica,stable,2105579.47,88,1.92,12.22,5.22,24.95,1.0074,1.0536,1.49,LOW,71.62,warning,19.15,LOW,LOW
2024-06-01,SUP_0147,SUP_0147,fontaneria,stable,2426734.72,52,2.58,5.1,16.13,16.15,1.0074,1.0536,6.49,LOW,76.32,warning,24.74,LOW,LOW
2024-06-01,SUP_0148,SUP_0148,cemento,watch,1944036.48,201,4.03,34.62,32.92,9.05,1.0074,1.0536,69.79,LOW,0.0,critical,131.99,HIGH,HIGH
2024-06-01,SUP_0149,SUP_0149,acabados,stable,1630373.38,125,9.08,6.97,30.77,45.0,1.0074,1.0536,6.56,LOW,47.88,critical,52.19,LOW,LOW
2024-06-01,SUP_0150,SUP_0150,acabados,stable,3047407.24,91,4.35,3.37,66.54,28.52,1.0074,1.0536,19.54,LOW,53.17,warning,49.8,LOW,LOW
2024-06-01,SUP_0151,SUP_0151,acabados,fragile,4226311.33,142,1.88,16.49,95.0,10.45,1.0074,1.0536,62.69,LOW,16.13,critical,117.58,MED,HIGH
2024-06-01,SUP_0152,SUP_0152,logistica,fragile,1232477.83,59,1.81,6.08,30.87,1.46,1.0074,1.0536,26.98,LOW,65.44,warning,48.12,LOW,LOW
2024-06-01,SUP_0153,SUP_0153,hormigon,stable,2769541.58,130,6.9,3.48,25.41,11.79,1.0074,1.0536,25.56,LOW,54.24,warning,57.22,LOW,LOW
2024-06-01,SUP_0154,SUP_0154,logistica,watch,2637221.68,104,4.11,16.93,28.64,15.46,1.0074,1.0536,35.16,LOW,39.1,warning,77.24,MED,LOW
2024-06-01,SUP_0155,SUP_0155,acero,stable,2914549.81,43,7.79,17.17,23.35,11.66,1.0074,1.0536,47.97,LOW,26.8,warning,94.03,MED,MED
2024-06-01,SUP_0156,SUP_0156,acabados,watch,3189392.85,148,0.0,4.78,45.24,12.67,1.0074,1.0536,14.86,LOW,70.09,warning,24.68,LOW,LOW
2024-06-01,SUP_0157,SUP_0157,fontaneria,stable,1866154.8,180,1.73,14.24,51.68,20.26,1.0074,1.0536,29.55,LOW,43.04,warning,72.26,LOW,LOW
2024-06-01,SUP_0158,SUP_0158,acabados,watch,1998100.5,157,5.44,20.51,35.75,21.37,1.0074,1.0536,41.82,LOW,23.87,critical,66.2,LOW,MED
2024-06-01,SUP_0159,SUP_0159,fontaneria,watch,3042351.8,96,0.0,24.52,62.19,14.85,1.0074,1.0536,49.91,LOW,25.3,critical,102.61,MED,MED
2024-06-01,SUP_0160,SUP_0160,fontaneria,watch,4545503.87,95,4.42,20.48,23.09,13.6,1.0074,1.0536,40.76,LOW,32.91,warning,89.8,MED,MED
2024-06-01,SUP_0161,SUP_0161,fontaneria,stable,409713.78,86,2.68,10.6,25.89,26.19,1.0074,1.0536,9.42,LOW,62.98,warning,31.3,LOW,LOW
2024-06-01,SUP_0162,SUP_0162,acabados,fragile,3780153.7,56,6.73,1.61,86.93,10.11,1.0074,1.0536,51.6,LOW,32.61,critical,93.14,MED,MED
2024-06-01,SUP_0163,SUP_0163,acabados,stable,4596185.25,43,15.12,16.12,42.94,21.14,1.0074,1.0536,67.71,LOW,0.0,critical,131.07,HIGH,HIGH
2024-06-01,SUP_0164,SUP_0164,cemento,stable,2820695.12,126,3.34,5.33,43.74,1.06,1.0074,1.0536,36.65,LOW,52.88,warning,60.17,LOW,LOW
2024-06-01,SUP_0165,SUP_0165,acabados,watch,4753223.14,19,1.73,15.22,38.22,1.71,1.0074,1.0536,43.49,LOW,45.49,warning,73.07,LOW,MED
2024-06-01,SUP_0166,SUP_0166,electricidad,stable,1972292.01,136,3.43,10.07,34.8,10.07,1.0074,1.0536,30.99,LOW,49.92,warning,71.11,LOW,LOW
2024-06-01,SUP_0167,SUP_0167,acero,fragile,3851104.11,73,16.9,6.19,61.4,11.46,1.0074,1.0536,76.15,MED,0.0,critical,122.2,HIGH,HIGH
2024-06-01,SUP_0168,SUP_0168,electricidad,fragile,953526.34,135,3.84,20.51,52.27,16.5,1.0074,1.0536,49.31,LOW,21.82,critical,99.84,MED,MED
2024-06-01,SUP_0169,SUP_0169,logistica,stable,338812.44,62,2.7,4.55,21.59,26.09,1.0074,1.0536,-1.45,LOW,77.66,stable,14.89,LOW,LOW
2024-06-01,SUP_0170,SUP_0170,logistica,fragile,3956092.56,145,13.25,8.98,56.01,9.36,1.0074,1.0536,69.05,LOW,2.77,critical,118.18,MED,HIGH
2024-06-01,SUP_0171,SUP_0171,acabados,stable,2463235.23,204,6.31,8.99,18.19,28.55,1.0074,1.0536,12.06,LOW,52.47,warning,40.0,LOW,LOW
2024-06-01,SUP_0172,SUP_0172,electricidad,watch,3046368.04,170,9.03,11.06,54.95,9.68,1.0074,1.0536,58.73,LOW,15.32,critical,111.75,MED,HIGH
2024-06-01,SUP_0173,SUP_0173,acabados,stable,1561951.64,27,2.46,9.47,49.09,18.38,1.0074,1.0536,25.3,LOW,54.74,warning,62.53,LOW,LOW
2024-06-01,SUP_0174,SUP_0174,acero,fragile,1480136.9,194,11.15,18.52,44.55,14.11,1.0074,1.0536,67.17,LOW,0.0,critical,132.21,HIGH,HIGH
2024-06-01,SUP_0175,SUP_0175,fontaneria,stable,2661276.18,139,1.6,9.77,27.43,26.82,1.0074,1.0536,4.97,LOW,66.95,warning,36.41,LOW,LOW
2024-06-01,SUP_0176,SUP_0176,fontaneria,stable,1791500.59,28,5.51,18.25,40.57,12.08,1.0074,1.0536,50.09,LOW,26.57,critical,100.61,MED,MED
2024-06-01,SUP_0177,SUP_0177,hormigon,stable,3537040.13,131,7.05,14.76,27.73,27.45,1.0074,1.0536,28.32,LOW,35.48,warning,74.36,LOW,LOW
2024-06-01,SUP_0178,SUP_0178,hormigon,fragile,3645365.45,120,2.16,14.01,57.49,10.69,1.0074,1.0536,42.66,LOW,37.63,critical,91.97,MED,MED
2024-06-01,SUP_0179,SUP_0179,cemento,fragile,3436045.72,112,1.41,6.25,12.86,9.5,1.0074,1.0536,9.89,LOW,76.04,stable,27.44,LOW,LOW
2024-06-01,SUP_0180,SUP_0180,cemento,watch,3015386.43,94,11.06,12.19,39.04,15.96,1.0074,1.0536,53.08,LOW,16.55,critical,96.09,MED,MED
2024-06-01,SUP_0181,SUP_0181,electricidad,fragile,4962026.11,145,7.94,9.19,8.81,1.0,1.0074,1.0536,40.57,LOW,41.9,critical,69.28,LOW,MED
2024-06-01,SUP_0182,SUP_0182,electricidad,fragile,1519091.1,128,7.27,13.85,17.14,3.73,1.0074,1.0536,46.58,LOW,32.97,critical,88.48,MED,MED
2024-06-01,SUP_0183,SUP_0183,hormigon,watch,3247896.54,163,3.9,16.96,62.5,6.61,1.0074,1.0536,58.65,LOW,19.8,critical,105.32,MED,HIGH
2024-06-01,SUP_0184,SUP_0184,acero,stable,5157546.53,9,7.38,12.41,59.4,16.93,1.0074,1.0536,50.55,LOW,24.59,critical,94.54,MED,MED
2024-06-01,SUP_0185,SUP_0185,fontaneria,watch,5395537.53,104,0.0,17.6,29.21,12.16,1.0074,1.0536,27.39,LOW,52.78,warning,55.32,LOW,LOW
2024-06-01,SUP_0186,SUP_0186,hormigon,watch,1263613.19,113,1.52,19.94,16.08,4.87,1.0074,1.0536,36.84,LOW,45.1,warning,75.4,MED,LOW
2024-06-01,SUP_0187,SUP_0187,acero,stable,1903636.71,25,1.74,4.59,5.31,10.07,1.0074,1.0536,4.42,LOW,84.25,stable,18.76,LOW,LOW
2024-06-01,SUP_0188,SUP_0188,acero,stable,5106500.1,92,3.36,8.35,20.84,10.31,1.0074,1.0536,21.68,LOW,61.32,warning,40.79,LOW,LOW
2024-06-01,SUP_0189,SUP_0189,electricidad,watch,4103113.65,156,5.18,8.53,88.43,32.25,1.0074,1.0536,35.88,LOW,29.04,critical,89.32,MED,LOW
2024-06-01,SUP_0190,SUP_0190,acero,stable,3411728.08,42,6.88,0.0,39.43,38.28,1.0074,1.0536,0.1,LOW,66.89,stable,25.86,LOW,LOW
2024-06-01,SUP_0191,SUP_0191,acabados,fragile,2402922.66,124,4.93,17.63,25.14,9.1,1.0074,1.0536,43.46,LOW,33.16,critical,78.01,MED,MED
2024-06-01,SUP_0192,SUP_0192,acero,stable,2703883.95,72,2.15,0.0,23.92,20.9,1.0074,1.0536,-3.69,LOW,85.79,stable,7.37,LOW,LOW
2024-06-01,SUP_0193,SUP_0193,electricidad,stable,3802674.02,70,8.09,0.47,14.41,9.08,1.0074,1.0536,22.38,LOW,61.29,warning,33.0,LOW,LOW
2024-06-01,SUP_0194,SUP_0194,acero,fragile,2352101.69,174,4.89,22.46,37.07,1.44,1.0074,1.0536,63.61,LOW,14.11,critical,121.64,HIGH,HIGH
2024-06-01,SUP_0195,SUP_0195,hormigon,stable,3137644.17,66,9.33,13.68,28.97,20.57,1.0074,1.0536,40.98,LOW,27.49,critical,82.69,MED,MED
2024-06-01,SUP_0196,SUP_0196,fontaneria,stable,3519576.77,115,1.98,4.67,29.58,11.33,1.0074,1.0536,14.92,LOW,69.95,warning,28.45,LOW,LOW
2024-06-01,SUP_0197,SUP_0197,hormigon,watch,2981462.16,15,5.67,6.6,59.97,12.71,1.0074,1.0536,41.19,LOW,41.12,warning,76.49,MED,MED
2024-06-01,SUP_0198,SUP_0198,acero,fragile,3697568.6,82,5.11,26.0,62.4,4.28,1.0074,1.0536,78.12,MED,0.0,critical,136.89,HIGH,HIGH
2024-06-01,SUP_0199,SUP_0199,acabados,stable,4375907.4,103,4.01,7.65,21.06,5.16,1.0074,1.0536,27.81,LOW,57.9,warning,63.36,LOW,LOW
2024-06-01,SUP_0200,SUP_0200,logistica,stable,1060112.66,102,6.2,16.77,23.95,24.02,1.0074,1.0536,30.53,LOW,36.22,critical,69.87,LOW,LOW
2024-06-01,SUP_0201,SUP_0201,fontaneria,watch,2933975.45,139,1.49,8.53,55.08,19.13,1.0074,1.0536,22.94,LOW,54.71,warning,46.91,LOW,LOW
2024-06-01,SUP_0202,SUP_0202,logistica,fragile,2348945.07,29,0.0,19.85,87.65,11.13,1.0074,1.0536,58.09,LOW,23.88,critical,101.89,MED,HIGH
2024-06-01,SUP_0203,SUP_0203,acabados,watch,4733391.63,141,7.95,18.75,27.34,4.95,1.0074,1.0536,59.35,LOW,15.87,critical,108.14,MED,HIGH
2024-06-01,SUP_0204,SUP_0204,electricidad,stable,2824820.97,71,8.98,12.23,20.7,26.02,1.0074,1.0536,28.57,LOW,37.3,critical,64.65,LOW,LOW
2024-06-01,SUP_0205,SUP_0205,acabados,stable,3288653.55,95,0.85,3.55,52.95,14.37,1.0074,1.0536,17.33,LOW,67.87,warning,39.72,LOW,LOW
2024-06-01,SUP_0206,SUP_0206,acero,stable,5308680.21,51,0.12,7.47,26.49,37.93,1.0074,1.0536,-14.45,LOW,84.41,warning,10.61,LOW,LOW
2024-06-01,SUP_0207,SUP_0207,electricidad,stable,2882588.09,69,5.27,8.94,53.67,22.87,1.0074,1.0536,30.49,LOW,42.86,warning,63.95,LOW,LOW
2024-06-01,SUP_0208,SUP_0208,electricidad,watch,4131518.14,112,5.08,3.27,36.39,6.54,1.0074,1.0536,29.98,LOW,55.69,warning,52.56,LOW,LOW
2024-06-01,SUP_0209,SUP_0209,logistica,stable,423829.21,68,5.0,8.54,51.63,17.73,1.0074,1.0536,33.32,LOW,43.86,warning,62.94,LOW,LOW
2024-06-01,SUP_0210,SUP_0210,acabados,watch,4332963.46,175,2.9,9.3,45.42,17.85,1.0074,1.0536,25.23,LOW,50.37,warning,62.37,LOW,LOW
2024-06-01,SUP_0211,SUP_0211,electricidad,watch,3995004.81,68,6.33,13.17,47.98,14.83,1.0074,1.0536,45.49,LOW,29.93,critical,94.44,MED,MED
2024-06-01,SUP_0212,SUP_0212,fontaneria,watch,4690906.0,127,0.32,21.82,56.44,15.45,1.0074,1.0536,43.62,LOW,31.32,critical,82.51,MED,MED
2024-06-01,SUP_0213,SUP_0213,hormigon,stable,1625765.04,118,2.89,7.81,24.73,24.52,1.0074,1.0536,7.0,LOW,66.72,warning,29.2,LOW,LOW
2024-06-01,SUP_0214,SUP_0214,acabados,fragile,1511018.25,176,8.99,14.53,31.02,14.18,1.0074,1.0536,48.56,LOW,20.7,critical,96.37,MED,MED
2024-06-01,SUP_0215,SUP_0215,electricidad,watch,4282857.86,24,3.16,4.87,42.45,9.85,1.0074,1.0536,26.05,LOW,61.22,warning,59.2,LOW,LOW
2024-06-01,SUP_0216,SUP_0216,electricidad,watch,4054825.11,148,6.26,16.67,48.41,18.61,1.0074,1.0536,46.95,LOW,21.92,critical,102.21,MED,MED
2024-06-01,SUP_0217,SUP_0217,acabados,stable,4053202.45,190,8.81,4.84,11.52,39.09,1.0074,1.0536,-0.2,LOW,57.88,warning,23.4,LOW,LOW
2024-06-01,SUP_0218,SUP_0218,fontaneria,stable,3979325.65,34,9.02,4.43,45.52,38.57,1.0074,1.0536,15.61,LOW,47.05,warning,58.15,LOW,LOW
2024-06-01,SUP_0219,SUP_0219,cemento,fragile,1303713.91,179,3.08,21.2,54.11,5.75,1.0074,1.0536,59.63,LOW,17.59,critical,109.59,MED,HIGH
2024-06-01,SUP_0220,SUP_0220,acero,stable,5239834.3,110,6.79,9.85,41.21,9.36,1.0074,1.0536,44.35,LOW,34.54,warning,87.85,MED,MED
2024-07-01,SUP_0001,SUP_0001,logistica,watch,4755994.18,132,0.0,14.25,53.64,4.48,1.0607,1.218,41.04,LOW,44.97,warning,72.75,LOW,MED
2024-07-01,SUP_0002,SUP_0002,acero,stable,4105687.51,91,2.71,7.01,17.18,28.05,1.0607,1.218,-1.68,LOW,74.51,warning,33.5,LOW,LOW
2024-07-01,SUP_0003,SUP_0003,cemento,fragile,4041486.58,47,0.52,19.49,61.6,11.49,1.0607,1.218,47.01,LOW,33.84,critical,80.85,MED,MED
2024-07-01,SUP_0004,SUP_0004,electricidad,watch,2716022.59,103,2.64,9.31,36.75,5.34,1.0607,1.218,33.06,LOW,53.09,warning,60.8,LOW,LOW
2024-07-01,SUP_0005,SUP_0005,electricidad,stable,4087432.87,132,4.57,6.63,55.38,25.08,1.0607,1.218,23.5,LOW,48.36,warning,59.49,LOW,LOW
2024-07-01,SUP_0006,SUP_0006,fontaneria,fragile,6756362.77,86,9.88,23.86,91.96,15.97,1.0607,1.218,90.83,MED,0.0,critical,162.39,HIGH,HIGH
2024-07-01,SUP_0007,SUP_0007,acero,watch,3429130.01,82,7.17,16.12,64.57,18.01,1.0607,1.218,56.75,LOW,13.87,critical,100.59,MED,HIGH
2024-07-01,SUP_0008,SUP_0008,logistica,watch,2042303.7,106,5.63,2.03,48.32,19.91,1.0607,1.218,21.75,LOW,55.47,warning,47.6,LOW,LOW
2024-07-01,SUP_0009,SUP_0009,electricidad,stable,5971187.62,43,2.18,7.59,10.65,7.68,1.0607,1.218,15.02,LOW,72.73,stable,27.9,LOW,LOW
2024-07-01,SUP_0010,SUP_0010,acero,watch,5064162.99,61,4.0,7.46,50.63,18.95,1.0607,1.218,27.02,LOW,51.11,warning,57.17,LOW,LOW
2024-07-01,SUP_0011,SUP_0011,logistica,stable,3238462.78,245,3.75,4.48,13.32,11.58,1.0607,1.218,12.39,LOW,66.74,stable,23.15,LOW,LOW
2024-07-01,SUP_0012,SUP_0012,logistica,fragile,4521602.83,172,10.72,42.28,51.33,10.24,1.0607,1.218,108.45,MED,0.0,critical,180.0,HIGH,HIGH
2024-07-01,SUP_0013,SUP_0013,electricidad,watch,2925043.99,209,7.07,22.5,73.12,21.83,1.0607,1.218,66.02,LOW,0.0,critical,123.35,HIGH,HIGH
2024-07-01,SUP_0014,SUP_0014,cemento,fragile,3055545.31,62,12.74,21.52,71.05,22.75,1.0607,1.218,79.73,MED,0.0,critical,140.15,HIGH,HIGH
2024-07-01,SUP_0015,SUP_0015,fontaneria,stable,1883409.0,85,4.08,6.03,22.12,40.48,1.0607,1.218,-9.24,LOW,73.3,stable,2.95,LOW,LOW
2024-07-01,SUP_0016,SUP_0016,electricidad,stable,1176264.8,78,7.26,13.21,20.21,30.93,1.0607,1.218,19.75,LOW,43.93,warning,54.02,LOW,LOW
2024-07-01,SUP_0017,SUP_0017,hormigon,watch,5532178.24,12,6.84,7.55,48.13,11.91,1.0607,1.218,41.59,LOW,39.71,critical,76.73,MED,MED
2024-07-01,SUP_0018,SUP_0018,fontaneria,stable,4106235.34,51,5.73,11.5,13.95,24.77,1.0607,1.218,15.95,LOW,54.93,stable,54.85,LOW,LOW
2024-07-01,SUP_0019,SUP_0019,acabados,fragile,3342759.61,18,7.66,10.83,40.38,16.65,1.0607,1.218,40.75,LOW,34.8,critical,84.23,MED,MED
2024-07-01,SUP_0020,SUP_0020,cemento,watch,411388.27,13,1.27,17.03,50.24,16.3,1.0607,1.218,35.67,LOW,43.57,critical,75.44,MED,LOW
2024-07-01,SUP_0021,SUP_0021,acabados,watch,1801255.32,77,4.01,12.46,63.73,13.64,1.0607,1.218,45.74,LOW,32.84,critical,81.83,MED,MED
2024-07-01,SUP_0022,SUP_0022,cemento,stable,4384024.62,207,2.09,4.03,31.16,33.52,1.0607,1.218,-7.18,LOW,75.08,stable,18.47,LOW,LOW
2024-07-01,SUP_0023,SUP_0023,acabados,fragile,2643632.48,99,10.52,23.08,4.69,11.66,1.0607,1.218,56.64,LOW,10.75,critical,108.87,MED,HIGH
2024-07-01,SUP_0024,SUP_0024,acero,fragile,4019446.29,159,10.75,10.79,72.49,6.81,1.0607,1.218,74.24,MED,0.41,critical,140.5,HIGH,HIGH
2024-07-01,SUP_0025,SUP_0025,cemento,watch,1212833.61,186,3.31,25.63,43.73,9.28,1.0607,1.218,58.77,LOW,13.5,critical,105.57,MED,HIGH
2024-07-01,SUP_0026,SUP_0026,logistica,stable,6691841.58,164,2.76,16.05,43.11,21.2,1.0607,1.218,30.54,LOW,39.98,warning,65.16,LOW,LOW
2024-07-01,SUP_0027,SUP_0027,hormigon,watch,2549296.92,63,5.03,7.95,79.52,16.7,1.0607,1.218,46.12,LOW,32.13,warning,79.91,MED,MED
2024-07-01,SUP_0028,SUP_0028,fontaneria,stable,3615018.14,173,4.2,12.15,4.33,22.6,1.0607,1.218,10.19,LOW,59.64,stable,25.04,LOW,LOW
2024-07-01,SUP_0029,SUP_0029,hormigon,stable,5709976.85,163,3.93,8.53,28.08,33.15,1.0607,1.218,4.08,LOW,61.29,stable,34.55,LOW,LOW
2024-07-01,SUP_0030,SUP_0030,logistica,watch,6129522.95,67,5.29,7.53,64.17,13.69,1.0607,1.218,42.35,LOW,37.69,critical,76.44,MED,MED
2024-07-01,SUP_0031,SUP_0031,acabados,watch,3109018.79,120,10.17,4.58,14.41,17.18,1.0607,1.218,26.69,LOW,46.08,warning,68.76,LOW,LOW
2024-07-01,SUP_0032,SUP_0032,acabados,fragile,3807868.32,115,9.27,12.4,88.44,13.14,1.0607,1.218,73.07,MED,0.0,critical,120.07,HIGH,HIGH
2024-07-01,SUP_0033,SUP_0033,electricidad,stable,3156727.6,117,0.79,4.15,39.84,6.95,1.0607,1.218,19.58,LOW,69.53,warning,38.71,LOW,LOW
2024-07-01,SUP_0034,SUP_0034,electricidad,stable,4560621.64,64,2.74,5.02,34.74,31.54,1.0607,1.218,-0.15,LOW,72.46,stable,17.92,LOW,LOW
2024-07-01,SUP_0035,SUP_0035,fontaneria,watch,4694520.29,65,10.34,8.66,36.56,11.21,1.0607,1.218,49.24,LOW,26.85,critical,86.64,MED,MED
2024-07-01,SUP_0036,SUP_0036,acabados,stable,3089105.44,147,3.74,7.38,47.02,4.95,1.0607,1.218,38.51,LOW,46.44,warning,58.19,LOW,MED
2024-07-01,SUP_0037,SUP_0037,acabados,stable,3910754.01,133,4.88,1.53,39.84,8.49,1.0607,1.218,26.39,LOW,58.46,stable,48.37,LOW,LOW
2024-07-01,SUP_0038,SUP_0038,cemento,watch,4035429.81,89,1.79,11.3,31.22,9.62,1.0607,1.218,26.75,LOW,56.87,warning,51.73,LOW,LOW
2024-07-01,SUP_0039,SUP_0039,fontaneria,stable,9851282.79,127,7.25,18.68,41.25,21.63,1.0607,1.218,46.7,LOW,18.84,critical,107.12,MED,MED
2024-07-01,SUP_0040,SUP_0040,cemento,watch,3043746.3,155,8.76,14.79,59.83,8.66,1.0607,1.218,66.73,LOW,6.83,critical,112.48,MED,HIGH
2024-07-01,SUP_0041,SUP_0041,acero,stable,5454905.27,154,3.03,24.52,26.5,8.92,1.0607,1.218,48.87,LOW,25.42,critical,91.6,MED,MED
2024-07-01,SUP_0042,SUP_0042,acabados,fragile,3049074.87,245,8.23,17.91,43.26,17.82,1.0607,1.218,53.19,LOW,10.69,critical,109.29,MED,MED
2024-07-01,SUP_0043,SUP_0043,hormigon,watch,5008328.92,200,0.0,6.06,34.74,13.8,1.0607,1.218,10.91,LOW,71.08,warning,24.08,LOW,LOW
2024-07-01,SUP_0044,SUP_0044,acabados,stable,1855634.28,56,1.78,4.99,39.38,26.87,1.0607,1.218,3.7,LOW,72.88,warning,19.61,LOW,LOW
2024-07-01,SUP_0045,SUP_0045,electricidad,fragile,2355349.44,272,10.57,11.52,95.0,19.77,1.0607,1.218,71.97,MED,0.0,critical,139.97,HIGH,HIGH
2024-07-01,SUP_0046,SUP_0046,hormigon,fragile,4624485.62,68,0.34,17.25,27.85,13.22,1.0607,1.218,26.2,LOW,54.21,critical,61.72,LOW,LOW
2024-07-01,SUP_0047,SUP_0047,acero,stable,5493811.08,179,3.72,19.18,27.86,1.43,1.0607,1.218,51.04,LOW,29.35,critical,82.33,MED,MED
2024-07-01,SUP_0048,SUP_0048,electricidad,stable,2716064.19,104,12.3,21.59,49.05,17.1,1.0607,1.218,74.26,MED,0.0,critical,139.15,HIGH,HIGH
2024-07-01,SUP_0049,SUP_0049,acabados,watch,1425384.08,94,2.15,10.37,25.99,1.0,1.0607,1.218,32.68,LOW,56.51,warning,56.55,LOW,LOW
2024-07-01,SUP_0050,SUP_0050,fontaneria,stable,1462294.24,19,5.26,4.16,21.82,13.69,1.0607,1.218,18.14,LOW,65.08,warning,40.15,LOW,LOW
2024-07-01,SUP_0051,SUP_0051,logistica,stable,1654122.03,99,4.36,4.96,37.26,22.14,1.0607,1.218,15.14,LOW,60.68,warning,44.75,LOW,LOW
2024-07-01,SUP_0052,SUP_0052,logistica,stable,1144560.5,38,9.62,9.48,44.01,31.53,1.0607,1.218,31.36,LOW,32.63,critical,74.27,LOW,LOW
2024-07-01,SUP_0053,SUP_0053,acabados,watch,3393643.31,230,1.75,13.24,41.69,25.31,1.0607,1.218,18.57,LOW,49.71,warning,38.68,LOW,LOW
2024-07-01,SUP_0054,SUP_0054,fontaneria,watch,4773413.01,161,4.72,10.34,52.85,12.79,1.0607,1.218,40.64,LOW,36.33,warning,71.59,LOW,MED
2024-07-01,SUP_0055,SUP_0055,acero,watch,3235538.59,92,15.38,16.59,54.08,7.66,1.0607,1.218,87.72,MED,0.0,critical,149.77,HIGH,HIGH
2024-07-01,SUP_0056,SUP_0056,acero,watch,615065.89,89,0.95,7.94,75.39,16.18,1.0607,1.218,32.5,LOW,49.41,warning,57.0,LOW,LOW
2024-07-01,SUP_0057,SUP_0057,cemento,watch,2819677.2,77,2.42,4.56,51.65,15.29,1.0607,1.218,22.04,LOW,61.02,warning,56.15,LOW,LOW
2024-07-01,SUP_0058,SUP_0058,acero,watch,4050187.24,101,5.37,12.0,74.89,14.96,1.0607,1.218,52.86,LOW,23.01,critical,94.64,MED,MED
2024-07-01,SUP_0059,SUP_0059,logistica,stable,7996362.44,167,4.86,10.69,23.81,27.3,1.0607,1.218,14.04,LOW,52.98,stable,53.74,LOW,LOW
2024-07-01,SUP_0060,SUP_0060,acero,stable,1565821.86,93,4.29,12.58,4.98,23.24,1.0607,1.218,10.72,LOW,60.8,warning,36.72,LOW,LOW
2024-07-01,SUP_0061,SUP_0061,cemento,watch,2740077.12,158,4.4,2.1,78.72,14.38,1.0607,1.218,37.39,LOW,43.06,warning,61.88,LOW,LOW
2024-07-01,SUP_0062,SUP_0062,fontaneria,watch,4966922.93,105,0.23,3.77,29.67,19.69,1.0607,1.218,0.02,LOW,81.92,stable,9.45,LOW,LOW
2024-07-01,SUP_0063,SUP_0063,logistica,watch,3338762.83,146,11.81,6.26,42.82,7.65,1.0607,1.218,56.43,LOW,19.29,critical,110.35,MED,HIGH
2024-07-01,SUP_0064,SUP_0064,logistica,watch,4118631.83,109,1.91,9.45,63.77,19.83,1.0607,1.218,28.78,LOW,48.43,warning,50.97,LOW,LOW
2024-07-01,SUP_0065,SUP_0065,hormigon,watch,4048955.59,129,4.51,4.29,14.49,21.62,1.0607,1.218,4.88,LOW,70.53,warning,28.96,LOW,LOW
2024-07-01,SUP_0066,SUP_0066,electricidad,watch,5479939.02,121,6.09,0.0,19.91,12.94,1.0607,1.218,14.31,LOW,67.56,warning,31.21,LOW,LOW
2024-07-01,SUP_0067,SUP_0067,electricidad,watch,4737867.44,124,5.6,1.87,13.48,7.74,1.0607,1.218,17.94,LOW,66.78,warning,29.53,LOW,LOW
2024-07-01,SUP_0068,SUP_0068,hormigon,stable,2705025.14,117,7.11,9.66,24.77,13.69,1.0607,1.218,33.28,LOW,42.38,warning,58.78,LOW,LOW
2024-07-01,SUP_0069,SUP_0069,hormigon,stable,5774127.58,74,9.65,2.55,37.99,20.38,1.0607,1.218,29.48,LOW,44.12,warning,70.94,LOW,LOW
2024-07-01,SUP_0070,SUP_0070,hormigon,stable,1545289.56,147,7.09,8.16,32.7,25.41,1.0607,1.218,22.81,LOW,45.09,critical,54.2,LOW,LOW
2024-07-01,SUP_0071,SUP_0071,logistica,stable,4634599.8,110,0.14,11.76,25.7,13.0,1.0607,1.218,16.64,LOW,65.59,stable,47.71,LOW,LOW
2024-07-01,SUP_0072,SUP_0072,acabados,stable,3504612.98,181,2.45,0.0,10.96,23.66,1.0607,1.218,-11.37,LOW,88.11,stable,0.0,LOW,LOW
2024-07-01,SUP_0073,SUP_0073,acabados,fragile,3307045.53,223,3.75,17.88,4.77,5.06,1.0607,1.218,35.17,LOW,42.16,critical,62.09,LOW,LOW
2024-07-01,SUP_0074,SUP_0074,acabados,stable,4307908.86,238,3.49,22.52,29.34,19.33,1.0607,1.218,38.12,LOW,27.43,critical,80.33,MED,MED
2024-07-01,SUP_0075,SUP_0075,logistica,stable,2771966.84,102,2.04,5.3,19.98,20.74,1.0607,1.218,2.34,LOW,76.43,stable,9.36,LOW,LOW
2024-07-01,SUP_0076,SUP_0076,cemento,stable,2388123.81,146,7.15,5.67,24.21,45.0,1.0607,1.218,-4.15,LOW,60.52,warning,19.75,LOW,LOW
2024-07-01,SUP_0077,SUP_0077,logistica,stable,3117874.34,74,2.02,3.62,42.55,7.67,1.0607,1.218,22.96,LOW,66.01,warning,39.64,LOW,LOW
2024-07-01,SUP_0078,SUP_0078,cemento,watch,1500269.84,96,3.66,8.66,47.42,29.72,1.0607,1.218,15.6,LOW,54.21,warning,51.52,LOW,LOW
2024-07-01,SUP_0079,SUP_0079,electricidad,watch,4640864.48,56,0.33,15.04,63.87,15.16,1.0607,1.218,37.12,LOW,43.49,warning,75.73,MED,LOW
2024-07-01,SUP_0080,SUP_0080,fontaneria,watch,2557160.52,227,3.37,21.05,48.4,10.86,1.0607,1.218,52.59,LOW,19.65,critical,95.66,MED,MED
2024-07-01,SUP_0081,SUP_0081,acero,watch,5573639.18,166,4.27,16.87,48.11,19.12,1.0607,1.218,40.66,LOW,29.23,critical,92.27,MED,MED
2024-07-01,SUP_0082,SUP_0082,hormigon,stable,2304170.99,105,6.91,6.13,23.9,15.33,1.0607,1.218,25.34,LOW,51.58,warning,50.94,LOW,LOW
2024-07-01,SUP_0083,SUP_0083,hormigon,fragile,3177683.73,191,7.31,30.49,46.53,11.39,1.0607,1.218,77.23,MED,0.0,critical,139.88,HIGH,HIGH
2024-07-01,SUP_0084,SUP_0084,acabados,stable,3441898.54,9,5.75,11.33,32.02,33.22,1.0607,1.218,15.43,LOW,51.28,warning,47.45,LOW,LOW
2024-07-01,SUP_0085,SUP_0085,acero,stable,6255514.38,10,6.29,25.42,29.25,11.41,1.0607,1.218,58.73,LOW,14.56,critical,118.27,MED,HIGH
2024-07-01,SUP_0086,SUP_0086,acero,stable,5158551.82,197,0.3,5.42,23.63,33.36,1.0607,1.218,-13.7,LOW,83.08,stable,0.0,LOW,LOW
2024-07-01,SUP_0087,SUP_0087,logistica,watch,3332839.02,85,11.28,16.53,59.75,10.83,1.0607,1.218,74.69,MED,0.0,critical,144.42,HIGH,HIGH
2024-07-01,SUP_0088,SUP_0088,hormigon,watch,3523920.88,108,4.63,15.95,37.2,15.34,1.0607,1.218,39.23,LOW,34.95,warning,69.57,LOW,MED
2024-07-01,SUP_0089,SUP_0089,logistica,stable,710921.38,52,6.04,27.25,22.61,6.37,1.0607,1.218,62.8,LOW,11.82,critical,113.97,MED,HIGH
2024-07-01,SUP_0090,SUP_0090,logistica,watch,4742951.27,101,19.86,15.15,52.13,16.34,1.0607,1.218,89.44,MED,0.0,critical,166.27,HIGH,HIGH
2024-07-01,SUP_0091,SUP_0091,fontaneria,stable,6649983.96,301,2.35,4.22,3.88,33.11,1.0607,1.218,-17.99,LOW,82.98,stable,0.0,LOW,LOW
2024-07-01,SUP_0092,SUP_0092,hormigon,watch,3043082.35,158,0.0,18.2,18.11,19.08,1.0607,1.218,16.37,LOW,57.39,warning,52.87,LOW,LOW
2024-07-01,SUP_0093,SUP_0093,hormigon,stable,4721590.23,149,8.14,2.64,12.21,18.43,1.0607,1.218,15.44,LOW,58.66,warning,40.38,LOW,LOW
2024-07-01,SUP_0094,SUP_0094,hormigon,stable,3819750.56,118,11.38,7.64,4.86,10.61,1.0607,1.218,37.16,LOW,37.2,critical,69.99,LOW,LOW
2024-07-01,SUP_0095,SUP_0095,fontaneria,stable,6155178.37,104,4.08,11.5,19.0,18.14,1.0607,1.218,19.9,LOW,55.36,warning,41.52,LOW,LOW
2024-07-01,SUP_0096,SUP_0096,hormigon,watch,919358.09,6,0.0,14.22,68.46,5.39,1.0607,1.218,46.75,LOW,42.47,warning,80.77,MED,MED
2024-07-01,SUP_0097,SUP_0097,electricidad,stable,1013911.97,163,3.21,7.98,24.57,11.5,1.0607,1.218,21.16,LOW,59.29,warning,51.81,LOW,LOW
2024-07-01,SUP_0098,SUP_0098,cemento,stable,3734001.17,125,4.21,7.42,31.69,23.11,1.0607,1.218,14.91,LOW,58.4,warning,48.4,LOW,LOW
2024-07-01,SUP_0099,SUP_0099,electricidad,stable,2093437.83,28,5.0,10.26,50.21,32.45,1.0607,1.218,20.55,LOW,47.4,warning,52.88,LOW,LOW
2024-07-01,SUP_0100,SUP_0100,cemento,fragile,5559569.35,87,3.3,21.12,81.05,22.28,1.0607,1.218,55.77,LOW,13.28,critical,97.77,MED,MED
2024-07-01,SUP_0101,SUP_0101,fontaneria,fragile,3820413.81,71,13.6,1.05,53.92,11.48,1.0607,1.218,55.16,LOW,21.12,critical,98.19,MED,MED
2024-07-01,SUP_0102,SUP_0102,cemento,watch,605295.87,55,10.72,9.85,67.95,27.78,1.0607,1.218,49.72,LOW,14.94,critical,87.14,MED,MED
2024-07-01,SUP_0103,SUP_0103,hormigon,stable,1577194.0,141,0.42,4.23,35.08,20.08,1.0607,1.218,3.31,LOW,76.88,stable,11.43,LOW,LOW
2024-07-01,SUP_0104,SUP_0104,hormigon,fragile,396485.6,10,11.83,4.87,36.83,7.28,1.0607,1.218,52.09,LOW,28.61,critical,79.57,MED,MED
2024-07-01,SUP_0105,SUP_0105,acabados,watch,3704649.4,122,9.75,9.38,35.12,24.35,1.0607,1.218,34.77,LOW,31.3,critical,79.79,MED,LOW
2024-07-01,SUP_0106,SUP_0106,cemento,watch,4365928.05,138,8.26,14.4,15.25,15.21,1.0607,1.218,38.05,LOW,32.46,critical,76.15,MED,MED
2024-07-01,SUP_0107,SUP_0107,electricidad,stable,3722293.92,102,3.34,5.8,21.18,22.71,1.0607,1.218,5.55,LOW,70.4,stable,28.67,LOW,LOW
2024-07-01,SUP_0108,SUP_0108,fontaneria,stable,6984729.88,14,6.99,19.54,28.42,15.46,1.0607,1.218,47.6,LOW,25.17,critical,94.55,MED,MED
2024-07-01,SUP_0109,SUP_0109,electricidad,stable,5928536.65,44,9.18,2.14,29.51,7.73,1.0607,1.218,36.28,LOW,47.11,warning,58.71,LOW,LOW
2024-07-01,SUP_0110,SUP_0110,fontaneria,fragile,3429742.6,140,0.82,14.91,82.68,3.21,1.0607,1.218,58.83,LOW,26.61,critical,109.31,MED,HIGH
2024-07-01,SUP_0111,SUP_0111,acabados,watch,709472.73,10,8.3,12.03,16.75,17.63,1.0607,1.218,32.86,LOW,41.06,critical,66.0,LOW,LOW
2024-07-01,SUP_0112,SUP_0112,acero,stable,4783185.67,132,6.04,7.44,33.54,17.07,1.0607,1.218,27.3,LOW,47.88,warning,62.39,LOW,LOW
2024-07-01,SUP_0113,SUP_0113,acabados,stable,4386837.15,38,11.94,5.57,17.52,11.62,1.0607,1.218,40.44,LOW,36.14,critical,73.08,LOW,MED
2024-07-01,SUP_0114,SUP_0114,acero,watch,4001934.87,215,2.98,3.11,59.8,17.59,1.0607,1.218,22.94,LOW,54.64,warning,55.5,LOW,LOW
2024-07-01,SUP_0115,SUP_0115,logistica,stable,6207235.54,107,11.35,7.6,27.76,20.37,1.0607,1.218,37.56,LOW,30.84,critical,66.74,LOW,MED
2024-07-01,SUP_0116,SUP_0116,electricidad,fragile,2102067.07,148,1.43,11.67,11.63,19.71,1.0607,1.218,7.31,LOW,68.16,warning,19.02,LOW,LOW
2024-07-01,SUP_0117,SUP_0117,acabados,watch,8177761.78,149,6.94,1.11,45.45,10.05,1.0607,1.218,32.9,LOW,48.59,warning,64.51,LOW,LOW
2024-07-01,SUP_0118,SUP_0118,logistica,watch,2087660.5,185,10.48,0.28,34.14,28.92,1.0607,1.218,18.31,LOW,46.74,warning,50.81,LOW,LOW
2024-07-01,SUP_0119,SUP_0119,acabados,stable,5597767.2,121,2.41,8.76,24.8,34.58,1.0607,1.218,-3.04,LOW,70.13,stable,22.37,LOW,LOW
2024-07-01,SUP_0120,SUP_0120,acabados,watch,1229859.13,108,14.87,16.22,25.57,15.65,1.0607,1.218,64.81,LOW,0.0,critical,127.15,HIGH,HIGH
2024-07-01,SUP_0121,SUP_0121,electricidad,watch,1818507.25,32,4.27,4.88,34.98,22.09,1.0607,1.218,13.78,LOW,64.17,warning,33.17,LOW,LOW
2024-07-01,SUP_0122,SUP_0122,cemento,watch,5931607.24,234,4.02,11.57,45.35,26.51,1.0607,1.218,23.3,LOW,42.66,warning,57.13,LOW,LOW
2024-07-01,SUP_0123,SUP_0123,electricidad,stable,2732598.35,76,0.17,9.82,34.2,28.22,1.0607,1.218,2.41,LOW,71.88,warning,29.06,LOW,LOW
2024-07-01,SUP_0124,SUP_0124,hormigon,stable,5887362.89,85,4.96,11.51,33.08,21.94,1.0607,1.218,25.09,LOW,47.38,critical,49.61,LOW,LOW
2024-07-01,SUP_0125,SUP_0125,logistica,stable,4181086.67,129,2.87,5.32,33.01,26.97,1.0607,1.218,4.46,LOW,68.62,stable,17.82,LOW,LOW
2024-07-01,SUP_0126,SUP_0126,hormigon,watch,2954471.55,36,4.13,4.88,53.62,15.05,1.0607,1.218,28.78,LOW,53.78,warning,53.15,LOW,LOW
2024-07-01,SUP_0127,SUP_0127,hormigon,stable,3938681.0,180,5.09,3.23,26.99,10.48,1.0607,1.218,21.78,LOW,59.31,stable,53.23,LOW,LOW
2024-07-01,SUP_0128,SUP_0128,hormigon,stable,2756356.93,144,0.51,8.71,13.37,20.95,1.0607,1.218,-0.32,LOW,77.5,stable,11.09,LOW,LOW
2024-07-01,SUP_0129,SUP_0129,fontaneria,stable,1251644.95,161,0.42,8.95,39.22,7.53,1.0607,1.218,24.8,LOW,60.57,warning,46.4,LOW,LOW
2024-07-01,SUP_0130,SUP_0130,electricidad,watch,2212768.31,28,5.72,11.33,39.66,12.09,1.0607,1.218,39.92,LOW,39.99,critical,67.95,LOW,MED
2024-07-01,SUP_0131,SUP_0131,logistica,stable,4311306.13,93,4.85,0.0,43.23,43.24,1.0607,1.218,-9.25,LOW,73.51,warning,7.18,LOW,LOW
2024-07-01,SUP_0132,SUP_0132,acero,fragile,4388800.3,108,0.0,3.81,76.16,11.52,1.0607,1.218,28.46,LOW,58.89,warning,52.2,LOW,LOW
2024-07-01,SUP_0133,SUP_0133,hormigon,watch,1362828.38,28,14.46,4.76,43.98,28.08,1.0607,1.218,42.21,LOW,21.87,critical,81.24,MED,MED
2024-07-01,SUP_0134,SUP_0134,cemento,stable,2595648.5,72,3.87,4.91,40.84,13.38,1.0607,1.218,23.97,LOW,58.84,stable,52.29,LOW,LOW
2024-07-01,SUP_0135,SUP_0135,cemento,watch,2642446.86,193,2.46,7.48,73.74,4.94,1.0607,1.218,46.84,LOW,37.97,warning,80.62,MED,MED
2024-07-01,SUP_0136,SUP_0136,acero,stable,4070073.6,147,1.31,11.47,53.89,15.21,1.0607,1.218,30.19,LOW,48.47,warning,66.07,LOW,LOW
2024-07-01,SUP_0137,SUP_0137,logistica,fragile,2120519.36,100,14.45,12.94,70.28,9.97,1.0607,1.218,84.41,MED,0.0,critical,153.56,HIGH,HIGH
2024-07-01,SUP_0138,SUP_0138,electricidad,watch,2159179.22,197,6.05,13.79,49.94,15.31,1.0607,1.218,46.01,LOW,25.17,critical,84.58,MED,MED
2024-07-01,SUP_0139,SUP_0139,logistica,watch,2758800.04,112,17.65,2.15,58.83,29.91,1.0607,1.218,52.73,LOW,5.76,critical,118.76,MED,MED
2024-07-01,SUP_0140,SUP_0140,cemento,stable,3560976.43,149,5.99,5.73,17.85,16.85,1.0607,1.218,17.76,LOW,57.95,warning,46.01,LOW,LOW
2024-07-01,SUP_0141,SUP_0141,cemento,watch,4205360.13,157,6.78,12.32,51.83,22.18,1.0607,1.218,39.98,LOW,27.95,critical,94.27,MED,MED
2024-07-01,SUP_0142,SUP_0142,acabados,watch,4024825.73,112,8.29,5.07,41.62,7.96,1.0607,1.218,43.23,LOW,37.41,critical,80.6,MED,MED
2024-07-01,SUP_0143,SUP_0143,cemento,fragile,3163543.87,71,5.17,7.16,56.68,14.73,1.0607,1.218,37.03,LOW,42.53,critical,72.29,LOW,LOW
2024-07-01,SUP_0144,SUP_0144,cemento,watch,3342170.83,132,10.38,11.53,23.9,13.86,1.0607,1.218,45.35,LOW,25.53,critical,85.09,MED,MED
2024-07-01,SUP_0145,SUP_0145,acero,watch,2762848.41,198,11.16,15.74,15.0,12.33,1.0607,1.218,51.51,LOW,15.52,critical,96.87,MED,MED
2024-07-01,SUP_0146,SUP_0146,logistica,stable,2462870.1,72,5.94,10.5,3.63,16.57,1.0607,1.218,18.62,LOW,57.27,warning,49.31,LOW,LOW
2024-07-01,SUP_0147,SUP_0147,fontaneria,stable,2231667.04,61,5.35,5.22,20.98,15.24,1.0607,1.218,18.09,LOW,62.22,warning,43.73,LOW,LOW
2024-07-01,SUP_0148,SUP_0148,cemento,watch,2341359.42,74,3.3,14.68,22.65,13.0,1.0607,1.218,29.13,LOW,49.55,warning,57.52,LOW,LOW
2024-07-01,SUP_0149,SUP_0149,acabados,stable,2386914.01,145,9.62,11.47,32.07,26.07,1.0607,1.218,34.42,LOW,28.92,critical,73.06,LOW,LOW
2024-07-01,SUP_0150,SUP_0150,acabados,stable,3236967.95,96,6.62,4.32,41.87,17.6,1.0607,1.218,27.58,LOW,49.32,warning,60.51,LOW,LOW
2024-07-01,SUP_0151,SUP_0151,acabados,fragile,4626074.9,199,5.7,20.08,58.16,9.54,1.0607,1.218,63.83,LOW,8.26,critical,111.48,MED,HIGH
2024-07-01,SUP_0152,SUP_0152,logistica,fragile,1104346.31,88,8.75,3.37,33.74,1.03,1.0607,1.218,45.44,LOW,40.8,critical,76.46,MED,MED
2024-07-01,SUP_0153,SUP_0153,hormigon,stable,3338037.59,107,4.29,6.4,29.71,15.87,1.0607,1.218,19.96,LOW,59.04,warning,48.11,LOW,LOW
2024-07-01,SUP_0154,SUP_0154,logistica,watch,3853030.81,167,6.05,8.52,34.19,10.58,1.0607,1.218,35.73,LOW,42.08,warning,77.01,MED,LOW
2024-07-01,SUP_0155,SUP_0155,acero,stable,3175066.28,73,11.5,15.15,22.28,16.44,1.0607,1.218,50.81,LOW,17.23,critical,83.58,MED,MED
2024-07-01,SUP_0156,SUP_0156,acabados,watch,4148099.89,139,0.0,5.57,48.91,20.68,1.0607,1.218,9.67,LOW,69.92,stable,32.91,LOW,LOW
2024-07-01,SUP_0157,SUP_0157,fontaneria,stable,1699681.41,235,1.45,18.96,46.03,21.64,1.0607,1.218,31.85,LOW,36.1,warning,61.72,LOW,LOW
2024-07-01,SUP_0158,SUP_0158,acabados,watch,2232565.55,124,5.86,21.7,33.61,15.37,1.0607,1.218,49.9,LOW,19.67,critical,95.84,MED,MED
2024-07-01,SUP_0159,SUP_0159,fontaneria,watch,4081105.89,101,0.0,5.75,65.58,24.3,1.0607,1.218,13.83,LOW,64.47,warning,37.31,LOW,LOW
2024-07-01,SUP_0160,SUP_0160,fontaneria,watch,4755168.27,98,2.15,20.71,18.74,10.41,1.0607,1.218,35.55,LOW,42.22,critical,84.36,MED,LOW
2024-07-01,SUP_0161,SUP_0161,fontaneria,stable,540259.94,100,1.54,13.26,27.16,21.0,1.0607,1.218,15.73,LOW,59.45,warning,47.25,LOW,LOW
2024-07-01,SUP_0162,SUP_0162,acabados,fragile,4653051.16,132,6.28,2.0,95.0,14.69,1.0607,1.218,49.89,LOW,29.33,critical,88.18,MED,MED
2024-07-01,SUP_0163,SUP_0163,acabados,stable,4001091.15,110,7.85,9.44,30.01,33.26,1.0607,1.218,17.94,LOW,44.56,critical,39.51,LOW,LOW
2024-07-01,SUP_0164,SUP_0164,cemento,stable,3416710.92,254,4.54,4.52,40.6,1.0,1.0607,1.218,37.67,LOW,47.28,warning,59.02,LOW,MED
2024-07-01,SUP_0165,SUP_0165,acabados,watch,4764256.21,24,4.13,11.83,42.42,2.46,1.0607,1.218,46.75,LOW,40.88,warning,88.73,MED,MED
2024-07-01,SUP_0166,SUP_0166,electricidad,stable,2627633.83,191,0.3,7.15,37.29,14.83,1.0607,1.218,13.59,LOW,67.15,stable,30.53,LOW,LOW
2024-07-01,SUP_0167,SUP_0167,acero,fragile,3450324.37,88,13.0,13.23,44.19,14.48,1.0607,1.218,64.25,LOW,4.09,critical,122.28,HIGH,HIGH
2024-07-01,SUP_0168,SUP_0168,electricidad,fragile,1111925.32,145,3.35,43.2,45.56,12.34,1.0607,1.218,83.02,MED,0.0,critical,160.98,HIGH,HIGH
2024-07-01,SUP_0169,SUP_0169,logistica,stable,394356.18,57,1.96,10.41,21.49,22.03,1.0607,1.218,9.14,LOW,67.68,stable,36.33,LOW,LOW
2024-07-01,SUP_0170,SUP_0170,logistica,fragile,2993152.65,255,5.92,9.71,65.4,6.64,1.0607,1.218,55.12,LOW,22.14,critical,91.44,MED,MED
2024-07-01,SUP_0171,SUP_0171,acabados,stable,1732905.25,103,7.36,11.31,15.54,22.38,1.0607,1.218,23.65,LOW,45.71,warning,56.01,LOW,LOW
2024-07-01,SUP_0172,SUP_0172,electricidad,watch,2702111.33,175,4.06,13.61,55.49,19.68,1.0607,1.218,37.89,LOW,33.2,critical,75.54,MED,MED
2024-07-01,SUP_0173,SUP_0173,acabados,stable,2006785.27,34,6.72,9.15,46.38,19.08,1.0607,1.218,35.69,LOW,39.59,warning,69.94,LOW,LOW
2024-07-01,SUP_0174,SUP_0174,acero,fragile,1516404.21,214,8.57,25.14,63.68,23.47,1.0607,1.218,68.62,LOW,0.0,critical,136.0,HIGH,HIGH
2024-07-01,SUP_0175,SUP_0175,fontaneria,stable,4038301.55,120,2.28,10.46,30.12,23.41,1.0607,1.218,12.67,LOW,61.02,warning,42.09,LOW,LOW
2024-07-01,SUP_0176,SUP_0176,fontaneria,stable,2135244.06,40,3.42,13.07,38.73,13.03,1.0607,1.218,34.28,LOW,46.09,warning,70.49,LOW,LOW
2024-07-01,SUP_0177,SUP_0177,hormigon,stable,3646513.43,105,5.5,4.18,25.84,16.14,1.0607,1.218,18.25,LOW,60.51,warning,46.79,LOW,LOW
2024-07-01,SUP_0178,SUP_0178,hormigon,fragile,3673424.4,147,2.92,22.13,71.17,11.48,1.0607,1.218,62.5,LOW,11.63,critical,122.44,HIGH,HIGH
2024-07-01,SUP_0179,SUP_0179,cemento,fragile,3979250.09,102,1.63,6.39,14.77,6.97,1.0607,1.218,14.15,LOW,73.45,warning,38.22,LOW,LOW
2024-07-01,SUP_0180,SUP_0180,cemento,watch,4879834.22,147,12.49,11.02,32.69,23.2,1.0607,1.218,45.51,LOW,17.01,critical,100.55,MED,MED
2024-07-01,SUP_0181,SUP_0181,electricidad,fragile,5413539.89,170,4.71,5.62,10.01,1.2,1.0607,1.218,25.88,LOW,60.73,warning,45.97,LOW,LOW
2024-07-01,SUP_0182,SUP_0182,electricidad,fragile,3035067.27,186,4.02,34.66,18.36,4.35,1.0607,1.218,67.97,LOW,2.26,critical,132.52,HIGH,HIGH
2024-07-01,SUP_0183,SUP_0183,hormigon,watch,3255232.45,172,7.72,4.04,72.05,7.21,1.0607,1.218,54.42,LOW,25.99,critical,84.04,MED,MED
2024-07-01,SUP_0184,SUP_0184,acero,stable,6414914.19,11,0.48,8.23,49.49,23.41,1.0607,1.218,12.66,LOW,67.18,stable,28.53,LOW,LOW
2024-07-01,SUP_0185,SUP_0185,fontaneria,watch,5701775.25,85,0.0,7.6,27.44,11.24,1.0607,1.218,12.51,LOW,73.82,stable,32.43,LOW,LOW
2024-07-01,SUP_0186,SUP_0186,hormigon,watch,965117.0,152,1.81,19.13,14.82,4.18,1.0607,1.218,36.62,LOW,44.72,critical,72.11,LOW,LOW
2024-07-01,SUP_0187,SUP_0187,acero,stable,2296477.69,35,1.53,12.83,3.6,13.48,1.0607,1.218,11.99,LOW,70.23,warning,24.79,LOW,LOW
2024-07-01,SUP_0188,SUP_0188,acero,stable,5370107.29,134,10.35,8.53,24.75,8.11,1.0607,1.218,46.88,LOW,29.21,critical,89.52,MED,MED
2024-07-01,SUP_0189,SUP_0189,electricidad,watch,4618660.99,145,6.29,16.59,86.9,33.07,1.0607,1.218,49.78,LOW,9.8,critical,109.3,MED,MED
2024-07-01,SUP_0190,SUP_0190,acero,stable,3816948.77,79,2.54,0.0,37.41,28.46,1.0607,1.218,-4.01,LOW,80.59,stable,0.0,LOW,LOW
2024-07-01,SUP_0191,SUP_0191,acabados,fragile,3031948.4,86,2.17,16.68,51.59,10.38,1.0607,1.218,44.37,LOW,35.78,critical,84.35,MED,MED
2024-07-01,SUP_0192,SUP_0192,acero,stable,3091472.21,88,1.8,0.0,39.58,17.36,1.0607,1.218,5.85,LOW,78.41,stable,19.16,LOW,LOW
2024-07-01,SUP_0193,SUP_0193,electricidad,stable,5208047.58,72,3.74,0.66,10.62,16.03,1.0607,1.218,0.94,LOW,82.42,stable,6.65,LOW,LOW
2024-07-01,SUP_0194,SUP_0194,acero,fragile,2980205.91,137,4.56,17.29,47.74,1.82,1.0607,1.218,59.27,LOW,22.24,critical,104.04,MED,HIGH
2024-07-01,SUP_0195,SUP_0195,hormigon,stable,3415263.68,81,14.5,11.28,28.37,14.65,1.0607,1.218,58.53,LOW,9.38,critical,116.53,MED,HIGH
2024-07-01,SUP_0196,SUP_0196,fontaneria,stable,5456673.58,105,4.79,4.75,36.63,12.13,1.0607,1.218,25.84,LOW,55.95,warning,49.0,LOW,LOW
2024-07-01,SUP_0197,SUP_0197,hormigon,watch,2811368.07,22,8.13,11.43,47.16,14.72,1.0607,1.218,48.05,LOW,27.9,critical,105.18,MED,MED
2024-07-01,SUP_0198,SUP_0198,acero,fragile,5308508.68,174,11.8,27.94,66.31,2.41,1.0607,1.218,104.75,MED,0.0,critical,180.0,HIGH,HIGH
2024-07-01,SUP_0199,SUP_0199,acabados,stable,7899223.57,110,5.64,11.83,33.69,12.82,1.0607,1.218,37.0,LOW,39.81,warning,57.62,LOW,LOW
2024-07-01,SUP_0200,SUP_0200,logistica,stable,950796.32,98,7.01,18.3,16.6,19.55,1.0607,1.218,36.39,LOW,31.81,critical,75.64,MED,LOW
2024-07-01,SUP_0201,SUP_0201,fontaneria,watch,4481046.78,169,1.04,8.62,59.35,14.27,1.0607,1.218,28.48,LOW,51.84,warning,40.87,LOW,LOW
2024-07-01,SUP_0202,SUP_0202,logistica,fragile,1886198.27,53,0.0,19.92,78.71,15.15,1.0607,1.218,50.15,LOW,28.45,critical,84.3,MED,MED
2024-07-01,SUP_0203,SUP_0203,acabados,watch,3643596.96,160,13.01,22.27,21.36,7.66,1.0607,1.218,74.4,MED,0.0,critical,138.52,HIGH,HIGH
2024-07-01,SUP_0204,SUP_0204,electricidad,stable,3893209.4,126,8.56,11.6,18.91,29.0,1.0607,1.218,22.61,LOW,40.4,warning,62.59,LOW,LOW
2024-07-01,SUP_0205,SUP_0205,acabados,stable,5163503.23,143,3.25,5.05,41.2,13.52,1.0607,1.218,22.35,LOW,58.79,warning,65.08,LOW,LOW
2024-07-01,SUP_0206,SUP_0206,acero,stable,5041334.14,113,0.26,5.16,24.69,20.28,1.0607,1.218,-0.65,LOW,81.25,stable,19.23,LOW,LOW
2024-07-01,SUP_0207,SUP_0207,electricidad,stable,3732402.3,64,5.5,8.82,35.06,17.94,1.0607,1.218,27.56,LOW,48.94,warning,54.42,LOW,LOW
2024-07-01,SUP_0208,SUP_0208,electricidad,watch,5188992.52,158,7.13,4.19,28.75,8.68,1.0607,1.218,31.92,LOW,48.46,warning,63.62,LOW,LOW
2024-07-01,SUP_0209,SUP_0209,logistica,stable,331014.7,172,9.19,8.71,57.12,18.51,1.0607,1.218,47.84,LOW,21.42,critical,93.6,MED,MED
2024-07-01,SUP_0210,SUP_0210,acabados,watch,7306299.21,122,7.46,10.46,42.88,16.06,1.0607,1.218,41.29,LOW,31.92,critical,80.92,MED,MED
2024-07-01,SUP_0211,SUP_0211,electricidad,watch,2409620.76,132,5.78,7.81,48.54,20.87,1.0607,1.218,30.03,LOW,42.77,warning,68.53,LOW,LOW
2024-07-01,SUP_0212,SUP_0212,fontaneria,watch,5817162.25,176,3.05,8.51,76.57,8.63,1.0607,1.218,47.73,LOW,34.08,warning,79.64,MED,MED
2024-07-01,SUP_0213,SUP_0213,hormigon,stable,1642156.27,89,5.42,10.42,20.15,37.34,1.0607,1.218,3.62,LOW,58.8,warning,29.78,LOW,LOW
2024-07-01,SUP_0214,SUP_0214,acabados,fragile,2359737.13,204,7.24,17.29,40.97,15.18,1.0607,1.218,50.93,LOW,17.19,critical,96.63,MED,MED
2024-07-01,SUP_0215,SUP_0215,electricidad,watch,3931278.44,29,3.2,14.24,30.28,12.42,1.0607,1.218,32.16,LOW,48.58,warning,65.64,LOW,LOW
2024-07-01,SUP_0216,SUP_0216,electricidad,watch,4376444.04,150,22.0,16.77,41.66,18.33,1.0607,1.218,91.57,MED,0.0,critical,168.04,HIGH,HIGH
2024-07-01,SUP_0217,SUP_0217,acabados,stable,3714442.07,154,8.96,4.36,10.77,32.55,1.0607,1.218,5.73,LOW,57.34,warning,37.01,LOW,LOW
2024-07-01,SUP_0218,SUP_0218,fontaneria,stable,4205530.58,66,7.64,2.21,40.86,30.68,1.0607,1.218,13.96,LOW,55.36,warning,43.62,LOW,LOW
2024-07-01,SUP_0219,SUP_0219,cemento,fragile,1139394.34,192,1.31,17.86,48.07,5.02,1.0607,1.218,47.35,LOW,33.4,critical,89.2,MED,MED
2024-07-01,SUP_0220,SUP_0220,acero,stable,6601675.89,199,3.74,7.8,55.23,10.44,1.0607,1.218,37.35,LOW,42.26,warning,74.38,LOW,LOW
2024-08-01,SUP_0001,SUP_0001,logistica,watch,4070169.99,140,0.0,15.64,60.58,3.95,1.2107,1.0096,46.78,LOW,38.62,warning,89.1,MED,MED
2024-08-01,SUP_0002,SUP_0002,acero,stable,3154986.24,63,3.06,4.85,18.25,22.58,1.2107,1.0096,2.07,LOW,75.88,stable,20.78,LOW,LOW
2024-08-01,SUP_0003,SUP_0003,cemento,fragile,2291020.49,29,1.23,18.89,86.36,22.09,1.2107,1.0096,48.81,LOW,25.29,critical,101.1,MED,MED
2024-08-01,SUP_0004,SUP_0004,electricidad,watch,2204210.22,76,2.65,16.64,38.17,5.15,1.2107,1.0096,44.92,LOW,38.49,critical,78.93,MED,MED
2024-08-01,SUP_0005,SUP_0005,electricidad,stable,3736567.49,112,9.26,13.53,65.01,22.37,1.2107,1.0096,54.95,LOW,11.13,critical,116.17,MED,MED
2024-08-01,SUP_0006,SUP_0006,fontaneria,fragile,3571404.25,122,3.95,13.57,78.31,22.95,1.2107,1.0096,44.51,LOW,26.18,critical,84.25,MED,MED
2024-08-01,SUP_0007,SUP_0007,acero,watch,2682286.56,69,3.09,16.07,59.77,19.59,1.2107,1.0096,40.69,LOW,33.39,critical,94.48,MED,MED
2024-08-01,SUP_0008,SUP_0008,logistica,watch,2629380.26,73,6.46,1.65,66.92,22.28,1.2107,1.0096,29.69,LOW,46.35,warning,64.79,LOW,LOW
2024-08-01,SUP_0009,SUP_0009,electricidad,stable,4181004.45,69,5.85,17.83,9.73,4.2,1.2107,1.0096,44.48,LOW,35.96,critical,81.94,MED,MED
2024-08-01,SUP_0010,SUP_0010,acero,watch,4518629.38,55,3.62,7.63,39.29,22.47,1.2107,1.0096,17.5,LOW,58.8,warning,50.42,LOW,LOW
2024-08-01,SUP_0011,SUP_0011,logistica,stable,3144716.83,220,5.68,6.15,13.94,12.95,1.2107,1.0096,19.6,LOW,56.64,warning,39.06,LOW,LOW
2024-08-01,SUP_0012,SUP_0012,logistica,fragile,3092872.85,108,11.66,24.29,37.54,8.49,1.2107,1.0096,79.82,MED,0.0,critical,151.07,HIGH,HIGH
2024-08-01,SUP_0013,SUP_0013,electricidad,watch,2160934.48,151,13.8,20.99,70.81,16.72,1.2107,1.0096,88.04,MED,0.0,critical,158.76,HIGH,HIGH
2024-08-01,SUP_0014,SUP_0014,cemento,fragile,1122556.6,71,14.25,29.18,76.68,22.61,1.2107,1.0096,98.41,MED,0.0,critical,172.45,HIGH,HIGH
2024-08-01,SUP_0015,SUP_0015,fontaneria,stable,2525130.1,83,3.94,12.09,22.09,45.0,1.2107,1.0096,-5.12,LOW,63.39,stable,27.84,LOW,LOW
2024-08-01,SUP_0016,SUP_0016,electricidad,stable,726511.31,69,9.82,9.3,13.62,30.76,1.2107,1.0096,18.78,LOW,44.68,critical,52.18,LOW,LOW
2024-08-01,SUP_0017,SUP_0017,hormigon,watch,3177232.07,9,5.89,9.41,39.66,10.3,1.2107,1.0096,39.34,LOW,43.1,critical,74.6,LOW,MED
2024-08-01,SUP_0018,SUP_0018,fontaneria,stable,3078564.12,30,1.9,15.22,14.52,22.12,1.2107,1.0096,12.93,LOW,62.29,stable,51.32,LOW,LOW
2024-08-01,SUP_0019,SUP_0019,acabados,fragile,2631295.15,26,5.26,6.58,36.78,16.31,1.2107,1.0096,25.88,LOW,54.2,critical,47.04,LOW,LOW
2024-08-01,SUP_0020,SUP_0020,cemento,watch,269999.46,8,4.5,15.41,50.45,13.41,1.2107,1.0096,45.92,LOW,32.92,critical,86.13,MED,MED
2024-08-01,SUP_0021,SUP_0021,acabados,watch,2083673.72,45,1.96,8.22,35.82,16.03,1.2107,1.0096,18.31,LOW,63.83,warning,44.14,LOW,LOW
2024-08-01,SUP_0022,SUP_0022,cemento,stable,5569387.07,222,3.38,4.64,43.82,13.61,1.2107,1.0096,23.21,LOW,55.58,warning,38.61,LOW,LOW
2024-08-01,SUP_0023,SUP_0023,acabados,fragile,1394971.07,95,4.81,28.55,5.4,7.46,1.2107,1.0096,52.21,LOW,20.99,critical,99.59,MED,MED
2024-08-01,SUP_0024,SUP_0024,acero,fragile,3676166.09,167,6.92,14.84,68.93,6.77,1.2107,1.0096,67.29,LOW,8.96,critical,120.01,HIGH,HIGH
2024-08-01,SUP_0025,SUP_0025,cemento,watch,1586480.46,126,8.81,36.89,38.04,7.7,1.2107,1.0096,91.18,MED,0.0,critical,172.96,HIGH,HIGH
2024-08-01,SUP_0026,SUP_0026,logistica,stable,3924416.42,142,2.78,7.76,33.77,30.12,1.2107,1.0096,5.07,LOW,64.44,warning,36.45,LOW,LOW
2024-08-01,SUP_0027,SUP_0027,hormigon,watch,3351149.85,66,0.0,15.41,61.77,10.94,1.2107,1.0096,39.98,LOW,43.24,warning,86.08,MED,MED
2024-08-01,SUP_0028,SUP_0028,fontaneria,stable,3403789.51,183,13.24,11.91,6.43,14.46,1.2107,1.0096,46.02,LOW,19.9,critical,88.15,MED,MED
2024-08-01,SUP_0029,SUP_0029,hormigon,stable,6409906.65,96,5.27,12.29,17.33,26.03,1.2107,1.0096,16.01,LOW,52.77,warning,61.9,LOW,LOW
2024-08-01,SUP_0030,SUP_0030,logistica,watch,3393105.21,71,2.57,18.89,49.08,12.7,1.2107,1.0096,45.42,LOW,32.18,critical,91.88,MED,MED
2024-08-01,SUP_0031,SUP_0031,acabados,watch,2449980.71,125,11.5,3.06,10.43,23.1,1.2107,1.0096,20.7,LOW,47.5,warning,53.61,LOW,LOW
2024-08-01,SUP_0032,SUP_0032,acabados,fragile,2613051.9,107,9.64,17.4,92.14,15.56,1.2107,1.0096,80.92,MED,0.0,critical,134.37,HIGH,HIGH
2024-08-01,SUP_0033,SUP_0033,electricidad,stable,2005073.1,58,0.59,6.81,36.03,8.85,1.2107,1.0096,19.34,LOW,69.16,warning,42.34,LOW,LOW
2024-08-01,SUP_0034,SUP_0034,electricidad,stable,2789965.48,63,7.25,2.49,39.22,29.57,1.2107,1.0096,13.56,LOW,56.85,warning,51.28,LOW,LOW
2024-08-01,SUP_0035,SUP_0035,fontaneria,watch,3152839.39,45,10.66,13.84,30.34,6.73,1.2107,1.0096,59.67,LOW,17.03,critical,102.75,MED,HIGH
2024-08-01,SUP_0036,SUP_0036,acabados,stable,1924450.06,123,1.16,15.06,44.24,5.16,1.2107,1.0096,40.8,LOW,43.46,warning,77.23,MED,MED
2024-08-01,SUP_0037,SUP_0037,acabados,stable,5240814.33,132,9.18,1.5,27.63,12.49,1.2107,1.0096,29.74,LOW,48.24,warning,60.62,LOW,LOW
2024-08-01,SUP_0038,SUP_0038,cemento,watch,2469449.88,76,3.42,6.98,46.39,4.88,1.2107,1.0096,36.72,LOW,50.92,warning,72.49,LOW,LOW
2024-08-01,SUP_0039,SUP_0039,fontaneria,stable,6385780.26,131,3.99,24.38,31.88,11.81,1.2107,1.0096,51.07,LOW,21.16,critical,102.65,MED,MED
2024-08-01,SUP_0040,SUP_0040,cemento,watch,3871025.66,104,18.58,27.91,45.33,12.47,1.2107,1.0096,105.53,MED,0.0,critical,180.0,HIGH,HIGH
2024-08-01,SUP_0041,SUP_0041,acero,stable,5899980.58,93,5.01,12.57,20.47,17.3,1.2107,1.0096,25.8,LOW,48.87,critical,59.91,LOW,LOW
2024-08-01,SUP_0042,SUP_0042,acabados,fragile,3624685.95,178,9.85,20.43,51.87,16.5,1.2107,1.0096,67.04,LOW,0.0,critical,125.95,HIGH,HIGH
2024-08-01,SUP_0043,SUP_0043,hormigon,watch,4851040.03,104,0.0,7.71,38.23,17.32,1.2107,1.0096,11.44,LOW,70.33,warning,24.76,LOW,LOW
2024-08-01,SUP_0044,SUP_0044,acabados,stable,2633507.09,63,3.0,5.28,42.52,16.99,1.2107,1.0096,19.08,LOW,62.36,warning,55.16,LOW,LOW
2024-08-01,SUP_0045,SUP_0045,electricidad,fragile,2027121.19,192,2.52,14.71,53.22,13.72,1.2107,1.0096,39.87,LOW,35.56,critical,78.07,MED,MED
2024-08-01,SUP_0046,SUP_0046,hormigon,fragile,3549288.67,86,1.58,19.35,34.44,14.53,1.2107,1.0096,34.72,LOW,42.0,critical,70.82,LOW,LOW
2024-08-01,SUP_0047,SUP_0047,acero,stable,3734322.41,158,9.45,17.81,36.52,1.22,1.2107,1.0096,70.28,MED,5.85,critical,122.98,HIGH,HIGH
2024-08-01,SUP_0048,SUP_0048,electricidad,stable,3103232.0,155,11.73,22.34,53.97,16.39,1.2107,1.0096,76.62,MED,0.0,critical,140.03,HIGH,HIGH
2024-08-01,SUP_0049,SUP_0049,acabados,watch,1317180.7,74,3.69,12.18,26.08,1.0,1.2107,1.0096,40.09,LOW,47.25,warning,79.8,MED,MED
2024-08-01,SUP_0050,SUP_0050,fontaneria,stable,1933055.59,22,2.11,5.01,20.43,19.91,1.2107,1.0096,3.13,LOW,78.66,stable,22.89,LOW,LOW
2024-08-01,SUP_0051,SUP_0051,logistica,stable,1024094.9,99,6.16,10.12,28.44,12.18,1.2107,1.0096,34.29,LOW,43.6,warning,70.8,LOW,LOW
2024-08-01,SUP_0052,SUP_0052,logistica,stable,813318.24,38,8.42,13.72,42.2,22.19,1.2107,1.0096,42.63,LOW,26.54,warning,96.6,MED,MED
2024-08-01,SUP_0053,SUP_0053,acabados,watch,2220161.99,193,1.73,11.43,51.82,17.45,1.2107,1.0096,28.21,LOW,47.23,critical,55.9,LOW,LOW
2024-08-01,SUP_0054,SUP_0054,fontaneria,watch,5624041.26,175,9.48,13.54,73.28,13.38,1.2107,1.0096,68.35,LOW,1.45,critical,119.53,MED,HIGH
2024-08-01,SUP_0055,SUP_0055,acero,watch,3216484.23,64,14.83,19.01,62.35,10.36,1.2107,1.0096,90.71,MED,0.0,critical,172.17,HIGH,HIGH
2024-08-01,SUP_0056,SUP_0056,acero,watch,295339.64,126,1.24,12.77,54.38,19.24,1.2107,1.0096,28.09,LOW,48.01,critical,68.62,LOW,LOW
2024-08-01,SUP_0057,SUP_0057,cemento,watch,2359313.72,79,3.08,14.5,51.41,13.33,1.2107,1.0096,40.81,LOW,37.82,critical,64.89,LOW,MED
2024-08-01,SUP_0058,SUP_0058,acero,watch,2417963.5,61,8.44,18.27,94.7,13.13,1.2107,1.0096,82.21,MED,0.0,critical,141.46,HIGH,HIGH
2024-08-01,SUP_0059,SUP_0059,logistica,stable,4545345.53,119,1.25,10.07,24.32,22.25,1.2107,1.0096,7.55,LOW,68.15,stable,26.34,LOW,LOW
2024-08-01,SUP_0060,SUP_0060,acero,stable,1939660.88,94,9.0,8.78,5.68,12.42,1.2107,1.0096,30.3,LOW,45.42,warning,64.59,LOW,LOW
2024-08-01,SUP_0061,SUP_0061,cemento,watch,2414099.33,231,4.91,21.8,44.95,24.18,1.2107,1.0096,43.48,LOW,18.06,critical,87.37,MED,MED
2024-08-01,SUP_0062,SUP_0062,fontaneria,watch,5287079.02,67,0.57,4.84,34.79,21.04,1.2107,1.0096,3.57,LOW,77.76,stable,17.43,LOW,LOW
2024-08-01,SUP_0063,SUP_0063,logistica,watch,2632318.36,114,13.44,11.36,41.27,11.21,1.2107,1.0096,64.73,LOW,5.44,critical,123.62,HIGH,HIGH
2024-08-01,SUP_0064,SUP_0064,logistica,watch,3177391.97,85,2.19,26.6,61.72,24.76,1.2107,1.0096,49.47,LOW,16.39,critical,100.93,MED,MED
2024-08-01,SUP_0065,SUP_0065,hormigon,watch,3666091.07,162,11.91,6.68,13.41,14.56,1.2107,1.0096,37.24,LOW,33.19,critical,75.61,MED,LOW
2024-08-01,SUP_0066,SUP_0066,electricidad,watch,2842981.22,75,3.7,0.0,19.75,18.97,1.2107,1.0096,1.01,LOW,80.7,stable,14.34,LOW,LOW
2024-08-01,SUP_0067,SUP_0067,electricidad,watch,4155207.14,67,3.68,1.22,16.36,9.44,1.2107,1.0096,10.79,LOW,76.79,warning,20.66,LOW,LOW
2024-08-01,SUP_0068,SUP_0068,hormigon,stable,2030523.34,138,6.86,8.29,17.3,12.94,1.2107,1.0096,27.86,LOW,48.57,warning,61.93,LOW,LOW
2024-08-01,SUP_0069,SUP_0069,hormigon,stable,2611440.52,61,7.99,7.69,37.3,13.21,1.2107,1.0096,39.06,LOW,38.7,warning,88.12,MED,MED
2024-08-01,SUP_0070,SUP_0070,hormigon,stable,1386114.12,186,3.34,11.74,45.12,21.07,1.2107,1.0096,26.87,LOW,44.63,warning,59.49,LOW,LOW
2024-08-01,SUP_0071,SUP_0071,logistica,stable,1822760.28,105,1.04,21.16,37.74,9.03,1.2107,1.0096,42.83,LOW,36.52,warning,79.72,MED,MED
2024-08-01,SUP_0072,SUP_0072,acabados,stable,3915109.22,112,10.19,0.0,14.8,21.84,1.2107,1.0096,15.37,LOW,56.88,warning,43.93,LOW,LOW
2024-08-01,SUP_0073,SUP_0073,acabados,fragile,2361831.61,110,1.2,13.91,4.67,4.12,1.2107,1.0096,22.46,LOW,63.4,warning,44.7,LOW,LOW
2024-08-01,SUP_0074,SUP_0074,acabados,stable,2696095.99,182,3.88,15.09,27.69,13.24,1.2107,1.0096,33.5,LOW,41.02,warning,74.0,LOW,LOW
2024-08-01,SUP_0075,SUP_0075,logistica,stable,3013554.32,113,1.18,6.12,19.19,20.72,1.2107,1.0096,0.63,LOW,78.29,stable,14.46,LOW,LOW
2024-08-01,SUP_0076,SUP_0076,cemento,stable,2084349.1,153,4.52,4.81,33.29,45.0,1.2107,1.0096,-9.25,LOW,68.48,warning,20.8,LOW,LOW
2024-08-01,SUP_0077,SUP_0077,logistica,stable,2252190.86,58,2.99,7.59,39.09,7.36,1.2107,1.0096,30.58,LOW,56.09,warning,59.06,LOW,LOW
2024-08-01,SUP_0078,SUP_0078,cemento,watch,1681361.04,125,3.28,8.95,37.72,15.96,1.2107,1.0096,24.3,LOW,53.81,warning,59.16,LOW,LOW
2024-08-01,SUP_0079,SUP_0079,electricidad,watch,4225897.7,84,12.42,6.89,62.37,8.22,1.2107,1.0096,67.43,LOW,8.84,critical,116.16,MED,HIGH
2024-08-01,SUP_0080,SUP_0080,fontaneria,watch,1256287.45,261,10.24,20.39,42.35,17.63,1.2107,1.0096,62.74,LOW,0.0,critical,115.65,MED,HIGH
2024-08-01,SUP_0081,SUP_0081,acero,watch,3106065.39,105,6.11,20.5,52.12,14.56,1.2107,1.0096,57.98,LOW,13.06,critical,112.68,MED,HIGH
2024-08-01,SUP_0082,SUP_0082,hormigon,stable,2060577.74,94,14.28,11.02,20.92,26.81,1.2107,1.0096,41.98,LOW,17.98,critical,90.67,MED,MED
2024-08-01,SUP_0083,SUP_0083,hormigon,fragile,2695803.89,202,4.51,30.42,53.13,8.48,1.2107,1.0096,74.6,MED,0.0,critical,131.62,HIGH,HIGH
2024-08-01,SUP_0084,SUP_0084,acabados,stable,1719401.62,8,7.02,5.98,30.98,45.0,1.2107,1.0096,-1.02,LOW,61.52,stable,37.16,LOW,LOW
2024-08-01,SUP_0085,SUP_0085,acero,stable,6060635.67,9,6.27,9.87,44.86,8.52,1.2107,1.0096,45.29,LOW,37.7,warning,80.99,MED,MED
2024-08-01,SUP_0086,SUP_0086,acero,stable,3290850.64,162,3.95,1.52,27.69,45.0,1.2107,1.0096,-18.42,LOW,79.61,stable,4.49,LOW,LOW
2024-08-01,SUP_0087,SUP_0087,logistica,watch,2955038.26,114,10.72,13.19,51.58,10.57,1.2107,1.0096,64.59,LOW,7.79,critical,125.66,HIGH,HIGH
2024-08-01,SUP_0088,SUP_0088,hormigon,watch,3511197.47,137,4.09,8.84,33.27,16.27,1.2107,1.0096,24.23,LOW,52.58,critical,50.2,LOW,LOW
2024-08-01,SUP_0089,SUP_0089,logistica,stable,517009.4,36,5.0,22.73,31.38,7.79,1.2107,1.0096,55.42,LOW,22.08,critical,108.27,MED,MED
2024-08-01,SUP_0090,SUP_0090,logistica,watch,3302317.39,97,10.59,26.56,62.44,18.65,1.2107,1.0096,81.06,MED,0.0,critical,141.49,HIGH,HIGH
2024-08-01,SUP_0091,SUP_0091,fontaneria,stable,5148023.89,238,2.16,4.21,5.3,21.47,1.2107,1.0096,-6.28,LOW,80.93,stable,1.18,LOW,LOW
2024-08-01,SUP_0092,SUP_0092,hormigon,watch,3014358.15,113,0.0,28.06,21.16,11.9,1.2107,1.0096,39.72,LOW,35.12,critical,74.75,LOW,MED
2024-08-01,SUP_0093,SUP_0093,hormigon,stable,3426244.33,83,11.91,9.99,12.23,9.94,1.2107,1.0096,46.3,LOW,27.83,critical,89.98,MED,MED
2024-08-01,SUP_0094,SUP_0094,hormigon,stable,5510659.31,108,13.41,2.45,5.75,13.34,1.2107,1.0096,33.14,LOW,40.3,warning,57.8,LOW,LOW
2024-08-01,SUP_0095,SUP_0095,fontaneria,stable,3372754.81,36,6.21,10.36,24.26,17.17,1.2107,1.0096,27.9,LOW,48.47,warning,58.56,LOW,LOW
2024-08-01,SUP_0096,SUP_0096,hormigon,watch,665846.38,12,0.0,10.13,51.42,5.28,1.2107,1.0096,33.04,LOW,58.11,warning,53.12,LOW,LOW
2024-08-01,SUP_0097,SUP_0097,electricidad,stable,816039.12,133,4.92,13.97,28.17,10.17,1.2107,1.0096,38.22,LOW,39.29,warning,61.47,LOW,MED
2024-08-01,SUP_0098,SUP_0098,cemento,stable,2150950.74,141,1.75,9.91,30.43,26.42,1.2107,1.0096,7.39,LOW,64.5,warning,32.33,LOW,LOW
2024-08-01,SUP_0099,SUP_0099,electricidad,stable,2563229.67,37,3.37,14.79,46.43,38.25,1.2107,1.0096,14.94,LOW,48.32,warning,51.96,LOW,LOW
2024-08-01,SUP_0100,SUP_0100,cemento,fragile,4182870.62,64,5.72,13.17,84.06,28.45,1.2107,1.0096,46.3,LOW,20.96,critical,93.64,MED,MED
2024-08-01,SUP_0101,SUP_0101,fontaneria,fragile,3155218.35,53,10.24,0.72,50.75,8.45,1.2107,1.0096,46.19,LOW,36.12,critical,81.2,MED,MED
2024-08-01,SUP_0102,SUP_0102,cemento,watch,722957.68,66,5.48,7.69,61.34,21.62,1.2107,1.0096,33.97,LOW,40.67,critical,68.39,LOW,LOW
2024-08-01,SUP_0103,SUP_0103,hormigon,stable,1778832.67,99,1.34,5.87,30.44,18.92,1.2107,1.0096,7.61,LOW,72.82,stable,36.14,LOW,LOW
2024-08-01,SUP_0104,SUP_0104,hormigon,fragile,163956.0,5,13.38,4.75,32.72,10.49,1.2107,1.0096,51.49,LOW,25.77,critical,90.34,MED,MED
2024-08-01,SUP_0105,SUP_0105,acabados,watch,2750289.86,136,9.61,16.05,24.81,15.22,1.2107,1.0096,48.87,LOW,19.51,critical,92.6,MED,MED
2024-08-01,SUP_0106,SUP_0106,cemento,watch,2982366.63,118,10.31,7.23,18.61,13.97,1.2107,1.0096,36.19,LOW,37.26,critical,75.07,MED,LOW
2024-08-01,SUP_0107,SUP_0107,electricidad,stable,1656798.18,95,3.51,9.54,24.99,25.02,1.2107,1.0096,11.07,LOW,61.54,warning,34.23,LOW,LOW
2024-08-01,SUP_0108,SUP_0108,fontaneria,stable,4552586.45,8,6.83,18.07,26.06,14.36,1.2107,1.0096,44.95,LOW,29.62,warning,90.35,MED,MED
2024-08-01,SUP_0109,SUP_0109,electricidad,stable,4696978.27,60,9.31,3.45,37.62,7.44,1.2107,1.0096,42.59,LOW,39.75,warning,70.71,LOW,MED
2024-08-01,SUP_0110,SUP_0110,fontaneria,fragile,3550734.27,187,0.61,11.54,94.94,5.03,1.2107,1.0096,56.84,LOW,27.9,critical,89.52,MED,HIGH
2024-08-01,SUP_0111,SUP_0111,acabados,watch,418635.22,11,6.6,6.97,17.66,18.31,1.2107,1.0096,19.88,LOW,57.8,stable,47.51,LOW,LOW
2024-08-01,SUP_0112,SUP_0112,acero,stable,2739646.4,109,4.99,13.18,36.55,14.17,1.2107,1.0096,37.02,LOW,38.93,warning,74.77,LOW,LOW
2024-08-01,SUP_0113,SUP_0113,acabados,stable,4675878.26,50,1.95,9.87,24.76,17.87,1.2107,1.0096,13.94,LOW,66.06,stable,38.89,LOW,LOW
2024-08-01,SUP_0114,SUP_0114,acero,watch,3138236.09,107,6.95,6.63,56.26,14.03,1.2107,1.0096,42.07,LOW,35.32,critical,81.25,MED,MED
2024-08-01,SUP_0115,SUP_0115,logistica,stable,4641815.19,86,8.25,20.32,29.67,27.39,1.2107,1.0096,41.2,LOW,20.0,critical,96.51,MED,MED
2024-08-01,SUP_0116,SUP_0116,electricidad,fragile,1689161.04,126,3.35,19.82,18.49,12.42,1.2107,1.0096,35.68,LOW,39.22,critical,72.71,LOW,LOW
2024-08-01,SUP_0117,SUP_0117,acabados,watch,6018416.98,144,13.66,1.43,52.35,8.94,1.2107,1.0096,57.75,LOW,17.75,critical,107.03,MED,HIGH
2024-08-01,SUP_0118,SUP_0118,logistica,watch,2239516.61,208,7.08,0.35,24.49,24.4,1.2107,1.0096,8.4,LOW,62.24,warning,35.44,LOW,LOW
2024-08-01,SUP_0119,SUP_0119,acabados,stable,3771339.07,100,2.06,11.49,19.24,45.0,1.2107,1.0096,-12.94,LOW,72.89,warning,12.63,LOW,LOW
2024-08-01,SUP_0120,SUP_0120,acabados,watch,936311.9,132,3.41,12.74,24.2,10.24,1.2107,1.0096,29.99,LOW,49.64,critical,65.05,LOW,LOW
2024-08-01,SUP_0121,SUP_0121,electricidad,watch,1848434.56,37,22.0,14.84,31.2,17.18,1.2107,1.0096,85.12,MED,0.0,critical,160.53,HIGH,HIGH
2024-08-01,SUP_0122,SUP_0122,cemento,watch,5165178.7,139,6.16,12.32,40.08,17.51,1.2107,1.0096,37.49,LOW,34.62,critical,68.21,LOW,MED
2024-08-01,SUP_0123,SUP_0123,electricidad,stable,3198476.26,65,0.65,8.74,27.81,26.72,1.2107,1.0096,0.84,LOW,74.83,stable,29.22,LOW,LOW
2024-08-01,SUP_0124,SUP_0124,hormigon,stable,5012440.07,91,9.6,9.77,46.33,23.47,1.2107,1.0096,40.84,LOW,26.67,critical,89.26,MED,MED
2024-08-01,SUP_0125,SUP_0125,logistica,stable,3277644.86,142,2.03,1.88,33.49,24.15,1.2107,1.0096,-0.17,LOW,77.24,stable,17.97,LOW,LOW
2024-08-01,SUP_0126,SUP_0126,hormigon,watch,3392919.86,34,6.45,3.86,68.14,17.8,1.2107,1.0096,38.02,LOW,41.0,warning,75.15,MED,MED
2024-08-01,SUP_0127,SUP_0127,hormigon,stable,5483412.37,115,4.05,4.51,25.76,7.23,1.2107,1.0096,23.28,LOW,62.26,warning,46.67,LOW,LOW
2024-08-01,SUP_0128,SUP_0128,hormigon,stable,3084887.95,145,0.35,5.84,13.45,27.63,1.2107,1.0096,-11.78,LOW,86.2,stable,0.0,LOW,LOW
2024-08-01,SUP_0129,SUP_0129,fontaneria,stable,994118.37,127,1.05,11.3,56.66,9.9,1.2107,1.0096,35.69,LOW,47.36,warning,67.37,LOW,LOW
2024-08-01,SUP_0130,SUP_0130,electricidad,watch,2457966.61,28,7.22,9.25,30.85,7.34,1.2107,1.0096,42.08,LOW,40.46,warning,77.49,MED,MED
2024-08-01,SUP_0131,SUP_0131,logistica,stable,3619070.24,97,5.67,0.0,37.08,26.32,1.2107,1.0096,7.37,LOW,66.93,stable,29.02,LOW,LOW
2024-08-01,SUP_0132,SUP_0132,acero,fragile,2805225.26,188,0.0,3.32,80.22,14.66,1.2107,1.0096,26.42,LOW,56.75,warning,48.43,LOW,LOW
2024-08-01,SUP_0133,SUP_0133,hormigon,watch,1350603.49,20,6.62,9.73,37.16,19.57,1.2107,1.0096,31.61,LOW,43.59,critical,70.77,LOW,LOW
2024-08-01,SUP_0134,SUP_0134,cemento,stable,2112881.02,46,7.48,8.08,27.4,17.64,1.2107,1.0096,29.26,LOW,46.37,warning,51.97,LOW,LOW
2024-08-01,SUP_0135,SUP_0135,cemento,watch,2409820.42,114,4.5,15.45,81.31,5.87,1.2107,1.0096,67.41,LOW,13.14,critical,105.83,MED,HIGH
2024-08-01,SUP_0136,SUP_0136,acero,stable,2799672.45,76,1.73,7.61,42.54,14.43,1.2107,1.0096,21.33,LOW,61.48,stable,47.04,LOW,LOW
2024-08-01,SUP_0137,SUP_0137,logistica,fragile,1007855.93,97,5.32,10.61,57.05,19.12,1.2107,1.0096,38.41,LOW,35.64,critical,73.59,LOW,MED
2024-08-01,SUP_0138,SUP_0138,electricidad,watch,2637230.4,182,5.94,21.15,41.63,16.61,1.2107,1.0096,51.67,LOW,15.54,critical,96.12,MED,MED
2024-08-01,SUP_0139,SUP_0139,logistica,watch,2389279.18,136,3.2,6.38,56.07,27.83,1.2107,1.0096,16.58,LOW,54.86,warning,54.06,LOW,LOW
2024-08-01,SUP_0140,SUP_0140,cemento,stable,3333034.42,112,5.75,3.79,20.81,19.96,1.2107,1.0096,12.34,LOW,63.68,warning,36.46,LOW,LOW
2024-08-01,SUP_0141,SUP_0141,cemento,watch,4071844.82,257,7.58,13.8,57.06,20.63,1.2107,1.0096,48.5,LOW,15.91,critical,91.88,MED,MED
2024-08-01,SUP_0142,SUP_0142,acabados,watch,2985512.87,65,4.46,4.32,41.54,6.78,1.2107,1.0096,31.77,LOW,55.27,warning,41.4,LOW,LOW
2024-08-01,SUP_0143,SUP_0143,cemento,fragile,2867048.46,51,16.46,12.15,71.98,17.37,1.2107,1.0096,82.62,MED,0.0,critical,158.39,HIGH,HIGH
2024-08-01,SUP_0144,SUP_0144,cemento,watch,2984550.27,69,9.17,18.32,24.17,13.56,1.2107,1.0096,52.31,LOW,18.49,critical,91.17,MED,MED
2024-08-01,SUP_0145,SUP_0145,acero,watch,2275407.05,139,20.04,6.67,14.73,10.76,1.2107,1.0096,66.0,LOW,0.0,critical,114.24,MED,HIGH
2024-08-01,SUP_0146,SUP_0146,logistica,stable,1844067.21,70,5.89,14.55,4.44,11.0,1.2107,1.0096,30.49,LOW,47.1,warning,65.56,LOW,LOW
2024-08-01,SUP_0147,SUP_0147,fontaneria,stable,2360552.92,66,7.75,2.89,13.91,14.53,1.2107,1.0096,19.31,LOW,60.06,warning,46.94,LOW,LOW
2024-08-01,SUP_0148,SUP_0148,cemento,watch,2377095.03,173,2.48,13.39,39.75,15.68,1.2107,1.0096,29.71,LOW,45.74,warning,73.19,LOW,LOW
2024-08-01,SUP_0149,SUP_0149,acabados,stable,1140179.26,119,5.43,11.4,27.74,32.13,1.2107,1.0096,13.75,LOW,50.65,critical,38.2,LOW,LOW
2024-08-01,SUP_0150,SUP_0150,acabados,stable,3555525.79,88,8.7,4.11,55.12,14.77,1.2107,1.0096,42.3,LOW,34.69,warning,87.13,MED,MED
2024-08-01,SUP_0151,SUP_0151,acabados,fragile,3312971.29,109,8.01,13.54,95.0,10.56,1.2107,1.0096,76.52,MED,0.0,critical,136.61,HIGH,HIGH
2024-08-01,SUP_0152,SUP_0152,logistica,fragile,998177.28,76,3.85,4.61,36.45,1.0,1.2107,1.0096,33.86,LOW,57.07,warning,47.71,LOW,LOW
2024-08-01,SUP_0153,SUP_0153,hormigon,stable,2971990.2,65,10.29,8.98,40.65,11.98,1.2107,1.0096,50.64,LOW,24.85,critical,83.94,MED,MED
2024-08-01,SUP_0154,SUP_0154,logistica,watch,3724820.44,199,5.2,21.76,43.07,19.23,1.2107,1.0096,48.37,LOW,17.09,critical,100.94,MED,MED
2024-08-01,SUP_0155,SUP_0155,acero,stable,3649607.94,29,8.68,15.14,27.68,11.75,1.2107,1.0096,49.47,LOW,25.78,critical,91.26,MED,MED
2024-08-01,SUP_0156,SUP_0156,acabados,watch,2965843.16,116,0.0,7.96,42.88,28.7,1.2107,1.0096,2.53,LOW,71.35,stable,15.82,LOW,LOW
2024-08-01,SUP_0157,SUP_0157,fontaneria,stable,1394499.32,231,1.55,7.39,46.79,15.16,1.2107,1.0096,21.61,LOW,56.37,warning,37.34,LOW,LOW
2024-08-01,SUP_0158,SUP_0158,acabados,watch,1746266.47,135,5.12,22.92,32.33,20.1,1.2107,1.0096,44.18,LOW,22.13,critical,93.13,MED,MED
2024-08-01,SUP_0159,SUP_0159,fontaneria,watch,2694317.67,108,0.0,22.21,61.81,15.99,1.2107,1.0096,45.13,LOW,30.14,critical,88.69,MED,MED
2024-08-01,SUP_0160,SUP_0160,fontaneria,watch,4114421.32,62,4.4,10.08,21.98,15.3,1.2107,1.0096,22.92,LOW,55.82,warning,42.66,LOW,LOW
2024-08-01,SUP_0161,SUP_0161,fontaneria,stable,485303.75,101,3.8,15.79,28.01,18.33,1.2107,1.0096,29.35,LOW,44.01,warning,69.65,LOW,LOW
2024-08-01,SUP_0162,SUP_0162,acabados,fragile,2561122.68,121,3.91,1.72,84.83,14.76,1.2107,1.0096,37.72,LOW,44.3,critical,73.18,LOW,MED
2024-08-01,SUP_0163,SUP_0163,acabados,stable,5691700.91,91,7.66,6.9,33.93,35.5,1.2107,1.0096,13.1,LOW,49.98,warning,44.29,LOW,LOW
2024-08-01,SUP_0164,SUP_0164,cemento,stable,2834040.6,142,1.22,1.96,60.25,1.0,1.2107,1.0096,32.7,LOW,60.2,warning,51.31,LOW,LOW
2024-08-01,SUP_0165,SUP_0165,acabados,watch,3758503.57,22,3.87,20.5,47.77,1.09,1.2107,1.0096,62.77,LOW,21.74,critical,99.74,MED,HIGH
2024-08-01,SUP_0166,SUP_0166,electricidad,stable,2132380.57,152,7.3,8.24,41.93,14.65,1.2107,1.0096,38.47,LOW,36.03,critical,79.75,MED,MED
2024-08-01,SUP_0167,SUP_0167,acero,fragile,2650310.29,92,16.59,19.06,62.88,17.02,1.2107,1.0096,89.64,MED,0.0,critical,168.12,HIGH,HIGH
2024-08-01,SUP_0168,SUP_0168,electricidad,fragile,1097004.49,126,7.09,45.0,45.73,15.84,1.2107,1.0096,93.51,MED,0.0,critical,180.0,HIGH,HIGH
2024-08-01,SUP_0169,SUP_0169,logistica,stable,409616.14,57,4.07,11.63,23.65,17.22,1.2107,1.0096,23.08,LOW,54.13,warning,62.01,LOW,LOW
2024-08-01,SUP_0170,SUP_0170,logistica,fragile,5348664.11,191,14.87,24.24,59.82,10.88,1.2107,1.0096,97.01,MED,0.0,critical,176.1,HIGH,HIGH
2024-08-01,SUP_0171,SUP_0171,acabados,stable,1829666.38,166,9.35,7.64,18.55,28.86,1.2107,1.0096,18.99,LOW,44.11,warning,63.9,LOW,LOW
2024-08-01,SUP_0172,SUP_0172,electricidad,watch,2561425.05,190,15.87,12.19,58.45,16.06,1.2107,1.0096,76.14,MED,0.0,critical,135.38,HIGH,HIGH
2024-08-01,SUP_0173,SUP_0173,acabados,stable,1122839.41,16,4.19,7.09,40.91,18.37,1.2107,1.0096,23.25,LOW,56.6,warning,53.53,LOW,LOW
2024-08-01,SUP_0174,SUP_0174,acero,fragile,2033039.94,128,12.87,15.19,59.53,18.2,1.2107,1.0096,69.98,LOW,0.0,critical,133.17,HIGH,HIGH
2024-08-01,SUP_0175,SUP_0175,fontaneria,stable,3290517.12,107,2.09,19.86,19.66,18.08,1.2107,1.0096,26.83,LOW,46.18,warning,62.21,LOW,LOW
2024-08-01,SUP_0176,SUP_0176,fontaneria,stable,2085146.55,20,5.67,8.69,38.66,16.75,1.2107,1.0096,30.68,LOW,47.82,warning,61.67,LOW,LOW
2024-08-01,SUP_0177,SUP_0177,hormigon,stable,3483814.04,101,2.02,10.95,19.9,21.74,1.2107,1.0096,9.71,LOW,65.62,warning,34.88,LOW,LOW
2024-08-01,SUP_0178,SUP_0178,hormigon,fragile,1877016.44,125,2.37,14.22,75.68,15.74,1.2107,1.0096,46.76,LOW,29.78,critical,78.64,MED,MED
2024-08-01,SUP_0179,SUP_0179,cemento,fragile,3379400.82,98,1.83,7.96,11.98,10.64,1.2107,1.0096,12.16,LOW,72.17,warning,26.75,LOW,LOW
2024-08-01,SUP_0180,SUP_0180,cemento,watch,3020406.77,91,9.5,10.97,28.86,28.02,1.2107,1.0096,29.92,LOW,34.14,critical,71.66,LOW,LOW
2024-08-01,SUP_0181,SUP_0181,electricidad,fragile,4674353.27,114,7.91,28.38,9.28,1.0,1.2107,1.0096,69.5,LOW,4.32,critical,127.36,HIGH,HIGH
2024-08-01,SUP_0182,SUP_0182,electricidad,fragile,1848653.1,163,4.35,26.63,18.34,3.94,1.2107,1.0096,57.31,LOW,17.57,critical,96.56,MED,HIGH
2024-08-01,SUP_0183,SUP_0183,hormigon,watch,2749893.93,109,5.92,8.47,54.12,7.16,1.2107,1.0096,47.66,LOW,34.26,critical,89.07,MED,MED
2024-08-01,SUP_0184,SUP_0184,acero,stable,4828596.08,11,2.03,12.06,41.11,12.92,1.2107,1.0096,29.74,LOW,53.49,warning,67.71,LOW,LOW
2024-08-01,SUP_0185,SUP_0185,fontaneria,watch,4964781.11,116,0.0,14.72,26.83,13.25,1.2107,1.0096,20.9,LOW,59.65,warning,43.09,LOW,LOW
2024-08-01,SUP_0186,SUP_0186,hormigon,watch,1597397.75,100,1.81,26.94,15.77,4.95,1.2107,1.0096,47.98,LOW,30.54,critical,95.26,MED,MED
2024-08-01,SUP_0187,SUP_0187,acero,stable,2731376.47,19,2.84,5.58,4.6,11.53,1.2107,1.0096,7.43,LOW,78.88,stable,16.29,LOW,LOW
2024-08-01,SUP_0188,SUP_0188,acero,stable,5453302.74,103,6.33,9.92,21.93,11.94,1.2107,1.0096,31.81,LOW,46.04,warning,60.65,LOW,LOW
2024-08-01,SUP_0189,SUP_0189,electricidad,watch,4531854.72,104,11.06,5.93,80.58,25.68,1.2107,1.0096,52.66,LOW,13.5,critical,101.27,MED,MED
2024-08-01,SUP_0190,SUP_0190,acero,stable,3341701.29,46,6.61,0.0,39.5,29.99,1.2107,1.0096,7.62,LOW,64.88,warning,34.92,LOW,LOW
2024-08-01,SUP_0191,SUP_0191,acabados,fragile,3160660.31,84,3.68,26.68,44.08,12.0,1.2107,1.0096,58.88,LOW,13.79,critical,107.37,MED,HIGH
2024-08-01,SUP_0192,SUP_0192,acero,stable,2130421.37,33,1.8,0.0,34.28,19.57,1.2107,1.0096,1.27,LOW,83.21,stable,16.6,LOW,LOW
2024-08-01,SUP_0193,SUP_0193,electricidad,stable,2827035.03,93,5.65,1.0,12.91,12.41,1.2107,1.0096,11.85,LOW,71.15,stable,34.7,LOW,LOW
2024-08-01,SUP_0194,SUP_0194,acero,fragile,2324808.61,200,5.58,10.91,42.97,1.33,1.2107,1.0096,51.09,LOW,31.01,critical,91.31,MED,MED
2024-08-01,SUP_0195,SUP_0195,hormigon,stable,2911793.69,71,7.38,8.9,34.39,14.84,1.2107,1.0096,36.11,LOW,40.28,warning,78.48,MED,LOW
2024-08-01,SUP_0196,SUP_0196,fontaneria,stable,3167547.77,122,3.56,2.49,19.74,8.85,1.2107,1.0096,14.45,LOW,71.35,stable,32.92,LOW,LOW
2024-08-01,SUP_0197,SUP_0197,hormigon,watch,2236811.24,15,13.76,8.74,60.9,9.19,1.2107,1.0096,72.61,MED,2.84,critical,121.91,HIGH,HIGH
2024-08-01,SUP_0198,SUP_0198,acero,fragile,4040874.17,166,5.54,23.95,46.07,2.78,1.2107,1.0096,70.49,MED,5.2,critical,121.55,HIGH,HIGH
2024-08-01,SUP_0199,SUP_0199,acabados,stable,5854780.65,168,8.48,6.79,40.6,18.09,1.2107,1.0096,35.79,LOW,35.54,warning,70.94,LOW,LOW
2024-08-01,SUP_0200,SUP_0200,logistica,stable,1325274.76,105,5.39,13.28,17.16,12.13,1.2107,1.0096,31.7,LOW,45.22,warning,70.2,LOW,LOW
2024-08-01,SUP_0201,SUP_0201,fontaneria,watch,3688143.93,143,1.28,13.19,59.16,15.71,1.2107,1.0096,34.54,LOW,43.06,warning,68.93,LOW,LOW
2024-08-01,SUP_0202,SUP_0202,logistica,fragile,2965835.02,31,0.0,17.9,84.27,13.77,1.2107,1.0096,51.0,LOW,30.16,critical,88.07,MED,MED
2024-08-01,SUP_0203,SUP_0203,acabados,watch,3158151.46,156,3.12,27.51,22.24,4.68,1.2107,1.0096,55.95,LOW,19.44,critical,106.08,MED,MED
2024-08-01,SUP_0204,SUP_0204,electricidad,stable,2644516.46,69,9.98,8.43,19.09,39.18,1.2107,1.0096,12.01,LOW,46.25,warning,46.77,LOW,LOW
2024-08-01,SUP_0205,SUP_0205,acabados,stable,4660284.67,83,2.0,7.46,39.79,10.22,1.2107,1.0096,24.87,LOW,60.26,warning,35.28,LOW,LOW
2024-08-01,SUP_0206,SUP_0206,acero,stable,4725603.52,81,0.07,10.59,27.85,27.56,1.2107,1.0096,1.06,LOW,73.22,warning,24.0,LOW,LOW
2024-08-01,SUP_0207,SUP_0207,electricidad,stable,4002909.09,56,7.46,4.55,58.53,16.85,1.2107,1.0096,38.68,LOW,38.95,warning,68.81,LOW,MED
2024-08-01,SUP_0208,SUP_0208,electricidad,watch,2364248.59,126,13.71,1.96,35.11,3.5,1.2107,1.0096,56.38,LOW,22.86,critical,99.8,MED,HIGH
2024-08-01,SUP_0209,SUP_0209,logistica,stable,273530.36,113,14.82,5.91,47.87,16.45,1.2107,1.0096,58.42,LOW,9.71,critical,108.18,MED,HIGH
2024-08-01,SUP_0210,SUP_0210,acabados,watch,4088529.14,128,10.43,6.89,42.05,12.82,1.2107,1.0096,47.73,LOW,26.21,critical,92.58,MED,MED
2024-08-01,SUP_0211,SUP_0211,electricidad,watch,3789511.54,94,3.59,7.74,47.63,18.13,1.2107,1.0096,25.69,LOW,52.23,warning,60.55,LOW,LOW
2024-08-01,SUP_0212,SUP_0212,fontaneria,watch,4129803.03,90,5.32,4.17,65.94,14.21,1.2107,1.0096,37.68,LOW,42.97,critical,73.93,LOW,MED
2024-08-01,SUP_0213,SUP_0213,hormigon,stable,1318642.2,90,5.55,10.36,21.38,43.86,1.2107,1.0096,-2.05,LOW,60.11,warning,29.8,LOW,LOW
2024-08-01,SUP_0214,SUP_0214,acabados,fragile,1595557.76,252,8.15,11.26,24.6,17.85,1.2107,1.0096,34.54,LOW,32.52,critical,77.52,MED,LOW
2024-08-01,SUP_0215,SUP_0215,electricidad,watch,2978336.1,27,5.06,12.8,26.79,11.45,1.2107,1.0096,34.97,LOW,45.31,critical,70.29,LOW,LOW
2024-08-01,SUP_0216,SUP_0216,electricidad,watch,2213039.38,123,15.88,22.2,54.1,20.02,1.2107,1.0096,85.26,MED,0.0,critical,165.52,HIGH,HIGH
2024-08-01,SUP_0217,SUP_0217,acabados,stable,3299187.95,118,4.6,3.43,14.05,37.0,1.2107,1.0096,-11.73,LOW,77.84,stable,0.0,LOW,LOW
2024-08-01,SUP_0218,SUP_0218,fontaneria,stable,4475497.42,44,8.55,3.85,44.98,38.83,1.2107,1.0096,12.85,LOW,50.1,warning,53.56,LOW,LOW
2024-08-01,SUP_0219,SUP_0219,cemento,fragile,1074020.05,158,4.81,18.31,34.26,4.98,1.2107,1.0096,52.33,LOW,25.72,critical,89.28,MED,MED
2024-08-01,SUP_0220,SUP_0220,acero,stable,5137306.79,180,7.39,8.36,50.45,10.39,1.2107,1.0096,47.02,LOW,29.25,warning,82.16,MED,MED
2024-09-01,SUP_0001,SUP_0001,logistica,watch,4583412.42,175,0.0,21.22,68.17,5.38,0.9211,1.0761,57.12,LOW,23.52,critical,97.4,MED,HIGH
2024-09-01,SUP_0002,SUP_0002,acero,stable,4040705.35,69,2.33,9.59,11.52,27.85,0.9211,1.0761,-1.29,LOW,73.97,stable,14.78,LOW,LOW
2024-09-01,SUP_0003,SUP_0003,cemento,fragile,3255303.13,46,1.06,21.2,94.38,11.03,0.9211,1.0761,66.43,LOW,13.37,critical,128.51,HIGH,HIGH
2024-09-01,SUP_0004,SUP_0004,electricidad,watch,2058116.09,106,2.03,19.15,35.51,3.71,0.9211,1.0761,47.09,LOW,35.7,critical,87.65,MED,MED
2024-09-01,SUP_0005,SUP_0005,electricidad,stable,4013999.27,100,3.58,9.64,30.92,25.49,0.9211,1.0761,13.61,LOW,58.41,warning,44.44,LOW,LOW
2024-09-01,SUP_0006,SUP_0006,fontaneria,fragile,4636497.1,84,0.0,10.46,85.47,17.6,0.9211,1.0761,36.56,LOW,44.27,critical,66.3,LOW,LOW
2024-09-01,SUP_0007,SUP_0007,acero,watch,3496749.4,55,5.74,10.41,81.73,19.6,0.9211,1.0761,50.0,LOW,24.68,critical,94.4,MED,MED
2024-09-01,SUP_0008,SUP_0008,logistica,watch,2259278.41,98,3.03,2.47,56.86,17.06,0.9211,1.0761,21.33,LOW,60.36,stable,51.73,LOW,LOW
2024-09-01,SUP_0009,SUP_0009,electricidad,stable,4278107.83,83,5.56,9.77,8.85,6.32,0.9211,1.0761,29.01,LOW,53.95,warning,50.15,LOW,LOW
2024-09-01,SUP_0010,SUP_0010,acero,watch,5770092.68,60,4.09,12.24,43.27,14.64,0.9211,1.0761,35.45,LOW,43.02,critical,75.44,MED,LOW
2024-09-01,SUP_0011,SUP_0011,logistica,stable,4322782.51,257,6.13,3.99,11.01,18.38,0.9211,1.0761,10.96,LOW,61.26,warning,35.43,LOW,LOW
2024-09-01,SUP_0012,SUP_0012,logistica,fragile,5182504.12,152,9.13,20.59,43.52,8.87,0.9211,1.0761,69.01,LOW,1.25,critical,126.77,HIGH,HIGH
2024-09-01,SUP_0013,SUP_0013,electricidad,watch,2826766.08,144,7.3,21.21,83.69,14.32,0.9211,1.0761,77.03,MED,0.0,critical,138.36,HIGH,HIGH
2024-09-01,SUP_0014,SUP_0014,cemento,fragile,2480986.17,94,6.34,23.63,66.83,24.92,0.9211,1.0761,59.61,LOW,3.22,critical,129.82,HIGH,HIGH
2024-09-01,SUP_0015,SUP_0015,fontaneria,stable,1917025.05,89,4.36,9.83,32.09,42.19,0.9211,1.0761,0.08,LOW,60.54,warning,33.54,LOW,LOW
2024-09-01,SUP_0016,SUP_0016,electricidad,stable,1263276.45,61,3.82,23.05,20.63,22.03,0.9211,1.0761,33.28,LOW,35.22,warning,68.69,LOW,LOW
2024-09-01,SUP_0017,SUP_0017,hormigon,watch,4111445.11,13,5.66,14.29,34.22,11.86,0.9211,1.0761,41.96,LOW,37.13,critical,69.46,LOW,MED
2024-09-01,SUP_0018,SUP_0018,fontaneria,stable,3414283.85,29,2.85,5.67,17.07,25.6,0.9211,1.0761,-0.87,LOW,77.7,stable,11.86,LOW,LOW
2024-09-01,SUP_0019,SUP_0019,acabados,fragile,1638339.3,26,2.49,5.63,59.39,16.55,0.9211,1.0761,26.08,LOW,57.09,warning,50.24,LOW,LOW
2024-09-01,SUP_0020,SUP_0020,cemento,watch,314903.02,12,1.47,10.55,39.07,23.53,0.9211,1.0761,14.3,LOW,63.31,warning,36.79,LOW,LOW
2024-09-01,SUP_0021,SUP_0021,acabados,watch,1829638.51,52,2.54,10.85,67.75,13.09,0.9211,1.0761,41.29,LOW,40.69,warning,73.45,LOW,MED
2024-09-01,SUP_0022,SUP_0022,cemento,stable,4106321.92,235,1.67,4.28,38.83,20.97,0.9211,1.0761,7.95,LOW,67.55,stable,25.9,LOW,LOW
2024-09-01,SUP_0023,SUP_0023,acabados,fragile,2113166.63,101,5.58,11.43,5.86,14.83,0.9211,1.0761,21.7,LOW,54.34,critical,61.45,LOW,LOW
2024-09-01,SUP_0024,SUP_0024,acero,fragile,3816232.73,83,7.47,13.16,78.3,12.09,0.9211,1.0761,65.3,LOW,10.3,critical,116.26,MED,HIGH
2024-09-01,SUP_0025,SUP_0025,cemento,watch,1701549.31,131,5.9,21.23,41.58,8.93,0.9211,1.0761,59.32,LOW,14.44,critical,121.55,HIGH,HIGH
2024-09-01,SUP_0026,SUP_0026,logistica,stable,4494482.43,162,2.88,19.76,42.77,26.58,0.9211,1.0761,30.94,LOW,34.16,critical,77.36,MED,LOW
2024-09-01,SUP_0027,SUP_0027,hormigon,watch,2321410.26,49,6.68,18.88,69.54,10.68,0.9211,1.0761,68.96,LOW,6.52,critical,132.64,HIGH,HIGH
2024-09-01,SUP_0028,SUP_0028,fontaneria,stable,3816004.45,164,6.47,6.98,5.02,26.23,0.9211,1.0761,5.93,LOW,62.14,warning,28.81,LOW,LOW
2024-09-01,SUP_0029,SUP_0029,hormigon,stable,6608230.51,142,2.98,4.38,24.17,36.74,0.9211,1.0761,-10.35,LOW,77.04,stable,0.0,LOW,LOW
2024-09-01,SUP_0030,SUP_0030,logistica,watch,6762148.01,93,4.38,13.06,50.01,13.97,0.9211,1.0761,41.25,LOW,35.97,critical,86.67,MED,MED
2024-09-01,SUP_0031,SUP_0031,acabados,watch,3159455.82,105,6.75,4.2,10.51,19.04,0.9211,1.0761,12.24,LOW,63.38,warning,41.82,LOW,LOW
2024-09-01,SUP_0032,SUP_0032,acabados,fragile,2468605.77,129,17.91,20.38,64.06,12.04,0.9211,1.0761,101.08,MED,0.0,critical,176.93,HIGH,HIGH
2024-09-01,SUP_0033,SUP_0033,electricidad,stable,3125158.72,82,1.97,5.12,30.77,9.21,0.9211,1.0761,18.21,LOW,68.84,warning,44.11,LOW,LOW
2024-09-01,SUP_0034,SUP_0034,electricidad,stable,4218131.08,59,3.87,3.47,36.59,31.82,0.9211,1.0761,1.44,LOW,70.51,stable,23.54,LOW,LOW
2024-09-01,SUP_0035,SUP_0035,fontaneria,watch,3751162.69,56,5.32,7.23,34.96,15.91,0.9211,1.0761,26.64,LOW,52.42,warning,57.89,LOW,LOW
2024-09-01,SUP_0036,SUP_0036,acabados,stable,2747857.63,125,1.85,15.66,42.28,3.31,0.9211,1.0761,44.75,LOW,39.66,warning,75.24,MED,MED
2024-09-01,SUP_0037,SUP_0037,acabados,stable,3625066.31,100,2.72,1.59,47.24,6.75,0.9211,1.0761,25.05,LOW,64.05,stable,46.65,LOW,LOW
2024-09-01,SUP_0038,SUP_0038,cemento,watch,3812920.79,65,1.2,13.44,54.69,7.72,0.9211,1.0761,40.63,LOW,44.48,warning,71.82,LOW,MED
2024-09-01,SUP_0039,SUP_0039,fontaneria,stable,5314398.47,138,8.3,12.68,36.11,6.21,0.9211,1.0761,53.95,LOW,23.23,critical,95.83,MED,MED
2024-09-01,SUP_0040,SUP_0040,cemento,watch,3898435.7,127,7.73,11.89,48.01,14.51,0.9211,1.0761,48.13,LOW,24.94,critical,87.12,MED,MED
2024-09-01,SUP_0041,SUP_0041,acero,stable,4430834.98,124,2.98,13.7,16.31,14.51,0.9211,1.0761,22.33,LOW,54.69,warning,58.96,LOW,LOW
2024-09-01,SUP_0042,SUP_0042,acabados,fragile,3100642.74,234,9.46,3.48,50.29,22.42,0.9211,1.0761,33.8,LOW,33.4,critical,69.36,LOW,LOW
2024-09-01,SUP_0043,SUP_0043,hormigon,watch,4412612.9,211,0.0,8.9,35.46,21.1,0.9211,1.0761,8.2,LOW,67.32,stable,36.83,LOW,LOW
2024-09-01,SUP_0044,SUP_0044,acabados,stable,2074119.28,63,0.78,3.16,26.15,25.11,0.9211,1.0761,-6.26,LOW,85.68,stable,4.38,LOW,LOW
2024-09-01,SUP_0045,SUP_0045,electricidad,fragile,1783642.86,167,6.69,12.91,75.61,16.4,0.9211,1.0761,57.07,LOW,14.13,critical,107.02,MED,HIGH
2024-09-01,SUP_0046,SUP_0046,hormigon,fragile,5635415.41,65,5.49,10.25,30.23,15.26,0.9211,1.0761,30.19,LOW,47.33,warning,64.51,LOW,LOW
2024-09-01,SUP_0047,SUP_0047,acero,stable,4756075.29,154,2.29,6.91,29.24,1.72,0.9211,1.0761,28.69,LOW,59.83,warning,55.37,LOW,LOW
2024-09-01,SUP_0048,SUP_0048,electricidad,stable,2281818.08,90,9.13,16.47,53.91,16.2,0.9211,1.0761,60.17,LOW,9.23,critical,113.47,MED,HIGH
2024-09-01,SUP_0049,SUP_0049,acabados,watch,1506047.73,60,1.35,15.58,24.66,1.17,0.9211,1.0761,37.35,LOW,50.93,warning,63.38,LOW,LOW
2024-09-01,SUP_0050,SUP_0050,fontaneria,stable,1264552.35,20,3.01,2.46,22.25,22.93,0.9211,1.0761,-0.19,LOW,80.43,stable,7.21,LOW,LOW
2024-09-01,SUP_0051,SUP_0051,logistica,stable,1423205.02,71,3.92,11.31,35.64,20.09,0.9211,1.0761,24.67,LOW,50.55,warning,52.11,LOW,LOW
2024-09-01,SUP_0052,SUP_0052,logistica,stable,902123.07,38,7.52,5.29,36.39,16.51,0.9211,1.0761,30.36,LOW,47.6,warning,73.86,LOW,LOW
2024-09-01,SUP_0053,SUP_0053,acabados,watch,3382673.31,168,2.45,7.63,54.77,12.6,0.9211,1.0761,30.84,LOW,49.66,warning,58.06,LOW,LOW
2024-09-01,SUP_0054,SUP_0054,fontaneria,watch,4696319.21,114,6.51,6.28,61.57,17.16,0.9211,1.0761,39.49,LOW,36.29,critical,81.93,MED,MED
2024-09-01,SUP_0055,SUP_0055,acero,watch,2179585.68,75,17.03,10.43,54.69,11.47,0.9211,1.0761,79.89,MED,0.0,critical,148.84,HIGH,HIGH
2024-09-01,SUP_0056,SUP_0056,acero,watch,461095.9,143,0.72,5.42,31.76,19.95,0.9211,1.0761,4.63,LOW,74.69,warning,30.05,LOW,LOW
2024-09-01,SUP_0057,SUP_0057,cemento,watch,3319870.19,91,1.88,8.93,63.65,10.59,0.9211,1.0761,37.09,LOW,46.95,warning,69.44,LOW,LOW
2024-09-01,SUP_0058,SUP_0058,acero,watch,3468289.28,44,6.33,17.13,89.17,14.98,0.9211,1.0761,69.82,LOW,4.23,critical,127.85,HIGH,HIGH
2024-09-01,SUP_0059,SUP_0059,logistica,stable,6726003.87,208,5.33,6.28,25.88,31.09,0.9211,1.0761,5.96,LOW,59.12,warning,33.25,LOW,LOW
2024-09-01,SUP_0060,SUP_0060,acero,stable,475940.66,78,0.0,7.5,6.23,13.28,0.9211,1.0761,0.77,LOW,84.51,stable,12.36,LOW,LOW
2024-09-01,SUP_0061,SUP_0061,cemento,watch,2773291.8,235,5.64,13.3,60.96,19.23,0.9211,1.0761,45.09,LOW,23.05,critical,82.79,MED,MED
2024-09-01,SUP_0062,SUP_0062,fontaneria,watch,5714269.36,116,0.28,6.01,38.63,19.68,0.9211,1.0761,7.55,LOW,72.91,warning,29.93,LOW,LOW
2024-09-01,SUP_0063,SUP_0063,logistica,watch,3958490.49,98,4.07,11.17,41.44,7.84,0.9211,1.0761,39.77,LOW,42.54,critical,64.24,LOW,MED
2024-09-01,SUP_0064,SUP_0064,logistica,watch,3995030.61,121,5.15,23.8,75.66,22.71,0.9211,1.0761,62.51,LOW,2.06,critical,118.19,MED,HIGH
2024-09-01,SUP_0065,SUP_0065,hormigon,watch,3275949.7,126,11.44,3.07,16.08,20.68,0.9211,1.0761,25.47,LOW,44.34,critical,65.92,LOW,LOW
2024-09-01,SUP_0066,SUP_0066,electricidad,watch,4600529.44,101,3.85,0.0,20.33,15.53,0.9211,1.0761,5.16,LOW,77.87,warning,9.0,LOW,LOW
2024-09-01,SUP_0067,SUP_0067,electricidad,watch,2534007.9,87,4.04,1.58,15.58,7.27,0.9211,1.0761,14.22,LOW,73.6,stable,15.59,LOW,LOW
2024-09-01,SUP_0068,SUP_0068,hormigon,stable,2701412.57,107,2.57,11.53,23.52,13.52,0.9211,1.0761,22.07,LOW,57.59,warning,43.45,LOW,LOW
2024-09-01,SUP_0069,SUP_0069,hormigon,stable,5422213.03,43,5.93,11.24,39.43,13.31,0.9211,1.0761,39.1,LOW,39.41,critical,78.3,MED,MED
2024-09-01,SUP_0070,SUP_0070,hormigon,stable,1523267.55,149,4.98,6.05,33.85,25.34,0.9211,1.0761,13.93,LOW,57.13,warning,53.33,LOW,LOW
2024-09-01,SUP_0071,SUP_0071,logistica,stable,3961923.93,132,0.39,15.74,29.48,14.49,0.9211,1.0761,23.55,LOW,54.8,warning,65.31,LOW,LOW
2024-09-01,SUP_0072,SUP_0072,acabados,stable,3634800.33,146,0.03,0.0,12.02,26.05,0.9211,1.0761,-20.56,LOW,99.22,stable,0.0,LOW,LOW
2024-09-01,SUP_0073,SUP_0073,acabados,fragile,2160219.96,177,0.42,25.39,5.39,5.05,0.9211,1.0761,36.74,LOW,41.54,warning,71.66,LOW,LOW
2024-09-01,SUP_0074,SUP_0074,acabados,stable,3710089.11,142,2.56,17.93,33.07,14.98,0.9211,1.0761,34.48,LOW,39.98,critical,77.3,MED,LOW
2024-09-01,SUP_0075,SUP_0075,logistica,stable,2546786.49,113,1.2,4.62,24.93,23.02,0.9211,1.0761,-1.27,LOW,79.4,stable,15.69,LOW,LOW
2024-09-01,SUP_0076,SUP_0076,cemento,stable,1796065.65,148,7.33,8.15,32.62,32.82,0.9211,1.0761,16.07,LOW,46.75,critical,56.4,LOW,LOW
2024-09-01,SUP_0077,SUP_0077,logistica,stable,2910293.97,90,1.92,5.71,52.54,12.12,0.9211,1.0761,25.83,LOW,58.81,stable,50.87,LOW,LOW
2024-09-01,SUP_0078,SUP_0078,cemento,watch,1386195.26,111,0.68,6.31,38.85,22.51,0.9211,1.0761,6.5,LOW,71.71,stable,20.8,LOW,LOW
2024-09-01,SUP_0079,SUP_0079,electricidad,watch,3726934.72,90,6.58,7.1,61.88,18.46,0.9211,1.0761,39.79,LOW,35.4,warning,78.55,MED,MED
2024-09-01,SUP_0080,SUP_0080,fontaneria,watch,2199164.96,176,5.26,21.95,39.87,23.18,0.9211,1.0761,43.47,LOW,19.93,critical,89.03,MED,MED
2024-09-01,SUP_0081,SUP_0081,acero,watch,5383023.35,116,1.57,29.41,47.76,19.58,0.9211,1.0761,50.74,LOW,16.78,critical,104.37,MED,MED
2024-09-01,SUP_0082,SUP_0082,hormigon,stable,1610960.24,92,11.49,12.92,28.1,22.49,0.9211,1.0761,44.02,LOW,20.64,critical,86.42,MED,MED
2024-09-01,SUP_0083,SUP_0083,hormigon,fragile,2365791.24,114,6.06,45.0,62.44,6.81,0.9211,1.0761,106.97,MED,0.0,critical,180.0,HIGH,HIGH
2024-09-01,SUP_0084,SUP_0084,acabados,stable,2414213.96,11,1.6,12.02,27.48,35.02,0.9211,1.0761,0.19,LOW,69.1,warning,21.33,LOW,LOW
2024-09-01,SUP_0085,SUP_0085,acero,stable,4320678.44,12,6.07,9.43,50.29,18.43,0.9211,1.0761,36.56,LOW,40.3,warning,77.55,MED,LOW
2024-09-01,SUP_0086,SUP_0086,acero,stable,4057873.93,149,4.88,3.22,23.65,30.9,0.9211,1.0761,-0.8,LOW,69.74,warning,26.48,LOW,LOW
2024-09-01,SUP_0087,SUP_0087,logistica,watch,3526258.16,147,3.78,12.35,43.11,7.54,0.9211,1.0761,41.72,LOW,39.03,warning,87.0,MED,MED
2024-09-01,SUP_0088,SUP_0088,hormigon,watch,3700096.9,93,0.0,11.08,32.93,19.49,0.9211,1.0761,11.95,LOW,67.06,warning,37.05,LOW,LOW
2024-09-01,SUP_0089,SUP_0089,logistica,stable,468119.75,58,5.78,31.34,20.94,8.25,0.9211,1.0761,65.53,LOW,5.91,critical,124.6,HIGH,HIGH
2024-09-01,SUP_0090,SUP_0090,logistica,watch,3873090.78,129,8.69,21.09,38.9,16.07,0.9211,1.0761,59.16,LOW,7.28,critical,120.17,HIGH,HIGH
2024-09-01,SUP_0091,SUP_0091,fontaneria,stable,6425185.43,168,1.13,6.4,5.38,31.71,0.9211,1.0761,-16.31,LOW,86.33,stable,0.0,LOW,LOW
2024-09-01,SUP_0092,SUP_0092,hormigon,watch,1861142.01,96,0.0,23.71,19.25,11.58,0.9211,1.0761,32.65,LOW,45.08,warning,64.12,LOW,LOW
2024-09-01,SUP_0093,SUP_0093,hormigon,stable,4022399.87,142,4.46,7.96,13.43,27.7,0.9211,1.0761,3.66,LOW,65.63,stable,24.33,LOW,LOW
2024-09-01,SUP_0094,SUP_0094,hormigon,stable,3447571.37,84,6.65,3.62,4.12,10.12,0.9211,1.0761,17.11,LOW,65.34,stable,30.68,LOW,LOW
2024-09-01,SUP_0095,SUP_0095,fontaneria,stable,4448817.1,81,2.06,12.35,26.18,15.88,0.9211,1.0761,20.6,LOW,58.42,warning,49.78,LOW,LOW
2024-09-01,SUP_0096,SUP_0096,hormigon,watch,881047.57,9,0.0,13.96,47.28,4.8,0.9211,1.0761,37.42,LOW,52.21,critical,65.02,LOW,MED
2024-09-01,SUP_0097,SUP_0097,electricidad,stable,1567639.41,70,3.58,3.98,23.22,10.86,0.9211,1.0761,16.3,LOW,68.96,stable,35.53,LOW,LOW
2024-09-01,SUP_0098,SUP_0098,cemento,stable,3413918.34,138,1.45,12.85,39.37,24.64,0.9211,1.0761,16.68,LOW,55.28,critical,39.05,LOW,LOW
2024-09-01,SUP_0099,SUP_0099,electricidad,stable,3264096.89,28,3.79,17.43,53.95,33.0,0.9211,1.0761,28.78,LOW,36.42,critical,64.37,LOW,LOW
2024-09-01,SUP_0100,SUP_0100,cemento,fragile,2832423.88,73,3.38,15.69,76.5,27.78,0.9211,1.0761,40.3,LOW,28.22,critical,84.62,MED,MED
2024-09-01,SUP_0101,SUP_0101,fontaneria,fragile,3621129.65,69,7.35,0.56,62.24,8.4,0.9211,1.0761,42.49,LOW,42.36,critical,64.23,LOW,MED
2024-09-01,SUP_0102,SUP_0102,cemento,watch,662318.25,50,7.02,12.64,68.9,21.35,0.9211,1.0761,49.67,LOW,21.6,critical,103.31,MED,MED
2024-09-01,SUP_0103,SUP_0103,hormigon,stable,1529347.54,106,1.67,5.75,34.48,24.81,0.9211,1.0761,4.34,LOW,71.83,stable,27.79,LOW,LOW
2024-09-01,SUP_0104,SUP_0104,hormigon,fragile,183497.43,6,1.62,2.76,41.45,13.09,0.9211,1.0761,14.55,LOW,73.76,warning,34.56,LOW,LOW
2024-09-01,SUP_0105,SUP_0105,acabados,watch,3312743.84,119,11.95,10.32,37.79,12.43,0.9211,1.0761,55.9,LOW,15.34,critical,105.58,MED,MED
2024-09-01,SUP_0106,SUP_0106,cemento,watch,2735886.73,134,6.29,18.04,18.35,12.19,0.9211,1.0761,42.0,LOW,30.74,critical,77.88,MED,MED
2024-09-01,SUP_0107,SUP_0107,electricidad,stable,3043393.73,108,4.76,7.28,17.45,23.53,0.9211,1.0761,9.51,LOW,63.57,stable,37.59,LOW,LOW
2024-09-01,SUP_0108,SUP_0108,fontaneria,stable,5307346.07,11,3.03,5.61,25.85,13.05,0.9211,1.0761,16.09,LOW,69.25,stable,52.83,LOW,LOW
2024-09-01,SUP_0109,SUP_0109,electricidad,stable,6121603.66,58,6.71,3.4,49.76,9.8,0.9211,1.0761,37.83,LOW,45.65,warning,63.34,LOW,MED
2024-09-01,SUP_0110,SUP_0110,fontaneria,fragile,4449814.07,93,0.74,16.66,95.0,3.63,0.9211,1.0761,66.32,LOW,19.45,critical,107.16,MED,HIGH
2024-09-01,SUP_0111,SUP_0111,acabados,watch,513650.34,8,6.0,9.0,22.1,17.15,0.9211,1.0761,24.3,LOW,53.8,warning,53.57,LOW,LOW
2024-09-01,SUP_0112,SUP_0112,acero,stable,4404010.6,125,0.73,8.32,39.2,26.55,0.9211,1.0761,5.76,LOW,68.34,stable,35.77,LOW,LOW
2024-09-01,SUP_0113,SUP_0113,acabados,stable,3925804.12,50,4.08,11.56,22.9,15.05,0.9211,1.0761,24.85,LOW,54.0,warning,56.43,LOW,LOW
2024-09-01,SUP_0114,SUP_0114,acero,watch,3152161.31,147,5.07,4.88,53.26,11.78,0.9211,1.0761,34.72,LOW,45.72,warning,67.32,LOW,LOW
2024-09-01,SUP_0115,SUP_0115,logistica,stable,4971774.58,83,12.37,13.94,24.47,21.5,0.9211,1.0761,47.53,LOW,16.68,critical,106.5,MED,MED
2024-09-01,SUP_0116,SUP_0116,electricidad,fragile,1167998.11,138,2.94,12.8,12.14,8.67,0.9211,1.0761,24.82,LOW,56.07,warning,57.81,LOW,LOW
2024-09-01,SUP_0117,SUP_0117,acabados,watch,4513473.28,164,8.4,0.97,51.31,10.27,0.9211,1.0761,39.46,LOW,40.08,critical,75.91,MED,MED
2024-09-01,SUP_0118,SUP_0118,logistica,watch,1864978.69,179,4.8,0.83,38.34,30.34,0.9211,1.0761,2.56,LOW,67.12,warning,27.25,LOW,LOW
2024-09-01,SUP_0119,SUP_0119,acabados,stable,5225284.02,90,1.42,8.54,25.5,34.79,0.9211,1.0761,-6.25,LOW,75.25,stable,12.24,LOW,LOW
2024-09-01,SUP_0120,SUP_0120,acabados,watch,1069315.56,138,4.15,8.24,21.47,23.76,0.9211,1.0761,10.71,LOW,61.45,warning,26.17,LOW,LOW
2024-09-01,SUP_0121,SUP_0121,electricidad,watch,1843073.26,45,18.5,16.6,35.38,19.2,0.9211,1.0761,77.13,MED,0.0,critical,146.5,HIGH,HIGH
2024-09-01,SUP_0122,SUP_0122,cemento,watch,5720744.5,132,3.24,13.99,43.84,21.77,0.9211,1.0761,28.65,LOW,43.0,warning,72.07,LOW,LOW
2024-09-01,SUP_0123,SUP_0123,electricidad,stable,2383929.72,80,0.52,13.14,34.35,36.5,0.9211,1.0761,0.22,LOW,66.56,warning,25.5,LOW,LOW
2024-09-01,SUP_0124,SUP_0124,hormigon,stable,4262978.04,97,5.1,12.33,46.64,17.52,0.9211,1.0761,37.27,LOW,37.17,critical,75.96,MED,LOW
2024-09-01,SUP_0125,SUP_0125,logistica,stable,2882519.52,85,1.25,3.06,34.12,23.36,0.9211,1.0761,0.33,LOW,79.14,stable,9.91,LOW,LOW
2024-09-01,SUP_0126,SUP_0126,hormigon,watch,3511241.34,35,6.74,8.59,66.74,18.71,0.9211,1.0761,44.43,LOW,31.33,critical,86.5,MED,MED
2024-09-01,SUP_0127,SUP_0127,hormigon,stable,6019159.69,97,3.84,6.12,26.61,11.44,0.9211,1.0761,21.23,LOW,61.53,warning,55.52,LOW,LOW
2024-09-01,SUP_0128,SUP_0128,hormigon,stable,2819576.06,135,0.56,7.48,12.76,17.98,0.9211,1.0761,0.64,LOW,79.31,warning,15.24,LOW,LOW
2024-09-01,SUP_0129,SUP_0129,fontaneria,stable,725216.83,110,1.0,11.14,45.4,9.47,0.9211,1.0761,30.66,LOW,53.31,warning,63.21,LOW,LOW
2024-09-01,SUP_0130,SUP_0130,electricidad,watch,2123997.45,36,3.15,11.64,34.59,9.52,0.9211,1.0761,32.96,LOW,50.8,critical,66.8,LOW,LOW
2024-09-01,SUP_0131,SUP_0131,logistica,stable,3841427.71,83,2.91,0.0,50.56,26.41,0.9211,1.0761,5.07,LOW,72.36,warning,21.95,LOW,LOW
2024-09-01,SUP_0132,SUP_0132,acero,fragile,5058586.75,122,0.0,2.38,73.39,19.04,0.9211,1.0761,17.55,LOW,65.23,stable,27.85,LOW,LOW
2024-09-01,SUP_0133,SUP_0133,hormigon,watch,1070730.93,19,6.84,9.38,38.03,16.71,0.9211,1.0761,34.99,LOW,42.04,warning,79.16,MED,LOW
2024-09-01,SUP_0134,SUP_0134,cemento,stable,2502198.67,63,2.26,4.92,36.53,14.62,0.9211,1.0761,15.98,LOW,67.9,stable,35.98,LOW,LOW
2024-09-01,SUP_0135,SUP_0135,cemento,watch,2234981.94,159,2.21,9.37,90.87,7.81,0.9211,1.0761,53.75,LOW,29.51,critical,101.1,MED,MED
2024-09-01,SUP_0136,SUP_0136,acero,stable,2744723.7,123,2.99,6.81,54.99,17.44,0.9211,1.0761,26.47,LOW,52.12,warning,52.06,LOW,LOW
2024-09-01,SUP_0137,SUP_0137,logistica,fragile,1259077.39,170,13.71,14.49,79.13,13.0,0.9211,1.0761,85.49,MED,0.0,critical,141.4,HIGH,HIGH
2024-09-01,SUP_0138,SUP_0138,electricidad,watch,2503376.05,172,4.13,26.44,49.54,12.28,0.9211,1.0761,62.06,LOW,7.45,critical,113.16,MED,HIGH
2024-09-01,SUP_0139,SUP_0139,logistica,watch,3033406.94,108,14.83,9.48,66.86,23.91,0.9211,1.0761,64.91,LOW,0.0,critical,123.44,HIGH,HIGH
2024-09-01,SUP_0140,SUP_0140,cemento,stable,4574424.45,129,4.18,10.82,19.49,19.31,0.9211,1.0761,18.22,LOW,55.77,warning,44.19,LOW,LOW
2024-09-01,SUP_0141,SUP_0141,cemento,watch,4170502.49,240,2.71,15.29,47.41,16.42,0.9211,1.0761,35.98,LOW,35.79,critical,78.94,MED,LOW
2024-09-01,SUP_0142,SUP_0142,acabados,watch,4201884.87,52,6.08,3.03,48.85,8.62,0.9211,1.0761,36.16,LOW,49.07,warning,77.85,MED,LOW
2024-09-01,SUP_0143,SUP_0143,cemento,fragile,2009687.62,57,9.38,16.35,58.91,16.37,0.9211,1.0761,62.82,LOW,7.27,critical,111.04,MED,HIGH
2024-09-01,SUP_0144,SUP_0144,cemento,watch,3801597.31,160,6.78,16.22,25.79,20.52,0.9211,1.0761,35.74,LOW,31.23,critical,93.1,MED,LOW
2024-09-01,SUP_0145,SUP_0145,acero,watch,2449124.63,143,6.38,11.39,13.08,9.57,0.9211,1.0761,32.54,LOW,44.88,warning,69.23,LOW,LOW
2024-09-01,SUP_0146,SUP_0146,logistica,stable,2017872.04,64,2.53,12.58,5.06,18.78,0.9211,1.0761,9.97,LOW,67.07,stable,40.54,LOW,LOW
2024-09-01,SUP_0147,SUP_0147,fontaneria,stable,2017179.39,65,1.95,4.54,17.34,25.64,0.9211,1.0761,-5.19,LOW,82.37,stable,2.78,LOW,LOW
2024-09-01,SUP_0148,SUP_0148,cemento,watch,1976146.78,240,4.12,45.0,28.12,12.74,0.9211,1.0761,79.78,MED,0.0,critical,160.72,HIGH,HIGH
2024-09-01,SUP_0149,SUP_0149,acabados,stable,2152889.2,97,13.05,6.4,30.11,37.01,0.9211,1.0761,25.29,LOW,31.51,critical,63.39,LOW,LOW
2024-09-01,SUP_0150,SUP_0150,acabados,stable,3603707.75,68,3.53,2.95,73.62,24.89,0.9211,1.0761,23.25,LOW,53.53,warning,44.91,LOW,LOW
2024-09-01,SUP_0151,SUP_0151,acabados,fragile,4092105.68,182,6.31,16.3,93.01,11.69,0.9211,1.0761,73.55,MED,0.0,critical,137.21,HIGH,HIGH
2024-09-01,SUP_0152,SUP_0152,logistica,fragile,1564375.92,76,9.37,12.11,31.96,1.0,0.9211,1.0761,59.68,LOW,21.97,critical,93.83,MED,HIGH
2024-09-01,SUP_0153,SUP_0153,hormigon,stable,3511466.35,131,5.03,5.97,30.59,10.68,0.9211,1.0761,27.13,LOW,53.96,warning,44.36,LOW,LOW
2024-09-01,SUP_0154,SUP_0154,logistica,watch,2573695.25,93,6.46,7.51,36.71,16.02,0.9211,1.0761,31.14,LOW,45.45,warning,60.69,LOW,LOW
2024-09-01,SUP_0155,SUP_0155,acero,stable,4311915.53,35,6.06,11.11,18.11,17.29,0.9211,1.0761,25.71,LOW,50.38,warning,57.83,LOW,LOW
2024-09-01,SUP_0156,SUP_0156,acabados,watch,3523657.11,112,0.0,11.86,41.26,28.66,0.9211,1.0761,7.7,LOW,64.39,warning,38.0,LOW,LOW
2024-09-01,SUP_0157,SUP_0157,fontaneria,stable,1224753.82,158,1.64,22.41,56.73,21.11,0.9211,1.0761,42.95,LOW,25.76,warning,93.22,MED,MED
2024-09-01,SUP_0158,SUP_0158,acabados,watch,1327777.65,171,3.39,16.32,34.88,25.92,0.9211,1.0761,24.44,LOW,42.01,warning,61.54,LOW,LOW
2024-09-01,SUP_0159,SUP_0159,fontaneria,watch,2469666.03,83,0.0,4.35,68.96,16.53,0.9211,1.0761,21.03,LOW,63.57,warning,55.03,LOW,LOW
2024-09-01,SUP_0160,SUP_0160,fontaneria,watch,3514961.95,59,5.1,19.86,21.76,18.46,0.9211,1.0761,36.4,LOW,34.81,critical,81.62,MED,LOW
2024-09-01,SUP_0161,SUP_0161,fontaneria,stable,420038.75,93,3.38,21.56,28.97,14.58,0.9211,1.0761,40.94,LOW,32.62,critical,77.85,MED,MED
2024-09-01,SUP_0162,SUP_0162,acabados,fragile,3873218.94,81,3.75,0.77,90.94,17.67,0.9211,1.0761,35.65,LOW,46.31,critical,74.52,LOW,LOW
2024-09-01,SUP_0163,SUP_0163,acabados,stable,4589877.98,83,8.72,0.42,30.48,27.53,0.9211,1.0761,12.96,LOW,57.73,stable,37.12,LOW,LOW
2024-09-01,SUP_0164,SUP_0164,cemento,stable,3337509.18,196,2.96,3.38,61.65,1.01,0.9211,1.0761,40.68,LOW,48.14,warning,81.81,MED,MED
2024-09-01,SUP_0165,SUP_0165,acabados,watch,3862008.64,32,2.75,18.94,37.2,1.57,0.9211,1.0761,51.82,LOW,33.99,critical,89.98,MED,MED
2024-09-01,SUP_0166,SUP_0166,electricidad,stable,2787688.8,116,3.35,3.93,30.74,13.05,0.9211,1.0761,16.73,LOW,65.98,stable,39.81,LOW,LOW
2024-09-01,SUP_0167,SUP_0167,acero,fragile,3778337.91,94,7.99,13.1,44.2,16.58,0.9211,1.0761,46.94,LOW,24.92,critical,90.62,MED,MED
2024-09-01,SUP_0168,SUP_0168,electricidad,fragile,937541.85,131,4.03,26.37,51.95,8.92,0.9211,1.0761,66.11,LOW,6.96,critical,113.43,MED,HIGH
2024-09-01,SUP_0169,SUP_0169,logistica,stable,373685.06,49,1.56,4.82,22.96,26.5,0.9211,1.0761,-4.24,LOW,81.58,stable,12.32,LOW,LOW
2024-09-01,SUP_0170,SUP_0170,logistica,fragile,4880968.69,150,3.99,15.68,65.55,8.23,0.9211,1.0761,56.74,LOW,21.57,critical,94.1,MED,HIGH
2024-09-01,SUP_0171,SUP_0171,acabados,stable,2065744.03,164,4.39,13.11,15.87,19.88,0.9211,1.0761,20.11,LOW,51.11,warning,57.94,LOW,LOW
2024-09-01,SUP_0172,SUP_0172,electricidad,watch,2436908.16,151,10.08,17.53,60.55,24.18,0.9211,1.0761,59.62,LOW,1.29,critical,117.33,MED,HIGH
2024-09-01,SUP_0173,SUP_0173,acabados,stable,1680288.43,41,1.83,8.37,47.74,27.27,0.9211,1.0761,12.27,LOW,62.75,warning,36.69,LOW,LOW
2024-09-01,SUP_0174,SUP_0174,acero,fragile,1970538.15,206,6.1,13.3,45.44,19.62,0.9211,1.0761,39.09,LOW,29.22,critical,75.21,MED,MED
2024-09-01,SUP_0175,SUP_0175,fontaneria,stable,3184759.19,124,2.35,21.88,24.92,15.28,0.9211,1.0761,35.79,LOW,37.27,critical,74.61,LOW,LOW
2024-09-01,SUP_0176,SUP_0176,fontaneria,stable,2204184.57,22,3.94,7.6,34.59,12.89,0.9211,1.0761,25.9,LOW,57.32,warning,54.93,LOW,LOW
2024-09-01,SUP_0177,SUP_0177,hormigon,stable,4843338.45,85,3.43,7.23,23.75,30.75,0.9211,1.0761,1.08,LOW,69.35,warning,21.35,LOW,LOW
2024-09-01,SUP_0178,SUP_0178,hormigon,fragile,5332511.72,163,0.75,14.04,67.94,10.15,0.9211,1.0761,43.74,LOW,37.02,critical,72.14,LOW,MED
2024-09-01,SUP_0179,SUP_0179,cemento,fragile,3167185.94,91,1.01,5.74,10.71,10.2,0.9211,1.0761,6.26,LOW,80.52,stable,18.49,LOW,LOW
2024-09-01,SUP_0180,SUP_0180,cemento,watch,3167032.25,114,9.86,8.6,25.48,28.33,0.9211,1.0761,25.62,LOW,38.39,critical,77.1,MED,LOW
2024-09-01,SUP_0181,SUP_0181,electricidad,fragile,4593128.56,134,6.29,31.6,11.97,1.0,0.9211,1.0761,70.66,MED,2.58,critical,129.99,HIGH,HIGH
2024-09-01,SUP_0182,SUP_0182,electricidad,fragile,2005001.91,201,0.63,14.2,20.3,4.98,0.9211,1.0761,27.35,LOW,55.67,warning,55.84,LOW,LOW
2024-09-01,SUP_0183,SUP_0183,hormigon,watch,3165148.38,136,4.05,13.45,65.3,7.57,0.9211,1.0761,54.16,LOW,26.07,critical,90.47,MED,MED
2024-09-01,SUP_0184,SUP_0184,acero,stable,5409798.39,13,8.04,19.65,41.9,12.19,0.9211,1.0761,60.27,LOW,13.54,critical,111.48,MED,HIGH
2024-09-01,SUP_0185,SUP_0185,fontaneria,watch,4921554.7,59,0.0,7.27,24.04,19.13,0.9211,1.0761,2.59,LOW,79.58,stable,20.31,LOW,LOW
2024-09-01,SUP_0186,SUP_0186,hormigon,watch,2023995.33,122,1.03,19.27,17.25,4.45,0.9211,1.0761,35.29,LOW,47.49,critical,55.42,LOW,LOW
2024-09-01,SUP_0187,SUP_0187,acero,stable,3292419.33,30,2.9,15.38,6.5,13.02,0.9211,1.0761,21.68,LOW,58.35,warning,50.05,LOW,LOW
2024-09-01,SUP_0188,SUP_0188,acero,stable,4151182.75,114,11.83,5.71,23.35,12.96,0.9211,1.0761,41.61,LOW,31.86,critical,69.57,LOW,MED
2024-09-01,SUP_0189,SUP_0189,electricidad,watch,3361494.41,153,4.39,5.55,83.71,30.74,0.9211,1.0761,28.42,LOW,39.86,critical,63.79,LOW,LOW
2024-09-01,SUP_0190,SUP_0190,acero,stable,3266468.26,54,5.88,0.0,29.84,32.1,0.9211,1.0761,-1.02,LOW,72.66,warning,12.95,LOW,LOW
2024-09-01,SUP_0191,SUP_0191,acabados,fragile,2785621.88,98,2.18,14.4,49.81,12.88,0.9211,1.0761,37.66,LOW,41.64,critical,88.69,MED,MED
2024-09-01,SUP_0192,SUP_0192,acero,stable,3056355.42,61,2.81,0.0,43.82,13.54,0.9211,1.0761,14.63,LOW,71.94,stable,30.46,LOW,LOW
2024-09-01,SUP_0193,SUP_0193,electricidad,stable,3801820.61,77,3.97,0.61,9.3,8.07,0.9211,1.0761,8.93,LOW,79.24,stable,27.07,LOW,LOW
2024-09-01,SUP_0194,SUP_0194,acero,fragile,3514267.16,236,6.41,23.57,49.73,1.32,0.9211,1.0761,75.64,MED,0.0,critical,128.12,HIGH,HIGH
2024-09-01,SUP_0195,SUP_0195,hormigon,stable,3520035.03,119,4.74,16.79,33.26,17.03,0.9211,1.0761,37.35,LOW,34.87,critical,90.48,MED,LOW
2024-09-01,SUP_0196,SUP_0196,fontaneria,stable,3562370.18,160,2.28,1.87,33.08,9.3,0.9211,1.0761,15.23,LOW,70.7,stable,38.41,LOW,LOW
2024-09-01,SUP_0197,SUP_0197,hormigon,watch,1351904.96,18,9.54,7.31,64.29,13.43,0.9211,1.0761,55.09,LOW,22.44,critical,104.74,MED,MED
2024-09-01,SUP_0198,SUP_0198,acero,fragile,4836806.11,161,1.72,35.79,65.1,3.26,0.9211,1.0761,84.87,MED,0.0,critical,154.05,HIGH,HIGH
2024-09-01,SUP_0199,SUP_0199,acabados,stable,6960142.21,132,9.31,5.76,35.12,9.42,0.9211,1.0761,42.97,LOW,34.76,warning,70.46,LOW,MED
2024-09-01,SUP_0200,SUP_0200,logistica,stable,1086699.64,101,3.33,4.09,20.18,31.65,0.9211,1.0761,-6.45,LOW,77.47,stable,0.0,LOW,LOW
2024-09-01,SUP_0201,SUP_0201,fontaneria,watch,2662247.86,157,0.53,9.11,54.22,19.99,0.9211,1.0761,19.66,LOW,57.57,warning,50.34,LOW,LOW
2024-09-01,SUP_0202,SUP_0202,logistica,fragile,1804643.88,36,0.0,17.94,95.0,16.03,0.9211,1.0761,53.62,LOW,25.91,critical,101.24,MED,MED
2024-09-01,SUP_0203,SUP_0203,acabados,watch,2751424.81,130,10.45,13.92,26.6,6.06,0.9211,1.0761,58.15,LOW,16.61,critical,102.59,MED,HIGH
2024-09-01,SUP_0204,SUP_0204,electricidad,stable,3612206.43,58,4.34,12.17,16.52,22.35,0.9211,1.0761,16.37,LOW,56.93,warning,44.56,LOW,LOW
2024-09-01,SUP_0205,SUP_0205,acabados,stable,4373141.46,71,0.95,2.28,48.2,10.02,0.9211,1.0761,17.94,LOW,71.34,warning,31.89,LOW,LOW
2024-09-01,SUP_0206,SUP_0206,acero,stable,5879136.63,74,0.12,6.39,29.58,30.04,0.9211,1.0761,-6.8,LOW,81.72,stable,9.08,LOW,LOW
2024-09-01,SUP_0207,SUP_0207,electricidad,stable,2629067.0,94,4.36,12.6,47.06,22.65,0.9211,1.0761,30.51,LOW,41.29,critical,69.29,LOW,LOW
2024-09-01,SUP_0208,SUP_0208,electricidad,watch,4261305.68,165,6.27,6.26,31.72,5.95,0.9211,1.0761,36.54,LOW,45.25,critical,71.47,LOW,LOW
2024-09-01,SUP_0209,SUP_0209,logistica,stable,285479.89,130,6.14,9.52,41.37,12.2,0.9211,1.0761,39.13,LOW,38.15,critical,73.94,LOW,MED
2024-09-01,SUP_0210,SUP_0210,acabados,watch,5078601.71,132,5.41,5.82,42.47,21.45,0.9211,1.0761,22.62,LOW,51.15,warning,49.57,LOW,LOW
2024-09-01,SUP_0211,SUP_0211,electricidad,watch,3303042.69,96,2.8,4.23,50.96,20.19,0.9211,1.0761,17.49,LOW,61.6,warning,24.91,LOW,LOW
2024-09-01,SUP_0212,SUP_0212,fontaneria,watch,4041533.76,140,2.56,11.71,78.85,12.52,0.9211,1.0761,48.2,LOW,31.04,critical,100.99,MED,MED
2024-09-01,SUP_0213,SUP_0213,hormigon,stable,1577947.15,77,5.64,10.44,26.96,17.61,0.9211,1.0761,27.11,LOW,48.27,warning,64.15,LOW,LOW
2024-09-01,SUP_0214,SUP_0214,acabados,fragile,2529062.6,190,4.54,13.12,26.68,28.13,0.9211,1.0761,17.17,LOW,47.74,warning,54.06,LOW,LOW
2024-09-01,SUP_0215,SUP_0215,electricidad,watch,3153883.49,31,1.48,7.97,32.14,13.76,0.9211,1.0761,17.09,LOW,67.57,stable,37.46,LOW,LOW
2024-09-01,SUP_0216,SUP_0216,electricidad,watch,2767947.11,157,12.7,8.77,48.04,22.51,0.9211,1.0761,50.36,LOW,13.2,critical,90.97,MED,MED
2024-09-01,SUP_0217,SUP_0217,acabados,stable,3096922.94,127,7.67,3.79,10.54,41.46,0.9211,1.0761,-8.02,LOW,67.69,warning,23.6,LOW,LOW
2024-09-01,SUP_0218,SUP_0218,fontaneria,stable,4905590.49,62,8.14,4.51,29.89,28.39,0.9211,1.0761,16.24,LOW,53.06,warning,47.74,LOW,LOW
2024-09-01,SUP_0219,SUP_0219,cemento,fragile,1066809.4,200,2.47,15.0,31.9,7.41,0.9211,1.0761,36.86,LOW,42.34,critical,57.19,LOW,LOW
2024-09-01,SUP_0220,SUP_0220,acero,stable,5054973.89,137,4.07,3.87,45.9,14.08,0.9211,1.0761,24.58,LOW,56.16,warning,46.05,LOW,LOW
2024-10-01,SUP_0001,SUP_0001,logistica,watch,2604100.82,139,0.0,21.74,71.94,4.16,0.996,1.0276,60.81,LOW,21.44,critical,111.31,MED,HIGH
2024-10-01,SUP_0002,SUP_0002,acero,stable,3447473.93,52,2.36,5.0,16.94,34.14,0.996,1.0276,-11.94,LOW,83.33,stable,6.11,LOW,LOW
2024-10-01,SUP_0003,SUP_0003,cemento,fragile,3556082.24,47,1.45,24.5,74.93,10.03,0.996,1.0276,64.8,LOW,13.58,critical,123.2,HIGH,HIGH
2024-10-01,SUP_0004,SUP_0004,electricidad,watch,3979740.6,58,1.9,11.43,35.27,8.35,0.996,1.0276,30.36,LOW,54.84,warning,53.65,LOW,LOW
2024-10-01,SUP_0005,SUP_0005,electricidad,stable,3483848.39,95,3.87,15.41,53.56,15.31,0.996,1.0276,43.53,LOW,32.08,critical,91.64,MED,MED
2024-10-01,SUP_0006,SUP_0006,fontaneria,fragile,4358354.91,115,8.23,13.51,63.26,20.29,0.996,1.0276,53.13,LOW,15.24,critical,100.99,MED,MED
2024-10-01,SUP_0007,SUP_0007,acero,watch,3682664.15,68,4.44,14.5,71.98,11.36,0.996,1.0276,56.08,LOW,22.79,critical,107.96,MED,HIGH
2024-10-01,SUP_0008,SUP_0008,logistica,watch,1794350.49,73,2.87,1.44,51.4,26.33,0.996,1.0276,7.58,LOW,69.53,warning,18.3,LOW,LOW
2024-10-01,SUP_0009,SUP_0009,electricidad,stable,3599099.34,66,2.79,6.08,10.42,9.0,0.996,1.0276,13.17,LOW,73.18,stable,42.97,LOW,LOW
2024-10-01,SUP_0010,SUP_0010,acero,watch,4967207.63,67,1.04,9.25,48.38,12.84,0.996,1.0276,25.93,LOW,58.05,warning,46.98,LOW,LOW
2024-10-01,SUP_0011,SUP_0011,logistica,stable,4353512.34,208,5.84,3.34,17.89,17.9,0.996,1.0276,12.67,LOW,61.96,warning,33.87,LOW,LOW
2024-10-01,SUP_0012,SUP_0012,logistica,fragile,3927229.97,130,6.53,29.76,38.61,8.2,0.996,1.0276,73.4,MED,0.0,critical,140.38,HIGH,HIGH
2024-10-01,SUP_0013,SUP_0013,electricidad,watch,3889508.38,187,8.7,28.64,64.16,13.15,0.996,1.0276,84.77,MED,0.0,critical,161.93,HIGH,HIGH
2024-10-01,SUP_0014,SUP_0014,cemento,fragile,2219495.85,70,13.19,17.2,67.2,14.75,0.996,1.0276,80.84,MED,0.0,critical,146.52,HIGH,HIGH
2024-10-01,SUP_0015,SUP_0015,fontaneria,stable,2282546.01,99,3.06,10.7,13.53,37.01,0.996,1.0276,-5.71,LOW,70.26,warning,13.36,LOW,LOW
2024-10-01,SUP_0016,SUP_0016,electricidad,stable,1571355.47,83,10.83,21.6,19.31,26.0,0.996,1.0276,47.59,LOW,11.4,critical,107.13,MED,MED
2024-10-01,SUP_0017,SUP_0017,hormigon,watch,3599426.17,11,6.91,8.68,47.3,17.23,0.996,1.0276,37.79,LOW,39.44,warning,78.47,MED,MED
2024-10-01,SUP_0018,SUP_0018,fontaneria,stable,3641257.54,43,2.87,9.61,18.33,15.06,0.996,1.0276,16.22,LOW,65.02,warning,40.42,LOW,LOW
2024-10-01,SUP_0019,SUP_0019,acabados,fragile,2673264.38,22,2.91,6.11,39.49,13.61,0.996,1.0276,22.05,LOW,62.48,warning,46.11,LOW,LOW
2024-10-01,SUP_0020,SUP_0020,cemento,watch,304873.0,12,2.14,16.07,54.32,13.74,0.996,1.0276,41.24,LOW,39.29,warning,89.3,MED,MED
2024-10-01,SUP_0021,SUP_0021,acabados,watch,1916121.63,31,3.37,7.88,72.13,13.24,0.996,1.0276,41.15,LOW,42.0,critical,65.5,LOW,MED
2024-10-01,SUP_0022,SUP_0022,cemento,stable,2924059.62,155,1.21,1.35,34.07,29.27,0.996,1.0276,-8.28,LOW,82.71,stable,3.81,LOW,LOW
2024-10-01,SUP_0023,SUP_0023,acabados,fragile,2377776.87,91,11.71,11.9,6.04,9.19,0.996,1.0276,46.49,LOW,27.16,critical,92.25,MED,MED
2024-10-01,SUP_0024,SUP_0024,acero,fragile,4290230.3,175,16.46,14.36,49.12,7.28,0.996,1.0276,85.75,MED,0.0,critical,153.5,HIGH,HIGH
2024-10-01,SUP_0025,SUP_0025,cemento,watch,1089307.33,52,8.46,9.27,39.15,16.41,0.996,1.0276,40.5,LOW,34.19,critical,80.39,MED,MED
2024-10-01,SUP_0026,SUP_0026,logistica,stable,5283495.42,132,3.2,11.04,24.85,18.28,0.996,1.0276,19.06,LOW,56.37,warning,47.34,LOW,LOW
2024-10-01,SUP_0027,SUP_0027,hormigon,watch,2558714.47,69,8.57,14.4,63.79,17.2,0.996,1.0276,58.82,LOW,12.17,critical,114.35,MED,HIGH
2024-10-01,SUP_0028,SUP_0028,fontaneria,stable,3548397.5,151,8.49,3.83,4.97,30.62,0.996,1.0276,2.84,LOW,62.32,warning,29.38,LOW,LOW
2024-10-01,SUP_0029,SUP_0029,hormigon,stable,5799121.47,135,1.26,14.68,18.35,26.67,0.996,1.0276,7.39,LOW,62.64,warning,32.41,LOW,LOW
2024-10-01,SUP_0030,SUP_0030,logistica,watch,5493600.72,79,2.72,12.15,50.87,12.44,0.996,1.0276,36.84,LOW,43.91,warning,70.15,LOW,LOW
2024-10-01,SUP_0031,SUP_0031,acabados,watch,3154075.56,93,2.48,7.76,12.25,14.57,0.996,1.0276,10.02,LOW,71.35,warning,21.07,LOW,LOW
2024-10-01,SUP_0032,SUP_0032,acabados,fragile,2374360.16,144,2.67,17.6,75.58,9.92,0.996,1.0276,58.49,LOW,19.28,critical,103.4,MED,HIGH
2024-10-01,SUP_0033,SUP_0033,electricidad,stable,3041724.92,99,0.27,3.07,34.97,9.3,0.996,1.0276,11.87,LOW,77.31,stable,27.8,LOW,LOW
2024-10-01,SUP_0034,SUP_0034,electricidad,stable,3679231.62,53,3.41,2.25,41.71,40.37,0.996,1.0276,-7.99,LOW,75.63,stable,14.13,LOW,LOW
2024-10-01,SUP_0035,SUP_0035,fontaneria,watch,2883805.83,30,9.03,23.71,38.82,9.41,0.996,1.0276,70.72,MED,1.38,critical,139.76,HIGH,HIGH
2024-10-01,SUP_0036,SUP_0036,acabados,stable,3338864.52,125,2.1,8.64,43.08,6.4,0.996,1.0276,32.27,LOW,53.39,warning,53.8,LOW,LOW
2024-10-01,SUP_0037,SUP_0037,acabados,stable,3915792.41,60,8.65,2.33,49.87,9.69,0.996,1.0276,42.19,LOW,39.9,warning,71.42,LOW,MED
2024-10-01,SUP_0038,SUP_0038,cemento,watch,2815768.46,71,1.25,6.38,49.56,9.7,0.996,1.0276,25.93,LOW,61.21,warning,49.63,LOW,LOW
2024-10-01,SUP_0039,SUP_0039,fontaneria,stable,7009992.95,80,2.49,17.48,40.02,15.41,0.996,1.0276,36.29,LOW,40.05,warning,62.69,LOW,LOW
2024-10-01,SUP_0040,SUP_0040,cemento,watch,3088179.57,113,7.39,13.81,50.15,8.41,0.996,1.0276,57.05,LOW,19.78,critical,104.88,MED,HIGH
2024-10-01,SUP_0041,SUP_0041,acero,stable,5713085.36,137,2.15,5.69,19.27,20.46,0.996,1.0276,3.21,LOW,74.4,stable,21.06,LOW,LOW
2024-10-01,SUP_0042,SUP_0042,acabados,fragile,4109877.95,151,7.63,5.77,47.42,14.61,0.996,1.0276,38.28,LOW,37.17,critical,74.31,LOW,MED
2024-10-01,SUP_0043,SUP_0043,hormigon,watch,5364100.77,201,0.0,4.04,37.85,14.31,0.996,1.0276,8.78,LOW,73.86,stable,29.93,LOW,LOW
2024-10-01,SUP_0044,SUP_0044,acabados,stable,2369267.56,59,2.63,3.03,31.47,31.12,0.996,1.0276,-4.51,LOW,78.36,stable,5.47,LOW,LOW
2024-10-01,SUP_0045,SUP_0045,electricidad,fragile,2490421.47,199,1.29,14.1,81.01,20.04,0.996,1.0276,41.43,LOW,31.23,critical,77.37,MED,MED
2024-10-01,SUP_0046,SUP_0046,hormigon,fragile,4319946.0,86,3.13,20.88,24.01,18.15,0.996,1.0276,33.34,LOW,38.7,critical,83.53,MED,LOW
2024-10-01,SUP_0047,SUP_0047,acero,stable,4654702.14,133,2.09,23.5,27.4,1.17,0.996,1.0276,52.68,LOW,28.72,critical,101.85,MED,MED
2024-10-01,SUP_0048,SUP_0048,electricidad,stable,3713303.9,46,11.74,5.85,49.57,19.34,0.996,1.0276,46.94,LOW,24.45,critical,95.62,MED,MED
2024-10-01,SUP_0049,SUP_0049,acabados,watch,1185388.69,118,2.76,11.16,28.57,1.06,0.996,1.0276,36.8,LOW,50.63,critical,62.01,LOW,LOW
2024-10-01,SUP_0050,SUP_0050,fontaneria,stable,1559398.92,22,3.12,1.91,17.08,21.95,0.996,1.0276,-2.03,LOW,83.02,stable,16.89,LOW,LOW
2024-10-01,SUP_0051,SUP_0051,logistica,stable,1128555.24,87,6.11,9.78,34.37,12.91,0.996,1.0276,35.54,LOW,42.48,warning,74.17,LOW,LOW
2024-10-01,SUP_0052,SUP_0052,logistica,stable,1035574.47,37,7.42,13.86,42.07,37.42,0.996,1.0276,24.57,LOW,35.65,warning,70.4,LOW,LOW
2024-10-01,SUP_0053,SUP_0053,acabados,watch,2952674.67,96,1.44,9.81,38.31,25.41,0.996,1.0276,10.86,LOW,63.41,warning,40.18,LOW,LOW
2024-10-01,SUP_0054,SUP_0054,fontaneria,watch,4596103.24,181,3.4,5.9,67.26,15.71,0.996,1.0276,33.6,LOW,44.4,critical,63.42,LOW,LOW
2024-10-01,SUP_0055,SUP_0055,acero,watch,3219345.14,63,12.29,10.26,60.9,8.38,0.996,1.0276,71.28,MED,3.96,critical,127.87,HIGH,HIGH
2024-10-01,SUP_0056,SUP_0056,acero,watch,385419.31,71,1.38,6.89,52.85,14.16,0.996,1.0276,24.09,LOW,59.76,warning,45.51,LOW,LOW
2024-10-01,SUP_0057,SUP_0057,cemento,watch,3105621.73,68,3.19,7.21,51.5,8.23,0.996,1.0276,35.34,LOW,50.48,warning,65.9,LOW,LOW
2024-10-01,SUP_0058,SUP_0058,acero,watch,2627835.8,77,4.14,11.83,67.48,12.43,0.996,1.0276,48.11,LOW,31.45,critical,87.55,MED,MED
2024-10-01,SUP_0059,SUP_0059,logistica,stable,6343096.92,90,0.49,4.73,32.27,32.86,0.996,1.0276,-9.78,LOW,82.86,stable,4.4,LOW,LOW
2024-10-01,SUP_0060,SUP_0060,acero,stable,1566049.55,73,10.0,14.22,4.27,15.14,0.996,1.0276,38.11,LOW,32.76,critical,82.2,MED,MED
2024-10-01,SUP_0061,SUP_0061,cemento,watch,1442061.47,138,9.24,18.12,70.88,17.2,0.996,1.0276,69.61,LOW,0.0,critical,123.93,HIGH,HIGH
2024-10-01,SUP_0062,SUP_0062,fontaneria,watch,6646539.6,75,0.43,6.98,32.27,19.24,0.996,1.0276,7.05,LOW,74.28,stable,22.62,LOW,LOW
2024-10-01,SUP_0063,SUP_0063,logistica,watch,4383278.03,180,7.43,5.45,48.18,10.29,0.996,1.0276,41.86,LOW,35.91,warning,88.8,MED,MED
2024-10-01,SUP_0064,SUP_0064,logistica,watch,3777949.23,113,4.44,9.73,67.72,17.21,0.996,1.0276,41.16,LOW,34.94,critical,78.15,MED,MED
2024-10-01,SUP_0065,SUP_0065,hormigon,watch,2999401.0,182,10.84,6.32,11.79,21.17,0.996,1.0276,26.14,LOW,40.65,warning,61.56,LOW,LOW
2024-10-01,SUP_0066,SUP_0066,electricidad,watch,3325733.16,87,6.38,0.0,21.15,15.16,0.996,1.0276,13.51,LOW,67.66,warning,31.62,LOW,LOW
2024-10-01,SUP_0067,SUP_0067,electricidad,watch,4503264.1,108,3.99,0.89,16.59,6.68,0.996,1.0276,14.08,LOW,73.91,stable,31.26,LOW,LOW
2024-10-01,SUP_0068,SUP_0068,hormigon,stable,1643096.63,112,2.04,4.79,25.13,16.74,0.996,1.0276,7.87,LOW,73.46,warning,25.91,LOW,LOW
2024-10-01,SUP_0069,SUP_0069,hormigon,stable,3281914.83,55,5.12,10.62,35.18,22.19,0.996,1.0276,24.93,LOW,48.56,warning,68.26,LOW,LOW
2024-10-01,SUP_0070,SUP_0070,hormigon,stable,1620142.8,123,5.21,5.03,35.77,24.52,0.996,1.0276,14.74,LOW,57.91,stable,38.71,LOW,LOW
2024-10-01,SUP_0071,SUP_0071,logistica,stable,3405439.91,129,0.45,10.16,34.98,18.27,0.996,1.0276,14.05,LOW,64.66,warning,26.62,LOW,LOW
2024-10-01,SUP_0072,SUP_0072,acabados,stable,3534276.76,102,5.76,0.0,10.94,19.15,0.996,1.0276,3.04,LOW,75.7,stable,14.21,LOW,LOW
2024-10-01,SUP_0073,SUP_0073,acabados,fragile,2562394.03,213,3.13,13.95,5.98,6.37,0.996,1.0276,26.63,LOW,52.73,warning,57.29,LOW,LOW
2024-10-01,SUP_0074,SUP_0074,acabados,stable,3625845.16,150,1.99,16.92,29.85,18.56,0.996,1.0276,26.23,LOW,46.75,warning,49.79,LOW,LOW
2024-10-01,SUP_0075,SUP_0075,logistica,stable,2005748.1,65,0.75,4.97,22.34,25.26,0.996,1.0276,-5.49,LOW,83.89,stable,14.04,LOW,LOW
2024-10-01,SUP_0076,SUP_0076,cemento,stable,1408624.2,108,3.26,7.48,26.78,45.0,0.996,1.0276,-11.97,LOW,72.49,stable,11.79,LOW,LOW
2024-10-01,SUP_0077,SUP_0077,logistica,stable,2466445.21,60,2.71,4.97,34.62,6.84,0.996,1.0276,24.32,LOW,64.23,warning,40.78,LOW,LOW
2024-10-01,SUP_0078,SUP_0078,cemento,watch,1661257.45,69,0.68,9.48,42.91,23.86,0.996,1.0276,11.71,LOW,65.3,warning,40.3,LOW,LOW
2024-10-01,SUP_0079,SUP_0079,electricidad,watch,2998276.86,82,6.92,4.9,54.66,20.33,0.996,1.0276,32.39,LOW,42.55,warning,72.51,LOW,LOW
2024-10-01,SUP_0080,SUP_0080,fontaneria,watch,1036921.94,131,13.61,18.72,55.11,15.26,0.996,1.0276,78.46,MED,0.0,critical,143.43,HIGH,HIGH
2024-10-01,SUP_0081,SUP_0081,acero,watch,3457844.08,112,2.53,16.79,58.28,18.19,0.996,1.0276,40.8,LOW,33.11,critical,81.9,MED,MED
2024-10-01,SUP_0082,SUP_0082,hormigon,stable,1611515.53,142,14.62,12.8,23.37,20.19,0.996,1.0276,53.38,LOW,8.22,critical,104.6,MED,MED
2024-10-01,SUP_0083,SUP_0083,hormigon,fragile,2495410.17,124,11.4,39.05,53.04,10.83,0.996,1.0276,105.83,MED,0.0,critical,180.0,HIGH,HIGH
2024-10-01,SUP_0084,SUP_0084,acabados,stable,2229852.63,9,7.8,10.48,39.8,30.75,0.996,1.0276,26.27,LOW,40.43,critical,63.48,LOW,LOW
2024-10-01,SUP_0085,SUP_0085,acero,stable,3482888.44,10,6.88,16.12,38.18,7.85,0.996,1.0276,54.14,LOW,25.52,critical,108.22,MED,MED
2024-10-01,SUP_0086,SUP_0086,acero,stable,4057284.98,143,1.64,4.8,26.41,45.0,0.996,1.0276,-20.99,LOW,83.41,stable,0.0,LOW,LOW
2024-10-01,SUP_0087,SUP_0087,logistica,watch,3332859.23,91,2.94,13.96,63.6,9.0,0.996,1.0276,49.38,LOW,32.12,critical,101.22,MED,MED
2024-10-01,SUP_0088,SUP_0088,hormigon,watch,3032923.41,140,2.54,11.38,43.71,10.88,0.996,1.0276,33.47,LOW,47.03,critical,57.93,LOW,LOW
2024-10-01,SUP_0089,SUP_0089,logistica,stable,514636.18,32,2.61,38.97,30.8,5.11,0.996,1.0276,75.03,MED,0.0,critical,135.75,HIGH,HIGH
2024-10-01,SUP_0090,SUP_0090,logistica,watch,3520768.09,84,8.49,25.3,60.09,13.7,0.996,1.0276,76.77,MED,0.0,critical,147.6,HIGH,HIGH
2024-10-01,SUP_0091,SUP_0091,fontaneria,stable,5197961.5,200,1.48,7.06,5.82,35.29,0.996,1.0276,-17.65,LOW,83.71,stable,5.55,LOW,LOW
2024-10-01,SUP_0092,SUP_0092,hormigon,watch,3562831.37,168,0.0,15.24,17.75,14.88,0.996,1.0276,15.97,LOW,61.71,warning,45.33,LOW,LOW
2024-10-01,SUP_0093,SUP_0093,hormigon,stable,3512056.16,129,4.66,10.4,14.72,12.14,0.996,1.0276,24.05,LOW,54.31,stable,54.41,LOW,LOW
2024-10-01,SUP_0094,SUP_0094,hormigon,stable,3756376.84,53,7.84,9.31,4.41,12.46,0.996,1.0276,27.02,LOW,50.8,warning,52.43,LOW,LOW
2024-10-01,SUP_0095,SUP_0095,fontaneria,stable,4319730.13,67,5.53,10.35,27.47,16.19,0.996,1.0276,28.29,LOW,48.46,warning,66.24,LOW,LOW
2024-10-01,SUP_0096,SUP_0096,hormigon,watch,719104.3,14,0.0,7.69,59.92,4.17,0.996,1.0276,34.33,LOW,58.71,warning,71.6,LOW,LOW
2024-10-01,SUP_0097,SUP_0097,electricidad,stable,1083503.75,92,3.93,13.04,23.23,11.65,0.996,1.0276,30.17,LOW,49.03,warning,71.6,LOW,LOW
2024-10-01,SUP_0098,SUP_0098,cemento,stable,2724885.66,101,4.59,8.37,26.95,17.28,0.996,1.0276,21.17,LOW,55.8,warning,46.98,LOW,LOW
2024-10-01,SUP_0099,SUP_0099,electricidad,stable,2351593.49,38,2.15,15.16,39.96,21.21,0.996,1.0276,25.95,LOW,49.39,critical,54.4,LOW,LOW
2024-10-01,SUP_0100,SUP_0100,cemento,fragile,5852269.89,75,2.87,8.96,77.61,28.78,0.996,1.0276,28.18,LOW,43.52,critical,60.02,LOW,LOW
2024-10-01,SUP_0101,SUP_0101,fontaneria,fragile,3102563.37,51,8.23,1.33,58.2,6.39,0.996,1.0276,46.48,LOW,38.94,critical,76.22,MED,MED
2024-10-01,SUP_0102,SUP_0102,cemento,watch,871428.01,54,3.2,17.64,58.58,22.27,0.996,1.0276,40.16,LOW,31.72,critical,83.79,MED,MED
2024-10-01,SUP_0103,SUP_0103,hormigon,stable,1521155.75,114,0.9,3.38,32.45,20.68,0.996,1.0276,1.7,LOW,78.87,stable,21.22,LOW,LOW
2024-10-01,SUP_0104,SUP_0104,hormigon,fragile,242169.46,8,10.11,1.28,39.73,9.49,0.996,1.0276,40.62,LOW,42.22,critical,74.04,LOW,MED
2024-10-01,SUP_0105,SUP_0105,acabados,watch,2460009.44,106,15.37,18.32,28.55,15.66,0.996,1.0276,70.78,MED,0.0,critical,131.48,HIGH,HIGH
2024-10-01,SUP_0106,SUP_0106,cemento,watch,2350074.44,137,6.82,13.41,12.76,24.28,0.996,1.0276,22.04,LOW,44.55,critical,48.59,LOW,LOW
2024-10-01,SUP_0107,SUP_0107,electricidad,stable,2450008.12,84,5.17,4.75,21.0,18.26,0.996,1.0276,13.82,LOW,64.23,warning,38.19,LOW,LOW
2024-10-01,SUP_0108,SUP_0108,fontaneria,stable,4119150.38,9,5.36,11.69,28.58,21.5,0.996,1.0276,24.98,LOW,49.56,warning,50.65,LOW,LOW
2024-10-01,SUP_0109,SUP_0109,electricidad,stable,5247724.87,68,4.93,2.8,43.74,7.84,0.996,1.0276,30.82,LOW,55.72,warning,62.01,LOW,LOW
2024-10-01,SUP_0110,SUP_0110,fontaneria,fragile,2884122.91,206,1.23,12.72,89.36,1.87,0.996,1.0276,61.1,LOW,23.92,critical,98.66,MED,HIGH
2024-10-01,SUP_0111,SUP_0111,acabados,watch,646145.88,9,5.08,7.21,15.46,16.83,0.996,1.0276,16.19,LOW,63.91,warning,42.67,LOW,LOW
2024-10-01,SUP_0112,SUP_0112,acero,stable,3496423.63,101,6.35,12.13,30.77,19.89,0.996,1.0276,31.21,LOW,40.4,critical,60.94,LOW,LOW
2024-10-01,SUP_0113,SUP_0113,acabados,stable,4311326.05,39,0.48,10.83,16.16,10.41,0.996,1.0276,14.54,LOW,71.62,warning,28.44,LOW,LOW
2024-10-01,SUP_0114,SUP_0114,acero,watch,2493009.8,90,4.49,9.01,55.84,10.99,0.996,1.0276,41.12,LOW,40.04,critical,78.13,MED,MED
2024-10-01,SUP_0115,SUP_0115,logistica,stable,4453584.76,55,9.52,14.14,26.81,33.27,0.996,1.0276,28.57,LOW,31.57,critical,71.25,LOW,LOW
2024-10-01,SUP_0116,SUP_0116,electricidad,fragile,1730787.86,132,3.47,22.05,10.31,15.14,0.996,1.0276,33.0,LOW,38.71,critical,63.85,LOW,LOW
2024-10-01,SUP_0117,SUP_0117,acabados,watch,5527704.63,154,8.15,1.34,52.07,13.05,0.996,1.0276,36.84,LOW,41.25,critical,67.96,LOW,LOW
2024-10-01,SUP_0118,SUP_0118,logistica,watch,2287233.48,148,5.24,0.69,33.82,27.53,0.996,1.0276,4.42,LOW,67.66,warning,26.3,LOW,LOW
2024-10-01,SUP_0119,SUP_0119,acabados,stable,3497013.11,87,1.0,10.87,20.9,29.92,0.996,1.0276,-1.21,LOW,72.71,stable,22.38,LOW,LOW
2024-10-01,SUP_0120,SUP_0120,acabados,watch,1058134.81,80,7.62,7.25,19.48,15.16,0.996,1.0276,27.35,LOW,49.16,warning,59.18,LOW,LOW
2024-10-01,SUP_0121,SUP_0121,electricidad,watch,2021545.01,26,9.14,10.61,30.71,22.6,0.996,1.0276,34.55,LOW,35.55,critical,78.88,MED,LOW
2024-10-01,SUP_0122,SUP_0122,cemento,watch,5137262.39,110,0.29,15.17,56.88,18.24,0.996,1.0276,30.99,LOW,45.99,warning,64.03,LOW,LOW
2024-10-01,SUP_0123,SUP_0123,electricidad,stable,2717101.54,64,0.52,9.05,24.98,16.56,0.996,1.0276,9.82,LOW,72.43,stable,21.42,LOW,LOW
2024-10-01,SUP_0124,SUP_0124,hormigon,stable,4142601.65,103,4.87,13.68,39.94,28.0,0.996,1.0276,25.1,LOW,41.91,critical,67.21,LOW,LOW
2024-10-01,SUP_0125,SUP_0125,logistica,stable,3952093.77,85,1.5,3.27,36.72,27.67,0.996,1.0276,-1.73,LOW,78.06,stable,8.71,LOW,LOW
2024-10-01,SUP_0126,SUP_0126,hormigon,watch,3306324.64,39,5.7,9.98,52.1,14.45,0.996,1.0276,41.05,LOW,37.69,critical,78.21,MED,MED
2024-10-01,SUP_0127,SUP_0127,hormigon,stable,5679035.6,122,3.44,5.74,26.32,13.71,0.996,1.0276,17.06,LOW,64.05,stable,37.83,LOW,LOW
2024-10-01,SUP_0128,SUP_0128,hormigon,stable,3586316.94,144,0.47,12.05,11.91,20.33,0.996,1.0276,4.51,LOW,71.47,stable,35.68,LOW,LOW
2024-10-01,SUP_0129,SUP_0129,fontaneria,stable,1063063.17,163,0.64,5.3,44.93,8.7,0.996,1.0276,21.39,LOW,64.76,stable,39.57,LOW,LOW
2024-10-01,SUP_0130,SUP_0130,electricidad,watch,2482036.62,31,8.94,5.21,35.78,7.54,0.996,1.0276,43.19,LOW,39.42,warning,68.11,LOW,MED
2024-10-01,SUP_0131,SUP_0131,logistica,stable,4057189.84,92,3.54,0.0,42.71,35.29,0.996,1.0276,-5.47,LOW,76.24,stable,0.41,LOW,LOW
2024-10-01,SUP_0132,SUP_0132,acero,fragile,3514862.33,167,0.0,3.4,76.32,17.27,0.996,1.0276,22.18,LOW,59.88,critical,44.68,LOW,LOW
2024-10-01,SUP_0133,SUP_0133,hormigon,watch,1163225.57,16,3.38,6.33,42.15,27.47,0.996,1.0276,11.15,LOW,63.96,stable,30.5,LOW,LOW
2024-10-01,SUP_0134,SUP_0134,cemento,stable,2055242.05,45,5.7,7.43,37.1,14.92,0.996,1.0276,30.01,LOW,49.55,warning,58.96,LOW,LOW
2024-10-01,SUP_0135,SUP_0135,cemento,watch,2231144.66,125,3.58,7.44,53.96,4.97,0.996,1.0276,41.2,LOW,44.51,warning,68.48,LOW,MED
2024-10-01,SUP_0136,SUP_0136,acero,stable,2456630.78,118,1.48,15.23,58.97,16.24,0.996,1.0276,37.58,LOW,39.22,warning,75.16,MED,MED
2024-10-01,SUP_0137,SUP_0137,logistica,fragile,1129585.61,117,8.16,6.65,46.66,17.24,0.996,1.0276,38.2,LOW,35.62,critical,79.23,MED,MED
2024-10-01,SUP_0138,SUP_0138,electricidad,watch,2028806.12,181,4.46,31.98,39.38,13.2,0.996,1.0276,65.88,LOW,0.0,critical,138.17,HIGH,HIGH
2024-10-01,SUP_0139,SUP_0139,logistica,watch,2308913.6,89,13.28,5.42,69.15,18.52,0.996,1.0276,60.56,LOW,8.75,critical,113.32,MED,HIGH
2024-10-01,SUP_0140,SUP_0140,cemento,stable,3780749.73,118,2.73,3.22,19.3,19.12,0.996,1.0276,2.6,LOW,77.07,stable,21.68,LOW,LOW
2024-10-01,SUP_0141,SUP_0141,cemento,watch,3948541.39,213,5.1,13.55,43.06,17.35,0.996,1.0276,37.66,LOW,32.79,critical,76.79,MED,MED
2024-10-01,SUP_0142,SUP_0142,acabados,watch,2334473.44,84,3.85,2.93,47.3,5.73,0.996,1.0276,31.5,LOW,56.94,warning,69.42,LOW,LOW
2024-10-01,SUP_0143,SUP_0143,cemento,fragile,2639051.99,75,14.09,16.19,77.61,17.76,0.996,1.0276,83.72,MED,0.0,critical,152.96,HIGH,HIGH
2024-10-01,SUP_0144,SUP_0144,cemento,watch,3032918.15,145,8.69,18.96,26.98,11.33,0.996,1.0276,55.33,LOW,14.77,critical,103.65,MED,MED
2024-10-01,SUP_0145,SUP_0145,acero,watch,1716662.54,119,3.38,17.53,13.54,7.73,0.996,1.0276,34.78,LOW,44.49,critical,67.55,LOW,LOW
2024-10-01,SUP_0146,SUP_0146,logistica,stable,1564907.96,34,1.3,15.13,4.26,17.76,0.996,1.0276,10.76,LOW,67.81,stable,28.56,LOW,LOW
2024-10-01,SUP_0147,SUP_0147,fontaneria,stable,2379976.53,51,3.6,8.42,14.61,13.73,0.996,1.0276,16.27,LOW,65.48,warning,41.45,LOW,LOW
2024-10-01,SUP_0148,SUP_0148,cemento,watch,2427488.33,216,4.36,4.59,33.02,13.32,0.996,1.0276,21.5,LOW,56.72,warning,38.14,LOW,LOW
2024-10-01,SUP_0149,SUP_0149,acabados,stable,2073883.39,97,7.64,7.33,28.02,37.07,0.996,1.0276,9.47,LOW,52.21,warning,48.45,LOW,LOW
2024-10-01,SUP_0150,SUP_0150,acabados,stable,2937008.26,85,8.36,3.39,65.78,14.67,0.996,1.0276,45.1,LOW,32.76,warning,89.99,MED,MED
2024-10-01,SUP_0151,SUP_0151,acabados,fragile,3526172.31,130,0.0,15.11,72.63,11.3,0.996,1.0276,44.05,LOW,37.16,critical,89.16,MED,MED
2024-10-01,SUP_0152,SUP_0152,logistica,fragile,1669741.19,97,5.86,5.91,35.76,1.38,0.996,1.0276,41.16,LOW,46.23,critical,79.19,MED,MED
2024-10-01,SUP_0153,SUP_0153,hormigon,stable,3059845.01,58,5.88,3.82,31.69,11.82,0.996,1.0276,25.81,LOW,56.99,warning,54.2,LOW,LOW
2024-10-01,SUP_0154,SUP_0154,logistica,watch,2819648.38,178,5.03,17.6,26.09,12.49,0.996,1.0276,40.76,LOW,31.95,critical,71.99,LOW,MED
2024-10-01,SUP_0155,SUP_0155,acero,stable,3246333.26,41,3.91,12.78,32.57,12.08,0.996,1.0276,33.5,LOW,47.13,warning,67.84,LOW,LOW
2024-10-01,SUP_0156,SUP_0156,acabados,watch,2546590.12,138,0.0,5.18,46.54,15.18,0.996,1.0276,13.54,LOW,69.87,warning,28.03,LOW,LOW
2024-10-01,SUP_0157,SUP_0157,fontaneria,stable,1586887.45,161,2.89,12.1,31.42,20.62,0.996,1.0276,20.35,LOW,52.49,warning,37.65,LOW,LOW
2024-10-01,SUP_0158,SUP_0158,acabados,watch,2090688.55,135,2.77,25.71,39.4,18.56,0.996,1.0276,46.03,LOW,22.23,critical,94.64,MED,MED
2024-10-01,SUP_0159,SUP_0159,fontaneria,watch,2790182.75,70,0.0,32.35,73.34,15.89,0.996,1.0276,65.63,LOW,5.78,critical,114.65,MED,HIGH
2024-10-01,SUP_0160,SUP_0160,fontaneria,watch,3591494.97,44,2.93,22.09,20.42,15.83,0.996,1.0276,35.28,LOW,39.14,critical,76.71,MED,LOW
2024-10-01,SUP_0161,SUP_0161,fontaneria,stable,442515.02,97,2.53,23.75,37.28,12.7,0.996,1.0276,47.3,LOW,27.13,critical,97.19,MED,MED
2024-10-01,SUP_0162,SUP_0162,acabados,fragile,3072162.13,80,2.71,1.07,95.0,9.9,0.996,1.0276,42.58,LOW,45.35,critical,69.34,LOW,MED
2024-10-01,SUP_0163,SUP_0163,acabados,stable,5868554.17,95,6.38,5.74,31.37,26.98,0.996,1.0276,14.89,LOW,55.47,warning,45.56,LOW,LOW
2024-10-01,SUP_0164,SUP_0164,cemento,stable,3123182.07,103,0.47,4.27,54.61,1.23,0.996,1.0276,31.17,LOW,62.34,warning,42.31,LOW,LOW
2024-10-01,SUP_0165,SUP_0165,acabados,watch,3927176.43,23,3.1,14.96,39.93,1.92,0.996,1.0276,47.79,LOW,39.69,critical,83.89,MED,MED
2024-10-01,SUP_0166,SUP_0166,electricidad,stable,2108662.5,119,4.86,9.09,45.19,14.92,0.996,1.0276,33.63,LOW,43.7,critical,57.82,LOW,LOW
2024-10-01,SUP_0167,SUP_0167,acero,fragile,2518989.31,82,11.16,12.16,40.51,12.87,0.996,1.0276,57.08,LOW,14.85,critical,111.03,MED,HIGH
2024-10-01,SUP_0168,SUP_0168,electricidad,fragile,1185174.11,108,2.06,35.65,47.74,18.99,0.996,1.0276,62.14,LOW,2.38,critical,121.84,HIGH,HIGH
2024-10-01,SUP_0169,SUP_0169,logistica,stable,253006.31,32,2.99,3.73,17.47,23.19,0.996,1.0276,-0.76,LOW,79.88,stable,21.02,LOW,LOW
2024-10-01,SUP_0170,SUP_0170,logistica,fragile,3342300.52,135,11.59,23.71,48.92,7.42,0.996,1.0276,84.94,MED,0.0,critical,150.18,HIGH,HIGH
2024-10-01,SUP_0171,SUP_0171,acabados,stable,1326383.23,190,2.5,10.94,22.67,20.87,0.996,1.0276,13.22,LOW,59.55,warning,48.41,LOW,LOW
2024-10-01,SUP_0172,SUP_0172,electricidad,watch,2952282.36,153,4.96,9.91,56.44,24.18,0.996,1.0276,30.97,LOW,38.79,critical,66.62,LOW,LOW
2024-10-01,SUP_0173,SUP_0173,acabados,stable,1751012.94,28,2.21,12.74,44.67,20.1,0.996,1.0276,25.74,LOW,51.77,warning,59.89,LOW,LOW
2024-10-01,SUP_0174,SUP_0174,acero,fragile,1395226.65,155,9.8,31.07,70.51,13.22,0.996,1.0276,94.5,MED,0.0,critical,180.0,HIGH,HIGH
2024-10-01,SUP_0175,SUP_0175,fontaneria,stable,3449016.3,104,1.48,18.72,29.33,24.69,0.996,1.0276,21.04,LOW,48.95,warning,56.28,LOW,LOW
2024-10-01,SUP_0176,SUP_0176,fontaneria,stable,1922786.53,40,5.35,17.96,36.44,13.96,0.996,1.0276,45.42,LOW,29.99,critical,94.77,MED,MED
2024-10-01,SUP_0177,SUP_0177,hormigon,stable,2686522.44,105,1.35,5.34,30.45,23.12,0.996,1.0276,2.63,LOW,75.18,stable,18.15,LOW,LOW
2024-10-01,SUP_0178,SUP_0178,hormigon,fragile,3723786.69,98,3.49,13.63,87.43,13.11,0.996,1.0276,57.15,LOW,21.1,critical,101.32,MED,HIGH
2024-10-01,SUP_0179,SUP_0179,cemento,fragile,2890471.03,127,1.49,5.87,13.03,11.18,0.996,1.0276,7.96,LOW,76.55,stable,20.42,LOW,LOW
2024-10-01,SUP_0180,SUP_0180,cemento,watch,3850809.39,89,12.73,12.71,36.92,23.65,0.996,1.0276,50.22,LOW,12.64,critical,93.83,MED,MED
2024-10-01,SUP_0181,SUP_0181,electricidad,fragile,3779421.67,140,5.33,19.56,8.15,1.01,0.996,1.0276,48.0,LOW,32.02,warning,87.37,MED,MED
2024-10-01,SUP_0182,SUP_0182,electricidad,fragile,1540690.01,112,2.1,17.8,16.11,4.96,0.996,1.0276,35.29,LOW,47.11,warning,70.44,LOW,LOW
2024-10-01,SUP_0183,SUP_0183,hormigon,watch,2396112.72,139,2.24,15.68,57.39,8.35,0.996,1.0276,47.71,LOW,32.6,critical,89.73,MED,MED
2024-10-01,SUP_0184,SUP_0184,acero,stable,3827230.68,9,7.26,4.62,52.94,14.26,0.996,1.0276,38.27,LOW,42.62,warning,73.73,LOW,MED
2024-10-01,SUP_0185,SUP_0185,fontaneria,watch,5614463.84,70,0.0,12.68,32.18,18.34,0.996,1.0276,15.16,LOW,64.49,warning,49.07,LOW,LOW
2024-10-01,SUP_0186,SUP_0186,hormigon,watch,1311174.57,112,0.74,29.39,18.23,4.6,0.996,1.0276,49.92,LOW,28.3,critical,95.3,MED,MED
2024-10-01,SUP_0187,SUP_0187,acero,stable,2364433.23,25,2.05,0.51,4.97,13.0,0.996,1.0276,-3.85,LOW,92.34,stable,2.22,LOW,LOW
2024-10-01,SUP_0188,SUP_0188,acero,stable,5132088.39,97,12.67,7.85,28.4,7.36,0.996,1.0276,55.21,LOW,20.51,critical,103.04,MED,MED
2024-10-01,SUP_0189,SUP_0189,electricidad,watch,4006356.52,102,6.46,17.23,90.22,38.36,0.996,1.0276,47.45,LOW,9.49,critical,98.87,MED,MED
2024-10-01,SUP_0190,SUP_0190,acero,stable,4096568.58,47,8.76,0.0,32.14,29.72,0.996,1.0276,11.02,LOW,59.48,warning,34.36,LOW,LOW
2024-10-01,SUP_0191,SUP_0191,acabados,fragile,2948172.23,142,2.22,16.44,35.26,11.01,0.996,1.0276,36.16,LOW,41.99,critical,65.41,LOW,LOW
2024-10-01,SUP_0192,SUP_0192,acero,stable,2250025.19,56,2.1,0.0,35.93,16.03,0.996,1.0276,6.43,LOW,79.37,stable,24.56,LOW,LOW
2024-10-01,SUP_0193,SUP_0193,electricidad,stable,1896378.47,69,3.31,1.53,10.73,10.73,0.996,1.0276,6.32,LOW,80.57,stable,25.86,LOW,LOW
2024-10-01,SUP_0194,SUP_0194,acero,fragile,2824879.8,177,3.91,12.33,51.56,2.04,0.996,1.0276,51.39,LOW,31.88,critical,96.62,MED,MED
2024-10-01,SUP_0195,SUP_0195,hormigon,stable,2863342.34,113,6.1,14.78,32.2,19.8,0.996,1.0276,35.16,LOW,35.09,critical,79.97,MED,LOW
2024-10-01,SUP_0196,SUP_0196,fontaneria,stable,3693715.51,95,3.72,3.71,19.47,10.73,0.996,1.0276,14.76,LOW,69.84,warning,33.46,LOW,LOW
2024-10-01,SUP_0197,SUP_0197,hormigon,watch,2073733.97,17,10.02,8.07,59.34,16.2,0.996,1.0276,52.67,LOW,22.23,critical,97.14,MED,MED
2024-10-01,SUP_0198,SUP_0198,acero,fragile,4919949.07,178,7.4,12.79,57.45,3.22,0.996,1.0276,64.03,LOW,14.75,critical,104.42,MED,HIGH
2024-10-01,SUP_0199,SUP_0199,acabados,stable,6927347.55,112,5.93,6.23,38.85,16.38,0.996,1.0276,28.23,LOW,48.71,critical,63.36,LOW,LOW
2024-10-01,SUP_0200,SUP_0200,logistica,stable,1312529.76,84,8.36,21.19,18.54,19.03,0.996,1.0276,46.18,LOW,19.98,critical,112.94,MED,MED
2024-10-01,SUP_0201,SUP_0201,fontaneria,watch,2589522.95,65,0.63,17.1,63.83,16.28,0.996,1.0276,39.98,LOW,38.29,critical,78.91,MED,MED
2024-10-01,SUP_0202,SUP_0202,logistica,fragile,1988806.2,23,0.0,12.58,90.93,16.31,0.996,1.0276,43.47,LOW,38.95,critical,80.4,MED,MED
2024-10-01,SUP_0203,SUP_0203,acabados,watch,3677131.93,193,6.81,25.98,27.11,5.46,0.996,1.0276,66.14,LOW,4.72,critical,127.39,HIGH,HIGH
2024-10-01,SUP_0204,SUP_0204,electricidad,stable,2799592.32,90,3.08,9.16,19.59,30.0,0.996,1.0276,1.81,LOW,68.31,stable,19.38,LOW,LOW
2024-10-01,SUP_0205,SUP_0205,acabados,stable,4169702.49,90,1.68,6.01,49.21,13.93,0.996,1.0276,22.26,LOW,61.3,warning,47.15,LOW,LOW
2024-10-01,SUP_0206,SUP_0206,acero,stable,3711846.49,38,0.15,5.76,31.28,20.61,0.996,1.0276,2.55,LOW,79.89,stable,25.93,LOW,LOW
2024-10-01,SUP_0207,SUP_0207,electricidad,stable,4582221.68,103,7.28,5.27,39.96,24.92,0.996,1.0276,22.8,LOW,48.01,warning,52.74,LOW,LOW
2024-10-01,SUP_0208,SUP_0208,electricidad,watch,5408077.74,106,6.63,2.73,38.03,5.27,0.996,1.0276,35.84,LOW,49.56,warning,63.15,LOW,LOW
2024-10-01,SUP_0209,SUP_0209,logistica,stable,207263.1,139,10.9,5.9,56.3,17.18,0.996,1.0276,49.73,LOW,21.08,critical,89.91,MED,MED
2024-10-01,SUP_0210,SUP_0210,acabados,watch,4706893.22,140,7.56,7.46,44.56,12.93,0.996,1.0276,41.0,LOW,35.09,critical,71.44,LOW,MED
2024-10-01,SUP_0211,SUP_0211,electricidad,watch,3342409.9,95,4.6,10.85,43.18,25.67,0.996,1.0276,23.84,LOW,46.62,warning,66.87,LOW,LOW
2024-10-01,SUP_0212,SUP_0212,fontaneria,watch,4580641.43,111,3.48,9.73,84.27,19.82,0.996,1.0276,43.15,LOW,32.28,critical,89.63,MED,MED
2024-10-01,SUP_0213,SUP_0213,hormigon,stable,1005992.11,62,5.67,5.21,28.18,39.01,0.996,1.0276,-1.52,LOW,66.02,warning,29.18,LOW,LOW
2024-10-01,SUP_0214,SUP_0214,acabados,fragile,2148087.87,189,5.95,16.1,32.02,12.14,0.996,1.0276,44.26,LOW,28.17,critical,77.89,MED,MED
2024-10-01,SUP_0215,SUP_0215,electricidad,watch,3430245.57,27,2.59,10.03,33.94,12.05,0.996,1.0276,26.04,LOW,57.7,warning,39.84,LOW,LOW
2024-10-01,SUP_0216,SUP_0216,electricidad,watch,2371383.11,184,15.16,22.13,49.04,15.53,0.996,1.0276,85.22,MED,0.0,critical,157.24,HIGH,HIGH
2024-10-01,SUP_0217,SUP_0217,acabados,stable,3234846.11,186,13.67,3.24,10.13,35.74,0.996,1.0276,14.69,LOW,41.2,warning,47.63,LOW,LOW
2024-10-01,SUP_0218,SUP_0218,fontaneria,stable,4727837.99,52,6.91,5.33,36.25,31.4,0.996,1.0276,13.64,LOW,54.82,warning,47.82,LOW,LOW
2024-10-01,SUP_0219,SUP_0219,cemento,fragile,1140429.73,148,5.61,38.97,48.08,5.49,0.996,1.0276,91.43,MED,0.0,critical,166.2,HIGH,HIGH
2024-10-01,SUP_0220,SUP_0220,acero,stable,4297286.81,123,2.22,5.02,37.73,16.05,0.996,1.0276,15.12,LOW,66.04,warning,37.41,LOW,LOW
2024-11-01,SUP_0001,SUP_0001,logistica,watch,3736203.49,131,0.0,14.57,49.46,6.02,1.0407,0.8577,38.1,LOW,46.77,warning,66.67,LOW,MED
2024-11-01,SUP_0002,SUP_0002,acero,stable,3256396.66,48,4.48,8.84,15.01,25.6,1.0407,0.8577,7.86,LOW,65.16,warning,40.85,LOW,LOW
2024-11-01,SUP_0003,SUP_0003,cemento,fragile,2333539.38,34,0.48,21.02,94.99,18.0,1.0407,0.8577,57.7,LOW,18.58,critical,107.81,MED,HIGH
2024-11-01,SUP_0004,SUP_0004,electricidad,watch,2360751.56,71,5.49,9.02,33.72,5.08,1.0407,0.8577,40.09,LOW,44.49,critical,65.89,LOW,MED
2024-11-01,SUP_0005,SUP_0005,electricidad,stable,2825299.81,92,6.33,9.34,31.28,21.71,1.0407,0.8577,25.36,LOW,46.76,warning,51.93,LOW,LOW
2024-11-01,SUP_0006,SUP_0006,fontaneria,fragile,4027247.11,68,7.59,15.16,60.58,12.85,1.0407,0.8577,59.91,LOW,14.52,critical,113.25,MED,HIGH
2024-11-01,SUP_0007,SUP_0007,acero,watch,3036824.4,55,7.94,6.9,95.0,14.81,1.0407,0.8577,62.12,LOW,15.22,critical,107.73,MED,HIGH
2024-11-01,SUP_0008,SUP_0008,logistica,watch,1816402.34,70,3.65,1.35,50.38,17.16,1.0407,0.8577,18.47,LOW,63.97,warning,40.19,LOW,LOW
2024-11-01,SUP_0009,SUP_0009,electricidad,stable,3321188.81,50,4.04,5.54,13.97,7.87,1.0407,0.8577,18.85,LOW,67.72,stable,43.9,LOW,LOW
2024-11-01,SUP_0010,SUP_0010,acero,watch,3672216.73,37,1.78,7.22,41.52,15.08,1.0407,0.8577,19.77,LOW,63.95,warning,46.48,LOW,LOW
2024-11-01,SUP_0011,SUP_0011,logistica,stable,2478481.63,177,2.7,3.55,15.37,17.11,1.0407,0.8577,3.22,LOW,75.88,warning,19.09,LOW,LOW
2024-11-01,SUP_0012,SUP_0012,logistica,fragile,3256404.74,94,4.42,32.84,40.86,7.41,1.0407,0.8577,73.49,MED,0.0,critical,138.36,HIGH,HIGH
2024-11-01,SUP_0013,SUP_0013,electricidad,watch,2050005.68,93,12.03,24.42,71.6,21.41,1.0407,0.8577,83.52,MED,0.0,critical,153.61,HIGH,HIGH
2024-11-01,SUP_0014,SUP_0014,cemento,fragile,2037260.38,71,5.56,40.04,81.19,25.71,1.0407,0.8577,87.55,MED,0.0,critical,177.11,HIGH,HIGH
2024-11-01,SUP_0015,SUP_0015,fontaneria,stable,1689052.18,83,2.35,10.51,25.65,37.22,1.0407,0.8577,-2.88,LOW,68.58,stable,23.22,LOW,LOW
2024-11-01,SUP_0016,SUP_0016,electricidad,stable,852056.55,58,4.98,25.76,17.43,30.74,1.0407,0.8577,30.69,LOW,29.71,critical,85.28,MED,LOW
2024-11-01,SUP_0017,SUP_0017,hormigon,watch,3043095.66,8,2.71,17.21,45.8,16.41,1.0407,0.8577,38.14,LOW,39.63,warning,70.03,LOW,MED
2024-11-01,SUP_0018,SUP_0018,fontaneria,stable,2502763.9,35,2.71,15.63,14.15,18.77,1.0407,0.8577,19.16,LOW,57.05,warning,52.4,LOW,LOW
2024-11-01,SUP_0019,SUP_0019,acabados,fragile,2185224.97,18,5.78,8.69,51.93,24.15,1.0407,0.8577,29.57,LOW,44.08,critical,63.18,LOW,LOW
2024-11-01,SUP_0020,SUP_0020,cemento,watch,212791.38,9,1.08,13.49,52.15,20.15,1.0407,0.8577,26.79,LOW,52.02,warning,67.05,LOW,LOW
2024-11-01,SUP_0021,SUP_0021,acabados,watch,1637329.09,43,2.84,8.23,54.87,11.11,1.0407,0.8577,34.43,LOW,50.11,warning,67.1,LOW,LOW
2024-11-01,SUP_0022,SUP_0022,cemento,stable,2926084.41,156,2.12,2.18,46.72,19.88,1.0407,0.8577,10.77,LOW,68.43,stable,34.04,LOW,LOW
2024-11-01,SUP_0023,SUP_0023,acabados,fragile,2473518.03,102,4.58,9.31,6.01,11.77,1.0407,0.8577,18.65,LOW,61.4,warning,38.01,LOW,LOW
2024-11-01,SUP_0024,SUP_0024,acero,fragile,3017190.85,101,9.51,21.97,54.54,8.95,1.0407,0.8577,77.06,MED,0.0,critical,138.01,HIGH,HIGH
2024-11-01,SUP_0025,SUP_0025,cemento,watch,1226866.68,102,7.05,30.38,41.19,14.11,1.0407,0.8577,71.14,MED,0.0,critical,146.36,HIGH,HIGH
2024-11-01,SUP_0026,SUP_0026,logistica,stable,4166600.15,149,3.34,16.98,36.85,26.35,1.0407,0.8577,25.72,LOW,40.86,warning,70.85,LOW,LOW
2024-11-01,SUP_0027,SUP_0027,hormigon,watch,2503354.39,50,8.95,17.45,55.02,12.62,1.0407,0.8577,65.18,LOW,7.44,critical,118.42,MED,HIGH
2024-11-01,SUP_0028,SUP_0028,fontaneria,stable,3309021.36,142,1.72,14.35,4.5,28.17,1.0407,0.8577,0.55,LOW,67.98,stable,26.84,LOW,LOW
2024-11-01,SUP_0029,SUP_0029,hormigon,stable,3801400.44,79,2.45,8.04,22.31,30.69,1.0407,0.8577,-1.23,LOW,72.46,stable,17.63,LOW,LOW
2024-11-01,SUP_0030,SUP_0030,logistica,watch,4088528.14,71,4.89,8.9,58.92,14.14,1.0407,0.8577,40.4,LOW,38.95,critical,79.07,MED,MED
2024-11-01,SUP_0031,SUP_0031,acabados,watch,2988666.39,113,9.46,6.64,11.0,11.78,1.0407,0.8577,31.52,LOW,44.65,critical,62.55,LOW,LOW
2024-11-01,SUP_0032,SUP_0032,acabados,fragile,1983998.29,88,5.23,14.42,95.0,19.98,1.0407,0.8577,60.08,LOW,11.86,critical,109.66,MED,HIGH
2024-11-01,SUP_0033,SUP_0033,electricidad,stable,2480051.21,66,1.11,8.51,27.89,6.12,1.0407,0.8577,22.52,LOW,66.16,warning,39.65,LOW,LOW
2024-11-01,SUP_0034,SUP_0034,electricidad,stable,2869269.87,46,4.89,3.46,41.0,33.33,1.0407,0.8577,4.97,LOW,65.37,stable,27.27,LOW,LOW
2024-11-01,SUP_0035,SUP_0035,fontaneria,watch,2010261.61,33,13.56,13.66,33.7,10.49,1.0407,0.8577,65.84,LOW,5.95,critical,124.83,HIGH,HIGH
2024-11-01,SUP_0036,SUP_0036,acabados,stable,2716887.48,60,2.17,8.23,40.6,4.29,1.0407,0.8577,32.82,LOW,56.29,stable,46.61,LOW,LOW
2024-11-01,SUP_0037,SUP_0037,acabados,stable,3486589.9,114,4.05,1.85,46.75,10.6,1.0407,0.8577,25.35,LOW,59.34,warning,50.18,LOW,LOW
2024-11-01,SUP_0038,SUP_0038,cemento,watch,2576104.0,49,0.25,8.26,52.19,8.09,1.0407,0.8577,28.53,LOW,60.37,warning,56.56,LOW,LOW
2024-11-01,SUP_0039,SUP_0039,fontaneria,stable,5157942.23,76,12.98,13.05,42.33,17.22,1.0407,0.8577,60.33,LOW,6.69,critical,110.61,MED,HIGH
2024-11-01,SUP_0040,SUP_0040,cemento,watch,2182279.99,108,10.33,12.52,44.15,16.77,1.0407,0.8577,52.88,LOW,16.37,critical,107.42,MED,MED
2024-11-01,SUP_0041,SUP_0041,acero,stable,4579185.23,148,5.19,10.74,24.61,14.52,1.0407,0.8577,28.22,LOW,47.35,warning,54.36,LOW,LOW
2024-11-01,SUP_0042,SUP_0042,acabados,fragile,3206792.83,158,6.89,13.1,55.52,18.5,1.0407,0.8577,46.81,LOW,23.0,critical,85.19,MED,MED
2024-11-01,SUP_0043,SUP_0043,hormigon,watch,3555248.37,151,0.0,9.45,44.55,17.77,1.0407,0.8577,16.46,LOW,62.75,warning,31.12,LOW,LOW
2024-11-01,SUP_0044,SUP_0044,acabados,stable,1767080.41,29,2.61,4.16,39.23,19.24,1.0407,0.8577,12.5,LOW,69.43,stable,37.58,LOW,LOW
2024-11-01,SUP_0045,SUP_0045,electricidad,fragile,1942245.47,145,4.91,11.35,76.24,18.06,1.0407,0.8577,48.01,LOW,25.31,critical,94.33,MED,MED
2024-11-01,SUP_0046,SUP_0046,hormigon,fragile,2880545.71,68,3.77,20.5,40.12,11.53,1.0407,0.8577,48.57,LOW,27.89,critical,93.64,MED,MED
2024-11-01,SUP_0047,SUP_0047,acero,stable,4173701.75,129,5.97,18.04,28.22,1.5,1.0407,0.8577,56.16,LOW,24.01,critical,99.78,MED,HIGH
2024-11-01,SUP_0048,SUP_0048,electricidad,stable,2179570.07,118,6.8,11.53,45.82,26.16,1.0407,0.8577,32.14,LOW,34.76,critical,74.93,LOW,LOW
2024-11-01,SUP_0049,SUP_0049,acabados,watch,1153041.03,52,2.37,13.4,24.23,1.0,1.0407,0.8577,37.11,LOW,51.61,warning,70.15,LOW,LOW
2024-11-01,SUP_0050,SUP_0050,fontaneria,stable,1323354.12,20,1.59,2.79,26.04,22.33,1.0407,0.8577,-1.65,LOW,83.55,stable,13.61,LOW,LOW
2024-11-01,SUP_0051,SUP_0051,logistica,stable,1362506.61,98,6.01,7.63,31.08,17.58,1.0407,0.8577,25.88,LOW,49.94,warning,55.79,LOW,LOW
2024-11-01,SUP_0052,SUP_0052,logistica,stable,712523.95,26,13.96,11.28,36.7,26.25,1.0407,0.8577,49.05,LOW,13.52,critical,106.67,MED,MED
2024-11-01,SUP_0053,SUP_0053,acabados,watch,3051399.86,118,2.1,8.14,33.68,18.76,1.0407,0.8577,14.91,LOW,63.18,warning,32.0,LOW,LOW
2024-11-01,SUP_0054,SUP_0054,fontaneria,watch,3852872.63,162,13.09,13.07,73.96,12.26,1.0407,0.8577,79.9,MED,0.0,critical,144.5,HIGH,HIGH
2024-11-01,SUP_0055,SUP_0055,acero,watch,1778663.69,33,8.76,16.15,65.72,10.05,1.0407,0.8577,70.04,MED,5.61,critical,127.02,HIGH,HIGH
2024-11-01,SUP_0056,SUP_0056,acero,watch,370678.88,104,0.93,6.43,59.47,22.87,1.0407,0.8577,16.33,LOW,61.53,warning,35.81,LOW,LOW
2024-11-01,SUP_0057,SUP_0057,cemento,watch,2870230.1,53,2.96,9.37,45.78,9.4,1.0407,0.8577,34.13,LOW,50.54,warning,69.09,LOW,LOW
2024-11-01,SUP_0058,SUP_0058,acero,watch,2517131.57,91,5.79,21.88,95.0,11.3,1.0407,0.8577,81.62,MED,0.0,critical,143.93,HIGH,HIGH
2024-11-01,SUP_0059,SUP_0059,logistica,stable,4337447.84,65,2.26,7.22,25.78,30.48,1.0407,0.8577,-1.26,LOW,73.62,stable,12.03,LOW,LOW
2024-11-01,SUP_0060,SUP_0060,acero,stable,849222.54,50,7.1,18.52,3.83,10.94,1.0407,0.8577,39.87,LOW,35.17,warning,72.57,LOW,MED
2024-11-01,SUP_0061,SUP_0061,cemento,watch,1717939.49,149,7.56,16.5,70.67,14.74,1.0407,0.8577,64.49,LOW,5.66,critical,113.44,MED,HIGH
2024-11-01,SUP_0062,SUP_0062,fontaneria,watch,3626394.43,64,0.39,4.95,29.21,27.53,1.0407,0.8577,-5.79,LOW,83.12,stable,0.0,LOW,LOW
2024-11-01,SUP_0063,SUP_0063,logistica,watch,3127691.46,112,8.34,11.37,54.21,7.22,1.0407,0.8577,59.25,LOW,18.66,critical,107.53,MED,HIGH
2024-11-01,SUP_0064,SUP_0064,logistica,watch,3940589.55,78,4.22,28.48,69.42,18.42,1.0407,0.8577,68.19,LOW,0.0,critical,121.93,HIGH,HIGH
2024-11-01,SUP_0065,SUP_0065,hormigon,watch,2630282.35,111,13.18,3.68,14.28,28.12,1.0407,0.8577,23.38,LOW,39.99,critical,71.17,LOW,LOW
2024-11-01,SUP_0066,SUP_0066,electricidad,watch,3219154.28,90,7.62,0.0,16.35,17.7,1.0407,0.8577,12.52,LOW,65.67,stable,32.77,LOW,LOW
2024-11-01,SUP_0067,SUP_0067,electricidad,watch,3641845.23,89,4.3,1.49,13.56,8.27,1.0407,0.8577,12.98,LOW,73.94,stable,31.12,LOW,LOW
2024-11-01,SUP_0068,SUP_0068,hormigon,stable,1527221.06,112,8.56,16.46,21.64,7.85,1.0407,0.8577,52.26,LOW,22.49,critical,97.7,MED,MED
2024-11-01,SUP_0069,SUP_0069,hormigon,stable,3026140.88,72,3.26,4.89,36.19,17.51,1.0407,0.8577,15.9,LOW,64.87,stable,42.81,LOW,LOW
2024-11-01,SUP_0070,SUP_0070,hormigon,stable,1339770.62,132,6.71,5.04,40.78,18.42,1.0407,0.8577,27.63,LOW,47.2,warning,69.76,LOW,LOW
2024-11-01,SUP_0071,SUP_0071,logistica,stable,2273223.56,83,0.67,12.81,28.8,9.07,1.0407,0.8577,25.14,LOW,59.39,warning,51.77,LOW,LOW
2024-11-01,SUP_0072,SUP_0072,acabados,stable,2841304.51,84,3.2,0.0,13.19,29.54,1.0407,0.8577,-13.99,LOW,89.07,stable,0.0,LOW,LOW
2024-11-01,SUP_0073,SUP_0073,acabados,fragile,1868021.88,144,3.49,18.94,6.54,5.01,1.0407,0.8577,36.81,LOW,42.66,critical,75.17,MED,LOW
2024-11-01,SUP_0074,SUP_0074,acabados,stable,3780838.21,178,3.92,15.59,28.42,17.04,1.0407,0.8577,30.89,LOW,40.98,critical,68.76,LOW,LOW
2024-11-01,SUP_0075,SUP_0075,logistica,stable,2230678.67,90,2.24,5.72,20.93,18.55,1.0407,0.8577,6.18,LOW,73.97,stable,17.77,LOW,LOW
2024-11-01,SUP_0076,SUP_0076,cemento,stable,1576079.25,116,4.95,10.88,43.91,40.24,1.0407,0.8577,10.69,LOW,49.3,warning,50.83,LOW,LOW
2024-11-01,SUP_0077,SUP_0077,logistica,stable,2009654.12,52,1.95,3.27,39.08,7.85,1.0407,0.8577,20.48,LOW,69.27,stable,38.68,LOW,LOW
2024-11-01,SUP_0078,SUP_0078,cemento,watch,1381756.63,97,2.49,11.23,54.23,22.0,1.0407,0.8577,26.71,LOW,47.99,warning,72.99,LOW,LOW
2024-11-01,SUP_0079,SUP_0079,electricidad,watch,2909878.25,49,5.41,3.2,39.17,14.15,1.0407,0.8577,24.51,LOW,57.82,critical,56.78,LOW,LOW
2024-11-01,SUP_0080,SUP_0080,fontaneria,watch,1345113.14,176,4.55,19.2,45.07,23.55,1.0407,0.8577,39.19,LOW,26.06,critical,87.96,MED,MED
2024-11-01,SUP_0081,SUP_0081,acero,watch,4475122.88,103,5.11,26.41,56.61,13.53,1.0407,0.8577,66.9,LOW,2.9,critical,124.68,HIGH,HIGH
2024-11-01,SUP_0082,SUP_0082,hormigon,stable,1942249.2,77,7.25,9.19,16.14,21.49,1.0407,0.8577,21.3,LOW,50.59,warning,39.37,LOW,LOW
2024-11-01,SUP_0083,SUP_0083,hormigon,fragile,1939304.49,95,4.86,20.55,44.8,16.1,1.0407,0.8577,49.48,LOW,22.08,critical,100.23,MED,MED
2024-11-01,SUP_0084,SUP_0084,acabados,stable,2067351.44,9,4.49,11.91,26.77,34.2,1.0407,0.8577,9.16,LOW,57.89,stable,47.99,LOW,LOW
2024-11-01,SUP_0085,SUP_0085,acero,stable,3424549.21,4,2.98,17.03,43.9,13.6,1.0407,0.8577,40.63,LOW,38.92,warning,80.06,MED,MED
2024-11-01,SUP_0086,SUP_0086,acero,stable,2636241.79,84,3.6,6.21,26.1,35.92,1.0407,0.8577,-4.07,LOW,71.51,stable,11.99,LOW,LOW
2024-11-01,SUP_0087,SUP_0087,logistica,watch,2226095.42,83,4.68,11.92,42.67,12.78,1.0407,0.8577,38.33,LOW,40.22,critical,70.13,LOW,MED
2024-11-01,SUP_0088,SUP_0088,hormigon,watch,3120875.54,108,4.58,11.01,40.68,18.77,1.0407,0.8577,29.79,LOW,44.69,warning,57.89,LOW,LOW
2024-11-01,SUP_0089,SUP_0089,logistica,stable,491051.64,47,1.58,31.78,30.37,11.49,1.0407,0.8577,54.58,LOW,19.09,critical,112.02,MED,MED
2024-11-01,SUP_0090,SUP_0090,logistica,watch,1938037.95,108,2.75,7.66,51.16,16.25,1.0407,0.8577,26.51,LOW,53.11,warning,52.81,LOW,LOW
2024-11-01,SUP_0091,SUP_0091,fontaneria,stable,3709547.81,177,3.49,9.41,6.03,19.22,1.0407,0.8577,8.08,LOW,65.92,warning,36.39,LOW,LOW
2024-11-01,SUP_0092,SUP_0092,hormigon,watch,3288823.78,140,0.0,7.54,21.7,8.46,1.0407,0.8577,12.61,LOW,73.93,stable,30.35,LOW,LOW
2024-11-01,SUP_0093,SUP_0093,hormigon,stable,2231684.76,91,12.75,7.35,11.89,16.22,1.0407,0.8577,38.4,LOW,31.89,critical,91.35,MED,MED
2024-11-01,SUP_0094,SUP_0094,hormigon,stable,3414647.93,53,9.35,7.5,5.27,11.44,1.0407,0.8577,30.22,LOW,47.65,warning,71.69,LOW,LOW
2024-11-01,SUP_0095,SUP_0095,fontaneria,stable,2934234.26,55,2.48,14.7,21.55,15.45,1.0407,0.8577,23.73,LOW,54.75,stable,54.5,LOW,LOW
2024-11-01,SUP_0096,SUP_0096,hormigon,watch,598555.88,9,0.0,8.93,50.67,3.73,1.0407,0.8577,32.46,LOW,60.39,warning,51.34,LOW,LOW
2024-11-01,SUP_0097,SUP_0097,electricidad,stable,820366.28,130,4.06,16.67,23.89,14.71,1.0407,0.8577,33.23,LOW,40.93,warning,71.36,LOW,LOW
2024-11-01,SUP_0098,SUP_0098,cemento,stable,3217179.53,109,5.58,11.73,32.98,12.61,1.0407,0.8577,36.55,LOW,40.55,warning,74.82,LOW,LOW
2024-11-01,SUP_0099,SUP_0099,electricidad,stable,1950218.65,27,3.48,7.45,45.15,38.0,1.0407,0.8577,3.93,LOW,63.36,stable,34.98,LOW,LOW
2024-11-01,SUP_0100,SUP_0100,cemento,fragile,4086802.85,61,2.11,21.22,84.49,12.02,1.0407,0.8577,64.15,LOW,13.49,critical,116.94,MED,HIGH
2024-11-01,SUP_0101,SUP_0101,fontaneria,fragile,2073287.34,37,5.09,1.11,58.03,10.57,1.0407,0.8577,32.48,LOW,53.9,warning,66.68,LOW,LOW
2024-11-01,SUP_0102,SUP_0102,cemento,watch,735564.67,48,10.59,16.38,65.33,24.04,1.0407,0.8577,61.71,LOW,2.44,critical,114.91,MED,HIGH
2024-11-01,SUP_0103,SUP_0103,hormigon,stable,2114442.12,88,1.22,4.56,30.82,21.77,1.0407,0.8577,2.59,LOW,77.12,stable,27.93,LOW,LOW
2024-11-01,SUP_0104,SUP_0104,hormigon,fragile,208213.18,7,12.34,5.38,37.82,11.14,1.0407,0.8577,50.97,LOW,26.55,critical,82.87,MED,MED
2024-11-01,SUP_0105,SUP_0105,acabados,watch,2288957.29,104,10.3,16.64,35.67,11.21,1.0407,0.8577,60.68,LOW,10.29,critical,113.81,MED,HIGH
2024-11-01,SUP_0106,SUP_0106,cemento,watch,2114365.08,163,6.16,17.27,14.95,13.51,1.0407,0.8577,37.59,LOW,33.96,critical,80.85,MED,MED
2024-11-01,SUP_0107,SUP_0107,electricidad,stable,2372610.53,63,3.38,8.38,22.97,16.71,1.0407,0.8577,16.33,LOW,63.34,stable,42.18,LOW,LOW
2024-11-01,SUP_0108,SUP_0108,fontaneria,stable,3166704.19,11,4.58,8.93,29.26,13.07,1.0407,0.8577,27.23,LOW,54.89,warning,64.03,LOW,LOW
2024-11-01,SUP_0109,SUP_0109,electricidad,stable,3607343.26,49,11.06,2.31,33.37,6.18,1.0407,0.8577,45.47,LOW,36.82,warning,71.01,LOW,MED
2024-11-01,SUP_0110,SUP_0110,fontaneria,fragile,2961028.41,90,0.56,7.57,95.0,4.1,1.0407,0.8577,51.71,LOW,38.59,critical,81.74,MED,MED
2024-11-01,SUP_0111,SUP_0111,acabados,watch,512775.94,9,2.29,8.52,16.04,18.32,1.0407,0.8577,8.55,LOW,72.71,stable,30.23,LOW,LOW
2024-11-01,SUP_0112,SUP_0112,acero,stable,3528927.1,88,4.67,8.22,41.27,11.99,1.0407,0.8577,32.92,LOW,47.86,warning,60.18,LOW,LOW
2024-11-01,SUP_0113,SUP_0113,acabados,stable,4749181.92,33,8.42,18.34,15.15,9.32,1.0407,0.8577,50.27,LOW,25.11,critical,91.95,MED,MED
2024-11-01,SUP_0114,SUP_0114,acero,watch,2191621.69,64,4.89,6.51,39.25,21.36,1.0407,0.8577,20.72,LOW,55.32,warning,65.91,LOW,LOW
2024-11-01,SUP_0115,SUP_0115,logistica,stable,3298719.09,54,1.85,13.58,25.14,22.52,1.0407,0.8577,14.7,LOW,60.41,warning,37.08,LOW,LOW
2024-11-01,SUP_0116,SUP_0116,electricidad,fragile,1275578.36,117,3.58,21.1,11.23,9.28,1.0407,0.8577,38.17,LOW,38.16,critical,86.74,MED,MED
2024-11-01,SUP_0117,SUP_0117,acabados,watch,4543130.28,149,9.48,1.12,63.59,11.49,1.0407,0.8577,47.26,LOW,30.74,critical,81.94,MED,MED
2024-11-01,SUP_0118,SUP_0118,logistica,watch,1844012.14,113,6.33,0.26,35.06,23.98,1.0407,0.8577,11.16,LOW,63.41,warning,38.87,LOW,LOW
2024-11-01,SUP_0119,SUP_0119,acabados,stable,3565144.13,92,0.98,10.77,21.71,25.41,1.0407,0.8577,3.44,LOW,70.92,stable,27.31,LOW,LOW
2024-11-01,SUP_0120,SUP_0120,acabados,watch,479166.34,102,7.51,13.37,21.78,14.14,1.0407,0.8577,38.25,LOW,35.28,critical,80.7,MED,MED
2024-11-01,SUP_0121,SUP_0121,electricidad,watch,1069035.53,18,9.03,9.2,26.92,17.95,1.0407,0.8577,35.05,LOW,39.11,warning,70.36,LOW,LOW
2024-11-01,SUP_0122,SUP_0122,cemento,watch,3742379.77,127,6.27,12.34,46.56,20.27,1.0407,0.8577,38.0,LOW,32.57,critical,83.6,MED,MED
2024-11-01,SUP_0123,SUP_0123,electricidad,stable,1899801.38,53,0.48,9.78,29.87,22.87,1.0407,0.8577,6.69,LOW,71.47,warning,28.38,LOW,LOW
2024-11-01,SUP_0124,SUP_0124,hormigon,stable,2706555.34,57,4.43,13.1,30.38,37.98,1.0407,0.8577,8.64,LOW,53.99,warning,44.65,LOW,LOW
2024-11-01,SUP_0125,SUP_0125,logistica,stable,3322781.11,47,2.33,1.46,37.81,24.66,1.0407,0.8577,1.55,LOW,77.94,stable,20.94,LOW,LOW
2024-11-01,SUP_0126,SUP_0126,hormigon,watch,2661681.11,27,4.3,4.86,69.0,17.43,1.0407,0.8577,33.81,LOW,47.31,warning,76.05,MED,LOW
2024-11-01,SUP_0127,SUP_0127,hormigon,stable,2850817.81,44,5.15,3.06,24.57,13.48,1.0407,0.8577,17.61,LOW,65.64,stable,38.75,LOW,LOW
2024-11-01,SUP_0128,SUP_0128,hormigon,stable,2811664.0,106,0.41,4.83,10.22,23.98,1.0407,0.8577,-10.89,LOW,89.31,stable,2.78,LOW,LOW
2024-11-01,SUP_0129,SUP_0129,fontaneria,stable,792538.45,92,0.53,16.18,42.15,7.3,1.0407,0.8577,37.55,LOW,46.33,warning,78.47,MED,MED
2024-11-01,SUP_0130,SUP_0130,electricidad,watch,1450322.86,29,5.02,6.11,27.74,11.8,1.0407,0.8577,24.92,LOW,58.46,warning,41.5,LOW,LOW
2024-11-01,SUP_0131,SUP_0131,logistica,stable,3649147.85,66,4.05,0.0,49.52,21.02,1.0407,0.8577,13.42,LOW,66.88,warning,24.04,LOW,LOW
2024-11-01,SUP_0132,SUP_0132,acero,fragile,3728223.31,77,0.0,2.7,69.32,18.4,1.0407,0.8577,16.84,LOW,67.53,warning,38.1,LOW,LOW
2024-11-01,SUP_0133,SUP_0133,hormigon,watch,938452.84,20,6.07,6.33,37.3,19.23,1.0407,0.8577,25.28,LOW,52.39,warning,61.7,LOW,LOW
2024-11-01,SUP_0134,SUP_0134,cemento,stable,2363499.42,26,6.67,7.13,35.67,11.41,1.0407,0.8577,35.35,LOW,46.23,critical,68.71,LOW,LOW
2024-11-01,SUP_0135,SUP_0135,cemento,watch,2046108.74,182,2.06,10.16,77.73,7.7,1.0407,0.8577,48.71,LOW,33.69,warning,76.42,MED,MED
2024-11-01,SUP_0136,SUP_0136,acero,stable,1967322.0,75,1.81,15.93,60.67,15.7,1.0407,0.8577,40.93,LOW,36.83,warning,83.48,MED,MED
2024-11-01,SUP_0137,SUP_0137,logistica,fragile,1548421.56,85,9.98,7.39,51.33,14.4,1.0407,0.8577,49.71,LOW,24.72,critical,100.52,MED,MED
2024-11-01,SUP_0138,SUP_0138,electricidad,watch,1946843.28,122,14.88,18.3,44.89,13.69,1.0407,0.8577,78.61,MED,0.0,critical,149.51,HIGH,HIGH
2024-11-01,SUP_0139,SUP_0139,logistica,watch,1814732.91,97,13.9,5.91,53.9,19.22,1.0407,0.8577,55.62,LOW,12.12,critical,108.91,MED,MED
2024-11-01,SUP_0140,SUP_0140,cemento,stable,3316918.84,70,8.0,4.64,17.49,13.94,1.0407,0.8577,24.89,LOW,53.62,warning,40.3,LOW,LOW
2024-11-01,SUP_0141,SUP_0141,cemento,watch,3485180.1,207,8.1,4.85,38.85,18.99,1.0407,0.8577,30.06,LOW,40.85,critical,65.02,LOW,LOW
2024-11-01,SUP_0142,SUP_0142,acabados,watch,1563333.43,73,0.91,4.82,40.77,7.87,1.0407,0.8577,20.44,LOW,68.92,warning,33.4,LOW,LOW
2024-11-01,SUP_0143,SUP_0143,cemento,fragile,1941484.02,47,7.3,17.93,57.62,17.38,1.0407,0.8577,57.34,LOW,13.69,critical,109.22,MED,HIGH
2024-11-01,SUP_0144,SUP_0144,cemento,watch,3219019.94,99,13.11,15.55,23.46,6.9,1.0407,0.8577,66.31,LOW,5.36,critical,117.99,MED,HIGH
2024-11-01,SUP_0145,SUP_0145,acero,watch,1778163.84,132,12.6,5.89,14.14,8.77,1.0407,0.8577,44.23,LOW,30.55,warning,99.95,MED,MED
2024-11-01,SUP_0146,SUP_0146,logistica,stable,1568601.07,62,4.47,20.81,4.12,25.28,1.0407,0.8577,21.21,LOW,45.62,warning,44.65,LOW,LOW
2024-11-01,SUP_0147,SUP_0147,fontaneria,stable,1631667.81,48,1.01,4.82,15.9,18.23,1.0407,0.8577,-0.81,LOW,84.11,stable,21.05,LOW,LOW
2024-11-01,SUP_0148,SUP_0148,cemento,watch,1720921.5,163,6.85,20.37,40.78,14.09,1.0407,0.8577,55.39,LOW,13.53,critical,114.99,MED,MED
2024-11-01,SUP_0149,SUP_0149,acabados,stable,1656882.65,76,4.86,8.03,22.55,36.96,1.0407,0.8577,-0.19,LOW,65.02,warning,27.13,LOW,LOW
2024-11-01,SUP_0150,SUP_0150,acabados,stable,2764978.16,72,5.4,3.68,48.78,17.07,1.0407,0.8577,26.6,LOW,52.92,warning,50.37,LOW,LOW
2024-11-01,SUP_0151,SUP_0151,acabados,fragile,3107766.81,143,7.5,1.57,70.52,10.29,1.0407,0.8577,46.3,LOW,34.42,critical,94.29,MED,MED
2024-11-01,SUP_0152,SUP_0152,logistica,fragile,1000625.07,98,6.63,6.94,48.02,1.15,1.0407,0.8577,50.75,LOW,35.47,critical,95.86,MED,MED
2024-11-01,SUP_0153,SUP_0153,hormigon,stable,2069333.05,86,8.77,4.08,40.04,10.03,1.0407,0.8577,40.41,LOW,39.68,warning,83.23,MED,MED
2024-11-01,SUP_0154,SUP_0154,logistica,watch,2000556.15,96,5.96,10.81,36.45,13.65,1.0407,0.8577,36.85,LOW,40.04,critical,71.05,LOW,LOW
2024-11-01,SUP_0155,SUP_0155,acero,stable,3053940.56,30,7.25,15.3,33.83,18.03,1.0407,0.8577,41.9,LOW,30.56,critical,77.02,MED,MED
2024-11-01,SUP_0156,SUP_0156,acabados,watch,2870917.64,62,0.0,4.3,38.9,23.07,1.0407,0.8577,0.88,LOW,80.12,stable,13.08,LOW,LOW
2024-11-01,SUP_0157,SUP_0157,fontaneria,stable,1043638.54,178,2.76,17.49,38.18,18.27,1.0407,0.8577,33.41,LOW,37.87,warning,66.47,LOW,LOW
2024-11-01,SUP_0158,SUP_0158,acabados,watch,1224270.72,97,4.5,10.31,35.23,28.98,1.0407,0.8577,15.85,LOW,52.75,warning,42.86,LOW,LOW
2024-11-01,SUP_0159,SUP_0159,fontaneria,watch,1687310.8,86,0.0,37.4,59.13,12.09,1.0407,0.8577,70.61,MED,0.26,critical,137.67,HIGH,HIGH
2024-11-01,SUP_0160,SUP_0160,fontaneria,watch,4519269.69,33,4.22,22.11,23.87,14.2,1.0407,0.8577,42.37,LOW,32.12,critical,88.7,MED,MED
2024-11-01,SUP_0161,SUP_0161,fontaneria,stable,327470.61,45,0.65,10.32,26.45,20.34,1.0407,0.8577,8.99,LOW,70.62,stable,24.46,LOW,LOW
2024-11-01,SUP_0162,SUP_0162,acabados,fragile,3026826.0,52,3.68,1.46,95.0,13.61,1.0407,0.8577,42.38,LOW,42.8,critical,75.62,MED,MED
2024-11-01,SUP_0163,SUP_0163,acabados,stable,4006216.32,84,10.26,10.73,37.0,32.55,1.0407,0.8577,30.97,LOW,29.72,critical,71.12,LOW,LOW
2024-11-01,SUP_0164,SUP_0164,cemento,stable,2129739.13,114,2.71,8.48,51.11,1.01,1.0407,0.8577,42.85,LOW,46.12,warning,71.49,LOW,MED
2024-11-01,SUP_0165,SUP_0165,acabados,watch,3019877.04,22,4.52,11.87,42.92,1.77,1.0407,0.8577,48.91,LOW,38.81,warning,77.06,MED,MED
2024-11-01,SUP_0166,SUP_0166,electricidad,stable,1704111.94,95,2.62,5.78,37.42,17.57,1.0407,0.8577,15.79,LOW,64.43,warning,31.95,LOW,LOW
2024-11-01,SUP_0167,SUP_0167,acero,fragile,3350726.99,66,8.57,8.7,56.58,10.51,1.0407,0.8577,53.7,LOW,24.58,critical,89.01,MED,MED
2024-11-01,SUP_0168,SUP_0168,electricidad,fragile,854121.94,102,3.03,45.0,47.78,11.32,1.0407,0.8577,86.79,MED,0.0,critical,167.14,HIGH,HIGH
2024-11-01,SUP_0169,SUP_0169,logistica,stable,290355.12,43,5.88,11.23,19.89,17.79,1.0407,0.8577,25.65,LOW,50.01,warning,60.91,LOW,LOW
2024-11-01,SUP_0170,SUP_0170,logistica,fragile,3538267.18,130,18.94,31.18,62.91,10.11,1.0407,0.8577,121.8,HIGH,0.0,critical,180.0,HIGH,HIGH
2024-11-01,SUP_0171,SUP_0171,acabados,stable,1743634.14,121,1.11,7.73,25.62,36.24,1.0407,0.8577,-9.79,LOW,77.64,warning,9.04,LOW,LOW
2024-11-01,SUP_0172,SUP_0172,electricidad,watch,2036189.07,126,3.86,13.95,54.07,24.89,1.0407,0.8577,31.94,LOW,37.26,warning,66.3,LOW,LOW
2024-11-01,SUP_0173,SUP_0173,acabados,stable,1017033.33,21,5.72,11.78,57.56,20.31,1.0407,0.8577,40.44,LOW,34.13,critical,87.93,MED,MED
2024-11-01,SUP_0174,SUP_0174,acero,fragile,1161792.35,141,2.53,10.46,73.92,9.02,1.0407,0.8577,47.51,LOW,34.64,critical,84.01,MED,MED
2024-11-01,SUP_0175,SUP_0175,fontaneria,stable,2372090.77,62,2.63,17.44,28.12,24.46,1.0407,0.8577,22.24,LOW,48.66,warning,58.35,LOW,LOW
2024-11-01,SUP_0176,SUP_0176,fontaneria,stable,2037881.55,22,4.24,27.27,41.85,16.33,1.0407,0.8577,56.12,LOW,14.73,critical,119.92,MED,HIGH
2024-11-01,SUP_0177,SUP_0177,hormigon,stable,2160926.56,90,4.64,9.71,23.71,32.03,1.0407,0.8577,7.12,LOW,59.86,warning,43.57,LOW,LOW
2024-11-01,SUP_0178,SUP_0178,hormigon,fragile,2512824.78,102,3.33,29.47,64.92,7.89,1.0407,0.8577,75.52,MED,0.0,critical,141.41,HIGH,HIGH
2024-11-01,SUP_0179,SUP_0179,cemento,fragile,3182818.68,120,1.25,3.6,15.41,15.33,1.0407,0.8577,0.76,LOW,82.62,warning,17.86,LOW,LOW
2024-11-01,SUP_0180,SUP_0180,cemento,watch,2874600.54,67,10.41,9.17,35.33,16.72,1.0407,0.8577,44.17,LOW,27.95,critical,89.14,MED,MED
2024-11-01,SUP_0181,SUP_0181,electricidad,fragile,4263879.43,86,5.71,8.84,7.73,1.15,1.0407,0.8577,32.74,LOW,53.79,critical,62.46,LOW,LOW
2024-11-01,SUP_0182,SUP_0182,electricidad,fragile,1555621.0,150,1.74,17.06,15.85,5.82,1.0407,0.8577,32.14,LOW,49.3,critical,56.0,LOW,LOW
2024-11-01,SUP_0183,SUP_0183,hormigon,watch,1751234.85,131,6.31,20.53,71.8,5.94,1.0407,0.8577,76.09,MED,0.0,critical,143.09,HIGH,HIGH
2024-11-01,SUP_0184,SUP_0184,acero,stable,4212950.0,9,4.71,12.9,53.72,23.24,1.0407,0.8577,34.41,LOW,39.06,critical,78.18,MED,LOW
2024-11-01,SUP_0185,SUP_0185,fontaneria,watch,4034093.46,87,0.0,18.24,24.11,11.51,1.0407,0.8577,26.71,LOW,54.08,warning,56.1,LOW,LOW
2024-11-01,SUP_0186,SUP_0186,hormigon,watch,1251927.23,86,1.65,16.41,16.96,5.85,1.0407,0.8577,31.35,LOW,52.39,warning,64.05,LOW,LOW
2024-11-01,SUP_0187,SUP_0187,acero,stable,2185491.33,20,2.03,8.22,5.88,12.26,1.0407,0.8577,8.79,LOW,76.5,stable,20.37,LOW,LOW
2024-11-01,SUP_0188,SUP_0188,acero,stable,4284503.35,68,7.1,5.84,27.82,7.74,1.0407,0.8577,34.84,LOW,48.08,warning,60.4,LOW,LOW
2024-11-01,SUP_0189,SUP_0189,electricidad,watch,4299744.26,176,12.83,17.19,95.0,41.63,1.0407,0.8577,65.4,LOW,0.0,critical,133.08,HIGH,HIGH
2024-11-01,SUP_0190,SUP_0190,acero,stable,2455901.21,29,4.85,0.0,28.9,17.74,1.0407,0.8577,9.81,LOW,72.94,warning,33.3,LOW,LOW
2024-11-01,SUP_0191,SUP_0191,acabados,fragile,1643562.63,87,2.75,22.3,47.32,10.5,1.0407,0.8577,52.49,LOW,24.17,critical,92.16,MED,MED
2024-11-01,SUP_0192,SUP_0192,acero,stable,1936846.79,50,2.21,0.0,30.41,15.67,1.0407,0.8577,4.65,LOW,81.45,stable,12.46,LOW,LOW
2024-11-01,SUP_0193,SUP_0193,electricidad,stable,1851836.15,76,6.08,1.31,12.47,6.99,1.0407,0.8577,18.82,LOW,67.63,stable,49.0,LOW,LOW
2024-11-01,SUP_0194,SUP_0194,acero,fragile,2187176.05,106,8.24,31.03,52.23,1.63,1.0407,0.8577,93.14,MED,0.0,critical,161.41,HIGH,HIGH
2024-11-01,SUP_0195,SUP_0195,hormigon,stable,2598194.97,56,8.62,16.92,38.38,17.93,1.0407,0.8577,50.58,LOW,19.02,critical,115.86,MED,MED
2024-11-01,SUP_0196,SUP_0196,fontaneria,stable,3326719.72,113,4.08,3.42,24.77,12.71,1.0407,0.8577,15.82,LOW,66.73,stable,34.56,LOW,LOW
2024-11-01,SUP_0197,SUP_0197,hormigon,watch,2396941.78,12,6.74,7.18,49.73,16.53,1.0407,0.8577,36.83,LOW,41.73,critical,69.06,LOW,LOW
2024-11-01,SUP_0198,SUP_0198,acero,fragile,3311360.17,138,6.13,21.27,72.3,4.57,1.0407,0.8577,78.27,MED,0.0,critical,130.43,HIGH,HIGH
2024-11-01,SUP_0199,SUP_0199,acabados,stable,5384911.68,94,9.07,10.94,47.24,14.45,1.0407,0.8577,50.42,LOW,22.83,critical,93.13,MED,MED
2024-11-01,SUP_0200,SUP_0200,logistica,stable,910057.69,94,9.65,8.04,19.13,18.4,1.0407,0.8577,31.22,LOW,40.34,critical,78.74,MED,LOW
2024-11-01,SUP_0201,SUP_0201,fontaneria,watch,2652750.29,116,1.05,4.76,42.61,15.15,1.0407,0.8577,14.31,LOW,68.93,stable,26.22,LOW,LOW
2024-11-01,SUP_0202,SUP_0202,logistica,fragile,1508998.62,44,0.0,28.11,92.28,10.78,1.0407,0.8577,72.9,MED,4.73,critical,133.25,HIGH,HIGH
2024-11-01,SUP_0203,SUP_0203,acabados,watch,3195162.01,145,14.98,29.86,27.27,4.56,1.0407,0.8577,97.44,MED,0.0,critical,176.82,HIGH,HIGH
2024-11-01,SUP_0204,SUP_0204,electricidad,stable,3230407.62,60,5.81,7.39,20.07,34.93,1.0407,0.8577,2.61,LOW,63.38,warning,32.64,LOW,LOW
2024-11-01,SUP_0205,SUP_0205,acabados,stable,1967521.57,64,2.3,4.03,60.41,15.33,1.0407,0.8577,24.79,LOW,59.02,warning,39.87,LOW,LOW
2024-11-01,SUP_0206,SUP_0206,acero,stable,4129534.41,53,0.12,9.42,24.0,28.67,1.0407,0.8577,-3.39,LOW,78.34,stable,30.98,LOW,LOW
2024-11-01,SUP_0207,SUP_0207,electricidad,stable,2688221.17,34,4.14,11.76,50.84,14.57,1.0407,0.8577,38.37,LOW,41.11,warning,71.66,LOW,MED
2024-11-01,SUP_0208,SUP_0208,electricidad,watch,2764187.82,110,12.67,5.05,28.61,5.68,1.0407,0.8577,52.78,LOW,25.01,critical,92.35,MED,MED
2024-11-01,SUP_0209,SUP_0209,logistica,stable,251034.84,97,12.12,12.23,49.39,15.03,1.0407,0.8577,61.88,LOW,7.21,critical,116.7,MED,HIGH
2024-11-01,SUP_0210,SUP_0210,acabados,watch,5069142.74,114,11.94,7.77,49.36,11.74,1.0407,0.8577,57.95,LOW,15.18,critical,90.64,MED,HIGH
2024-11-01,SUP_0211,SUP_0211,electricidad,watch,2320741.94,96,8.36,9.63,48.86,13.65,1.0407,0.8577,47.86,LOW,27.21,critical,92.16,MED,MED
2024-11-01,SUP_0212,SUP_0212,fontaneria,watch,3172368.69,123,2.98,11.46,82.33,15.45,1.0407,0.8577,47.73,LOW,29.83,critical,86.09,MED,MED
2024-11-01,SUP_0213,SUP_0213,hormigon,stable,1609377.82,64,5.2,5.11,30.5,20.81,1.0407,0.8577,16.17,LOW,60.63,warning,42.76,LOW,LOW
2024-11-01,SUP_0214,SUP_0214,acabados,fragile,1211829.47,177,7.99,17.26,29.96,16.0,1.0407,0.8577,47.36,LOW,20.3,critical,93.84,MED,MED
2024-11-01,SUP_0215,SUP_0215,electricidad,watch,2813296.3,24,4.31,13.0,33.03,6.6,1.0407,0.8577,40.69,LOW,43.5,warning,76.21,MED,MED
2024-11-01,SUP_0216,SUP_0216,electricidad,watch,3053186.01,106,6.6,5.12,47.67,20.17,1.0407,0.8577,28.75,LOW,45.79,critical,62.71,LOW,LOW
2024-11-01,SUP_0217,SUP_0217,acabados,stable,3187447.26,102,12.92,6.88,10.29,25.66,1.0407,0.8577,28.06,LOW,35.85,critical,71.95,LOW,LOW
2024-11-01,SUP_0218,SUP_0218,fontaneria,stable,3545696.45,47,10.76,4.68,36.27,34.57,1.0407,0.8577,21.04,LOW,41.99,warning,50.75,LOW,LOW
2024-11-01,SUP_0219,SUP_0219,cemento,fragile,945030.97,170,5.34,24.72,54.11,5.74,1.0407,0.8577,71.7,MED,1.77,critical,129.82,HIGH,HIGH
2024-11-01,SUP_0220,SUP_0220,acero,stable,3055243.32,130,4.2,6.11,45.57,9.74,1.0407,0.8577,32.53,LOW,49.98,warning,53.86,LOW,LOW
2024-12-01,SUP_0001,SUP_0001,logistica,watch,3123897.17,87,0.0,17.56,57.97,6.08,0.9543,0.952,46.34,LOW,38.32,warning,85.23,MED,MED
2024-12-01,SUP_0002,SUP_0002,acero,stable,2827014.91,53,2.47,12.57,12.62,20.25,0.9543,0.952,11.71,LOW,64.78,stable,47.05,LOW,LOW
2024-12-01,SUP_0003,SUP_0003,cemento,fragile,2609077.31,24,0.88,16.83,81.64,17.22,0.9543,0.952,47.4,LOW,31.37,critical,94.61,MED,MED
2024-12-01,SUP_0004,SUP_0004,electricidad,watch,3185064.68,68,3.03,13.19,39.26,4.92,0.9543,0.952,41.62,LOW,43.53,critical,75.34,MED,MED
2024-12-01,SUP_0005,SUP_0005,electricidad,stable,3257037.89,140,3.15,11.16,50.26,21.23,0.9543,0.952,27.58,LOW,45.68,critical,64.32,LOW,LOW
2024-12-01,SUP_0006,SUP_0006,fontaneria,fragile,4117978.83,94,6.62,21.96,69.39,12.86,0.9543,0.952,71.18,MED,0.05,critical,137.1,HIGH,HIGH
2024-12-01,SUP_0007,SUP_0007,acero,watch,2622712.34,77,2.34,13.73,66.14,19.94,0.9543,0.952,37.44,LOW,38.08,critical,74.11,LOW,MED
2024-12-01,SUP_0008,SUP_0008,logistica,watch,2250647.83,54,1.77,1.94,56.15,15.93,0.9543,0.952,17.55,LOW,67.73,warning,39.29,LOW,LOW
2024-12-01,SUP_0009,SUP_0009,electricidad,stable,3290761.68,88,7.09,15.51,9.1,8.33,0.9543,0.952,40.29,LOW,36.82,critical,77.98,MED,MED
2024-12-01,SUP_0010,SUP_0010,acero,watch,3325164.55,58,1.85,6.8,30.83,16.16,0.9543,0.952,13.46,LOW,69.05,warning,27.05,LOW,LOW
2024-12-01,SUP_0011,SUP_0011,logistica,stable,4709635.22,173,3.81,3.99,13.62,17.13,0.9543,0.952,6.4,LOW,71.48,stable,20.85,LOW,LOW
2024-12-01,SUP_0012,SUP_0012,logistica,fragile,2946191.54,91,9.35,9.09,38.25,7.58,0.9543,0.952,51.32,LOW,27.13,critical,93.51,MED,MED
2024-12-01,SUP_0013,SUP_0013,electricidad,watch,2594276.02,134,5.02,20.21,73.29,16.7,0.9543,0.952,61.65,LOW,8.35,critical,116.14,MED,HIGH
2024-12-01,SUP_0014,SUP_0014,cemento,fragile,1460652.72,60,6.24,28.59,75.09,21.46,0.9543,0.952,73.94,MED,0.0,critical,134.84,HIGH,HIGH
2024-12-01,SUP_0015,SUP_0015,fontaneria,stable,1791436.22,39,2.92,12.7,28.21,33.28,0.9543,0.952,7.23,LOW,60.69,warning,44.55,LOW,LOW
2024-12-01,SUP_0016,SUP_0016,electricidad,stable,1239191.08,60,3.5,10.69,18.17,42.24,0.9543,0.952,-7.53,LOW,69.44,stable,15.92,LOW,LOW
2024-12-01,SUP_0017,SUP_0017,hormigon,watch,2113324.75,11,6.84,10.19,36.03,11.26,0.9543,0.952,40.76,LOW,39.65,critical,78.01,MED,MED
2024-12-01,SUP_0018,SUP_0018,fontaneria,stable,2655764.86,33,4.67,16.31,14.99,20.95,0.9543,0.952,24.26,LOW,48.29,warning,63.67,LOW,LOW
2024-12-01,SUP_0019,SUP_0019,acabados,fragile,2854374.49,13,2.47,7.91,31.41,10.95,0.9543,0.952,22.45,LOW,63.62,warning,45.49,LOW,LOW
2024-12-01,SUP_0020,SUP_0020,cemento,watch,235073.66,12,2.24,12.47,53.26,13.53,0.9543,0.952,35.86,LOW,46.52,warning,72.52,LOW,LOW
2024-12-01,SUP_0021,SUP_0021,acabados,watch,1356070.43,54,2.11,23.24,62.73,15.62,0.9543,0.952,53.8,LOW,20.7,critical,93.66,MED,MED
2024-12-01,SUP_0022,SUP_0022,cemento,stable,4444700.75,96,3.69,3.33,29.72,22.07,0.9543,0.952,7.38,LOW,70.04,stable,26.48,LOW,LOW
2024-12-01,SUP_0023,SUP_0023,acabados,fragile,2561778.25,67,4.45,15.93,5.66,9.94,0.9543,0.952,29.85,LOW,49.25,warning,64.96,LOW,LOW
2024-12-01,SUP_0024,SUP_0024,acero,fragile,3712650.9,113,7.79,17.51,56.58,8.5,0.9543,0.952,66.59,LOW,7.95,critical,118.24,MED,HIGH
2024-12-01,SUP_0025,SUP_0025,cemento,watch,1220626.15,119,8.38,9.68,38.27,11.76,0.9543,0.952,45.11,LOW,30.46,critical,93.53,MED,MED
2024-12-01,SUP_0026,SUP_0026,logistica,stable,4719342.72,131,3.29,16.33,34.01,22.38,0.9543,0.952,27.3,LOW,42.76,warning,60.78,LOW,LOW
2024-12-01,SUP_0027,SUP_0027,hormigon,watch,3282967.61,52,1.83,9.2,72.91,12.22,0.9543,0.952,39.87,LOW,44.21,warning,58.87,LOW,MED
2024-12-01,SUP_0028,SUP_0028,fontaneria,stable,3491357.11,112,7.3,10.72,4.67,19.51,0.9543,0.952,20.57,LOW,50.73,warning,52.62,LOW,LOW
2024-12-01,SUP_0029,SUP_0029,hormigon,stable,3542957.51,124,4.64,7.02,27.93,27.07,0.9543,0.952,9.95,LOW,60.58,warning,31.46,LOW,LOW
2024-12-01,SUP_0030,SUP_0030,logistica,watch,3678044.38,50,3.4,13.85,44.94,13.41,0.9543,0.952,37.8,LOW,41.66,critical,65.94,LOW,MED
2024-12-01,SUP_0031,SUP_0031,acabados,watch,2606294.0,97,5.68,5.87,16.42,17.23,0.9543,0.952,16.0,LOW,61.26,warning,34.95,LOW,LOW
2024-12-01,SUP_0032,SUP_0032,acabados,fragile,1768545.62,134,7.52,15.48,95.0,15.07,0.9543,0.952,73.45,MED,0.0,critical,142.8,HIGH,HIGH
2024-12-01,SUP_0033,SUP_0033,electricidad,stable,2511227.84,73,1.05,4.26,37.26,8.22,0.9543,0.952,18.1,LOW,71.2,warning,32.06,LOW,LOW
2024-12-01,SUP_0034,SUP_0034,electricidad,stable,3153989.37,37,1.18,3.01,34.92,22.15,0.9543,0.952,1.63,LOW,80.18,stable,12.56,LOW,LOW
2024-12-01,SUP_0035,SUP_0035,fontaneria,watch,2517296.6,49,11.43,17.0,26.55,7.93,0.9543,0.952,63.81,LOW,9.65,critical,127.87,HIGH,HIGH
2024-12-01,SUP_0036,SUP_0036,acabados,stable,1390649.51,110,2.59,6.85,41.35,10.24,0.9543,0.952,26.4,LOW,57.64,warning,52.43,LOW,LOW
2024-12-01,SUP_0037,SUP_0037,acabados,stable,5301676.24,57,2.18,0.79,43.8,13.66,0.9543,0.952,13.77,LOW,73.06,stable,27.93,LOW,LOW
2024-12-01,SUP_0038,SUP_0038,cemento,watch,2007229.45,47,0.91,4.61,49.22,13.01,0.9543,0.952,18.76,LOW,68.16,warning,38.29,LOW,LOW
2024-12-01,SUP_0039,SUP_0039,fontaneria,stable,5532639.8,97,9.49,16.3,31.06,17.02,0.9543,0.952,49.89,LOW,18.49,critical,104.29,MED,MED
2024-12-01,SUP_0040,SUP_0040,cemento,watch,2580023.66,95,13.15,12.87,51.43,19.17,0.9543,0.952,62.72,LOW,2.37,critical,122.69,HIGH,HIGH
2024-12-01,SUP_0041,SUP_0041,acero,stable,5218522.39,101,6.6,13.02,21.56,13.47,0.9543,0.952,35.56,LOW,39.54,warning,73.41,LOW,LOW
2024-12-01,SUP_0042,SUP_0042,acabados,fragile,3523339.98,227,7.23,20.24,71.72,19.39,0.9543,0.952,64.95,LOW,0.0,critical,129.73,HIGH,HIGH
2024-12-01,SUP_0043,SUP_0043,hormigon,watch,4443395.74,148,0.0,8.16,41.19,17.53,0.9543,0.952,13.25,LOW,66.84,stable,38.66,LOW,LOW
2024-12-01,SUP_0044,SUP_0044,acabados,stable,2006506.2,43,2.06,5.63,30.3,23.19,0.9543,0.952,5.07,LOW,73.7,warning,15.92,LOW,LOW
2024-12-01,SUP_0045,SUP_0045,electricidad,fragile,1801158.44,123,9.89,15.61,89.78,13.92,0.9543,0.952,79.56,MED,0.0,critical,133.67,HIGH,HIGH
2024-12-01,SUP_0046,SUP_0046,hormigon,fragile,3871970.77,70,2.07,16.08,27.99,12.63,0.9543,0.952,30.29,LOW,49.28,warning,66.15,LOW,LOW
2024-12-01,SUP_0047,SUP_0047,acero,stable,3973391.47,149,9.36,15.38,27.25,1.44,0.9543,0.952,61.96,LOW,15.6,critical,107.43,MED,HIGH
2024-12-01,SUP_0048,SUP_0048,electricidad,stable,2881165.24,73,9.65,10.83,40.31,10.94,0.9543,0.952,52.39,LOW,23.24,critical,101.38,MED,MED
2024-12-01,SUP_0049,SUP_0049,acabados,watch,944053.98,82,2.66,14.47,22.94,1.0,0.9543,0.952,39.02,LOW,47.96,critical,77.86,MED,MED
2024-12-01,SUP_0050,SUP_0050,fontaneria,stable,1395204.43,17,3.67,2.8,19.37,22.86,0.9543,0.952,1.07,LOW,78.49,stable,13.53,LOW,LOW
2024-12-01,SUP_0051,SUP_0051,logistica,stable,1499949.43,96,0.0,7.32,33.31,21.04,0.9543,0.952,4.93,LOW,74.85,stable,32.86,LOW,LOW
2024-12-01,SUP_0052,SUP_0052,logistica,stable,1151707.99,30,10.82,12.1,43.65,24.59,0.9543,0.952,45.68,LOW,20.57,critical,86.36,MED,MED
2024-12-01,SUP_0053,SUP_0053,acabados,watch,2545144.71,104,1.32,3.09,38.31,32.04,0.9543,0.952,-6.21,LOW,79.4,warning,15.12,LOW,LOW
2024-12-01,SUP_0054,SUP_0054,fontaneria,watch,3137305.33,85,5.41,9.73,62.22,14.63,0.9543,0.952,44.18,LOW,33.49,critical,85.25,MED,MED
2024-12-01,SUP_0055,SUP_0055,acero,watch,3548799.97,96,4.47,17.04,67.72,9.09,0.9543,0.952,60.36,LOW,17.85,critical,113.83,MED,HIGH
2024-12-01,SUP_0056,SUP_0056,acero,watch,356797.63,138,0.63,6.75,53.65,18.73,0.9543,0.952,17.42,LOW,62.27,warning,31.83,LOW,LOW
2024-12-01,SUP_0057,SUP_0057,cemento,watch,3258030.29,63,2.8,11.87,59.79,11.68,0.9543,0.952,41.42,LOW,40.37,critical,75.03,MED,MED
2024-12-01,SUP_0058,SUP_0058,acero,watch,3413033.91,82,5.07,19.0,71.2,12.24,0.9543,0.952,63.49,LOW,11.54,critical,125.2,HIGH,HIGH
2024-12-01,SUP_0059,SUP_0059,logistica,stable,5536696.24,125,4.75,3.75,36.31,30.25,0.9543,0.952,5.97,LOW,63.98,stable,40.77,LOW,LOW
2024-12-01,SUP_0060,SUP_0060,acero,stable,1349092.49,101,5.98,4.52,5.7,16.76,0.9543,0.952,10.5,LOW,67.34,warning,42.27,LOW,LOW
2024-12-01,SUP_0061,SUP_0061,cemento,watch,2630412.57,144,3.16,15.99,59.64,21.78,0.9543,0.952,38.52,LOW,31.86,critical,81.9,MED,MED
2024-12-01,SUP_0062,SUP_0062,fontaneria,watch,4788480.05,50,0.52,5.65,37.96,17.5,0.9543,0.952,9.61,LOW,74.16,stable,33.68,LOW,LOW
2024-12-01,SUP_0063,SUP_0063,logistica,watch,3059389.59,162,5.14,9.37,41.14,7.9,0.9543,0.952,40.09,LOW,40.09,critical,85.73,MED,MED
2024-12-01,SUP_0064,SUP_0064,logistica,watch,3424105.3,88,7.06,14.63,57.41,16.12,0.9543,0.952,52.84,LOW,19.68,critical,101.83,MED,MED
2024-12-01,SUP_0065,SUP_0065,hormigon,watch,3032900.32,135,11.13,5.61,12.89,13.27,0.9543,0.952,34.33,LOW,39.06,critical,65.82,LOW,LOW
2024-12-01,SUP_0066,SUP_0066,electricidad,watch,3770115.38,80,5.84,0.0,19.14,8.13,0.9543,0.952,18.02,LOW,68.44,warning,40.45,LOW,LOW
2024-12-01,SUP_0067,SUP_0067,electricidad,watch,3407995.27,86,4.6,2.52,11.19,6.29,0.9543,0.952,16.34,LOW,71.12,stable,39.25,LOW,LOW
2024-12-01,SUP_0068,SUP_0068,hormigon,stable,2039770.74,104,8.49,8.09,15.9,11.23,0.9543,0.952,33.52,LOW,43.52,warning,69.7,LOW,LOW
2024-12-01,SUP_0069,SUP_0069,hormigon,stable,3212795.08,48,5.69,12.35,31.87,11.78,0.9543,0.952,38.17,LOW,40.87,warning,82.86,MED,MED
2024-12-01,SUP_0070,SUP_0070,hormigon,stable,1335390.01,95,4.61,10.32,33.17,21.27,0.9543,0.952,22.97,LOW,50.59,warning,56.4,LOW,LOW
2024-12-01,SUP_0071,SUP_0071,logistica,stable,2820390.53,97,0.67,14.75,33.96,10.83,0.9543,0.952,28.59,LOW,53.4,warning,53.12,LOW,LOW
2024-12-01,SUP_0072,SUP_0072,acabados,stable,3115017.1,129,8.38,0.0,15.21,14.92,0.9543,0.952,17.07,LOW,60.97,warning,46.49,LOW,LOW
2024-12-01,SUP_0073,SUP_0073,acabados,fragile,1892878.62,124,2.58,13.32,5.89,4.39,0.9543,0.952,25.96,LOW,58.21,warning,44.65,LOW,LOW
2024-12-01,SUP_0074,SUP_0074,acabados,stable,2796347.5,198,3.66,16.86,29.54,22.35,0.9543,0.952,27.2,LOW,40.26,warning,61.44,LOW,LOW
2024-12-01,SUP_0075,SUP_0075,logistica,stable,2266185.96,70,1.02,2.38,20.26,20.03,0.9543,0.952,-4.29,LOW,86.95,stable,10.13,LOW,LOW
2024-12-01,SUP_0076,SUP_0076,cemento,stable,1155510.39,100,6.35,7.72,51.4,35.21,0.9543,0.952,18.57,LOW,45.34,warning,53.26,LOW,LOW
2024-12-01,SUP_0077,SUP_0077,logistica,stable,2401174.55,47,2.03,4.7,37.01,11.32,0.9543,0.952,18.47,LOW,68.39,warning,45.49,LOW,LOW
2024-12-01,SUP_0078,SUP_0078,cemento,watch,1790492.08,58,2.38,8.71,42.26,32.44,0.9543,0.952,6.77,LOW,63.66,warning,33.35,LOW,LOW
2024-12-01,SUP_0079,SUP_0079,electricidad,watch,2977868.05,100,10.52,12.51,64.4,15.95,0.9543,0.952,63.35,LOW,6.52,critical,116.2,MED,HIGH
2024-12-01,SUP_0080,SUP_0080,fontaneria,watch,1616473.02,192,4.98,22.35,53.6,12.51,0.9543,0.952,60.08,LOW,9.86,critical,126.38,HIGH,HIGH
2024-12-01,SUP_0081,SUP_0081,acero,watch,2426715.09,126,4.02,45.0,44.22,18.39,0.9543,0.952,81.08,MED,0.0,critical,157.07,HIGH,HIGH
2024-12-01,SUP_0082,SUP_0082,hormigon,stable,2229695.97,58,6.49,7.59,21.56,21.58,0.9543,0.952,18.96,LOW,54.99,warning,41.51,LOW,LOW
2024-12-01,SUP_0083,SUP_0083,hormigon,fragile,2207782.29,148,3.29,20.25,54.93,8.38,0.9543,0.952,56.59,LOW,20.12,critical,106.22,MED,HIGH
2024-12-01,SUP_0084,SUP_0084,acabados,stable,2423210.18,8,4.99,9.69,29.0,29.3,0.9543,0.952,13.26,LOW,57.62,warning,41.14,LOW,LOW
2024-12-01,SUP_0085,SUP_0085,acero,stable,4872212.96,10,2.54,9.06,42.45,9.7,0.9543,0.952,30.6,LOW,55.73,warning,65.62,LOW,LOW
2024-12-01,SUP_0086,SUP_0086,acero,stable,2105336.4,157,4.1,13.54,21.2,20.77,0.9543,0.952,21.38,LOW,49.54,warning,52.73,LOW,LOW
2024-12-01,SUP_0087,SUP_0087,logistica,watch,3375315.86,112,4.48,13.52,51.18,10.82,0.9543,0.952,45.92,LOW,32.44,critical,80.95,MED,MED
2024-12-01,SUP_0088,SUP_0088,hormigon,watch,4200667.27,118,5.44,14.86,45.32,16.58,0.9543,0.952,42.43,LOW,30.37,critical,84.98,MED,MED
2024-12-01,SUP_0089,SUP_0089,logistica,stable,559148.75,32,4.06,20.07,34.64,5.94,0.9543,0.952,51.91,LOW,29.18,critical,96.03,MED,MED
2024-12-01,SUP_0090,SUP_0090,logistica,watch,2567808.32,126,9.56,15.72,52.49,14.8,0.9543,0.952,61.1,LOW,8.08,critical,125.71,HIGH,HIGH
2024-12-01,SUP_0091,SUP_0091,fontaneria,stable,4447892.21,163,2.12,5.18,4.84,40.35,0.9543,0.952,-24.06,LOW,88.24,stable,0.0,LOW,LOW
2024-12-01,SUP_0092,SUP_0092,hormigon,watch,3992728.7,117,0.0,5.35,17.5,19.08,0.9543,0.952,-3.18,LOW,84.6,stable,8.85,LOW,LOW
2024-12-01,SUP_0093,SUP_0093,hormigon,stable,3142793.12,117,8.31,7.12,10.23,15.0,0.9543,0.952,25.22,LOW,49.64,warning,56.73,LOW,LOW
2024-12-01,SUP_0094,SUP_0094,hormigon,stable,3248607.22,102,14.33,4.42,5.08,5.14,0.9543,0.952,46.77,LOW,30.28,critical,76.7,MED,MED
2024-12-01,SUP_0095,SUP_0095,fontaneria,stable,4436150.56,94,2.27,9.56,22.33,17.31,0.9543,0.952,13.89,LOW,65.0,warning,41.02,LOW,LOW
2024-12-01,SUP_0096,SUP_0096,hormigon,watch,970008.41,11,0.0,13.56,52.58,3.81,0.9543,0.952,40.19,LOW,50.24,warning,71.33,LOW,MED
2024-12-01,SUP_0097,SUP_0097,electricidad,stable,912413.98,101,5.77,13.0,22.21,10.1,0.9543,0.952,36.7,LOW,41.43,warning,72.05,LOW,LOW
2024-12-01,SUP_0098,SUP_0098,cemento,stable,4425720.63,120,5.3,7.57,28.46,10.56,0.9543,0.952,29.49,LOW,50.96,warning,54.16,LOW,LOW
2024-12-01,SUP_0099,SUP_0099,electricidad,stable,2658085.62,25,2.55,11.47,36.52,38.44,0.9543,0.952,2.85,LOW,63.13,warning,12.14,LOW,LOW
2024-12-01,SUP_0100,SUP_0100,cemento,fragile,3936559.57,61,3.89,19.48,95.0,23.12,0.9543,0.952,60.53,LOW,8.98,critical,106.94,MED,HIGH
2024-12-01,SUP_0101,SUP_0101,fontaneria,fragile,1435253.88,41,1.76,0.83,37.54,10.07,0.9543,0.952,13.36,LOW,76.68,stable,18.58,LOW,LOW
2024-12-01,SUP_0102,SUP_0102,cemento,watch,761911.29,46,9.36,15.39,54.86,24.02,0.9543,0.952,51.82,LOW,14.14,critical,107.7,MED,MED
2024-12-01,SUP_0103,SUP_0103,hormigon,stable,1488506.62,63,0.68,1.51,35.37,21.31,0.9543,0.952,-1.08,LOW,83.9,stable,7.35,LOW,LOW
2024-12-01,SUP_0104,SUP_0104,hormigon,fragile,252624.95,10,14.61,3.75,37.46,13.93,0.9543,0.952,52.37,LOW,21.8,critical,103.72,MED,MED
2024-12-01,SUP_0105,SUP_0105,acabados,watch,3022882.69,159,10.56,8.85,34.82,28.72,0.9543,0.952,31.92,LOW,29.65,critical,67.25,LOW,LOW
2024-12-01,SUP_0106,SUP_0106,cemento,watch,2873547.69,73,1.49,17.45,18.52,13.07,0.9543,0.952,25.9,LOW,53.22,warning,54.92,LOW,LOW
2024-12-01,SUP_0107,SUP_0107,electricidad,stable,2767158.45,87,4.38,2.66,20.07,24.29,0.9543,0.952,1.86,LOW,74.03,stable,14.58,LOW,LOW
2024-12-01,SUP_0108,SUP_0108,fontaneria,stable,3779142.0,13,3.24,14.8,18.93,18.94,0.9543,0.952,21.49,LOW,55.16,warning,58.47,LOW,LOW
2024-12-01,SUP_0109,SUP_0109,electricidad,stable,3863549.28,49,5.82,3.24,40.88,6.28,0.9543,0.952,34.45,LOW,52.55,warning,66.04,LOW,LOW
2024-12-01,SUP_0110,SUP_0110,fontaneria,fragile,2551794.04,157,0.61,9.59,95.0,3.65,0.9543,0.952,55.31,LOW,32.21,critical,87.9,MED,MED
2024-12-01,SUP_0111,SUP_0111,acabados,watch,464099.05,9,2.59,8.96,19.16,19.4,0.9543,0.952,10.4,LOW,69.66,warning,33.37,LOW,LOW
2024-12-01,SUP_0112,SUP_0112,acero,stable,4530354.41,87,3.55,2.92,33.62,14.86,0.9543,0.952,15.28,LOW,67.45,warning,28.21,LOW,LOW
2024-12-01,SUP_0113,SUP_0113,acabados,stable,4321479.43,32,10.4,6.0,15.22,14.0,0.9543,0.952,33.04,LOW,43.51,warning,62.79,LOW,LOW
2024-12-01,SUP_0114,SUP_0114,acero,watch,4089078.59,102,6.41,3.81,52.69,15.79,0.9543,0.952,32.86,LOW,45.5,critical,71.82,LOW,LOW
2024-12-01,SUP_0115,SUP_0115,logistica,stable,3234665.5,79,8.2,8.68,27.54,31.64,0.9543,0.952,18.38,LOW,46.15,warning,51.79,LOW,LOW
2024-12-01,SUP_0116,SUP_0116,electricidad,fragile,1651375.73,115,3.89,16.65,13.22,12.26,0.9543,0.952,30.33,LOW,46.03,critical,60.5,LOW,LOW
2024-12-01,SUP_0117,SUP_0117,acabados,watch,5267602.0,106,9.41,1.17,56.05,8.8,0.9543,0.952,46.42,LOW,34.67,critical,77.32,MED,MED
2024-12-01,SUP_0118,SUP_0118,logistica,watch,1773446.29,227,6.59,0.7,30.92,22.07,0.9543,0.952,12.68,LOW,59.22,warning,30.92,LOW,LOW
2024-12-01,SUP_0119,SUP_0119,acabados,stable,3700635.57,101,1.47,13.41,25.95,31.93,0.9543,0.952,4.3,LOW,63.75,warning,30.64,LOW,LOW
2024-12-01,SUP_0120,SUP_0120,acabados,watch,762467.55,135,4.17,11.46,21.35,12.56,0.9543,0.952,26.74,LOW,51.15,warning,57.23,LOW,LOW
2024-12-01,SUP_0121,SUP_0121,electricidad,watch,1385302.59,37,16.55,13.89,33.09,17.34,0.9543,0.952,68.05,LOW,0.0,critical,135.37,HIGH,HIGH
2024-12-01,SUP_0122,SUP_0122,cemento,watch,4684525.83,137,3.15,16.3,55.51,24.54,0.9543,0.952,34.34,LOW,34.31,critical,71.13,LOW,LOW
2024-12-01,SUP_0123,SUP_0123,electricidad,stable,2816559.89,74,0.22,10.2,27.42,33.93,0.9543,0.952,-5.65,LOW,76.05,stable,21.08,LOW,LOW
2024-12-01,SUP_0124,SUP_0124,hormigon,stable,4074814.06,105,2.79,8.25,33.03,18.96,0.9543,0.952,16.64,LOW,60.97,warning,37.45,LOW,LOW
2024-12-01,SUP_0125,SUP_0125,logistica,stable,3146889.07,110,1.45,4.58,38.32,21.14,0.9543,0.952,7.32,LOW,71.9,warning,29.87,LOW,LOW
2024-12-01,SUP_0126,SUP_0126,hormigon,watch,2635447.88,32,6.0,6.34,61.03,20.76,0.9543,0.952,34.21,LOW,42.16,critical,71.13,LOW,LOW
2024-12-01,SUP_0127,SUP_0127,hormigon,stable,4151110.64,137,5.29,3.12,16.05,10.56,0.9543,0.952,17.21,LOW,64.97,stable,36.57,LOW,LOW
2024-12-01,SUP_0128,SUP_0128,hormigon,stable,2783357.15,153,0.34,16.1,10.92,24.96,0.9543,0.952,5.11,LOW,65.7,stable,24.8,LOW,LOW
2024-12-01,SUP_0129,SUP_0129,fontaneria,stable,758793.8,75,1.38,16.04,54.16,6.68,0.9543,0.952,45.91,LOW,38.08,critical,66.07,LOW,MED
2024-12-01,SUP_0130,SUP_0130,electricidad,watch,2158642.74,33,6.45,7.65,39.32,7.31,0.9543,0.952,41.21,LOW,42.77,warning,61.3,LOW,MED
2024-12-01,SUP_0131,SUP_0131,logistica,stable,2934073.93,98,3.1,0.0,46.56,32.28,0.9543,0.952,-2.02,LOW,75.0,warning,18.53,LOW,LOW
2024-12-01,SUP_0132,SUP_0132,acero,fragile,4832331.01,132,0.0,3.05,68.59,16.0,0.9543,0.952,19.44,LOW,64.68,warning,59.38,LOW,LOW
2024-12-01,SUP_0133,SUP_0133,hormigon,watch,1340085.75,15,3.56,6.42,41.47,33.27,0.9543,0.952,5.71,LOW,65.43,warning,19.51,LOW,LOW
2024-12-01,SUP_0134,SUP_0134,cemento,stable,2504296.97,51,4.37,7.87,33.08,13.16,0.9543,0.952,26.64,LOW,54.96,stable,62.81,LOW,LOW
2024-12-01,SUP_0135,SUP_0135,cemento,watch,2365292.91,117,2.97,7.98,78.69,8.19,0.9543,0.952,48.1,LOW,36.11,critical,92.21,MED,MED
2024-12-01,SUP_0136,SUP_0136,acero,stable,1996105.63,66,0.91,12.31,57.04,15.55,0.9543,0.952,31.33,LOW,49.51,warning,68.12,LOW,LOW
2024-12-01,SUP_0137,SUP_0137,logistica,fragile,1872634.7,127,13.09,10.6,58.38,14.99,0.9543,0.952,66.46,LOW,1.58,critical,118.27,MED,HIGH
2024-12-01,SUP_0138,SUP_0138,electricidad,watch,2209901.06,165,5.48,17.69,49.42,16.37,0.9543,0.952,48.83,LOW,21.26,critical,90.25,MED,MED
2024-12-01,SUP_0139,SUP_0139,logistica,watch,1893816.28,109,13.03,7.13,51.15,26.42,0.9543,0.952,46.37,LOW,16.59,critical,105.97,MED,MED
2024-12-01,SUP_0140,SUP_0140,cemento,stable,3779043.04,123,3.16,4.88,18.8,19.33,0.9543,0.952,5.94,LOW,72.19,stable,15.94,LOW,LOW
2024-12-01,SUP_0141,SUP_0141,cemento,watch,3453275.55,302,4.99,16.56,36.74,19.96,0.9543,0.952,36.37,LOW,28.34,critical,81.15,MED,LOW
2024-12-01,SUP_0142,SUP_0142,acabados,watch,2983530.25,98,3.7,3.59,49.58,7.77,0.9543,0.952,31.03,LOW,55.47,warning,59.05,LOW,LOW
2024-12-01,SUP_0143,SUP_0143,cemento,fragile,2798509.51,69,14.6,14.08,67.22,14.89,0.9543,0.952,80.29,MED,0.0,critical,146.04,HIGH,HIGH
2024-12-01,SUP_0144,SUP_0144,cemento,watch,3530173.36,85,10.71,16.51,17.83,17.43,0.9543,0.952,47.48,LOW,19.66,critical,92.63,MED,MED
2024-12-01,SUP_0145,SUP_0145,acero,watch,2091400.34,68,3.6,14.2,14.66,7.48,0.9543,0.952,31.22,LOW,51.18,warning,69.89,LOW,LOW
2024-12-01,SUP_0146,SUP_0146,logistica,stable,1788705.27,67,4.36,11.34,5.4,17.11,0.9543,0.952,15.42,LOW,61.41,warning,37.51,LOW,LOW
2024-12-01,SUP_0147,SUP_0147,fontaneria,stable,2135158.77,70,3.98,8.32,14.43,19.92,0.9543,0.952,10.99,LOW,65.81,stable,31.24,LOW,LOW
2024-12-01,SUP_0148,SUP_0148,cemento,watch,1585141.31,190,4.3,18.08,36.72,9.58,0.9543,0.952,46.97,LOW,27.75,critical,74.63,LOW,MED
2024-12-01,SUP_0149,SUP_0149,acabados,stable,1482673.03,101,11.1,12.4,29.81,33.0,0.9543,0.952,32.32,LOW,25.91,critical,78.67,MED,LOW
2024-12-01,SUP_0150,SUP_0150,acabados,stable,2885570.53,48,11.32,3.42,56.88,16.97,0.9543,0.952,47.72,LOW,26.78,warning,84.36,MED,MED
2024-12-01,SUP_0151,SUP_0151,acabados,fragile,3809110.1,155,6.51,12.53,55.4,10.64,0.9543,0.952,52.62,LOW,23.05,critical,91.3,MED,MED
2024-12-01,SUP_0152,SUP_0152,logistica,fragile,1274132.54,127,7.45,10.1,23.97,1.17,0.9543,0.952,47.1,LOW,35.83,critical,88.67,MED,MED
2024-12-01,SUP_0153,SUP_0153,hormigon,stable,3010197.21,90,6.51,3.99,28.35,13.9,0.9543,0.952,24.38,LOW,55.37,warning,52.3,LOW,LOW
2024-12-01,SUP_0154,SUP_0154,logistica,watch,1828252.72,121,6.47,11.3,42.3,17.87,0.9543,0.952,37.54,LOW,35.08,critical,86.35,MED,MED
2024-12-01,SUP_0155,SUP_0155,acero,stable,4240351.23,34,3.09,7.37,22.11,11.38,0.9543,0.952,18.89,LOW,65.93,warning,45.35,LOW,LOW
2024-12-01,SUP_0156,SUP_0156,acabados,watch,3699718.86,121,0.0,11.31,38.57,18.28,0.9543,0.952,16.05,LOW,62.79,warning,38.44,LOW,LOW
2024-12-01,SUP_0157,SUP_0157,fontaneria,stable,1258842.02,202,1.91,12.6,34.05,18.42,0.9543,0.952,21.53,LOW,52.22,warning,47.18,LOW,LOW
2024-12-01,SUP_0158,SUP_0158,acabados,watch,1673667.52,116,3.26,19.33,34.41,33.56,0.9543,0.952,20.71,LOW,41.07,warning,57.24,LOW,LOW
2024-12-01,SUP_0159,SUP_0159,fontaneria,watch,2551861.25,53,0.0,21.81,82.33,17.79,0.9543,0.952,51.97,LOW,23.97,critical,103.67,MED,MED
2024-12-01,SUP_0160,SUP_0160,fontaneria,watch,3460611.4,43,2.3,6.55,21.97,17.93,0.9543,0.952,8.68,LOW,72.8,warning,22.35,LOW,LOW
2024-12-01,SUP_0161,SUP_0161,fontaneria,stable,491527.34,75,1.79,6.56,27.07,15.74,0.9543,0.952,11.65,LOW,70.8,warning,34.06,LOW,LOW
2024-12-01,SUP_0162,SUP_0162,acabados,fragile,2812206.21,78,6.56,1.25,88.94,10.8,0.9543,0.952,50.79,LOW,32.65,critical,94.06,MED,MED
2024-12-01,SUP_0163,SUP_0163,acabados,stable,5180279.56,42,4.57,13.19,38.4,23.97,0.9543,0.952,26.79,LOW,45.22,warning,64.1,LOW,LOW
2024-12-01,SUP_0164,SUP_0164,cemento,stable,3231425.45,126,5.12,4.67,70.46,1.34,0.9543,0.952,52.73,LOW,35.17,critical,96.21,MED,MED
2024-12-01,SUP_0165,SUP_0165,acabados,watch,3158845.02,23,1.97,12.1,41.45,1.78,0.9543,0.952,40.94,LOW,49.18,warning,80.48,MED,MED
2024-12-01,SUP_0166,SUP_0166,electricidad,stable,1859349.53,105,7.49,6.35,50.7,9.97,0.9543,0.952,44.85,LOW,34.84,critical,68.14,LOW,MED
2024-12-01,SUP_0167,SUP_0167,acero,fragile,3130947.02,69,21.27,10.88,50.51,11.36,0.9543,0.952,91.51,MED,0.0,critical,162.2,HIGH,HIGH
2024-12-01,SUP_0168,SUP_0168,electricidad,fragile,1104718.59,119,5.52,17.65,40.36,13.79,0.9543,0.952,47.39,LOW,25.73,critical,96.89,MED,MED
2024-12-01,SUP_0169,SUP_0169,logistica,stable,263071.41,48,2.21,8.53,22.25,21.47,0.9543,0.952,7.96,LOW,70.19,warning,36.29,LOW,LOW
2024-12-01,SUP_0170,SUP_0170,logistica,fragile,3906167.26,181,5.82,10.44,59.74,12.38,0.9543,0.952,47.62,LOW,27.86,critical,78.11,MED,MED
2024-12-01,SUP_0171,SUP_0171,acabados,stable,1885252.69,98,4.13,7.68,15.87,18.06,0.9543,0.952,13.0,LOW,64.36,warning,38.92,LOW,LOW
2024-12-01,SUP_0172,SUP_0172,electricidad,watch,2835484.23,111,5.08,12.93,60.8,23.12,0.9543,0.952,38.87,LOW,31.23,critical,76.58,MED,MED
2024-12-01,SUP_0173,SUP_0173,acabados,stable,1045640.31,20,4.38,6.69,41.09,22.83,0.9543,0.952,18.85,LOW,57.99,warning,52.24,LOW,LOW
2024-12-01,SUP_0174,SUP_0174,acero,fragile,887501.03,127,7.39,14.57,62.34,22.62,0.9543,0.952,49.46,LOW,17.34,critical,110.69,MED,MED
2024-12-01,SUP_0175,SUP_0175,fontaneria,stable,2859540.07,124,3.31,16.92,27.75,15.37,0.9543,0.952,32.41,LOW,42.1,critical,76.59,MED,LOW
2024-12-01,SUP_0176,SUP_0176,fontaneria,stable,1528998.67,35,5.08,11.83,35.0,14.09,0.9543,0.952,34.64,LOW,44.17,critical,75.4,MED,LOW
2024-12-01,SUP_0177,SUP_0177,hormigon,stable,4930927.9,54,3.82,12.33,26.25,25.54,0.9543,0.952,16.24,LOW,55.54,warning,39.17,LOW,LOW
2024-12-01,SUP_0178,SUP_0178,hormigon,fragile,2360562.15,116,3.47,17.35,90.67,8.26,0.9543,0.952,68.96,LOW,10.06,critical,117.03,MED,HIGH
2024-12-01,SUP_0179,SUP_0179,cemento,fragile,2863567.6,132,0.94,8.38,11.15,9.79,0.9543,0.952,10.63,LOW,73.93,warning,26.81,LOW,LOW
2024-12-01,SUP_0180,SUP_0180,cemento,watch,3446170.31,97,9.56,10.17,31.58,25.78,0.9543,0.952,32.35,LOW,33.33,critical,69.0,LOW,LOW
2024-12-01,SUP_0181,SUP_0181,electricidad,fragile,5468327.24,80,5.91,11.95,10.17,1.0,0.9543,0.952,39.23,LOW,45.85,warning,69.84,LOW,MED
2024-12-01,SUP_0182,SUP_0182,electricidad,fragile,1889115.45,129,3.9,25.07,22.64,4.2,0.9543,0.952,55.28,LOW,21.71,critical,109.37,MED,MED
2024-12-01,SUP_0183,SUP_0183,hormigon,watch,3553020.34,82,3.9,10.74,67.19,7.34,0.9543,0.952,50.69,LOW,32.8,critical,101.04,MED,MED
2024-12-01,SUP_0184,SUP_0184,acero,stable,3852770.11,7,5.8,11.06,58.72,13.97,0.9543,0.952,46.44,LOW,32.92,critical,80.14,MED,MED
2024-12-01,SUP_0185,SUP_0185,fontaneria,watch,5714631.45,53,0.0,13.02,30.84,16.62,0.9543,0.952,16.79,LOW,64.3,warning,42.97,LOW,LOW
2024-12-01,SUP_0186,SUP_0186,hormigon,watch,1741298.2,73,1.65,16.1,18.52,3.69,0.9543,0.952,33.75,LOW,51.95,warning,65.35,LOW,LOW
2024-12-01,SUP_0187,SUP_0187,acero,stable,3215016.68,20,1.68,8.07,4.3,8.98,0.9543,0.952,10.12,LOW,77.72,stable,30.97,LOW,LOW
2024-12-01,SUP_0188,SUP_0188,acero,stable,5282100.48,100,8.18,7.04,16.58,12.73,0.9543,0.952,29.83,LOW,47.19,warning,58.05,LOW,LOW
2024-12-01,SUP_0189,SUP_0189,electricidad,watch,4885788.28,122,6.06,16.6,74.54,39.85,0.9543,0.952,36.78,LOW,19.3,critical,82.45,MED,LOW
2024-12-01,SUP_0190,SUP_0190,acero,stable,2913753.31,39,7.57,0.0,39.0,25.33,0.9543,0.952,14.93,LOW,59.86,warning,44.0,LOW,LOW
2024-12-01,SUP_0191,SUP_0191,acabados,fragile,3590907.96,94,2.59,28.89,37.84,9.03,0.9543,0.952,59.09,LOW,15.2,critical,118.78,MED,HIGH
2024-12-01,SUP_0192,SUP_0192,acero,stable,2766749.57,61,0.0,0.0,34.93,10.8,0.9543,0.952,4.91,LOW,86.25,stable,18.64,LOW,LOW
2024-12-01,SUP_0193,SUP_0193,electricidad,stable,2177465.22,53,3.01,1.48,10.08,8.81,0.9543,0.952,7.0,LOW,81.94,stable,0.0,LOW,LOW
2024-12-01,SUP_0194,SUP_0194,acero,fragile,3067540.74,135,7.24,15.76,32.62,1.6,0.9543,0.952,58.44,LOW,21.33,critical,103.23,MED,HIGH
2024-12-01,SUP_0195,SUP_0195,hormigon,stable,1956649.6,84,6.51,10.37,33.66,24.44,0.9543,0.952,25.79,LOW,44.1,warning,76.35,MED,LOW
2024-12-01,SUP_0196,SUP_0196,fontaneria,stable,2522385.04,110,4.19,4.36,34.5,13.62,0.9543,0.952,21.02,LOW,60.47,warning,41.57,LOW,LOW
2024-12-01,SUP_0197,SUP_0197,hormigon,watch,1422099.16,15,5.03,10.99,66.46,15.55,0.9543,0.952,45.94,LOW,32.96,warning,87.27,MED,MED
2024-12-01,SUP_0198,SUP_0198,acero,fragile,3253159.26,139,3.51,22.54,68.79,2.57,0.9543,0.952,72.75,MED,6.63,critical,140.51,HIGH,HIGH
2024-12-01,SUP_0199,SUP_0199,acabados,stable,5270364.5,164,5.76,7.58,55.44,10.05,0.9543,0.952,43.54,LOW,35.47,warning,80.6,MED,MED
2024-12-01,SUP_0200,SUP_0200,logistica,stable,777974.03,75,10.08,31.89,21.65,19.22,0.9543,0.952,68.61,LOW,0.0,critical,138.81,HIGH,HIGH
2024-12-01,SUP_0201,SUP_0201,fontaneria,watch,3732659.94,160,1.81,11.91,62.82,11.92,0.9543,0.952,39.64,LOW,40.05,warning,83.8,MED,MED
2024-12-01,SUP_0202,SUP_0202,logistica,fragile,1880575.01,33,0.0,20.76,95.0,12.43,0.9543,0.952,61.46,LOW,19.11,critical,109.55,MED,HIGH
2024-12-01,SUP_0203,SUP_0203,acabados,watch,2439146.02,129,9.41,22.78,26.02,5.24,0.9543,0.952,68.87,LOW,3.04,critical,119.72,MED,HIGH
2024-12-01,SUP_0204,SUP_0204,electricidad,stable,3795398.76,69,12.81,8.78,13.25,32.21,0.9543,0.952,25.35,LOW,34.46,critical,68.34,LOW,LOW
2024-12-01,SUP_0205,SUP_0205,acabados,stable,4592715.38,92,2.27,4.59,53.71,14.01,0.9543,0.952,23.83,LOW,59.75,warning,48.64,LOW,LOW
2024-12-01,SUP_0206,SUP_0206,acero,stable,3511269.68,57,0.05,5.77,30.9,18.46,0.9543,0.952,4.23,LOW,79.13,stable,21.01,LOW,LOW
2024-12-01,SUP_0207,SUP_0207,electricidad,stable,3787171.56,62,5.49,13.43,51.74,21.0,0.9543,0.952,38.9,LOW,33.39,critical,85.76,MED,MED
2024-12-01,SUP_0208,SUP_0208,electricidad,watch,3583807.21,62,9.14,4.16,33.46,4.51,0.9543,0.952,44.22,LOW,39.76,critical,83.58,MED,MED
2024-12-01,SUP_0209,SUP_0209,logistica,stable,361079.79,66,8.32,5.84,44.05,9.17,0.9543,0.952,44.38,LOW,36.42,warning,84.84,MED,MED
2024-12-01,SUP_0210,SUP_0210,acabados,watch,5597968.94,134,6.45,8.77,36.13,19.53,0.9543,0.952,29.24,LOW,43.21,warning,60.86,LOW,LOW
2024-12-01,SUP_0211,SUP_0211,electricidad,watch,2975018.0,86,4.15,23.39,34.18,15.16,0.9543,0.952,47.73,LOW,23.98,critical,92.95,MED,MED
2024-12-01,SUP_0212,SUP_0212,fontaneria,watch,4097368.31,77,3.4,13.75,84.58,16.1,0.9543,0.952,52.79,LOW,24.15,critical,100.25,MED,MED
2024-12-01,SUP_0213,SUP_0213,hormigon,stable,1301419.28,85,5.88,5.85,28.03,34.22,0.9543,0.952,4.8,LOW,61.62,warning,38.3,LOW,LOW
2024-12-01,SUP_0214,SUP_0214,acabados,fragile,2234864.44,200,6.91,9.86,31.62,13.85,0.9543,0.952,35.91,LOW,37.24,warning,75.32,MED,LOW
2024-12-01,SUP_0215,SUP_0215,electricidad,watch,3470616.11,25,3.09,3.87,42.9,12.3,0.9543,0.952,22.08,LOW,64.15,warning,43.38,LOW,LOW
2024-12-01,SUP_0216,SUP_0216,electricidad,watch,2396878.5,105,15.82,20.64,31.43,14.97,0.9543,0.952,77.58,MED,0.0,critical,144.25,HIGH,HIGH
2024-12-01,SUP_0217,SUP_0217,acabados,stable,3901222.52,169,8.67,5.14,10.57,31.41,0.9543,0.952,7.06,LOW,56.22,warning,39.3,LOW,LOW
2024-12-01,SUP_0218,SUP_0218,fontaneria,stable,3844890.5,65,5.3,4.2,49.07,27.53,0.9543,0.952,16.77,LOW,55.97,warning,55.35,LOW,LOW
2024-12-01,SUP_0219,SUP_0219,cemento,fragile,790384.11,184,7.27,29.95,34.15,4.85,0.9543,0.952,77.25,MED,0.0,critical,145.21,HIGH,HIGH
2024-12-01,SUP_0220,SUP_0220,acero,stable,4313837.28,140,3.45,10.19,47.26,13.09,0.9543,0.952,33.8,LOW,44.95,critical,63.19,LOW,LOW
2025-01-01,SUP_0001,SUP_0001,logistica,watch,4366163.33,174,0.0,7.91,60.3,4.56,0.8778,1.0125,34.44,LOW,53.43,warning,66.77,LOW,LOW
2025-01-01,SUP_0002,SUP_0002,acero,stable,3005964.79,66,2.89,13.77,12.87,18.04,0.8778,1.0125,17.06,LOW,59.45,stable,49.5,LOW,LOW
2025-01-01,SUP_0003,SUP_0003,cemento,fragile,1561176.52,30,1.06,22.1,95.0,12.16,0.8778,1.0125,66.92,LOW,12.16,critical,119.46,MED,HIGH
2025-01-01,SUP_0004,SUP_0004,electricidad,watch,2161186.93,59,2.63,22.49,43.59,4.49,0.8778,1.0125,56.77,LOW,24.66,critical,110.03,MED,HIGH
2025-01-01,SUP_0005,SUP_0005,electricidad,stable,4169048.21,124,1.83,14.38,50.01,20.01,0.8778,1.0125,29.54,LOW,44.72,warning,63.01,LOW,LOW
2025-01-01,SUP_0006,SUP_0006,fontaneria,fragile,5334966.61,91,2.3,9.4,95.0,15.82,0.8778,1.0125,47.92,LOW,32.06,critical,88.57,MED,MED
2025-01-01,SUP_0007,SUP_0007,acero,watch,2524864.3,90,5.01,7.75,68.62,17.19,0.8778,1.0125,40.33,LOW,36.91,critical,84.91,MED,MED
2025-01-01,SUP_0008,SUP_0008,logistica,watch,2075674.73,81,3.96,1.23,60.63,27.87,0.8778,1.0125,13.15,LOW,61.73,warning,41.95,LOW,LOW
2025-01-01,SUP_0009,SUP_0009,electricidad,stable,4519495.27,87,6.43,7.21,10.19,6.2,0.8778,1.0125,28.5,LOW,54.82,warning,63.11,LOW,LOW
2025-01-01,SUP_0010,SUP_0010,acero,watch,3280139.12,57,1.36,12.61,35.91,13.15,0.8778,1.0125,26.01,LOW,56.08,warning,56.93,LOW,LOW
2025-01-01,SUP_0011,SUP_0011,logistica,stable,3309337.63,196,5.71,4.5,15.88,10.34,0.8778,1.0125,20.69,LOW,58.76,warning,48.23,LOW,LOW
2025-01-01,SUP_0012,SUP_0012,logistica,fragile,4707105.86,97,3.52,18.35,43.46,10.76,0.8778,1.0125,46.89,LOW,30.52,critical,94.76,MED,MED
2025-01-01,SUP_0013,SUP_0013,electricidad,watch,2476919.35,171,5.91,25.58,64.52,11.92,0.8778,1.0125,73.2,MED,0.0,critical,135.16,HIGH,HIGH
2025-01-01,SUP_0014,SUP_0014,cemento,fragile,2205620.76,90,9.69,7.79,62.95,15.02,0.8778,1.0125,54.06,LOW,19.88,critical,95.94,MED,MED
2025-01-01,SUP_0015,SUP_0015,fontaneria,stable,2184548.89,103,2.45,9.99,19.11,25.2,0.8778,1.0125,5.73,LOW,67.36,warning,35.48,LOW,LOW
2025-01-01,SUP_0016,SUP_0016,electricidad,stable,529500.38,67,9.06,15.18,16.13,41.34,0.8778,1.0125,15.85,LOW,38.62,critical,68.62,LOW,LOW
2025-01-01,SUP_0017,SUP_0017,hormigon,watch,2807973.0,10,5.39,12.64,31.81,12.52,0.8778,1.0125,36.93,LOW,42.93,warning,73.29,LOW,LOW
2025-01-01,SUP_0018,SUP_0018,fontaneria,stable,3476777.96,38,4.36,10.49,13.53,24.71,0.8778,1.0125,10.21,LOW,62.97,warning,41.34,LOW,LOW
2025-01-01,SUP_0019,SUP_0019,acabados,fragile,2413980.51,20,6.69,8.37,46.06,12.37,0.8778,1.0125,40.98,LOW,39.49,critical,80.58,MED,MED
2025-01-01,SUP_0020,SUP_0020,cemento,watch,312293.87,10,1.79,6.58,45.21,19.53,0.8778,1.0125,16.05,LOW,65.89,warning,37.1,LOW,LOW
2025-01-01,SUP_0021,SUP_0021,acabados,watch,1715273.05,66,1.61,12.71,62.45,17.46,0.8778,1.0125,34.53,LOW,44.17,critical,63.63,LOW,LOW
2025-01-01,SUP_0022,SUP_0022,cemento,stable,4594592.9,183,2.98,4.52,37.97,20.3,0.8778,1.0125,12.52,LOW,63.54,warning,33.04,LOW,LOW
2025-01-01,SUP_0023,SUP_0023,acabados,fragile,2044327.55,99,9.72,18.54,5.26,11.09,0.8778,1.0125,48.23,LOW,22.6,critical,85.7,MED,MED
2025-01-01,SUP_0024,SUP_0024,acero,fragile,3438914.71,181,4.97,13.91,65.84,9.73,0.8778,1.0125,55.66,LOW,20.67,critical,116.86,MED,MED
2025-01-01,SUP_0025,SUP_0025,cemento,watch,1513045.53,116,6.14,13.86,41.69,14.57,0.8778,1.0125,43.4,LOW,30.58,critical,80.28,MED,MED
2025-01-01,SUP_0026,SUP_0026,logistica,stable,4495323.83,108,2.24,10.44,45.5,18.47,0.8778,1.0125,24.38,LOW,52.91,warning,43.93,LOW,LOW
2025-01-01,SUP_0027,SUP_0027,hormigon,watch,2779029.09,67,6.63,12.82,70.69,22.63,0.8778,1.0125,48.3,LOW,21.96,critical,87.0,MED,MED
2025-01-01,SUP_0028,SUP_0028,fontaneria,stable,2620869.98,86,4.29,4.64,4.86,25.04,0.8778,1.0125,-3.03,LOW,77.56,stable,12.55,LOW,LOW
2025-01-01,SUP_0029,SUP_0029,hormigon,stable,6318537.62,155,4.69,13.73,22.68,21.0,0.8778,1.0125,23.86,LOW,46.3,warning,62.07,LOW,LOW
2025-01-01,SUP_0030,SUP_0030,logistica,watch,3603821.1,66,4.14,12.94,46.93,11.24,0.8778,1.0125,41.71,LOW,38.39,critical,77.68,MED,MED
2025-01-01,SUP_0031,SUP_0031,acabados,watch,3154061.04,112,10.9,5.55,12.92,17.04,0.8778,1.0125,29.79,LOW,42.09,critical,62.5,LOW,LOW
2025-01-01,SUP_0032,SUP_0032,acabados,fragile,2419669.22,135,6.05,15.93,85.55,14.76,0.8778,1.0125,65.77,LOW,6.58,critical,118.69,MED,HIGH
2025-01-01,SUP_0033,SUP_0033,electricidad,stable,2422837.81,97,1.1,9.4,36.12,7.4,0.8778,1.0125,26.27,LOW,60.2,stable,54.07,LOW,LOW
2025-01-01,SUP_0034,SUP_0034,electricidad,stable,2709098.83,50,2.91,3.76,39.76,27.69,0.8778,1.0125,4.58,LOW,71.12,stable,32.88,LOW,LOW
2025-01-01,SUP_0035,SUP_0035,fontaneria,watch,2703109.91,31,12.53,12.64,31.85,10.04,0.8778,1.0125,60.84,LOW,12.84,critical,109.68,MED,HIGH
2025-01-01,SUP_0036,SUP_0036,acabados,stable,2834598.87,96,2.22,7.59,46.46,5.21,0.8778,1.0125,33.74,LOW,53.98,warning,62.13,LOW,LOW
2025-01-01,SUP_0037,SUP_0037,acabados,stable,5491575.76,125,2.92,1.26,46.06,10.16,0.8778,1.0125,21.22,LOW,64.88,stable,30.29,LOW,LOW
2025-01-01,SUP_0038,SUP_0038,cemento,watch,2682838.71,72,0.76,7.7,42.1,10.62,0.8778,1.0125,22.15,LOW,64.17,warning,46.22,LOW,LOW
2025-01-01,SUP_0039,SUP_0039,fontaneria,stable,4700772.2,68,6.68,8.43,33.79,15.84,0.8778,1.0125,32.05,LOW,44.72,warning,63.75,LOW,LOW
2025-01-01,SUP_0040,SUP_0040,cemento,watch,3102386.39,98,13.4,10.37,44.75,10.27,0.8778,1.0125,65.62,LOW,6.18,critical,122.21,HIGH,HIGH
2025-01-01,SUP_0041,SUP_0041,acero,stable,6841600.67,134,6.08,1.56,18.36,14.58,0.8778,1.0125,14.28,LOW,65.36,warning,31.05,LOW,LOW
2025-01-01,SUP_0042,SUP_0042,acabados,fragile,3330540.79,186,8.07,16.24,42.16,16.27,0.8778,1.0125,51.27,LOW,16.38,critical,107.19,MED,MED
2025-01-01,SUP_0043,SUP_0043,hormigon,watch,3271569.09,181,0.0,7.91,44.59,20.29,0.8778,1.0125,11.64,LOW,65.78,warning,34.83,LOW,LOW
2025-01-01,SUP_0044,SUP_0044,acabados,stable,2412714.68,61,0.83,4.07,42.67,14.16,0.8778,1.0125,13.63,LOW,72.47,stable,37.27,LOW,LOW
2025-01-01,SUP_0045,SUP_0045,electricidad,fragile,2080492.23,175,5.7,18.1,77.27,8.69,0.8778,1.0125,70.34,MED,4.01,critical,124.5,HIGH,HIGH
2025-01-01,SUP_0046,SUP_0046,hormigon,fragile,3433444.76,64,2.36,8.7,31.78,16.1,0.8778,1.0125,18.33,LOW,62.57,warning,38.61,LOW,LOW
2025-01-01,SUP_0047,SUP_0047,acero,stable,3479785.9,115,10.31,14.67,29.33,1.17,0.8778,1.0125,64.97,LOW,13.19,critical,116.69,MED,HIGH
2025-01-01,SUP_0048,SUP_0048,electricidad,stable,2592427.73,91,5.5,13.89,55.63,12.72,0.8778,1.0125,49.65,LOW,26.9,critical,87.1,MED,MED
2025-01-01,SUP_0049,SUP_0049,acabados,watch,2053671.72,80,3.49,16.78,22.59,1.0,0.8778,1.0125,44.81,LOW,40.27,warning,78.97,MED,MED
2025-01-01,SUP_0050,SUP_0050,fontaneria,stable,1527687.3,21,2.63,3.88,16.22,13.33,0.8778,1.0125,7.68,LOW,78.46,stable,18.32,LOW,LOW
2025-01-01,SUP_0051,SUP_0051,logistica,stable,1039365.25,101,5.93,5.66,39.77,16.54,0.8778,1.0125,27.64,LOW,49.83,warning,60.24,LOW,LOW
2025-01-01,SUP_0052,SUP_0052,logistica,stable,1159865.36,38,5.42,5.92,43.03,27.11,0.8778,1.0125,17.38,LOW,55.47,warning,44.88,LOW,LOW
2025-01-01,SUP_0053,SUP_0053,acabados,watch,3535847.77,112,1.93,12.83,39.6,32.84,0.8778,1.0125,10.01,LOW,56.94,warning,38.9,LOW,LOW
2025-01-01,SUP_0054,SUP_0054,fontaneria,watch,3455128.29,155,8.98,7.73,67.52,15.5,0.8778,1.0125,53.41,LOW,19.02,critical,103.01,MED,MED
2025-01-01,SUP_0055,SUP_0055,acero,watch,3239490.92,52,9.9,9.66,32.81,10.72,0.8778,1.0125,48.23,LOW,28.52,critical,95.51,MED,MED
2025-01-01,SUP_0056,SUP_0056,acero,watch,545233.29,67,0.64,9.87,54.62,15.41,0.8778,1.0125,25.89,LOW,56.51,warning,50.89,LOW,LOW
2025-01-01,SUP_0057,SUP_0057,cemento,watch,2606857.31,59,1.01,5.93,50.34,8.87,0.8778,1.0125,25.69,LOW,62.82,warning,46.47,LOW,LOW
2025-01-01,SUP_0058,SUP_0058,acero,watch,2129552.55,62,3.17,9.17,95.0,9.95,0.8778,1.0125,56.05,LOW,27.87,critical,97.31,MED,HIGH
2025-01-01,SUP_0059,SUP_0059,logistica,stable,6496389.72,144,2.73,11.1,27.95,25.04,0.8778,1.0125,12.4,LOW,58.72,warning,42.3,LOW,LOW
2025-01-01,SUP_0060,SUP_0060,acero,stable,1498866.07,60,6.01,14.96,5.09,10.65,0.8778,1.0125,32.11,LOW,45.7,warning,59.43,LOW,LOW
2025-01-01,SUP_0061,SUP_0061,cemento,watch,2822766.78,195,5.66,0.37,78.83,18.72,0.8778,1.0125,34.3,LOW,41.84,warning,64.52,LOW,LOW
2025-01-01,SUP_0062,SUP_0062,fontaneria,watch,3751834.76,89,0.28,5.37,28.89,21.04,0.8778,1.0125,0.84,LOW,79.86,warning,13.33,LOW,LOW
2025-01-01,SUP_0063,SUP_0063,logistica,watch,3897431.6,187,2.81,10.44,44.76,8.22,0.8778,1.0125,35.99,LOW,45.03,critical,79.28,MED,LOW
2025-01-01,SUP_0064,SUP_0064,logistica,watch,3551325.74,81,3.54,22.37,66.25,22.0,0.8778,1.0125,51.98,LOW,16.56,critical,109.0,MED,MED
2025-01-01,SUP_0065,SUP_0065,hormigon,watch,2819253.43,147,7.07,4.33,13.89,13.92,0.8778,1.0125,20.05,LOW,57.26,warning,45.51,LOW,LOW
2025-01-01,SUP_0066,SUP_0066,electricidad,watch,4134745.02,76,2.22,0.0,19.76,14.33,0.8778,1.0125,1.22,LOW,84.97,stable,7.21,LOW,LOW
2025-01-01,SUP_0067,SUP_0067,electricidad,watch,3678215.93,99,2.92,1.26,16.45,11.05,0.8778,1.0125,6.99,LOW,79.32,stable,18.71,LOW,LOW
2025-01-01,SUP_0068,SUP_0068,hormigon,stable,1487473.95,76,8.95,8.59,18.37,12.7,0.8778,1.0125,35.32,LOW,40.88,critical,68.15,LOW,LOW
2025-01-01,SUP_0069,SUP_0069,hormigon,stable,4053889.44,102,8.2,9.34,35.27,14.23,0.8778,1.0125,40.27,LOW,34.55,critical,81.45,MED,MED
2025-01-01,SUP_0070,SUP_0070,hormigon,stable,1549918.99,107,8.14,12.75,39.19,20.96,0.8778,1.0125,40.21,LOW,28.46,critical,89.22,MED,MED
2025-01-01,SUP_0071,SUP_0071,logistica,stable,3489803.92,66,0.3,11.97,47.26,6.83,0.8778,1.0125,33.29,LOW,54.02,warning,71.26,LOW,LOW
2025-01-01,SUP_0072,SUP_0072,acabados,stable,3069625.35,93,8.84,0.0,11.63,16.39,0.8778,1.0125,15.38,LOW,62.33,warning,33.67,LOW,LOW
2025-01-01,SUP_0073,SUP_0073,acabados,fragile,2016170.47,151,2.5,9.58,5.21,4.36,0.8778,1.0125,19.84,LOW,65.5,warning,40.17,LOW,LOW
2025-01-01,SUP_0074,SUP_0074,acabados,stable,3167050.57,91,3.91,14.38,29.72,17.8,0.8778,1.0125,28.88,LOW,45.72,warning,61.61,LOW,LOW
2025-01-01,SUP_0075,SUP_0075,logistica,stable,2107054.49,100,0.96,2.02,24.71,26.06,0.8778,1.0125,-9.02,LOW,87.09,stable,0.0,LOW,LOW
2025-01-01,SUP_0076,SUP_0076,cemento,stable,2204215.8,81,3.29,11.73,42.11,45.0,0.8778,1.0125,1.42,LOW,57.75,warning,36.24,LOW,LOW
2025-01-01,SUP_0077,SUP_0077,logistica,stable,2398977.94,46,1.81,7.65,39.61,6.88,0.8778,1.0125,27.85,LOW,60.68,stable,56.49,LOW,LOW
2025-01-01,SUP_0078,SUP_0078,cemento,watch,2062573.35,105,1.46,12.84,47.61,24.27,0.8778,1.0125,20.8,LOW,52.4,warning,47.35,LOW,LOW
2025-01-01,SUP_0079,SUP_0079,electricidad,watch,3100571.41,46,3.38,8.98,62.29,15.37,0.8778,1.0125,36.29,LOW,44.46,warning,61.57,LOW,LOW
2025-01-01,SUP_0080,SUP_0080,fontaneria,watch,1808934.46,141,7.48,22.05,48.62,11.79,0.8778,1.0125,65.6,LOW,3.99,critical,123.87,HIGH,HIGH
2025-01-01,SUP_0081,SUP_0081,acero,watch,2571197.11,74,3.66,8.97,54.13,17.36,0.8778,1.0125,31.45,LOW,46.89,warning,81.02,MED,LOW
2025-01-01,SUP_0082,SUP_0082,hormigon,stable,2013854.35,96,8.02,10.22,26.02,18.2,0.8778,1.0125,32.89,LOW,39.28,warning,77.22,MED,LOW
2025-01-01,SUP_0083,SUP_0083,hormigon,fragile,2032187.39,109,8.76,31.7,57.63,10.07,0.8778,1.0125,89.71,MED,0.0,critical,164.21,HIGH,HIGH
2025-01-01,SUP_0084,SUP_0084,acabados,stable,2982884.56,5,3.43,4.67,37.37,31.32,0.8778,1.0125,2.8,LOW,70.92,warning,17.23,LOW,LOW
2025-01-01,SUP_0085,SUP_0085,acero,stable,5184810.49,7,5.84,24.24,43.3,13.11,0.8778,1.0125,60.25,LOW,13.05,critical,122.66,HIGH,HIGH
2025-01-01,SUP_0086,SUP_0086,acero,stable,3342559.03,156,1.43,1.74,25.25,34.29,0.8778,1.0125,-16.02,LOW,86.76,stable,0.0,LOW,LOW
2025-01-01,SUP_0087,SUP_0087,logistica,watch,2391612.02,73,9.47,8.24,51.87,11.88,0.8778,1.0125,52.21,LOW,24.29,critical,88.39,MED,MED
2025-01-01,SUP_0088,SUP_0088,hormigon,watch,4472494.79,103,4.9,9.75,48.52,13.1,0.8778,1.0125,38.06,LOW,40.56,critical,66.79,LOW,MED
2025-01-01,SUP_0089,SUP_0089,logistica,stable,642123.6,43,3.2,23.36,22.07,6.95,0.8778,1.0125,47.63,LOW,31.68,critical,101.16,MED,MED
2025-01-01,SUP_0090,SUP_0090,logistica,watch,3322786.55,85,14.42,13.63,49.03,17.3,0.8778,1.0125,68.48,LOW,0.0,critical,126.4,HIGH,HIGH
2025-01-01,SUP_0091,SUP_0091,fontaneria,stable,6297959.75,176,0.91,5.56,5.38,31.83,0.8778,1.0125,-18.33,LOW,88.65,stable,0.0,LOW,LOW
2025-01-01,SUP_0092,SUP_0092,hormigon,watch,3330159.9,179,0.0,12.44,17.73,14.8,0.8778,1.0125,11.84,LOW,66.97,warning,26.24,LOW,LOW
2025-01-01,SUP_0093,SUP_0093,hormigon,stable,4537402.49,90,3.89,6.64,14.61,16.11,0.8778,1.0125,12.1,LOW,67.51,warning,32.48,LOW,LOW
2025-01-01,SUP_0094,SUP_0094,hormigon,stable,3580543.67,98,8.73,5.73,5.71,8.38,0.8778,1.0125,28.97,LOW,51.04,warning,42.37,LOW,LOW
2025-01-01,SUP_0095,SUP_0095,fontaneria,stable,3551471.57,104,4.15,10.12,16.15,23.07,0.8778,1.0125,11.83,LOW,60.84,stable,47.74,LOW,LOW
2025-01-01,SUP_0096,SUP_0096,hormigon,watch,638934.83,11,0.0,11.89,47.61,3.9,0.8778,1.0125,35.36,LOW,55.83,warning,59.47,LOW,LOW
2025-01-01,SUP_0097,SUP_0097,electricidad,stable,1047627.52,133,2.73,8.55,23.26,10.81,0.8778,1.0125,20.67,LOW,61.3,stable,44.98,LOW,LOW
2025-01-01,SUP_0098,SUP_0098,cemento,stable,3644694.23,111,3.37,11.19,34.41,26.45,0.8778,1.0125,15.95,LOW,54.56,warning,49.15,LOW,LOW
2025-01-01,SUP_0099,SUP_0099,electricidad,stable,2377957.95,24,2.55,6.96,39.92,30.72,0.8778,1.0125,5.34,LOW,67.92,stable,30.7,LOW,LOW
2025-01-01,SUP_0100,SUP_0100,cemento,fragile,5150165.97,48,3.26,13.72,84.13,29.16,0.8778,1.0125,39.05,LOW,30.42,critical,79.14,MED,MED
2025-01-01,SUP_0101,SUP_0101,fontaneria,fragile,2134836.91,51,10.86,0.73,44.74,6.15,0.8778,1.0125,47.67,LOW,35.58,critical,79.68,MED,MED
2025-01-01,SUP_0102,SUP_0102,cemento,watch,1152771.16,34,7.63,8.58,75.84,19.64,0.8778,1.0125,50.24,LOW,24.07,critical,103.06,MED,MED
2025-01-01,SUP_0103,SUP_0103,hormigon,stable,1156407.47,86,0.71,5.42,29.06,25.51,0.8778,1.0125,-2.17,LOW,79.6,stable,0.0,LOW,LOW
2025-01-01,SUP_0104,SUP_0104,hormigon,fragile,236385.99,10,4.22,4.14,30.51,10.14,0.8778,1.0125,22.46,LOW,64.36,warning,40.85,LOW,LOW
2025-01-01,SUP_0105,SUP_0105,acabados,watch,2845813.62,174,9.58,10.54,23.67,17.79,0.8778,1.0125,37.4,LOW,30.97,critical,80.42,MED,LOW
2025-01-01,SUP_0106,SUP_0106,cemento,watch,3679153.08,74,1.06,16.62,16.26,10.03,0.8778,1.0125,25.4,LOW,56.49,warning,48.53,LOW,LOW
2025-01-01,SUP_0107,SUP_0107,electricidad,stable,2921719.75,59,2.71,3.99,17.23,20.52,0.8778,1.0125,1.34,LOW,78.84,stable,15.95,LOW,LOW
2025-01-01,SUP_0108,SUP_0108,fontaneria,stable,3427062.56,10,5.93,6.96,27.45,17.93,0.8778,1.0125,22.64,LOW,55.99,stable,65.39,LOW,LOW
2025-01-01,SUP_0109,SUP_0109,electricidad,stable,4401955.48,76,4.4,1.94,40.0,5.77,0.8778,1.0125,28.35,LOW,60.26,warning,44.95,LOW,LOW
2025-01-01,SUP_0110,SUP_0110,fontaneria,fragile,1792651.03,110,0.35,16.02,73.97,2.64,0.8778,1.0125,55.72,LOW,30.91,critical,93.07,MED,MED
2025-01-01,SUP_0111,SUP_0111,acabados,watch,493187.61,15,5.14,9.89,16.97,15.4,0.8778,1.0125,22.49,LOW,56.95,warning,55.67,LOW,LOW
2025-01-01,SUP_0112,SUP_0112,acero,stable,5016181.5,61,3.16,8.08,33.9,17.42,0.8778,1.0125,19.44,LOW,60.21,warning,35.6,LOW,LOW
2025-01-01,SUP_0113,SUP_0113,acabados,stable,4206035.64,43,7.16,9.32,16.44,12.43,0.8778,1.0125,30.42,LOW,48.39,warning,67.07,LOW,LOW
2025-01-01,SUP_0114,SUP_0114,acero,watch,4314868.24,93,4.07,3.62,48.94,12.58,0.8778,1.0125,27.1,LOW,56.03,warning,52.58,LOW,LOW
2025-01-01,SUP_0115,SUP_0115,logistica,stable,3218915.1,68,9.23,11.55,27.43,22.94,0.8778,1.0125,34.42,LOW,33.61,critical,71.9,LOW,LOW
2025-01-01,SUP_0116,SUP_0116,electricidad,fragile,1968484.0,126,2.11,17.99,12.59,11.4,0.8778,1.0125,27.58,LOW,50.14,warning,72.37,LOW,LOW
2025-01-01,SUP_0117,SUP_0117,acabados,watch,8012574.71,133,7.93,1.33,51.58,9.64,0.8778,1.0125,39.35,LOW,41.81,warning,75.71,MED,MED
2025-01-01,SUP_0118,SUP_0118,logistica,watch,1765988.17,175,7.61,1.26,41.29,16.13,0.8778,1.0125,27.17,LOW,48.85,critical,45.15,LOW,LOW
2025-01-01,SUP_0119,SUP_0119,acabados,stable,3985020.58,80,3.56,5.83,21.34,31.67,0.8778,1.0125,-2.62,LOW,73.17,stable,22.4,LOW,LOW
2025-01-01,SUP_0120,SUP_0120,acabados,watch,1004921.1,110,3.07,14.82,24.7,13.2,0.8778,1.0125,29.36,LOW,48.29,warning,58.84,LOW,LOW
2025-01-01,SUP_0121,SUP_0121,electricidad,watch,1698623.09,38,4.08,10.44,36.66,16.9,0.8778,1.0125,27.47,LOW,51.11,warning,50.97,LOW,LOW
2025-01-01,SUP_0122,SUP_0122,cemento,watch,4949990.69,127,5.08,16.15,49.8,15.06,0.8778,1.0125,46.8,LOW,26.45,critical,81.28,MED,MED
2025-01-01,SUP_0123,SUP_0123,electricidad,stable,2809582.82,64,0.51,10.71,24.39,41.37,0.8778,1.0125,-12.8,LOW,78.14,stable,10.5,LOW,LOW
2025-01-01,SUP_0124,SUP_0124,hormigon,stable,3691529.21,63,4.82,19.52,42.14,22.9,0.8778,1.0125,39.8,LOW,28.85,critical,79.89,MED,MED
2025-01-01,SUP_0125,SUP_0125,logistica,stable,3688899.52,133,2.17,1.64,33.4,22.62,0.8778,1.0125,1.37,LOW,76.94,stable,12.16,LOW,LOW
2025-01-01,SUP_0126,SUP_0126,hormigon,watch,2220675.85,20,2.98,4.31,64.92,15.79,0.8778,1.0125,28.82,LOW,55.18,warning,51.38,LOW,LOW
2025-01-01,SUP_0127,SUP_0127,hormigon,stable,4846508.72,121,6.41,5.31,25.07,12.22,0.8778,1.0125,26.27,LOW,53.1,warning,47.44,LOW,LOW
2025-01-01,SUP_0128,SUP_0128,hormigon,stable,2975884.55,161,0.58,8.29,11.48,20.14,0.8778,1.0125,-0.8,LOW,78.17,stable,12.27,LOW,LOW
2025-01-01,SUP_0129,SUP_0129,fontaneria,stable,875265.93,120,0.33,14.12,33.9,8.97,0.8778,1.0125,28.46,LOW,54.71,warning,51.84,LOW,LOW
2025-01-01,SUP_0130,SUP_0130,electricidad,watch,1913663.03,28,8.38,3.58,36.28,6.03,0.8778,1.0125,40.8,LOW,44.27,warning,72.64,LOW,MED
2025-01-01,SUP_0131,SUP_0131,logistica,stable,3185846.17,93,2.92,0.0,32.53,26.03,0.8778,1.0125,-2.65,LOW,80.02,stable,14.55,LOW,LOW
2025-01-01,SUP_0132,SUP_0132,acero,fragile,3418411.0,100,0.0,3.36,49.25,13.58,0.8778,1.0125,13.62,LOW,72.89,warning,26.76,LOW,LOW
2025-01-01,SUP_0133,SUP_0133,hormigon,watch,1682751.71,13,5.67,4.45,40.96,21.1,0.8778,1.0125,21.02,LOW,56.98,warning,52.12,LOW,LOW
2025-01-01,SUP_0134,SUP_0134,cemento,stable,1475803.46,37,2.48,8.71,26.52,20.46,0.8778,1.0125,11.97,LOW,66.8,stable,38.2,LOW,LOW
2025-01-01,SUP_0135,SUP_0135,cemento,watch,1544975.6,117,0.95,8.08,75.55,6.8,0.8778,1.0125,42.17,LOW,44.9,warning,78.4,MED,MED
2025-01-01,SUP_0136,SUP_0136,acero,stable,3107367.02,133,0.9,9.23,52.96,20.35,0.8778,1.0125,20.04,LOW,57.22,warning,64.16,LOW,LOW
2025-01-01,SUP_0137,SUP_0137,logistica,fragile,1404041.67,183,2.57,14.0,54.43,13.58,0.8778,1.0125,39.62,LOW,36.48,critical,80.62,MED,MED
2025-01-01,SUP_0138,SUP_0138,electricidad,watch,1969751.76,163,14.75,18.67,38.92,9.6,0.8778,1.0125,80.17,MED,0.0,critical,135.78,HIGH,HIGH
2025-01-01,SUP_0139,SUP_0139,logistica,watch,2344379.17,101,17.86,9.4,65.98,26.87,0.8778,1.0125,70.51,MED,0.0,critical,135.87,HIGH,HIGH
2025-01-01,SUP_0140,SUP_0140,cemento,stable,3782124.62,144,4.21,4.91,16.35,13.98,0.8778,1.0125,13.38,LOW,66.55,warning,29.84,LOW,LOW
2025-01-01,SUP_0141,SUP_0141,cemento,watch,3298286.47,258,6.01,29.65,54.72,12.83,0.8778,1.0125,74.29,MED,0.0,critical,144.24,HIGH,HIGH
2025-01-01,SUP_0142,SUP_0142,acabados,watch,2845807.72,94,6.89,1.95,40.64,10.07,0.8778,1.0125,31.81,LOW,50.97,critical,63.65,LOW,LOW
2025-01-01,SUP_0143,SUP_0143,cemento,fragile,2406532.82,84,9.0,18.26,71.22,11.65,0.8778,1.0125,74.8,MED,0.0,critical,143.2,HIGH,HIGH
2025-01-01,SUP_0144,SUP_0144,cemento,watch,2468411.5,138,7.93,14.51,26.3,13.84,0.8778,1.0125,43.54,LOW,28.15,critical,90.89,MED,MED
2025-01-01,SUP_0145,SUP_0145,acero,watch,2527847.91,105,8.47,6.84,9.8,11.2,0.8778,1.0125,28.89,LOW,48.78,critical,60.62,LOW,LOW
2025-01-01,SUP_0146,SUP_0146,logistica,stable,1636685.45,72,4.03,25.08,6.34,17.73,0.8778,1.0125,34.84,LOW,34.9,warning,62.07,LOW,LOW
2025-01-01,SUP_0147,SUP_0147,fontaneria,stable,1852679.36,73,1.26,5.8,16.22,12.53,0.8778,1.0125,7.24,LOW,78.28,warning,20.36,LOW,LOW
2025-01-01,SUP_0148,SUP_0148,cemento,watch,1777200.45,176,2.73,19.23,34.5,10.98,0.8778,1.0125,41.57,LOW,33.68,critical,73.54,LOW,MED
2025-01-01,SUP_0149,SUP_0149,acabados,stable,1822982.57,116,4.44,7.44,25.5,29.82,0.8778,1.0125,6.12,LOW,62.85,warning,40.92,LOW,LOW
2025-01-01,SUP_0150,SUP_0150,acabados,stable,3319165.91,71,11.27,3.97,39.23,18.55,0.8778,1.0125,38.87,LOW,33.68,critical,75.07,MED,MED
2025-01-01,SUP_0151,SUP_0151,acabados,fragile,2922516.94,122,1.89,14.78,68.19,11.54,0.8778,1.0125,46.98,LOW,32.59,critical,83.37,MED,MED
2025-01-01,SUP_0152,SUP_0152,logistica,fragile,1364675.24,90,5.32,6.02,30.25,1.0,0.8778,1.0125,37.61,LOW,50.7,warning,61.07,LOW,MED
2025-01-01,SUP_0153,SUP_0153,hormigon,stable,2846339.57,89,1.66,5.88,35.59,13.67,0.8778,1.0125,16.13,LOW,67.71,warning,38.73,LOW,LOW
2025-01-01,SUP_0154,SUP_0154,logistica,watch,3091818.38,149,0.39,17.51,30.88,13.88,0.8778,1.0125,27.47,LOW,49.88,warning,55.96,LOW,LOW
2025-01-01,SUP_0155,SUP_0155,acero,stable,2802884.3,47,3.98,11.31,29.23,16.65,0.8778,1.0125,25.43,LOW,52.7,warning,56.06,LOW,LOW
2025-01-01,SUP_0156,SUP_0156,acabados,watch,3352416.38,138,0.0,8.59,50.73,23.29,0.8778,1.0125,12.43,LOW,63.99,warning,40.47,LOW,LOW
2025-01-01,SUP_0157,SUP_0157,fontaneria,stable,1072461.48,189,2.1,10.37,34.08,16.49,0.8778,1.0125,20.71,LOW,55.6,stable,39.19,LOW,LOW
2025-01-01,SUP_0158,SUP_0158,acabados,watch,1334134.73,154,2.84,20.38,30.96,28.11,0.8778,1.0125,24.92,LOW,39.17,warning,64.01,LOW,LOW
2025-01-01,SUP_0159,SUP_0159,fontaneria,watch,2688589.71,52,0.0,31.71,69.25,14.16,0.8778,1.0125,64.57,LOW,8.81,critical,119.85,MED,HIGH
2025-01-01,SUP_0160,SUP_0160,fontaneria,watch,4626818.6,112,1.37,12.78,21.97,15.83,0.8778,1.0125,17.35,LOW,61.25,warning,46.49,LOW,LOW
2025-01-01,SUP_0161,SUP_0161,fontaneria,stable,439114.63,104,1.4,10.93,36.31,21.21,0.8778,1.0125,15.71,LOW,60.52,warning,57.59,LOW,LOW
2025-01-01,SUP_0162,SUP_0162,acabados,fragile,2262256.44,104,3.38,0.79,87.69,12.84,0.8778,1.0125,37.95,LOW,46.81,warning,73.69,LOW,MED
2025-01-01,SUP_0163,SUP_0163,acabados,stable,5079869.7,67,10.01,3.44,35.14,35.15,0.8778,1.0125,15.85,LOW,47.56,warning,54.19,LOW,LOW
2025-01-01,SUP_0164,SUP_0164,cemento,stable,2654923.31,161,4.26,4.85,41.57,1.35,0.8778,1.0125,37.41,LOW,50.21,warning,59.4,LOW,MED
2025-01-01,SUP_0165,SUP_0165,acabados,watch,3584943.38,19,1.78,11.15,42.34,1.79,0.8778,1.0125,39.32,LOW,51.59,warning,61.67,LOW,MED
2025-01-01,SUP_0166,SUP_0166,electricidad,stable,2428470.99,102,2.95,8.84,37.54,16.02,0.8778,1.0125,22.99,LOW,56.16,stable,44.45,LOW,LOW
2025-01-01,SUP_0167,SUP_0167,acero,fragile,2749940.96,68,6.01,7.65,47.94,15.11,0.8778,1.0125,35.97,LOW,42.34,critical,77.32,MED,LOW
2025-01-01,SUP_0168,SUP_0168,electricidad,fragile,1102247.55,81,3.44,29.1,36.31,21.07,0.8778,1.0125,49.25,LOW,16.62,critical,102.67,MED,MED
2025-01-01,SUP_0169,SUP_0169,logistica,stable,267346.56,45,2.28,5.96,22.0,21.8,0.8778,1.0125,3.87,LOW,75.35,warning,32.83,LOW,LOW
2025-01-01,SUP_0170,SUP_0170,logistica,fragile,4580070.41,191,7.33,17.82,60.69,9.5,0.8778,1.0125,66.54,LOW,5.32,critical,116.56,MED,HIGH
2025-01-01,SUP_0171,SUP_0171,acabados,stable,1765083.26,67,5.39,6.68,16.28,27.85,0.8778,1.0125,5.65,LOW,65.52,stable,29.91,LOW,LOW
2025-01-01,SUP_0172,SUP_0172,electricidad,watch,3095730.2,198,8.14,12.45,47.24,20.55,0.8778,1.0125,43.8,LOW,22.52,critical,93.87,MED,MED
2025-01-01,SUP_0173,SUP_0173,acabados,stable,1413083.32,23,1.78,5.54,34.38,22.71,0.8778,1.0125,6.4,LOW,73.6,stable,19.05,LOW,LOW
2025-01-01,SUP_0174,SUP_0174,acero,fragile,1850488.72,113,1.43,18.83,64.26,11.17,0.8778,1.0125,50.27,LOW,28.25,critical,87.49,MED,MED
2025-01-01,SUP_0175,SUP_0175,fontaneria,stable,2719248.65,133,1.24,10.3,26.69,17.08,0.8778,1.0125,14.09,LOW,64.41,warning,37.98,LOW,LOW
2025-01-01,SUP_0176,SUP_0176,fontaneria,stable,2194406.7,33,3.78,17.69,35.92,11.51,0.8778,1.0125,42.52,LOW,36.37,critical,76.31,MED,MED
2025-01-01,SUP_0177,SUP_0177,hormigon,stable,4300950.09,95,3.04,10.76,27.96,21.07,0.8778,1.0125,16.78,LOW,58.26,warning,41.09,LOW,LOW
2025-01-01,SUP_0178,SUP_0178,hormigon,fragile,3732900.61,102,0.98,15.52,91.22,9.59,0.8778,1.0125,57.69,LOW,24.29,critical,99.93,MED,HIGH
2025-01-01,SUP_0179,SUP_0179,cemento,fragile,1992296.71,139,0.76,7.02,13.4,10.22,0.8778,1.0125,8.61,LOW,76.32,warning,23.49,LOW,LOW
2025-01-01,SUP_0180,SUP_0180,cemento,watch,2477932.62,95,8.48,13.96,36.3,25.23,0.8778,1.0125,37.48,LOW,27.81,critical,86.83,MED,MED
2025-01-01,SUP_0181,SUP_0181,electricidad,fragile,3326455.26,82,5.53,21.8,8.08,1.06,0.8778,1.0125,51.87,LOW,28.55,critical,86.74,MED,MED
2025-01-01,SUP_0182,SUP_0182,electricidad,fragile,2220676.83,169,2.83,20.83,16.58,6.37,0.8778,1.0125,40.83,LOW,36.73,warning,77.06,MED,MED
2025-01-01,SUP_0183,SUP_0183,hormigon,watch,1957542.85,163,3.38,11.97,76.72,5.89,0.8778,1.0125,56.73,LOW,25.18,critical,101.6,MED,HIGH
2025-01-01,SUP_0184,SUP_0184,acero,stable,4888784.41,11,10.32,12.43,29.27,10.2,0.8778,1.0125,52.57,LOW,23.95,critical,97.14,MED,MED
2025-01-01,SUP_0185,SUP_0185,fontaneria,watch,4230845.39,76,0.0,16.37,26.48,11.1,0.8778,1.0125,25.37,LOW,56.95,warning,52.08,LOW,LOW
2025-01-01,SUP_0186,SUP_0186,hormigon,watch,1423250.73,108,1.94,15.59,14.29,5.31,0.8778,1.0125,30.33,LOW,53.24,warning,54.51,LOW,LOW
2025-01-01,SUP_0187,SUP_0187,acero,stable,2983428.47,14,2.75,7.89,4.81,10.61,0.8778,1.0125,11.63,LOW,74.37,stable,35.07,LOW,LOW
2025-01-01,SUP_0188,SUP_0188,acero,stable,3568538.2,76,9.45,10.05,27.96,6.98,0.8778,1.0125,49.03,LOW,29.68,warning,84.45,MED,MED
2025-01-01,SUP_0189,SUP_0189,electricidad,watch,3758852.21,111,2.81,13.48,84.47,20.11,0.8778,1.0125,46.55,LOW,27.51,critical,98.72,MED,MED
2025-01-01,SUP_0190,SUP_0190,acero,stable,4489815.06,55,5.43,0.0,41.61,39.07,0.8778,1.0125,-4.05,LOW,71.58,stable,14.95,LOW,LOW
2025-01-01,SUP_0191,SUP_0191,acabados,fragile,2212906.93,65,3.91,15.94,50.66,7.34,0.8778,1.0125,51.1,LOW,30.29,critical,102.01,MED,MED
2025-01-01,SUP_0192,SUP_0192,acero,stable,2071099.0,32,1.4,0.0,46.0,10.96,0.8778,1.0125,13.95,LOW,76.57,stable,28.94,LOW,LOW
2025-01-01,SUP_0193,SUP_0193,electricidad,stable,3385640.04,84,3.62,1.58,10.64,7.37,0.8778,1.0125,10.66,LOW,77.63,stable,15.65,LOW,LOW
2025-01-01,SUP_0194,SUP_0194,acero,fragile,3215126.38,222,9.36,10.23,37.48,1.99,0.8778,1.0125,58.3,LOW,19.29,critical,99.69,MED,HIGH
2025-01-01,SUP_0195,SUP_0195,hormigon,stable,2652882.68,83,4.88,14.42,28.38,11.25,0.8778,1.0125,37.78,LOW,40.32,warning,72.95,LOW,MED
2025-01-01,SUP_0196,SUP_0196,fontaneria,stable,3224600.69,124,5.17,3.09,35.05,12.33,0.8778,1.0125,23.57,LOW,57.99,warning,40.75,LOW,LOW
2025-01-01,SUP_0197,SUP_0197,hormigon,watch,2325573.87,17,3.69,10.27,55.9,14.47,0.8778,1.0125,37.16,LOW,44.1,warning,66.23,LOW,LOW
2025-01-01,SUP_0198,SUP_0198,acero,fragile,3229818.52,161,7.03,23.34,72.39,5.22,0.8778,1.0125,83.46,MED,0.0,critical,141.14,HIGH,HIGH
2025-01-01,SUP_0199,SUP_0199,acabados,stable,7903410.22,91,5.59,9.59,31.51,12.33,0.8778,1.0125,33.01,LOW,45.84,warning,74.14,LOW,LOW
2025-01-01,SUP_0200,SUP_0200,logistica,stable,1428931.44,86,2.59,11.51,26.44,19.48,0.8778,1.0125,17.45,LOW,58.96,warning,36.95,LOW,LOW
2025-01-01,SUP_0201,SUP_0201,fontaneria,watch,3436282.21,172,0.84,7.68,59.34,19.08,0.8778,1.0125,21.67,LOW,56.08,warning,59.38,LOW,LOW
2025-01-01,SUP_0202,SUP_0202,logistica,fragile,2080283.19,38,0.0,6.27,81.5,15.68,0.8778,1.0125,30.41,LOW,55.12,warning,59.99,LOW,LOW
2025-01-01,SUP_0203,SUP_0203,acabados,watch,2949644.58,107,7.79,8.16,25.65,9.22,0.8778,1.0125,37.94,LOW,41.0,warning,74.68,LOW,MED
2025-01-01,SUP_0204,SUP_0204,electricidad,stable,2810637.64,84,7.14,9.03,18.76,24.4,0.8778,1.0125,19.02,LOW,50.96,warning,39.6,LOW,LOW
2025-01-01,SUP_0205,SUP_0205,acabados,stable,3438300.59,68,2.61,4.89,34.41,9.25,0.8778,1.0125,21.4,LOW,65.5,warning,36.95,LOW,LOW
2025-01-01,SUP_0206,SUP_0206,acero,stable,4341313.63,72,0.17,11.7,36.8,16.8,0.8778,1.0125,17.84,LOW,63.04,stable,42.54,LOW,LOW
2025-01-01,SUP_0207,SUP_0207,electricidad,stable,3454532.12,67,3.6,6.97,48.15,21.48,0.8778,1.0125,21.42,LOW,55.53,warning,56.31,LOW,LOW
2025-01-01,SUP_0208,SUP_0208,electricidad,watch,4620204.52,85,2.97,3.36,35.35,7.4,0.8778,1.0125,22.45,LOW,65.55,warning,40.31,LOW,LOW
2025-01-01,SUP_0209,SUP_0209,logistica,stable,294818.75,138,6.52,9.94,57.84,16.31,0.8778,1.0125,44.18,LOW,29.59,critical,78.59,MED,MED
2025-01-01,SUP_0210,SUP_0210,acabados,watch,5932801.39,140,9.73,5.2,39.57,14.84,0.8778,1.0125,39.95,LOW,33.89,critical,83.24,MED,MED
2025-01-01,SUP_0211,SUP_0211,electricidad,watch,4010979.24,119,7.08,24.61,45.95,21.02,0.8778,1.0125,57.81,LOW,5.57,critical,116.69,MED,HIGH
2025-01-01,SUP_0212,SUP_0212,fontaneria,watch,4581754.52,138,3.1,19.91,75.83,12.34,0.8778,1.0125,60.95,LOW,13.85,critical,116.21,MED,HIGH
2025-01-01,SUP_0213,SUP_0213,hormigon,stable,1352576.59,56,5.12,12.18,27.43,26.55,0.8778,1.0125,19.42,LOW,50.44,warning,50.45,LOW,LOW
2025-01-01,SUP_0214,SUP_0214,acabados,fragile,2372176.46,195,7.01,7.58,35.32,17.56,0.8778,1.0125,30.73,LOW,41.19,warning,60.94,LOW,LOW
2025-01-01,SUP_0215,SUP_0215,electricidad,watch,3719542.39,37,3.54,7.91,26.49,12.46,0.8778,1.0125,21.94,LOW,61.36,warning,43.73,LOW,LOW
2025-01-01,SUP_0216,SUP_0216,electricidad,watch,3106505.29,195,12.43,4.65,54.21,21.62,0.8778,1.0125,47.05,LOW,18.28,critical,95.46,MED,MED
2025-01-01,SUP_0217,SUP_0217,acabados,stable,3683860.36,94,10.06,5.31,10.41,29.57,0.8778,1.0125,13.26,LOW,51.97,warning,50.18,LOW,LOW
2025-01-01,SUP_0218,SUP_0218,fontaneria,stable,3774618.94,51,9.98,6.21,39.48,39.78,0.8778,1.0125,17.24,LOW,42.28,warning,50.41,LOW,LOW
2025-01-01,SUP_0219,SUP_0219,cemento,fragile,930212.86,171,2.96,19.64,47.02,4.8,0.8778,1.0125,54.7,LOW,24.27,critical,89.96,MED,MED
2025-01-01,SUP_0220,SUP_0220,acero,stable,4545981.0,139,5.47,8.2,49.87,12.32,0.8778,1.0125,38.85,LOW,39.42,warning,69.63,LOW,MED
2025-02-01,SUP_0001,SUP_0001,logistica,watch,2932146.19,150,0.0,7.16,68.92,5.86,0.8808,0.9402,35.89,LOW,52.21,critical,56.32,LOW,LOW
2025-02-01,SUP_0002,SUP_0002,acero,stable,2791643.41,49,1.5,9.94,15.22,33.97,0.8808,0.9402,-7.7,LOW,77.68,stable,16.54,LOW,LOW
2025-02-01,SUP_0003,SUP_0003,cemento,fragile,2548627.01,42,0.61,21.26,63.24,17.78,0.8808,0.9402,44.4,LOW,31.54,critical,90.69,MED,MED
2025-02-01,SUP_0004,SUP_0004,electricidad,watch,1854824.76,88,2.17,3.26,46.76,4.26,0.8808,0.9402,28.2,LOW,62.6,stable,48.87,LOW,LOW
2025-02-01,SUP_0005,SUP_0005,electricidad,stable,2182250.92,114,5.34,12.56,47.88,15.42,0.8808,0.9402,40.99,LOW,33.93,warning,81.84,MED,MED
2025-02-01,SUP_0006,SUP_0006,fontaneria,fragile,4130149.52,133,4.78,23.0,51.87,12.32,0.8808,0.9402,59.87,LOW,11.84,critical,112.3,MED,HIGH
2025-02-01,SUP_0007,SUP_0007,acero,watch,3280932.04,82,5.37,13.43,62.47,20.88,0.8808,0.9402,43.47,LOW,28.42,critical,92.12,MED,MED
2025-02-01,SUP_0008,SUP_0008,logistica,watch,1827700.82,49,3.93,1.39,51.26,14.55,0.8808,0.9402,22.39,LOW,62.05,warning,51.58,LOW,LOW
2025-02-01,SUP_0009,SUP_0009,electricidad,stable,3528815.92,73,7.97,9.96,9.47,5.82,0.8808,0.9402,37.28,LOW,43.81,warning,66.16,LOW,LOW
2025-02-01,SUP_0010,SUP_0010,acero,watch,4410194.28,50,2.35,8.04,44.79,11.59,0.8808,0.9402,27.67,LOW,56.91,warning,58.42,LOW,LOW
2025-02-01,SUP_0011,SUP_0011,logistica,stable,4015582.03,183,4.78,3.19,17.98,15.22,0.8808,0.9402,12.0,LOW,66.25,warning,35.88,LOW,LOW
2025-02-01,SUP_0012,SUP_0012,logistica,fragile,4195677.61,109,6.75,15.18,59.69,9.6,0.8808,0.9402,60.29,LOW,15.86,critical,104.31,MED,HIGH
2025-02-01,SUP_0013,SUP_0013,electricidad,watch,2680288.75,78,4.15,16.05,56.24,33.76,0.8808,0.9402,28.08,LOW,35.45,critical,73.31,LOW,LOW
2025-02-01,SUP_0014,SUP_0014,cemento,fragile,1802063.07,91,7.12,30.89,87.32,23.77,0.8808,0.9402,83.22,MED,0.0,critical,156.22,HIGH,HIGH
2025-02-01,SUP_0015,SUP_0015,fontaneria,stable,1654844.21,64,3.36,3.42,21.53,31.8,0.8808,0.9402,-6.92,LOW,79.26,stable,13.15,LOW,LOW
2025-02-01,SUP_0016,SUP_0016,electricidad,stable,1403411.08,77,11.6,17.54,18.73,23.73,0.8808,0.9402,45.81,LOW,16.08,critical,104.84,MED,MED
2025-02-01,SUP_0017,SUP_0017,hormigon,watch,2242244.28,12,5.14,13.22,40.57,16.29,0.8808,0.9402,37.21,LOW,40.1,critical,76.15,MED,LOW
2025-02-01,SUP_0018,SUP_0018,fontaneria,stable,1583450.89,31,1.63,6.34,10.88,21.52,0.8808,0.9402,-2.22,LOW,82.51,stable,24.59,LOW,LOW
2025-02-01,SUP_0019,SUP_0019,acabados,fragile,2855583.89,23,2.89,8.35,50.21,17.81,0.8808,0.9402,25.98,LOW,54.67,warning,46.46,LOW,LOW
2025-02-01,SUP_0020,SUP_0020,cemento,watch,292490.93,9,2.52,13.5,32.88,17.66,0.8808,0.9402,24.95,LOW,54.02,warning,53.04,LOW,LOW
2025-02-01,SUP_0021,SUP_0021,acabados,watch,1360406.77,46,2.24,10.27,78.67,14.99,0.8808,0.9402,42.54,LOW,38.94,critical,79.93,MED,MED
2025-02-01,SUP_0022,SUP_0022,cemento,stable,2500783.66,150,3.3,3.9,38.93,23.0,0.8808,0.9402,10.25,LOW,65.06,warning,33.14,LOW,LOW
2025-02-01,SUP_0023,SUP_0023,acabados,fragile,1754354.86,96,7.23,13.42,4.09,14.65,0.8808,0.9402,29.01,LOW,44.65,warning,66.8,LOW,LOW
2025-02-01,SUP_0024,SUP_0024,acero,fragile,4095400.01,140,5.12,17.58,69.32,9.02,0.8808,0.9402,63.9,LOW,12.12,critical,112.26,MED,HIGH
2025-02-01,SUP_0025,SUP_0025,cemento,watch,1402461.87,90,6.88,13.09,45.07,20.69,0.8808,0.9402,39.88,LOW,30.55,critical,83.09,MED,MED
2025-02-01,SUP_0026,SUP_0026,logistica,stable,2795074.77,153,0.7,7.16,34.91,33.48,0.8808,0.9402,-4.94,LOW,74.3,stable,2.67,LOW,LOW
2025-02-01,SUP_0027,SUP_0027,hormigon,watch,2573119.52,50,9.86,13.22,59.22,17.19,0.8808,0.9402,58.88,LOW,11.96,critical,105.48,MED,HIGH
2025-02-01,SUP_0028,SUP_0028,fontaneria,stable,3967986.84,81,8.88,6.3,4.96,21.93,0.8808,0.9402,16.39,LOW,54.88,warning,50.52,LOW,LOW
2025-02-01,SUP_0029,SUP_0029,hormigon,stable,6099597.64,85,3.8,11.14,33.62,25.14,0.8808,0.9402,18.12,LOW,53.61,warning,57.08,LOW,LOW
2025-02-01,SUP_0030,SUP_0030,logistica,watch,3244342.59,61,4.0,15.0,53.8,11.34,0.8808,0.9402,47.39,LOW,31.92,critical,91.17,MED,MED
2025-02-01,SUP_0031,SUP_0031,acabados,watch,2454557.86,88,9.6,7.98,13.79,16.25,0.8808,0.9402,30.73,LOW,42.49,warning,62.97,LOW,LOW
2025-02-01,SUP_0032,SUP_0032,acabados,fragile,1855381.02,105,10.68,12.96,95.0,9.32,0.8808,0.9402,84.91,MED,0.0,critical,146.99,HIGH,HIGH
2025-02-01,SUP_0033,SUP_0033,electricidad,stable,3178584.92,76,1.02,7.78,32.79,7.58,0.8808,0.9402,21.91,LOW,65.98,warning,44.07,LOW,LOW
2025-02-01,SUP_0034,SUP_0034,electricidad,stable,3554032.14,63,5.31,6.25,47.68,29.77,0.8808,0.9402,17.0,LOW,53.31,warning,44.25,LOW,LOW
2025-02-01,SUP_0035,SUP_0035,fontaneria,watch,2918449.67,47,5.67,24.66,35.87,9.48,0.8808,0.9402,60.66,LOW,13.78,critical,113.8,MED,HIGH
2025-02-01,SUP_0036,SUP_0036,acabados,stable,2017887.21,112,1.5,9.26,41.09,3.01,0.8808,0.9402,33.87,LOW,54.69,warning,56.19,LOW,LOW
2025-02-01,SUP_0037,SUP_0037,acabados,stable,3758888.57,81,4.68,1.46,36.36,12.13,0.8808,0.9402,20.46,LOW,63.83,stable,49.45,LOW,LOW
2025-02-01,SUP_0038,SUP_0038,cemento,watch,3169466.84,44,1.01,6.62,38.53,9.28,0.8808,0.9402,21.01,LOW,67.31,warning,47.34,LOW,LOW
2025-02-01,SUP_0039,SUP_0039,fontaneria,stable,5156085.62,95,3.59,5.08,33.55,24.73,0.8808,0.9402,8.76,LOW,66.17,stable,33.22,LOW,LOW
2025-02-01,SUP_0040,SUP_0040,cemento,watch,2444401.88,125,8.54,17.18,54.72,14.18,0.8808,0.9402,61.83,LOW,8.07,critical,118.71,MED,HIGH
2025-02-01,SUP_0041,SUP_0041,acero,stable,5929305.81,86,0.0,10.55,15.27,17.66,0.8808,0.9402,5.03,LOW,75.63,warning,28.41,LOW,LOW
2025-02-01,SUP_0042,SUP_0042,acabados,fragile,3575913.15,92,3.48,19.67,66.82,18.73,0.8808,0.9402,51.28,LOW,20.47,critical,99.9,MED,MED
2025-02-01,SUP_0043,SUP_0043,hormigon,watch,3454115.31,127,0.0,7.48,37.61,21.92,0.8808,0.9402,6.22,LOW,71.97,stable,25.69,LOW,LOW
2025-02-01,SUP_0044,SUP_0044,acabados,stable,1874899.84,52,0.02,4.6,33.79,26.11,0.8808,0.9402,-3.94,LOW,83.08,stable,15.35,LOW,LOW
2025-02-01,SUP_0045,SUP_0045,electricidad,fragile,1620915.01,124,5.15,14.92,68.7,17.85,0.8808,0.9402,50.89,LOW,21.16,critical,94.94,MED,MED
2025-02-01,SUP_0046,SUP_0046,hormigon,fragile,3257931.68,46,3.48,16.18,24.12,14.8,0.8808,0.9402,30.78,LOW,46.66,critical,64.74,LOW,LOW
2025-02-01,SUP_0047,SUP_0047,acero,stable,5158921.07,135,3.29,18.66,26.63,1.12,0.8808,0.9402,48.72,LOW,33.89,warning,90.26,MED,MED
2025-02-01,SUP_0048,SUP_0048,electricidad,stable,3492950.33,108,7.38,16.09,43.51,16.44,0.8808,0.9402,49.42,LOW,21.23,critical,98.23,MED,MED
2025-02-01,SUP_0049,SUP_0049,acabados,watch,1368732.95,66,1.28,9.8,37.13,1.2,0.8808,0.9402,34.04,LOW,57.03,warning,43.97,LOW,LOW
2025-02-01,SUP_0050,SUP_0050,fontaneria,stable,1594487.52,20,2.94,5.08,18.49,14.69,0.8808,0.9402,10.06,LOW,74.33,warning,30.72,LOW,LOW
2025-02-01,SUP_0051,SUP_0051,logistica,stable,1412337.99,76,3.85,6.94,41.35,24.55,0.8808,0.9402,16.01,LOW,58.43,warning,49.87,LOW,LOW
2025-02-01,SUP_0052,SUP_0052,logistica,stable,775807.4,28,6.79,4.85,39.32,24.59,0.8808,0.9402,20.75,LOW,53.19,warning,52.24,LOW,LOW
2025-02-01,SUP_0053,SUP_0053,acabados,watch,2423304.12,152,1.19,11.87,44.16,20.57,0.8808,0.9402,20.68,LOW,54.26,warning,58.87,LOW,LOW
2025-02-01,SUP_0054,SUP_0054,fontaneria,watch,5509954.34,155,7.49,5.53,68.61,14.25,0.8808,0.9402,47.38,LOW,28.44,critical,96.87,MED,MED
2025-02-01,SUP_0055,SUP_0055,acero,watch,2341270.44,73,14.01,20.2,56.62,12.52,0.8808,0.9402,85.28,MED,0.0,critical,147.44,HIGH,HIGH
2025-02-01,SUP_0056,SUP_0056,acero,watch,330503.67,98,0.73,12.41,60.78,25.75,0.8808,0.9402,22.39,LOW,51.0,warning,62.84,LOW,LOW
2025-02-01,SUP_0057,SUP_0057,cemento,watch,2519819.09,60,2.15,5.65,56.28,8.29,0.8808,0.9402,31.95,LOW,55.88,warning,56.82,LOW,LOW
2025-02-01,SUP_0058,SUP_0058,acero,watch,2209963.18,57,4.0,8.07,60.04,17.51,0.8808,0.9402,33.62,LOW,45.27,critical,73.44,LOW,LOW
2025-02-01,SUP_0059,SUP_0059,logistica,stable,5840856.41,156,3.09,8.55,32.49,27.81,0.8808,0.9402,8.9,LOW,60.98,stable,29.09,LOW,LOW
2025-02-01,SUP_0060,SUP_0060,acero,stable,1184989.12,87,4.36,8.42,4.8,10.4,0.8808,0.9402,17.47,LOW,64.59,stable,44.3,LOW,LOW
2025-02-01,SUP_0061,SUP_0061,cemento,watch,2335638.4,170,0.7,7.98,54.86,15.94,0.8808,0.9402,22.83,LOW,57.01,warning,42.55,LOW,LOW
2025-02-01,SUP_0062,SUP_0062,fontaneria,watch,3005065.42,77,0.39,6.61,27.51,17.3,0.8808,0.9402,6.16,LOW,76.59,warning,24.46,LOW,LOW
2025-02-01,SUP_0063,SUP_0063,logistica,watch,3583596.3,133,13.05,5.23,42.35,6.6,0.8808,0.9402,59.45,LOW,16.61,critical,97.72,MED,HIGH
2025-02-01,SUP_0064,SUP_0064,logistica,watch,3320692.11,90,3.29,23.52,65.97,18.83,0.8808,0.9402,56.02,LOW,13.98,critical,104.98,MED,HIGH
2025-02-01,SUP_0065,SUP_0065,hormigon,watch,3801334.94,92,2.27,6.11,13.66,20.34,0.8808,0.9402,1.77,LOW,76.92,stable,10.04,LOW,LOW
2025-02-01,SUP_0066,SUP_0066,electricidad,watch,3363070.43,42,2.64,0.0,23.25,11.73,0.8808,0.9402,6.66,LOW,81.81,stable,21.73,LOW,LOW
2025-02-01,SUP_0067,SUP_0067,electricidad,watch,3282309.18,75,1.93,2.02,15.29,8.31,0.8808,0.9402,7.37,LOW,82.05,stable,16.65,LOW,LOW
2025-02-01,SUP_0068,SUP_0068,hormigon,stable,1943349.86,98,5.16,5.56,18.45,13.68,0.8808,0.9402,18.43,LOW,61.8,warning,43.05,LOW,LOW
2025-02-01,SUP_0069,SUP_0069,hormigon,stable,2605851.64,48,9.71,4.77,35.75,8.38,0.8808,0.9402,43.99,LOW,37.02,critical,71.62,LOW,MED
2025-02-01,SUP_0070,SUP_0070,hormigon,stable,1263415.53,139,4.2,9.79,38.37,26.32,0.8808,0.9402,18.24,LOW,51.39,warning,52.31,LOW,LOW
2025-02-01,SUP_0071,SUP_0071,logistica,stable,2975064.53,61,0.41,12.77,36.17,13.72,0.8808,0.9402,22.93,LOW,59.52,warning,51.19,LOW,LOW
2025-02-01,SUP_0072,SUP_0072,acabados,stable,1656859.82,93,4.0,0.0,12.15,29.64,0.8808,0.9402,-12.17,LOW,86.11,stable,0.0,LOW,LOW
2025-02-01,SUP_0073,SUP_0073,acabados,fragile,2266110.9,165,3.22,22.67,4.96,4.85,0.8808,0.9402,41.04,LOW,36.31,critical,74.67,LOW,MED
2025-02-01,SUP_0074,SUP_0074,acabados,stable,2844125.24,143,1.84,5.86,29.84,20.49,0.8808,0.9402,7.23,LOW,70.4,warning,15.63,LOW,LOW
2025-02-01,SUP_0075,SUP_0075,logistica,stable,1582435.24,64,0.57,4.55,24.19,16.2,0.8808,0.9402,3.21,LOW,81.49,stable,28.18,LOW,LOW
2025-02-01,SUP_0076,SUP_0076,cemento,stable,1425659.59,113,4.05,5.41,38.06,45.0,0.8808,0.9402,-7.61,LOW,68.22,warning,23.79,LOW,LOW
2025-02-01,SUP_0077,SUP_0077,logistica,stable,2807800.29,47,1.21,4.37,43.64,10.88,0.8808,0.9402,18.96,LOW,69.15,stable,36.97,LOW,LOW
2025-02-01,SUP_0078,SUP_0078,cemento,watch,2183848.74,94,3.2,7.79,48.3,27.06,0.8808,0.9402,15.96,LOW,56.53,warning,34.37,LOW,LOW
2025-02-01,SUP_0079,SUP_0079,electricidad,watch,3414255.42,76,0.15,9.63,59.91,14.73,0.8808,0.9402,27.13,LOW,56.04,critical,48.35,LOW,LOW
2025-02-01,SUP_0080,SUP_0080,fontaneria,watch,2158956.86,118,5.85,13.62,50.24,19.5,0.8808,0.9402,41.1,LOW,30.04,critical,88.55,MED,MED
2025-02-01,SUP_0081,SUP_0081,acero,watch,3106367.59,104,4.05,23.03,57.88,16.17,0.8808,0.9402,56.56,LOW,14.23,critical,104.43,MED,HIGH
2025-02-01,SUP_0082,SUP_0082,hormigon,stable,1955208.58,80,6.3,9.11,21.16,21.37,0.8808,0.9402,20.71,LOW,52.14,warning,50.24,LOW,LOW
2025-02-01,SUP_0083,SUP_0083,hormigon,fragile,2696521.9,109,9.98,44.34,53.38,10.64,0.8808,0.9402,109.84,MED,0.0,critical,180.0,HIGH,HIGH
2025-02-01,SUP_0084,SUP_0084,acabados,stable,1625379.54,9,4.65,6.78,41.96,24.54,0.8808,0.9402,18.47,LOW,57.26,warning,46.0,LOW,LOW
2025-02-01,SUP_0085,SUP_0085,acero,stable,3306609.39,9,0.26,6.95,39.61,15.82,0.8808,0.9402,13.21,LOW,72.53,stable,37.61,LOW,LOW
2025-02-01,SUP_0086,SUP_0086,acero,stable,3307265.54,68,1.37,10.93,25.2,32.69,0.8808,0.9402,-0.84,LOW,70.71,stable,20.91,LOW,LOW
2025-02-01,SUP_0087,SUP_0087,logistica,watch,2162151.26,79,6.72,13.84,64.15,7.83,0.8808,0.9402,61.96,LOW,16.92,critical,121.93,HIGH,HIGH
2025-02-01,SUP_0088,SUP_0088,hormigon,watch,3694744.77,135,0.37,6.29,40.93,14.23,0.8808,0.9402,14.74,LOW,68.46,warning,41.94,LOW,LOW
2025-02-01,SUP_0089,SUP_0089,logistica,stable,545795.34,45,3.77,37.21,24.25,10.04,0.8808,0.9402,68.01,LOW,1.74,critical,140.41,HIGH,HIGH
2025-02-01,SUP_0090,SUP_0090,logistica,watch,2691975.73,103,6.47,14.59,50.77,13.47,0.8808,0.9402,50.69,LOW,23.71,critical,83.45,MED,MED
2025-02-01,SUP_0091,SUP_0091,fontaneria,stable,5516186.45,188,2.0,8.09,5.8,34.23,0.8808,0.9402,-13.5,LOW,79.58,stable,7.57,LOW,LOW
2025-02-01,SUP_0092,SUP_0092,hormigon,watch,3896683.96,148,0.0,14.96,22.11,15.85,0.8808,0.9402,16.55,LOW,61.24,warning,52.44,LOW,LOW
2025-02-01,SUP_0093,SUP_0093,hormigon,stable,2239746.25,82,5.93,11.8,13.23,15.08,0.8808,0.9402,26.36,LOW,49.55,warning,66.93,LOW,LOW
2025-02-01,SUP_0094,SUP_0094,hormigon,stable,3041472.68,80,8.36,4.65,4.35,8.42,0.8808,0.9402,25.61,LOW,55.83,warning,39.84,LOW,LOW
2025-02-01,SUP_0095,SUP_0095,fontaneria,stable,3285759.36,61,3.96,16.83,23.6,11.22,0.8808,0.9402,36.51,LOW,41.98,warning,81.15,MED,LOW
2025-02-01,SUP_0096,SUP_0096,hormigon,watch,751735.53,9,0.0,11.65,48.55,3.93,0.8808,0.9402,35.4,LOW,55.94,warning,60.71,LOW,LOW
2025-02-01,SUP_0097,SUP_0097,electricidad,stable,785506.48,88,5.64,6.19,32.74,10.64,0.8808,0.9402,30.31,LOW,51.39,warning,56.56,LOW,LOW
2025-02-01,SUP_0098,SUP_0098,cemento,stable,2807762.24,122,6.17,3.77,31.49,25.84,0.8808,0.9402,12.49,LOW,59.0,warning,42.66,LOW,LOW
2025-02-01,SUP_0099,SUP_0099,electricidad,stable,1603599.49,15,1.49,11.42,58.72,36.06,0.8808,0.9402,11.95,LOW,56.98,warning,46.99,LOW,LOW
2025-02-01,SUP_0100,SUP_0100,cemento,fragile,4889715.96,78,2.92,11.63,95.0,35.18,0.8808,0.9402,33.77,LOW,32.3,critical,79.07,MED,LOW
2025-02-01,SUP_0101,SUP_0101,fontaneria,fragile,2689497.74,43,11.31,0.54,49.67,8.1,0.8808,0.9402,49.0,LOW,32.85,critical,94.34,MED,MED
2025-02-01,SUP_0102,SUP_0102,cemento,watch,705915.96,39,6.11,13.38,59.5,25.66,0.8808,0.9402,39.53,LOW,29.82,warning,85.78,MED,MED
2025-02-01,SUP_0103,SUP_0103,hormigon,stable,1279144.48,62,0.75,6.15,21.97,18.75,0.8808,0.9402,2.6,LOW,79.53,stable,27.97,LOW,LOW
2025-02-01,SUP_0104,SUP_0104,hormigon,fragile,169647.58,10,14.92,4.09,31.51,10.77,0.8808,0.9402,54.3,LOW,21.44,critical,103.84,MED,MED
2025-02-01,SUP_0105,SUP_0105,acabados,watch,2483472.43,124,5.0,10.27,25.92,19.66,0.8808,0.9402,22.41,LOW,50.96,warning,55.97,LOW,LOW
2025-02-01,SUP_0106,SUP_0106,cemento,watch,3502716.38,108,6.37,12.87,15.7,13.92,0.8808,0.9402,31.57,LOW,43.34,critical,74.29,LOW,LOW
2025-02-01,SUP_0107,SUP_0107,electricidad,stable,2498507.21,79,2.57,4.19,25.28,19.84,0.8808,0.9402,5.52,LOW,74.55,stable,20.12,LOW,LOW
2025-02-01,SUP_0108,SUP_0108,fontaneria,stable,4235666.53,13,5.86,18.96,23.55,15.71,0.8808,0.9402,40.91,LOW,33.15,critical,73.04,LOW,MED
2025-02-01,SUP_0109,SUP_0109,electricidad,stable,4781006.49,47,1.81,2.83,35.37,9.39,0.8808,0.9402,16.22,LOW,73.04,stable,39.23,LOW,LOW
2025-02-01,SUP_0110,SUP_0110,fontaneria,fragile,3323383.09,111,0.65,14.26,95.0,3.92,0.8808,0.9402,62.17,LOW,24.17,critical,106.95,MED,HIGH
2025-02-01,SUP_0111,SUP_0111,acabados,watch,459661.11,13,4.42,10.35,14.47,18.09,0.8808,0.9402,17.18,LOW,61.09,warning,45.41,LOW,LOW
2025-02-01,SUP_0112,SUP_0112,acero,stable,4287705.92,57,5.4,9.44,37.04,14.0,0.8808,0.9402,33.02,LOW,46.05,warning,64.02,LOW,LOW
2025-02-01,SUP_0113,SUP_0113,acabados,stable,3205271.57,39,8.14,11.03,20.62,11.34,0.8808,0.9402,38.91,LOW,38.88,warning,75.32,MED,MED
2025-02-01,SUP_0114,SUP_0114,acero,watch,3174211.24,118,4.59,9.55,49.4,12.6,0.8808,0.9402,37.71,LOW,41.2,warning,73.93,LOW,MED
2025-02-01,SUP_0115,SUP_0115,logistica,stable,3932118.56,50,9.11,17.17,32.44,25.9,0.8808,0.9402,41.79,LOW,22.19,critical,98.58,MED,MED
2025-02-01,SUP_0116,SUP_0116,electricidad,fragile,1255931.59,133,2.28,8.5,15.38,10.56,0.8808,0.9402,15.95,LOW,66.67,warning,25.58,LOW,LOW
2025-02-01,SUP_0117,SUP_0117,acabados,watch,5177956.45,87,8.65,1.08,47.2,8.21,0.8808,0.9402,40.6,LOW,42.27,critical,71.52,LOW,MED
2025-02-01,SUP_0118,SUP_0118,logistica,watch,1993885.6,178,8.34,0.83,33.63,17.29,0.8808,0.9402,24.12,LOW,50.53,warning,49.11,LOW,LOW
2025-02-01,SUP_0119,SUP_0119,acabados,stable,3630859.58,74,3.87,9.95,22.56,23.8,0.8808,0.9402,12.89,LOW,60.57,stable,38.68,LOW,LOW
2025-02-01,SUP_0120,SUP_0120,acabados,watch,709279.18,138,11.32,15.89,21.62,13.36,0.8808,0.9402,54.16,LOW,13.76,critical,100.26,MED,MED
2025-02-01,SUP_0121,SUP_0121,electricidad,watch,1716594.3,30,4.93,4.76,28.38,23.42,0.8808,0.9402,11.28,LOW,65.28,warning,37.58,LOW,LOW
2025-02-01,SUP_0122,SUP_0122,cemento,watch,3466059.31,144,5.63,19.08,68.9,21.46,0.8808,0.9402,55.04,LOW,11.54,critical,105.64,MED,MED
2025-02-01,SUP_0123,SUP_0123,electricidad,stable,1721380.94,71,0.29,15.16,25.78,17.46,0.8808,0.9402,17.73,LOW,60.91,warning,33.91,LOW,LOW
2025-02-01,SUP_0124,SUP_0124,hormigon,stable,3151537.6,72,2.94,15.5,31.43,35.31,0.8808,0.9402,10.91,LOW,53.28,warning,43.43,LOW,LOW
2025-02-01,SUP_0125,SUP_0125,logistica,stable,3243518.53,78,3.25,5.91,28.79,27.24,0.8808,0.9402,4.32,LOW,69.43,warning,25.71,LOW,LOW
2025-02-01,SUP_0126,SUP_0126,hormigon,watch,2592899.45,36,4.9,5.47,59.67,15.66,0.8808,0.9402,34.1,LOW,47.0,warning,57.3,LOW,LOW
2025-02-01,SUP_0127,SUP_0127,hormigon,stable,4160125.19,112,1.99,5.02,28.34,5.59,0.8808,0.9402,20.65,LOW,67.87,stable,34.79,LOW,LOW
2025-02-01,SUP_0128,SUP_0128,hormigon,stable,2718384.65,179,0.48,9.58,11.46,23.08,0.8808,0.9402,-2.11,LOW,76.47,stable,17.12,LOW,LOW
2025-02-01,SUP_0129,SUP_0129,fontaneria,stable,898431.86,128,0.89,22.08,42.15,4.71,0.8808,0.9402,50.04,LOW,31.13,critical,99.93,MED,MED
2025-02-01,SUP_0130,SUP_0130,electricidad,watch,1334963.04,36,7.03,5.21,39.78,9.48,0.8808,0.9402,37.31,LOW,45.81,warning,74.78,LOW,LOW
2025-02-01,SUP_0131,SUP_0131,logistica,stable,2469610.98,85,3.49,0.0,45.6,25.28,0.8808,0.9402,5.73,LOW,71.8,stable,9.13,LOW,LOW
2025-02-01,SUP_0132,SUP_0132,acero,fragile,2598365.2,128,0.0,2.35,60.14,17.32,0.8808,0.9402,13.27,LOW,70.46,warning,32.45,LOW,LOW
2025-02-01,SUP_0133,SUP_0133,hormigon,watch,1459275.17,17,7.71,8.98,34.43,25.66,0.8808,0.9402,26.43,LOW,44.2,warning,57.95,LOW,LOW
2025-02-01,SUP_0134,SUP_0134,cemento,stable,2073772.68,31,3.52,6.57,29.04,22.33,0.8808,0.9402,11.16,LOW,66.58,warning,34.63,LOW,LOW
2025-02-01,SUP_0135,SUP_0135,cemento,watch,2029629.36,124,4.93,12.83,75.82,9.83,0.8808,0.9402,58.34,LOW,20.22,critical,101.1,MED,HIGH
2025-02-01,SUP_0136,SUP_0136,acero,stable,3043896.18,82,1.0,7.56,67.15,20.98,0.8808,0.9402,23.57,LOW,55.57,warning,47.59,LOW,LOW
2025-02-01,SUP_0137,SUP_0137,logistica,fragile,1481618.66,122,4.98,15.04,56.28,13.89,0.8808,0.9402,48.93,LOW,25.88,critical,90.57,MED,MED
2025-02-01,SUP_0138,SUP_0138,electricidad,watch,2341510.17,246,6.26,23.23,36.49,15.45,0.8808,0.9402,54.61,LOW,10.11,critical,110.61,MED,MED
2025-02-01,SUP_0139,SUP_0139,logistica,watch,1996572.44,136,4.99,6.3,54.43,26.11,0.8808,0.9402,22.82,LOW,47.98,critical,64.23,LOW,LOW
2025-02-01,SUP_0140,SUP_0140,cemento,stable,3258654.69,128,3.54,4.44,20.38,21.55,0.8808,0.9402,4.91,LOW,71.48,warning,22.96,LOW,LOW
2025-02-01,SUP_0141,SUP_0141,cemento,watch,3735357.47,238,7.65,18.08,43.15,23.08,0.8808,0.9402,46.41,LOW,14.77,critical,99.37,MED,MED
2025-02-01,SUP_0142,SUP_0142,acabados,watch,2081276.01,50,7.13,2.21,36.41,7.51,0.8808,0.9402,33.58,LOW,51.8,critical,61.79,LOW,LOW
2025-02-01,SUP_0143,SUP_0143,cemento,fragile,2871124.35,60,11.88,17.87,76.05,15.3,0.8808,0.9402,81.36,MED,0.0,critical,133.99,HIGH,HIGH
2025-02-01,SUP_0144,SUP_0144,cemento,watch,2962046.8,169,10.5,10.18,20.77,11.28,0.8808,0.9402,44.83,LOW,27.17,critical,90.1,MED,MED
2025-02-01,SUP_0145,SUP_0145,acero,watch,1954492.75,85,4.5,13.4,15.87,8.43,0.8808,0.9402,32.32,LOW,48.44,critical,69.22,LOW,LOW
2025-02-01,SUP_0146,SUP_0146,logistica,stable,1519011.61,63,2.57,20.04,4.48,14.04,0.8808,0.9402,25.72,LOW,50.68,warning,60.19,LOW,LOW
2025-02-01,SUP_0147,SUP_0147,fontaneria,stable,1636479.04,47,4.37,5.65,15.31,18.6,0.8808,0.9402,9.87,LOW,69.43,stable,30.91,LOW,LOW
2025-02-01,SUP_0148,SUP_0148,cemento,watch,2477461.88,180,3.87,19.86,38.98,8.62,0.8808,0.9402,50.31,LOW,24.88,critical,95.82,MED,MED
2025-02-01,SUP_0149,SUP_0149,acabados,stable,1254005.76,93,6.46,8.79,31.47,35.02,0.8808,0.9402,11.69,LOW,51.9,warning,48.2,LOW,LOW
2025-02-01,SUP_0150,SUP_0150,acabados,stable,3008123.03,39,7.19,3.06,59.55,16.94,0.8808,0.9402,36.01,LOW,43.1,warning,60.5,LOW,LOW
2025-02-01,SUP_0151,SUP_0151,acabados,fragile,4228139.41,86,3.04,16.87,89.58,9.39,0.8808,0.9402,65.33,LOW,14.52,critical,110.17,MED,HIGH
2025-02-01,SUP_0152,SUP_0152,logistica,fragile,1127396.43,84,5.81,7.87,24.53,1.01,0.8808,0.9402,39.27,LOW,47.8,warning,59.9,LOW,MED
2025-02-01,SUP_0153,SUP_0153,hormigon,stable,2900975.85,78,2.85,3.44,34.5,10.77,0.8808,0.9402,18.47,LOW,67.6,warning,38.6,LOW,LOW
2025-02-01,SUP_0154,SUP_0154,logistica,watch,2732976.65,74,4.87,11.15,39.88,9.41,0.8808,0.9402,39.88,LOW,41.33,warning,69.4,LOW,MED
2025-02-01,SUP_0155,SUP_0155,acero,stable,2884784.65,40,7.97,3.1,29.1,15.16,0.8808,0.9402,26.5,LOW,52.92,warning,54.59,LOW,LOW
2025-02-01,SUP_0156,SUP_0156,acabados,watch,3944758.4,105,0.0,4.94,39.57,30.86,0.8808,0.9402,-5.64,LOW,79.97,stable,14.07,LOW,LOW
2025-02-01,SUP_0157,SUP_0157,fontaneria,stable,948379.25,181,1.47,9.46,38.33,21.53,0.8808,0.9402,14.31,LOW,60.07,warning,42.68,LOW,LOW
2025-02-01,SUP_0158,SUP_0158,acabados,watch,775375.51,146,3.25,2.85,32.61,24.49,0.8808,0.9402,4.2,LOW,70.82,stable,25.96,LOW,LOW
2025-02-01,SUP_0159,SUP_0159,fontaneria,watch,3354412.74,75,0.0,9.73,64.62,15.76,0.8808,0.9402,27.93,LOW,54.72,warning,56.32,LOW,LOW
2025-02-01,SUP_0160,SUP_0160,fontaneria,watch,3366190.97,69,3.24,13.35,21.77,15.03,0.8808,0.9402,24.5,LOW,53.75,warning,61.77,LOW,LOW
2025-02-01,SUP_0161,SUP_0161,fontaneria,stable,572513.46,64,3.24,10.46,28.1,13.84,0.8808,0.9402,24.23,LOW,56.39,stable,46.38,LOW,LOW
2025-02-01,SUP_0162,SUP_0162,acabados,fragile,3552756.39,67,6.73,0.78,95.0,16.27,0.8808,0.9402,47.84,LOW,32.47,critical,97.23,MED,MED
2025-02-01,SUP_0163,SUP_0163,acabados,stable,3976560.53,101,6.23,4.88,33.27,42.14,0.8808,0.9402,-1.17,LOW,62.1,stable,38.79,LOW,LOW
2025-02-01,SUP_0164,SUP_0164,cemento,stable,2990215.47,160,1.36,7.29,47.38,1.07,0.8808,0.9402,35.25,LOW,54.26,warning,53.32,LOW,LOW
2025-02-01,SUP_0165,SUP_0165,acabados,watch,3647396.33,27,2.92,9.29,39.85,1.9,0.8808,0.9402,38.71,LOW,51.68,warning,72.42,LOW,MED
2025-02-01,SUP_0166,SUP_0166,electricidad,stable,2338984.5,104,7.21,9.28,40.41,7.57,0.8808,0.9402,46.16,LOW,33.95,critical,92.17,MED,MED
2025-02-01,SUP_0167,SUP_0167,acero,fragile,3051254.76,57,10.08,13.41,44.26,12.45,0.8808,0.9402,57.82,LOW,15.58,critical,112.63,MED,HIGH
2025-02-01,SUP_0168,SUP_0168,electricidad,fragile,1016191.56,62,2.91,35.77,62.83,14.24,0.8808,0.9402,76.42,MED,0.0,critical,145.05,HIGH,HIGH
2025-02-01,SUP_0169,SUP_0169,logistica,stable,356720.88,47,1.67,6.59,23.78,20.01,0.8808,0.9402,5.59,LOW,75.02,stable,20.11,LOW,LOW
2025-02-01,SUP_0170,SUP_0170,logistica,fragile,3403138.87,134,4.77,13.37,54.89,8.44,0.8808,0.9402,50.63,LOW,28.42,critical,85.35,MED,MED
2025-02-01,SUP_0171,SUP_0171,acabados,stable,1994556.91,118,5.26,8.39,26.38,27.77,0.8808,0.9402,12.46,LOW,56.49,warning,43.64,LOW,LOW
2025-02-01,SUP_0172,SUP_0172,electricidad,watch,1915704.75,136,15.47,9.14,55.02,18.51,0.8808,0.9402,66.37,LOW,0.0,critical,133.59,HIGH,HIGH
2025-02-01,SUP_0173,SUP_0173,acabados,stable,1206551.83,31,5.77,13.59,34.83,15.41,0.8808,0.9402,37.97,LOW,38.53,critical,82.89,MED,MED
2025-02-01,SUP_0174,SUP_0174,acero,fragile,1281053.93,68,3.9,30.92,52.68,16.7,0.8808,0.9402,65.1,LOW,2.64,critical,123.14,HIGH,HIGH
2025-02-01,SUP_0175,SUP_0175,fontaneria,stable,2629905.99,95,1.53,12.07,30.32,18.89,0.8808,0.9402,17.45,LOW,59.86,warning,35.04,LOW,LOW
2025-02-01,SUP_0176,SUP_0176,fontaneria,stable,2425739.31,25,4.65,14.03,43.86,16.75,0.8808,0.9402,37.97,LOW,38.72,warning,84.87,MED,MED
2025-02-01,SUP_0177,SUP_0177,hormigon,stable,3184007.98,88,3.45,14.71,25.77,19.79,0.8808,0.9402,24.21,LOW,49.49,warning,67.9,LOW,LOW
2025-02-01,SUP_0178,SUP_0178,hormigon,fragile,3589189.27,100,3.96,21.1,78.87,7.97,0.8808,0.9402,71.06,MED,6.24,critical,116.18,MED,HIGH
2025-02-01,SUP_0179,SUP_0179,cemento,fragile,3250282.68,135,1.23,7.72,16.7,14.14,0.8808,0.9402,8.64,LOW,73.04,warning,18.31,LOW,LOW
2025-02-01,SUP_0180,SUP_0180,cemento,watch,2799535.13,76,9.46,10.03,30.05,23.48,0.8808,0.9402,33.46,LOW,34.52,critical,78.6,MED,LOW
2025-02-01,SUP_0181,SUP_0181,electricidad,fragile,3714544.18,131,3.6,14.84,6.45,1.13,0.8808,0.9402,34.83,LOW,49.49,warning,71.66,LOW,LOW
2025-02-01,SUP_0182,SUP_0182,electricidad,fragile,1238222.72,82,2.26,15.71,14.56,5.61,0.8808,0.9402,31.28,LOW,52.5,warning,64.46,LOW,LOW
2025-02-01,SUP_0183,SUP_0183,hormigon,watch,3174490.99,98,5.04,5.68,54.84,9.2,0.8808,0.9402,39.11,LOW,44.1,critical,68.69,LOW,MED
2025-02-01,SUP_0184,SUP_0184,acero,stable,3984986.88,9,5.05,12.68,41.74,10.92,0.8808,0.9402,42.02,LOW,39.22,critical,85.76,MED,MED
2025-02-01,SUP_0185,SUP_0185,fontaneria,watch,3338817.88,74,0.0,12.53,22.68,14.55,0.8808,0.9402,14.45,LOW,67.6,warning,33.88,LOW,LOW
2025-02-01,SUP_0186,SUP_0186,hormigon,watch,969759.25,91,1.15,13.62,17.55,6.36,0.8808,0.9402,25.41,LOW,59.77,critical,42.46,LOW,LOW
2025-02-01,SUP_0187,SUP_0187,acero,stable,3087078.31,24,2.72,12.65,4.0,12.51,0.8808,0.9402,16.42,LOW,65.68,stable,42.9,LOW,LOW
2025-02-01,SUP_0188,SUP_0188,acero,stable,5035312.71,83,6.22,8.09,20.92,15.33,0.8808,0.9402,24.89,LOW,52.37,warning,59.83,LOW,LOW
2025-02-01,SUP_0189,SUP_0189,electricidad,watch,2751734.01,179,5.03,7.29,92.36,32.47,0.8808,0.9402,35.13,LOW,29.72,critical,80.1,MED,LOW
2025-02-01,SUP_0190,SUP_0190,acero,stable,2741038.2,60,6.06,0.0,49.3,45.0,0.8808,0.9402,-4.62,LOW,67.51,stable,14.47,LOW,LOW
2025-02-01,SUP_0191,SUP_0191,acabados,fragile,2604648.45,90,2.19,13.58,35.99,9.66,0.8808,0.9402,33.47,LOW,48.59,warning,58.66,LOW,LOW
2025-02-01,SUP_0192,SUP_0192,acero,stable,2059028.13,59,1.78,0.0,39.18,15.49,0.8808,0.9402,7.47,LOW,78.91,stable,21.12,LOW,LOW
2025-02-01,SUP_0193,SUP_0193,electricidad,stable,2747378.7,46,5.97,1.55,13.19,8.58,0.8808,0.9402,17.6,LOW,68.71,stable,33.8,LOW,LOW
2025-02-01,SUP_0194,SUP_0194,acero,fragile,2120710.51,151,8.34,12.39,35.97,1.7,0.8808,0.9402,58.09,LOW,21.75,critical,93.42,MED,HIGH
2025-02-01,SUP_0195,SUP_0195,hormigon,stable,2427101.56,58,4.06,10.55,30.56,21.78,0.8808,0.9402,19.97,LOW,54.81,warning,58.91,LOW,LOW
2025-02-01,SUP_0196,SUP_0196,fontaneria,stable,2077084.53,74,5.05,4.32,31.9,11.79,0.8808,0.9402,24.19,LOW,58.73,warning,54.62,LOW,LOW
2025-02-01,SUP_0197,SUP_0197,hormigon,watch,2231134.75,14,8.82,6.43,44.95,9.41,0.8808,0.9402,46.91,LOW,34.54,critical,85.09,MED,MED
2025-02-01,SUP_0198,SUP_0198,acero,fragile,2753587.47,182,8.62,23.86,76.38,2.9,0.8808,0.9402,93.13,MED,0.0,critical,155.34,HIGH,HIGH
2025-02-01,SUP_0199,SUP_0199,acabados,stable,4034151.59,53,4.04,4.94,33.96,12.41,0.8808,0.9402,22.41,LOW,61.43,stable,46.6,LOW,LOW
2025-02-01,SUP_0200,SUP_0200,logistica,stable,930956.34,86,3.93,12.25,21.62,29.49,0.8808,0.9402,10.42,LOW,57.76,warning,29.3,LOW,LOW
2025-02-01,SUP_0201,SUP_0201,fontaneria,watch,3631005.32,135,0.74,17.74,61.01,16.42,0.8808,0.9402,39.86,LOW,35.79,critical,81.95,MED,MED
2025-02-01,SUP_0202,SUP_0202,logistica,fragile,1687127.06,41,0.0,18.82,81.37,14.69,0.8808,0.9402,50.16,LOW,29.65,critical,89.18,MED,MED
2025-02-01,SUP_0203,SUP_0203,acabados,watch,3332619.63,140,6.08,24.27,26.91,5.84,0.8808,0.9402,60.92,LOW,12.89,critical,126.42,HIGH,HIGH
2025-02-01,SUP_0204,SUP_0204,electricidad,stable,2706428.49,93,5.94,7.27,13.9,34.03,0.8808,0.9402,0.96,LOW,64.55,warning,18.89,LOW,LOW
2025-02-01,SUP_0205,SUP_0205,acabados,stable,3763589.89,63,2.81,5.0,39.64,12.38,0.8808,0.9402,21.38,LOW,63.38,warning,44.98,LOW,LOW
2025-02-01,SUP_0206,SUP_0206,acero,stable,3938829.99,56,0.17,7.46,30.86,26.61,0.8808,0.9402,-1.02,LOW,78.13,stable,13.94,LOW,LOW
2025-02-01,SUP_0207,SUP_0207,electricidad,stable,2838665.19,64,0.47,7.38,55.66,19.78,0.8808,0.9402,17.75,LOW,63.32,stable,42.37,LOW,LOW
2025-02-01,SUP_0208,SUP_0208,electricidad,watch,3205007.32,131,8.47,3.89,39.69,5.51,0.8808,0.9402,43.61,LOW,38.44,critical,74.67,LOW,MED
2025-02-01,SUP_0209,SUP_0209,logistica,stable,227590.17,102,10.56,6.38,42.81,20.6,0.8808,0.9402,39.91,LOW,29.88,critical,73.84,LOW,MED
2025-02-01,SUP_0210,SUP_0210,acabados,watch,3551852.03,103,9.08,11.34,42.92,10.81,0.8808,0.9402,52.76,LOW,22.36,critical,94.8,MED,MED
2025-02-01,SUP_0211,SUP_0211,electricidad,watch,3252722.78,92,2.48,6.54,59.84,17.34,0.8808,0.9402,26.84,LOW,53.39,warning,52.32,LOW,LOW
2025-02-01,SUP_0212,SUP_0212,fontaneria,watch,5191455.66,128,3.06,9.4,81.27,13.0,0.8808,0.9402,46.85,LOW,33.09,critical,92.16,MED,MED
2025-02-01,SUP_0213,SUP_0213,hormigon,stable,1019881.67,69,5.68,10.57,17.13,29.32,0.8808,0.9402,11.28,LOW,56.62,warning,41.42,LOW,LOW
2025-02-01,SUP_0214,SUP_0214,acabados,fragile,1103771.49,152,5.15,6.94,27.93,22.26,0.8808,0.9402,16.17,LOW,56.18,warning,49.37,LOW,LOW
2025-02-01,SUP_0215,SUP_0215,electricidad,watch,2786673.59,30,2.61,13.37,35.11,18.05,0.8808,0.9402,25.62,LOW,52.46,warning,54.99,LOW,LOW
2025-02-01,SUP_0216,SUP_0216,electricidad,watch,2013415.15,162,10.91,5.11,57.65,19.43,0.8808,0.9402,46.91,LOW,22.13,critical,106.53,MED,MED
2025-02-01,SUP_0217,SUP_0217,acabados,stable,4458013.56,158,4.72,4.73,13.63,45.0,0.8808,0.9402,-17.62,LOW,76.56,stable,12.72,LOW,LOW
2025-02-01,SUP_0218,SUP_0218,fontaneria,stable,3419184.06,34,5.94,4.25,41.0,37.95,0.8808,0.9402,4.7,LOW,61.56,warning,38.71,LOW,LOW
2025-02-01,SUP_0219,SUP_0219,cemento,fragile,944139.67,174,4.59,11.9,46.23,4.78,0.8808,0.9402,47.64,LOW,33.48,critical,76.89,MED,MED
2025-02-01,SUP_0220,SUP_0220,acero,stable,3719239.31,154,4.19,8.12,46.71,10.55,0.8808,0.9402,35.21,LOW,45.07,critical,74.7,LOW,LOW
2025-03-01,SUP_0001,SUP_0001,logistica,watch,3088526.91,180,0.0,11.64,56.7,6.11,1.099,0.9045,36.87,LOW,47.95,warning,73.49,LOW,LOW
2025-03-01,SUP_0002,SUP_0002,acero,stable,3760848.38,63,2.37,4.83,15.85,24.08,1.099,0.9045,-2.58,LOW,80.24,stable,7.25,LOW,LOW
2025-03-01,SUP_0003,SUP_0003,cemento,fragile,2175714.05,28,1.41,28.89,95.0,11.5,1.099,0.9045,78.82,MED,0.0,critical,139.52,HIGH,HIGH
2025-03-01,SUP_0004,SUP_0004,electricidad,watch,2580202.66,57,3.52,19.99,41.65,5.39,1.099,0.9045,53.9,LOW,27.36,critical,84.4,MED,MED
2025-03-01,SUP_0005,SUP_0005,electricidad,stable,3283054.52,113,5.03,7.6,50.21,23.27,1.099,0.9045,25.81,LOW,46.85,warning,55.87,LOW,LOW
2025-03-01,SUP_0006,SUP_0006,fontaneria,fragile,3768769.68,38,5.09,25.42,69.4,17.93,1.099,0.9045,66.69,LOW,2.73,critical,127.51,HIGH,HIGH
2025-03-01,SUP_0007,SUP_0007,acero,watch,2831578.88,60,4.02,9.67,78.01,20.97,1.099,0.9045,40.69,LOW,35.03,critical,80.78,MED,MED
2025-03-01,SUP_0008,SUP_0008,logistica,watch,1752332.03,93,8.58,1.53,56.21,18.6,1.099,0.9045,34.72,LOW,41.07,critical,60.71,LOW,LOW
2025-03-01,SUP_0009,SUP_0009,electricidad,stable,3885112.55,46,6.12,9.6,10.99,9.09,1.099,0.9045,28.63,LOW,53.16,warning,57.84,LOW,LOW
2025-03-01,SUP_0010,SUP_0010,acero,watch,3661673.63,51,1.54,9.18,35.59,18.97,1.099,0.9045,15.44,LOW,64.57,warning,42.62,LOW,LOW
2025-03-01,SUP_0011,SUP_0011,logistica,stable,3479524.12,136,8.33,1.83,16.76,16.36,1.099,0.9045,18.91,LOW,57.13,critical,44.08,LOW,LOW
2025-03-01,SUP_0012,SUP_0012,logistica,fragile,2244721.41,92,19.62,38.9,36.38,7.79,1.099,0.9045,125.79,HIGH,0.0,critical,180.0,HIGH,HIGH
2025-03-01,SUP_0013,SUP_0013,electricidad,watch,2472361.36,120,7.93,15.37,77.52,22.78,1.099,0.9045,58.94,LOW,7.05,critical,116.1,MED,HIGH
2025-03-01,SUP_0014,SUP_0014,cemento,fragile,1417681.82,93,16.19,30.95,72.37,23.14,1.099,0.9045,104.42,MED,0.0,critical,180.0,HIGH,HIGH
2025-03-01,SUP_0015,SUP_0015,fontaneria,stable,1189711.46,80,5.82,10.3,18.32,37.35,1.099,0.9045,3.8,LOW,58.56,warning,43.81,LOW,LOW
2025-03-01,SUP_0016,SUP_0016,electricidad,stable,1099136.1,56,12.18,11.49,17.8,28.24,1.099,0.9045,33.54,LOW,28.51,critical,70.11,LOW,LOW
2025-03-01,SUP_0017,SUP_0017,hormigon,watch,2773386.3,10,6.61,16.33,44.76,12.63,1.099,0.9045,51.84,LOW,24.89,critical,100.55,MED,MED
2025-03-01,SUP_0018,SUP_0018,fontaneria,stable,2666474.69,40,6.72,3.17,17.04,18.06,1.099,0.9045,14.52,LOW,64.22,warning,31.37,LOW,LOW
2025-03-01,SUP_0019,SUP_0019,acabados,fragile,1951318.29,15,6.99,10.69,41.45,14.14,1.099,0.9045,41.52,LOW,36.52,critical,74.56,LOW,MED
2025-03-01,SUP_0020,SUP_0020,cemento,watch,276139.06,10,1.99,17.65,52.67,20.35,1.099,0.9045,35.8,LOW,39.87,critical,73.1,LOW,LOW
2025-03-01,SUP_0021,SUP_0021,acabados,watch,1283811.15,40,3.51,8.47,63.94,13.58,1.099,0.9045,38.43,LOW,43.8,critical,69.72,LOW,MED
2025-03-01,SUP_0022,SUP_0022,cemento,stable,4281312.12,144,3.33,4.74,37.51,23.95,1.099,0.9045,10.02,LOW,64.4,stable,32.9,LOW,LOW
2025-03-01,SUP_0023,SUP_0023,acabados,fragile,1753532.49,120,6.9,13.75,5.45,14.5,1.099,0.9045,29.28,LOW,43.92,critical,54.73,LOW,LOW
2025-03-01,SUP_0024,SUP_0024,acero,fragile,3446834.98,170,10.88,17.0,60.31,5.95,1.099,0.9045,79.32,MED,0.0,critical,135.5,HIGH,HIGH
2025-03-01,SUP_0025,SUP_0025,cemento,watch,1045196.31,116,7.67,23.25,42.43,11.23,1.099,0.9045,65.76,LOW,4.15,critical,124.39,HIGH,HIGH
2025-03-01,SUP_0026,SUP_0026,logistica,stable,4092361.48,132,3.82,19.42,39.79,30.25,1.099,0.9045,28.25,LOW,34.6,critical,77.27,MED,LOW
2025-03-01,SUP_0027,SUP_0027,hormigon,watch,3318568.95,48,7.31,15.58,77.43,10.78,1.099,0.9045,69.35,LOW,7.1,critical,137.33,HIGH,HIGH
2025-03-01,SUP_0028,SUP_0028,fontaneria,stable,2508705.87,98,5.3,9.0,4.6,20.56,1.099,0.9045,10.91,LOW,62.98,warning,27.4,LOW,LOW
2025-03-01,SUP_0029,SUP_0029,hormigon,stable,6218739.73,126,4.36,9.42,25.03,28.78,1.099,0.9045,9.68,LOW,58.75,warning,47.4,LOW,LOW
2025-03-01,SUP_0030,SUP_0030,logistica,watch,4190331.57,38,5.24,7.47,56.26,12.31,1.099,0.9045,39.94,LOW,41.93,critical,72.51,LOW,MED
2025-03-01,SUP_0031,SUP_0031,acabados,watch,2673446.75,88,5.1,8.7,14.89,22.43,1.099,0.9045,12.61,LOW,60.72,warning,40.85,LOW,LOW
2025-03-01,SUP_0032,SUP_0032,acabados,fragile,1645898.5,108,3.92,12.65,95.0,15.09,1.099,0.9045,58.38,LOW,18.35,critical,101.49,MED,HIGH
2025-03-01,SUP_0033,SUP_0033,electricidad,stable,1838469.7,56,1.03,7.13,34.33,7.59,1.099,0.9045,21.64,LOW,67.16,warning,42.44,LOW,LOW
2025-03-01,SUP_0034,SUP_0034,electricidad,stable,2138954.17,55,5.25,2.22,41.87,29.41,1.099,0.9045,8.51,LOW,64.38,stable,28.91,LOW,LOW
2025-03-01,SUP_0035,SUP_0035,fontaneria,watch,2700301.23,60,7.54,10.75,32.32,14.96,1.099,0.9045,38.32,LOW,37.25,warning,84.0,MED,MED
2025-03-01,SUP_0036,SUP_0036,acabados,stable,2849800.52,62,2.85,12.88,40.46,4.79,1.099,0.9045,41.29,LOW,44.44,warning,65.87,LOW,MED
2025-03-01,SUP_0037,SUP_0037,acabados,stable,3537743.53,107,4.01,1.83,54.14,10.04,1.099,0.9045,29.1,LOW,56.25,critical,48.32,LOW,LOW
2025-03-01,SUP_0038,SUP_0038,cemento,watch,1573255.07,51,2.04,16.06,44.67,7.11,1.099,0.9045,43.21,LOW,40.58,critical,71.86,LOW,MED
2025-03-01,SUP_0039,SUP_0039,fontaneria,stable,6016171.33,89,6.61,10.8,30.53,21.05,1.099,0.9045,28.73,LOW,42.92,critical,67.71,LOW,LOW
2025-03-01,SUP_0040,SUP_0040,cemento,watch,2825989.12,84,14.77,14.68,44.85,14.8,1.099,0.9045,71.73,MED,0.0,critical,133.0,HIGH,HIGH
2025-03-01,SUP_0041,SUP_0041,acero,stable,2795656.45,86,3.53,11.31,19.08,14.64,1.099,0.9045,21.49,LOW,57.22,warning,48.45,LOW,LOW
2025-03-01,SUP_0042,SUP_0042,acabados,fragile,2941497.34,145,7.47,7.16,60.6,16.45,1.099,0.9045,43.96,LOW,29.96,critical,86.56,MED,MED
2025-03-01,SUP_0043,SUP_0043,hormigon,watch,2927275.37,128,0.0,5.59,39.95,13.86,1.099,0.9045,12.51,LOW,71.86,warning,30.23,LOW,LOW
2025-03-01,SUP_0044,SUP_0044,acabados,stable,1753477.36,62,2.61,4.25,41.98,21.97,1.099,0.9045,11.14,LOW,67.97,warning,33.81,LOW,LOW
2025-03-01,SUP_0045,SUP_0045,electricidad,fragile,1522444.05,169,4.95,9.75,91.14,11.91,1.099,0.9045,58.58,LOW,18.77,critical,104.88,MED,HIGH
2025-03-01,SUP_0046,SUP_0046,hormigon,fragile,3181607.44,74,2.72,24.55,26.05,16.4,1.099,0.9045,40.31,LOW,31.81,critical,82.49,MED,MED
2025-03-01,SUP_0047,SUP_0047,acero,stable,4271255.94,78,3.95,10.3,24.92,1.54,1.099,0.9045,36.99,LOW,50.57,warning,66.06,LOW,LOW
2025-03-01,SUP_0048,SUP_0048,electricidad,stable,3461574.21,112,4.21,8.05,55.62,11.81,1.099,0.9045,37.93,LOW,42.8,warning,70.13,LOW,MED
2025-03-01,SUP_0049,SUP_0049,acabados,watch,1254458.68,92,1.27,9.06,24.78,1.51,1.099,0.9045,27.03,LOW,63.45,warning,40.86,LOW,LOW
2025-03-01,SUP_0050,SUP_0050,fontaneria,stable,1700193.06,25,2.63,3.24,19.51,13.11,1.099,0.9045,8.41,LOW,78.07,stable,12.46,LOW,LOW
2025-03-01,SUP_0051,SUP_0051,logistica,stable,1363441.04,73,7.37,4.95,35.57,22.65,1.099,0.9045,22.88,LOW,50.35,warning,59.11,LOW,LOW
2025-03-01,SUP_0052,SUP_0052,logistica,stable,816242.91,21,6.88,10.58,39.4,31.29,1.099,0.9045,22.95,LOW,43.91,warning,54.84,LOW,LOW
2025-03-01,SUP_0053,SUP_0053,acabados,watch,2702529.88,119,2.73,7.99,42.86,18.12,1.099,0.9045,21.37,LOW,56.54,warning,43.94,LOW,LOW
2025-03-01,SUP_0054,SUP_0054,fontaneria,watch,2964653.07,181,7.04,8.04,57.2,15.14,1.099,0.9045,43.78,LOW,29.89,critical,79.58,MED,MED
2025-03-01,SUP_0055,SUP_0055,acero,watch,2903874.1,52,17.54,13.48,34.6,14.77,1.099,0.9045,73.63,MED,0.0,critical,141.84,HIGH,HIGH
2025-03-01,SUP_0056,SUP_0056,acero,watch,384175.44,75,0.93,13.51,56.35,17.76,1.099,0.9045,30.65,LOW,47.86,warning,63.5,LOW,LOW
2025-03-01,SUP_0057,SUP_0057,cemento,watch,2959893.87,50,2.17,5.04,44.41,10.75,1.099,0.9045,23.3,LOW,63.53,stable,38.45,LOW,LOW
2025-03-01,SUP_0058,SUP_0058,acero,watch,2445731.59,63,5.77,14.0,79.43,13.53,1.099,0.9045,60.51,LOW,16.03,critical,105.82,MED,HIGH
2025-03-01,SUP_0059,SUP_0059,logistica,stable,5477931.96,88,3.24,10.96,30.9,16.31,1.099,0.9045,23.76,LOW,54.29,warning,47.15,LOW,LOW
2025-03-01,SUP_0060,SUP_0060,acero,stable,1214119.2,59,8.76,9.91,4.85,17.94,1.099,0.9045,25.39,LOW,47.47,warning,64.19,LOW,LOW
2025-03-01,SUP_0061,SUP_0061,cemento,watch,1977259.44,196,11.19,13.54,64.66,18.58,1.099,0.9045,64.39,LOW,0.0,critical,132.76,HIGH,HIGH
2025-03-01,SUP_0062,SUP_0062,fontaneria,watch,4530035.36,60,0.49,1.89,33.27,18.48,1.099,0.9045,0.79,LOW,83.97,stable,0.0,LOW,LOW
2025-03-01,SUP_0063,SUP_0063,logistica,watch,3338444.26,129,9.47,9.09,44.77,8.07,1.099,0.9045,54.14,LOW,22.74,critical,98.75,MED,MED
2025-03-01,SUP_0064,SUP_0064,logistica,watch,3379741.34,108,4.61,37.56,58.73,16.5,1.099,0.9045,80.11,MED,0.0,critical,160.52,HIGH,HIGH
2025-03-01,SUP_0065,SUP_0065,hormigon,watch,3787995.15,161,11.83,3.83,10.89,21.97,1.099,0.9045,24.15,LOW,43.0,warning,54.0,LOW,LOW
2025-03-01,SUP_0066,SUP_0066,electricidad,watch,2786001.85,84,8.32,0.0,17.36,15.43,1.099,0.9045,17.35,LOW,61.77,warning,25.72,LOW,LOW
2025-03-01,SUP_0067,SUP_0067,electricidad,watch,2596423.95,99,5.09,1.36,13.25,10.42,1.099,0.9045,12.85,LOW,71.63,stable,26.12,LOW,LOW
2025-03-01,SUP_0068,SUP_0068,hormigon,stable,1550853.19,55,6.93,10.41,25.15,12.84,1.099,0.9045,34.9,LOW,42.98,warning,61.55,LOW,LOW
2025-03-01,SUP_0069,SUP_0069,hormigon,stable,3409090.12,53,6.42,12.05,35.77,16.42,1.099,0.9045,37.01,LOW,38.28,warning,75.16,MED,LOW
2025-03-01,SUP_0070,SUP_0070,hormigon,stable,1492583.77,97,4.62,12.21,28.9,18.63,1.099,0.9045,26.55,LOW,47.7,warning,65.3,LOW,LOW
2025-03-01,SUP_0071,SUP_0071,logistica,stable,2392499.01,110,0.35,17.84,30.61,9.45,1.099,0.9045,32.15,LOW,49.15,warning,56.57,LOW,LOW
2025-03-01,SUP_0072,SUP_0072,acabados,stable,2626507.83,92,11.42,0.0,10.91,14.58,1.099,0.9045,24.59,LOW,51.77,stable,50.77,LOW,LOW
2025-03-01,SUP_0073,SUP_0073,acabados,fragile,2465640.84,152,1.18,15.67,4.68,6.79,1.099,0.9045,22.36,LOW,59.63,warning,45.17,LOW,LOW
2025-03-01,SUP_0074,SUP_0074,acabados,stable,3111497.77,162,3.97,22.05,28.27,16.8,1.099,0.9045,40.89,LOW,28.33,critical,91.79,MED,MED
2025-03-01,SUP_0075,SUP_0075,logistica,stable,1759473.12,81,0.84,6.85,19.25,23.56,1.099,0.9045,-2.1,LOW,80.07,stable,11.96,LOW,LOW
2025-03-01,SUP_0076,SUP_0076,cemento,stable,1045773.56,71,6.18,7.59,48.02,44.64,1.099,0.9045,6.9,LOW,51.98,warning,42.08,LOW,LOW
2025-03-01,SUP_0077,SUP_0077,logistica,stable,2095506.3,62,1.91,5.58,36.55,8.46,1.099,0.9045,22.07,LOW,65.88,warning,45.84,LOW,LOW
2025-03-01,SUP_0078,SUP_0078,cemento,watch,1417524.54,86,2.5,7.99,42.32,19.67,1.099,0.9045,18.85,LOW,59.28,warning,53.65,LOW,LOW
2025-03-01,SUP_0079,SUP_0079,electricidad,watch,3226297.59,65,9.74,9.87,70.7,14.81,1.099,0.9045,61.03,LOW,12.72,critical,110.37,MED,HIGH
2025-03-01,SUP_0080,SUP_0080,fontaneria,watch,1408195.13,161,1.73,19.06,51.97,13.66,1.099,0.9045,43.52,LOW,31.49,critical,91.02,MED,MED
2025-03-01,SUP_0081,SUP_0081,acero,watch,4127606.38,88,4.06,23.98,50.92,14.49,1.099,0.9045,56.56,LOW,15.33,critical,117.35,MED,HIGH
2025-03-01,SUP_0082,SUP_0082,hormigon,stable,1345307.94,44,9.67,3.7,21.66,16.92,1.099,0.9045,27.39,LOW,48.79,critical,60.52,LOW,LOW
2025-03-01,SUP_0083,SUP_0083,hormigon,fragile,2227783.02,164,4.16,21.64,47.56,10.05,1.099,0.9045,56.29,LOW,17.27,critical,94.16,MED,HIGH
2025-03-01,SUP_0084,SUP_0084,acabados,stable,1696166.69,7,4.71,10.16,45.69,25.37,1.099,0.9045,24.56,LOW,48.94,warning,58.8,LOW,LOW
2025-03-01,SUP_0085,SUP_0085,acero,stable,4218152.37,10,1.19,9.25,41.27,15.79,1.099,0.9045,20.23,LOW,63.4,stable,43.7,LOW,LOW
2025-03-01,SUP_0086,SUP_0086,acero,stable,4265907.82,86,2.86,9.02,31.88,27.26,1.099,0.9045,9.19,LOW,63.13,warning,36.79,LOW,LOW
2025-03-01,SUP_0087,SUP_0087,logistica,watch,2544682.21,99,3.47,15.81,55.85,16.9,1.099,0.9045,42.36,LOW,32.31,critical,84.11,MED,MED
2025-03-01,SUP_0088,SUP_0088,hormigon,watch,2798150.3,87,6.55,10.29,37.55,17.21,1.099,0.9045,34.77,LOW,39.75,warning,73.99,LOW,LOW
2025-03-01,SUP_0089,SUP_0089,logistica,stable,469884.44,29,2.25,14.51,20.08,13.3,1.099,0.9045,24.25,LOW,56.72,warning,65.77,LOW,LOW
2025-03-01,SUP_0090,SUP_0090,logistica,watch,2823910.18,28,10.95,6.56,63.87,16.82,1.099,0.9045,54.64,LOW,19.35,critical,102.63,MED,MED
2025-03-01,SUP_0091,SUP_0091,fontaneria,stable,7150371.1,197,1.8,11.22,5.04,19.23,1.099,0.9045,5.27,LOW,68.89,stable,32.52,LOW,LOW
2025-03-01,SUP_0092,SUP_0092,hormigon,watch,3210747.22,89,0.0,13.54,17.61,15.35,1.099,0.9045,12.89,LOW,67.69,stable,32.44,LOW,LOW
2025-03-01,SUP_0093,SUP_0093,hormigon,stable,3093464.07,103,8.63,4.89,10.05,15.97,1.099,0.9045,21.78,LOW,53.66,warning,39.04,LOW,LOW
2025-03-01,SUP_0094,SUP_0094,hormigon,stable,5338215.56,73,12.23,8.35,5.8,7.8,1.099,0.9045,44.0,LOW,32.34,critical,89.99,MED,MED
2025-03-01,SUP_0095,SUP_0095,fontaneria,stable,3739309.6,85,6.74,14.69,18.04,15.95,1.099,0.9045,34.44,LOW,38.56,critical,58.22,LOW,LOW
2025-03-01,SUP_0096,SUP_0096,hormigon,watch,709489.52,8,0.0,12.14,53.4,4.57,1.099,0.9045,37.66,LOW,53.06,warning,59.33,LOW,MED
2025-03-01,SUP_0097,SUP_0097,electricidad,stable,907364.11,137,4.45,11.84,26.91,11.02,1.099,0.9045,32.19,LOW,46.16,warning,62.92,LOW,LOW
2025-03-01,SUP_0098,SUP_0098,cemento,stable,3065296.05,95,4.4,8.17,28.91,23.07,1.099,0.9045,15.41,LOW,58.26,warning,45.48,LOW,LOW
2025-03-01,SUP_0099,SUP_0099,electricidad,stable,1864190.21,32,5.54,12.72,54.17,19.61,1.099,0.9045,40.45,LOW,33.94,critical,74.62,LOW,MED
2025-03-01,SUP_0100,SUP_0100,cemento,fragile,2346912.71,68,4.73,8.53,85.91,28.86,1.099,0.9045,36.77,LOW,33.45,critical,82.04,MED,LOW
2025-03-01,SUP_0101,SUP_0101,fontaneria,fragile,2578149.96,45,18.81,1.58,33.94,4.37,1.099,0.9045,69.69,LOW,6.52,critical,114.5,MED,HIGH
2025-03-01,SUP_0102,SUP_0102,cemento,watch,762800.05,52,8.41,18.1,62.85,15.67,1.099,0.9045,64.99,LOW,5.8,critical,119.74,MED,HIGH
2025-03-01,SUP_0103,SUP_0103,hormigon,stable,1131868.97,72,1.23,7.11,33.79,21.91,1.099,0.9045,7.66,LOW,71.15,stable,21.21,LOW,LOW
2025-03-01,SUP_0104,SUP_0104,hormigon,fragile,199714.8,9,12.82,2.7,34.94,14.11,1.099,0.9045,44.12,LOW,32.26,critical,85.08,MED,MED
2025-03-01,SUP_0105,SUP_0105,acabados,watch,1895960.83,106,10.26,10.87,28.21,14.69,1.099,0.9045,45.1,LOW,26.47,critical,92.83,MED,MED
2025-03-01,SUP_0106,SUP_0106,cemento,watch,1921246.43,114,6.6,15.98,19.16,17.23,1.099,0.9045,35.16,LOW,35.62,critical,72.0,LOW,LOW
2025-03-01,SUP_0107,SUP_0107,electricidad,stable,1984615.98,63,2.49,3.86,15.79,20.22,1.099,0.9045,0.16,LOW,80.38,stable,11.72,LOW,LOW
2025-03-01,SUP_0108,SUP_0108,fontaneria,stable,3346742.44,10,7.99,9.92,21.07,9.59,1.099,0.9045,38.75,LOW,41.77,warning,73.45,LOW,MED
2025-03-01,SUP_0109,SUP_0109,electricidad,stable,2753313.36,39,9.81,1.02,39.52,5.22,1.099,0.9045,43.53,LOW,41.57,warning,71.53,LOW,MED
2025-03-01,SUP_0110,SUP_0110,fontaneria,fragile,1982773.49,168,0.75,8.68,92.14,4.0,1.099,0.9045,52.72,LOW,34.55,critical,84.1,MED,MED
2025-03-01,SUP_0111,SUP_0111,acabados,watch,437705.18,11,7.53,7.59,18.55,19.28,1.099,0.9045,23.05,LOW,52.75,warning,63.73,LOW,LOW
2025-03-01,SUP_0112,SUP_0112,acero,stable,3183145.98,78,3.9,9.66,38.96,15.01,1.099,0.9045,28.71,LOW,50.46,stable,64.15,LOW,LOW
2025-03-01,SUP_0113,SUP_0113,acabados,stable,3412461.12,29,12.01,7.5,17.78,17.38,1.099,0.9045,37.91,LOW,34.15,critical,77.8,MED,MED
2025-03-01,SUP_0114,SUP_0114,acero,watch,3123548.68,80,5.98,3.71,38.99,12.4,1.099,0.9045,28.67,LOW,53.05,warning,60.09,LOW,LOW
2025-03-01,SUP_0115,SUP_0115,logistica,stable,3076588.74,60,15.86,9.95,32.39,27.82,1.099,0.9045,49.27,LOW,10.01,critical,103.36,MED,MED
2025-03-01,SUP_0116,SUP_0116,electricidad,fragile,1046756.41,83,3.03,18.33,13.82,14.23,1.099,0.9045,28.57,LOW,47.48,warning,65.46,LOW,LOW
2025-03-01,SUP_0117,SUP_0117,acabados,watch,4450459.32,93,11.14,1.05,52.15,10.58,1.099,0.9045,47.9,LOW,30.77,critical,76.73,MED,MED
2025-03-01,SUP_0118,SUP_0118,logistica,watch,1549543.25,187,7.16,1.08,35.02,27.48,1.099,0.9045,11.38,LOW,57.46,warning,38.35,LOW,LOW
2025-03-01,SUP_0119,SUP_0119,acabados,stable,4562500.89,63,4.95,7.84,21.11,40.22,1.099,0.9045,-4.13,LOW,67.22,warning,22.22,LOW,LOW
2025-03-01,SUP_0120,SUP_0120,acabados,watch,1067341.51,71,8.07,5.12,26.31,27.48,1.099,0.9045,16.25,LOW,53.14,warning,54.44,LOW,LOW
2025-03-01,SUP_0121,SUP_0121,electricidad,watch,1651490.19,22,15.51,10.51,33.95,20.03,1.099,0.9045,57.55,LOW,8.0,critical,116.99,MED,HIGH
2025-03-01,SUP_0122,SUP_0122,cemento,watch,2747724.83,143,5.25,12.93,59.79,27.93,1.099,0.9045,34.12,LOW,31.71,critical,63.42,LOW,LOW
2025-03-01,SUP_0123,SUP_0123,electricidad,stable,2619904.62,61,0.7,15.16,31.57,25.15,1.099,0.9045,13.9,LOW,59.65,stable,47.02,LOW,LOW
2025-03-01,SUP_0124,SUP_0124,hormigon,stable,3858518.1,67,5.99,8.59,35.86,39.8,1.099,0.9045,7.21,LOW,54.62,warning,46.69,LOW,LOW
2025-03-01,SUP_0125,SUP_0125,logistica,stable,3710789.1,75,3.73,4.68,31.77,21.08,1.099,0.9045,11.43,LOW,66.55,warning,36.57,LOW,LOW
2025-03-01,SUP_0126,SUP_0126,hormigon,watch,3282438.37,36,8.39,4.17,36.14,15.22,1.099,0.9045,32.47,LOW,46.09,warning,68.77,LOW,LOW
2025-03-01,SUP_0127,SUP_0127,hormigon,stable,4092455.3,97,5.41,3.74,35.37,8.36,1.099,0.9045,29.41,LOW,54.96,warning,56.93,LOW,LOW
2025-03-01,SUP_0128,SUP_0128,hormigon,stable,2237288.64,183,0.47,10.75,11.91,34.21,1.099,0.9045,-11.32,LOW,77.75,stable,8.33,LOW,LOW
2025-03-01,SUP_0129,SUP_0129,fontaneria,stable,814985.15,83,0.8,7.37,33.62,7.05,1.099,0.9045,21.53,LOW,66.91,stable,34.75,LOW,LOW
2025-03-01,SUP_0130,SUP_0130,electricidad,watch,1752728.96,21,7.21,11.93,33.29,8.17,1.099,0.9045,46.33,LOW,34.57,critical,87.86,MED,MED
2025-03-01,SUP_0131,SUP_0131,logistica,stable,4571983.05,70,4.27,0.0,52.33,45.0,1.099,0.9045,-8.64,LOW,73.02,warning,1.47,LOW,LOW
2025-03-01,SUP_0132,SUP_0132,acero,fragile,4230751.16,96,0.0,3.94,51.37,11.18,1.099,0.9045,17.84,LOW,70.05,stable,36.36,LOW,LOW
2025-03-01,SUP_0133,SUP_0133,hormigon,watch,1255409.06,14,6.83,2.01,44.13,12.3,1.099,0.9045,31.07,LOW,52.67,warning,63.58,LOW,LOW
2025-03-01,SUP_0134,SUP_0134,cemento,stable,2373419.21,29,6.79,7.36,40.25,14.26,1.099,0.9045,35.28,LOW,44.09,warning,66.5,LOW,LOW
2025-03-01,SUP_0135,SUP_0135,cemento,watch,1968486.58,146,3.58,10.39,62.87,6.73,1.099,0.9045,47.87,LOW,34.58,critical,92.74,MED,MED
2025-03-01,SUP_0136,SUP_0136,acero,stable,2359803.06,135,1.01,7.94,68.81,19.51,1.099,0.9045,26.39,LOW,51.9,warning,65.84,LOW,LOW
2025-03-01,SUP_0137,SUP_0137,logistica,fragile,1435087.93,88,11.28,7.98,55.49,12.48,1.099,0.9045,58.29,LOW,15.71,critical,111.34,MED,HIGH
2025-03-01,SUP_0138,SUP_0138,electricidad,watch,1758254.67,168,8.28,20.39,43.41,12.36,1.099,0.9045,62.59,LOW,5.88,critical,129.08,HIGH,HIGH
2025-03-01,SUP_0139,SUP_0139,logistica,watch,1769049.06,106,11.6,6.01,55.56,33.92,1.099,0.9045,34.91,LOW,25.26,critical,73.6,LOW,LOW
2025-03-01,SUP_0140,SUP_0140,cemento,stable,3158894.05,94,5.07,3.89,19.76,14.24,1.099,0.9045,15.69,LOW,65.23,warning,40.36,LOW,LOW
2025-03-01,SUP_0141,SUP_0141,cemento,watch,3445986.52,252,12.53,20.67,40.38,14.89,1.099,0.9045,71.89,MED,0.0,critical,136.54,HIGH,HIGH
2025-03-01,SUP_0142,SUP_0142,acabados,watch,2250745.39,67,5.88,3.68,43.81,7.22,1.099,0.9045,35.65,LOW,49.94,warning,69.55,LOW,LOW
2025-03-01,SUP_0143,SUP_0143,cemento,fragile,2271914.79,56,8.64,23.08,68.81,17.01,1.099,0.9045,74.49,MED,0.0,critical,131.12,HIGH,HIGH
2025-03-01,SUP_0144,SUP_0144,cemento,watch,3205600.05,167,2.99,8.51,28.76,15.02,1.099,0.9045,19.65,LOW,58.31,warning,39.49,LOW,LOW
2025-03-01,SUP_0145,SUP_0145,acero,watch,2023753.39,111,9.46,13.34,10.66,6.98,1.099,0.9045,46.22,LOW,29.77,critical,81.65,MED,MED
2025-03-01,SUP_0146,SUP_0146,logistica,stable,1585159.83,89,3.87,12.17,4.42,23.79,1.099,0.9045,8.05,LOW,63.86,warning,30.47,LOW,LOW
2025-03-01,SUP_0147,SUP_0147,fontaneria,stable,1770724.06,41,3.32,7.43,16.48,16.88,1.099,0.9045,11.65,LOW,69.12,warning,28.1,LOW,LOW
2025-03-01,SUP_0148,SUP_0148,cemento,watch,2284650.93,244,3.4,31.28,31.21,11.93,1.099,0.9045,59.24,LOW,6.64,critical,123.06,HIGH,HIGH
2025-03-01,SUP_0149,SUP_0149,acabados,stable,1252701.77,93,7.55,7.54,32.06,38.3,1.099,0.9045,10.09,LOW,50.89,warning,49.97,LOW,LOW
2025-03-01,SUP_0150,SUP_0150,acabados,stable,3473313.55,70,6.17,2.63,67.86,28.07,1.099,0.9045,24.93,LOW,47.24,warning,61.06,LOW,LOW
2025-03-01,SUP_0151,SUP_0151,acabados,fragile,4499630.69,86,8.71,23.64,81.03,9.7,1.099,0.9045,88.34,MED,0.0,critical,160.39,HIGH,HIGH
2025-03-01,SUP_0152,SUP_0152,logistica,fragile,951868.84,73,3.66,4.97,29.95,1.0,1.099,0.9045,30.91,LOW,60.09,warning,57.65,LOW,LOW
2025-03-01,SUP_0153,SUP_0153,hormigon,stable,4141535.93,102,7.13,5.36,30.99,12.88,1.099,0.9045,30.49,LOW,48.26,warning,63.38,LOW,LOW
2025-03-01,SUP_0154,SUP_0154,logistica,watch,2755273.04,112,4.82,15.52,36.29,13.95,1.099,0.9045,40.11,LOW,34.89,warning,89.27,MED,MED
2025-03-01,SUP_0155,SUP_0155,acero,stable,3365715.97,51,10.67,10.03,27.06,11.01,1.099,0.9045,48.22,LOW,27.4,critical,92.79,MED,MED
2025-03-01,SUP_0156,SUP_0156,acabados,watch,2103383.4,97,0.0,9.86,32.43,19.69,1.099,0.9045,9.7,LOW,69.66,warning,30.77,LOW,LOW
2025-03-01,SUP_0157,SUP_0157,fontaneria,stable,1186939.08,192,3.44,8.12,38.3,15.88,1.099,0.9045,23.86,LOW,52.56,warning,56.26,LOW,LOW
2025-03-01,SUP_0158,SUP_0158,acabados,watch,1781857.24,126,3.06,10.08,34.67,16.95,1.099,0.9045,22.95,LOW,54.15,warning,51.71,LOW,LOW
2025-03-01,SUP_0159,SUP_0159,fontaneria,watch,2719686.05,99,0.0,13.48,52.84,12.07,1.099,0.9045,31.94,LOW,50.52,critical,63.59,LOW,LOW
2025-03-01,SUP_0160,SUP_0160,fontaneria,watch,3311295.84,47,2.71,16.15,22.89,17.46,1.099,0.9045,25.19,LOW,51.25,warning,54.87,LOW,LOW
2025-03-01,SUP_0161,SUP_0161,fontaneria,stable,397300.22,87,2.05,8.92,27.98,19.78,1.099,0.9045,12.34,LOW,65.68,stable,32.46,LOW,LOW
2025-03-01,SUP_0162,SUP_0162,acabados,fragile,3606624.45,71,6.18,1.72,95.0,9.77,1.099,0.9045,54.1,LOW,30.38,critical,97.21,MED,MED
2025-03-01,SUP_0163,SUP_0163,acabados,stable,3262323.47,63,7.76,10.49,25.31,33.61,1.099,0.9045,16.78,LOW,46.48,warning,50.04,LOW,LOW
2025-03-01,SUP_0164,SUP_0164,cemento,stable,2298969.92,106,3.15,3.71,47.31,1.13,1.099,0.9045,35.18,LOW,55.91,warning,58.15,LOW,LOW
2025-03-01,SUP_0165,SUP_0165,acabados,watch,3875596.66,27,4.6,15.21,41.54,1.26,1.099,0.9045,54.05,LOW,32.12,critical,88.08,MED,MED
2025-03-01,SUP_0166,SUP_0166,electricidad,stable,2293449.87,138,4.84,2.61,29.36,14.92,1.099,0.9045,16.73,LOW,63.29,warning,46.54,LOW,LOW
2025-03-01,SUP_0167,SUP_0167,acero,fragile,2709274.79,93,19.56,13.9,52.73,14.73,1.099,0.9045,88.52,MED,0.0,critical,159.92,HIGH,HIGH
2025-03-01,SUP_0168,SUP_0168,electricidad,fragile,1161547.59,133,1.32,24.18,58.1,19.79,1.099,0.9045,46.59,LOW,23.16,critical,89.62,MED,MED
2025-03-01,SUP_0169,SUP_0169,logistica,stable,265365.82,34,3.44,6.45,21.22,25.98,1.099,0.9045,3.58,LOW,71.85,warning,33.27,LOW,LOW
2025-03-01,SUP_0170,SUP_0170,logistica,fragile,4469208.42,129,8.83,13.6,44.21,12.01,1.099,0.9045,54.77,LOW,17.92,critical,108.43,MED,MED
2025-03-01,SUP_0171,SUP_0171,acabados,stable,1731941.94,125,2.17,4.34,15.35,33.02,1.099,0.9045,-13.07,LOW,83.5,stable,0.0,LOW,LOW
2025-03-01,SUP_0172,SUP_0172,electricidad,watch,1755765.36,77,7.01,5.17,45.13,22.08,1.099,0.9045,27.0,LOW,46.75,critical,58.76,LOW,LOW
2025-03-01,SUP_0173,SUP_0173,acabados,stable,1616960.16,24,6.47,10.09,47.11,17.21,1.099,0.9045,38.53,LOW,38.05,warning,81.98,MED,MED
2025-03-01,SUP_0174,SUP_0174,acero,fragile,863436.04,124,11.95,30.33,69.61,13.85,1.099,0.9045,98.84,MED,0.0,critical,180.0,HIGH,HIGH
2025-03-01,SUP_0175,SUP_0175,fontaneria,stable,2842673.62,95,1.17,13.18,26.77,14.47,1.099,0.9045,20.85,LOW,59.14,warning,57.06,LOW,LOW
2025-03-01,SUP_0176,SUP_0176,fontaneria,stable,1971416.07,26,3.4,17.77,36.26,13.97,1.099,0.9045,39.21,LOW,38.63,warning,71.12,LOW,MED
2025-03-01,SUP_0177,SUP_0177,hormigon,stable,3331463.13,75,9.64,9.03,28.35,21.68,1.099,0.9045,33.54,LOW,35.97,warning,58.76,LOW,LOW
2025-03-01,SUP_0178,SUP_0178,hormigon,fragile,4128805.71,93,4.15,21.87,85.67,14.41,1.099,0.9045,69.39,LOW,3.38,critical,126.46,HIGH,HIGH
2025-03-01,SUP_0179,SUP_0179,cemento,fragile,4095151.27,76,1.79,6.1,16.06,8.11,1.099,0.9045,13.63,LOW,73.97,warning,22.61,LOW,LOW
2025-03-01,SUP_0180,SUP_0180,cemento,watch,2646524.67,97,7.19,21.11,33.66,16.24,1.099,0.9045,52.14,LOW,16.64,critical,95.03,MED,MED
2025-03-01,SUP_0181,SUP_0181,electricidad,fragile,4931047.82,128,6.24,19.06,8.87,1.0,1.099,0.9045,50.31,LOW,29.45,critical,83.12,MED,MED
2025-03-01,SUP_0182,SUP_0182,electricidad,fragile,1582792.78,174,3.91,15.26,25.37,6.66,1.099,0.9045,39.38,LOW,39.53,critical,68.42,LOW,MED
2025-03-01,SUP_0183,SUP_0183,hormigon,watch,1999125.93,156,5.31,12.43,70.59,6.39,1.099,0.9045,59.94,LOW,19.72,critical,98.29,MED,HIGH
2025-03-01,SUP_0184,SUP_0184,acero,stable,3250440.52,11,10.18,18.75,37.35,17.32,1.099,0.9045,58.15,LOW,10.7,critical,116.89,MED,HIGH
2025-03-01,SUP_0185,SUP_0185,fontaneria,watch,5246820.19,63,0.0,15.92,25.75,14.63,1.099,0.9045,20.85,LOW,59.79,warning,54.64,LOW,LOW
2025-03-01,SUP_0186,SUP_0186,hormigon,watch,1366073.2,83,1.58,28.35,15.69,4.9,1.099,0.9045,49.42,LOW,29.15,critical,81.72,MED,MED
2025-03-01,SUP_0187,SUP_0187,acero,stable,2228627.13,17,1.45,5.6,6.28,15.52,1.099,0.9045,0.03,LOW,85.12,stable,19.9,LOW,LOW
2025-03-01,SUP_0188,SUP_0188,acero,stable,4951064.52,83,13.55,9.31,16.94,9.07,1.099,0.9045,53.15,LOW,20.27,critical,98.19,MED,MED
2025-03-01,SUP_0189,SUP_0189,electricidad,watch,3873642.36,118,9.99,17.93,81.38,34.05,1.099,0.9045,59.44,LOW,0.0,critical,115.44,MED,HIGH
2025-03-01,SUP_0190,SUP_0190,acero,stable,2964117.05,34,5.38,0.0,40.22,36.94,1.099,0.9045,-2.71,LOW,72.31,stable,15.29,LOW,LOW
2025-03-01,SUP_0191,SUP_0191,acabados,fragile,2170815.38,91,3.78,10.67,35.16,11.08,1.099,0.9045,32.07,LOW,48.9,warning,62.05,LOW,LOW
2025-03-01,SUP_0192,SUP_0192,acero,stable,2368706.0,49,2.46,0.0,35.84,16.69,1.099,0.9045,6.81,LOW,78.42,stable,15.94,LOW,LOW
2025-03-01,SUP_0193,SUP_0193,electricidad,stable,4250134.26,60,8.17,2.18,11.27,6.52,1.099,0.9045,26.33,LOW,58.36,stable,50.08,LOW,LOW
2025-03-01,SUP_0194,SUP_0194,acero,fragile,2009545.66,161,7.37,15.16,37.78,1.96,1.099,0.9045,59.9,LOW,19.03,critical,104.25,MED,HIGH
2025-03-01,SUP_0195,SUP_0195,hormigon,stable,3306876.92,56,3.91,11.7,40.02,14.98,1.099,0.9045,32.32,LOW,46.51,warning,67.56,LOW,LOW
2025-03-01,SUP_0196,SUP_0196,fontaneria,stable,3070681.37,101,6.65,2.1,30.02,8.34,1.099,0.9045,28.26,LOW,55.58,warning,41.55,LOW,LOW
2025-03-01,SUP_0197,SUP_0197,hormigon,watch,2478788.68,15,4.53,4.26,55.22,14.68,1.099,0.9045,30.15,LOW,53.19,warning,66.57,LOW,LOW
2025-03-01,SUP_0198,SUP_0198,acero,fragile,3797397.74,177,7.5,23.12,77.66,3.47,1.099,0.9045,88.64,MED,0.0,critical,152.85,HIGH,HIGH
2025-03-01,SUP_0199,SUP_0199,acabados,stable,4115676.5,92,6.09,5.99,38.18,19.63,1.099,0.9045,24.81,LOW,50.58,warning,51.05,LOW,LOW
2025-03-01,SUP_0200,SUP_0200,logistica,stable,742602.4,48,9.01,27.18,16.47,12.8,1.099,0.9045,62.42,LOW,5.21,critical,122.85,HIGH,HIGH
2025-03-01,SUP_0201,SUP_0201,fontaneria,watch,4124850.88,90,0.95,10.39,63.14,13.16,1.099,0.9045,33.7,LOW,48.92,warning,59.14,LOW,LOW
2025-03-01,SUP_0202,SUP_0202,logistica,fragile,1768615.47,38,0.0,12.97,95.0,18.05,1.099,0.9045,44.15,LOW,36.49,critical,88.06,MED,MED
2025-03-01,SUP_0203,SUP_0203,acabados,watch,3942866.25,114,11.08,23.41,19.84,4.88,1.099,0.9045,72.4,MED,0.0,critical,144.68,HIGH,HIGH
2025-03-01,SUP_0204,SUP_0204,electricidad,stable,2408389.23,56,9.81,12.99,20.22,28.23,1.099,0.9045,29.77,LOW,33.9,critical,79.49,MED,LOW
2025-03-01,SUP_0205,SUP_0205,acabados,stable,3317845.24,74,0.96,2.53,47.47,17.83,1.099,0.9045,10.2,LOW,73.75,stable,20.65,LOW,LOW
2025-03-01,SUP_0206,SUP_0206,acero,stable,4161406.94,57,0.18,6.62,33.06,27.79,1.099,0.9045,-2.45,LOW,79.19,stable,15.97,LOW,LOW
2025-03-01,SUP_0207,SUP_0207,electricidad,stable,2980300.41,70,5.44,8.68,44.52,18.87,1.099,0.9045,30.5,LOW,45.34,warning,53.14,LOW,LOW
2025-03-01,SUP_0208,SUP_0208,electricidad,watch,4175708.33,80,9.48,4.52,31.72,6.24,1.099,0.9045,43.25,LOW,38.56,critical,68.06,LOW,MED
2025-03-01,SUP_0209,SUP_0209,logistica,stable,215030.42,69,5.31,9.71,62.01,13.56,1.099,0.9045,44.84,LOW,34.12,warning,84.75,MED,MED
2025-03-01,SUP_0210,SUP_0210,acabados,watch,5697273.94,86,7.79,7.62,46.74,16.57,1.099,0.9045,39.26,LOW,35.79,warning,86.67,MED,MED
2025-03-01,SUP_0211,SUP_0211,electricidad,watch,3306727.56,75,4.0,21.42,42.24,19.72,1.099,0.9045,43.41,LOW,26.8,critical,82.73,MED,MED
2025-03-01,SUP_0212,SUP_0212,fontaneria,watch,2787830.17,104,3.41,1.72,64.69,11.28,1.099,0.9045,30.63,LOW,54.64,warning,55.86,LOW,LOW
2025-03-01,SUP_0213,SUP_0213,hormigon,stable,1399753.94,67,4.82,4.29,23.24,35.18,1.099,0.9045,-3.83,LOW,71.99,stable,8.29,LOW,LOW
2025-03-01,SUP_0214,SUP_0214,acabados,fragile,1838471.6,140,8.51,13.72,37.37,17.77,1.099,0.9045,45.14,LOW,23.75,critical,90.26,MED,MED
2025-03-01,SUP_0215,SUP_0215,electricidad,watch,2598268.71,32,3.21,17.0,43.55,9.79,1.099,0.9045,44.94,LOW,36.01,warning,75.07,MED,MED
2025-03-01,SUP_0216,SUP_0216,electricidad,watch,2066509.53,125,9.36,33.55,56.17,12.79,1.099,0.9045,90.89,MED,0.0,critical,169.0,HIGH,HIGH
2025-03-01,SUP_0217,SUP_0217,acabados,stable,2989057.29,193,0.0,6.36,11.3,28.47,1.099,0.9045,-13.84,LOW,86.36,stable,0.0,LOW,LOW
2025-03-01,SUP_0218,SUP_0218,fontaneria,stable,4414722.65,33,7.64,7.2,45.27,24.45,1.099,0.9045,29.62,LOW,42.26,warning,64.66,LOW,LOW
2025-03-01,SUP_0219,SUP_0219,cemento,fragile,860129.03,215,3.51,12.87,41.71,7.13,1.099,0.9045,41.48,LOW,37.5,critical,70.22,LOW,MED
2025-03-01,SUP_0220,SUP_0220,acero,stable,3142919.77,124,13.35,8.44,41.39,9.35,1.099,0.9045,61.99,LOW,10.63,critical,108.66,MED,HIGH
2025-04-01,SUP_0001,SUP_0001,logistica,watch,3961670.79,177,0.0,10.67,53.32,3.7,0.9695,0.9196,36.31,LOW,50.63,warning,69.62,LOW,LOW
2025-04-01,SUP_0002,SUP_0002,acero,stable,3297980.53,48,1.42,11.53,15.96,24.02,0.9695,0.9196,4.71,LOW,71.06,stable,28.96,LOW,LOW
2025-04-01,SUP_0003,SUP_0003,cemento,fragile,2269745.68,32,0.45,45.0,80.32,8.75,0.9695,0.9196,96.26,MED,0.0,critical,173.64,HIGH,HIGH
2025-04-01,SUP_0004,SUP_0004,electricidad,watch,2823512.38,72,2.02,18.59,35.63,3.97,0.9695,0.9196,46.0,LOW,37.96,warning,76.31,MED,MED
2025-04-01,SUP_0005,SUP_0005,electricidad,stable,3104158.63,99,9.38,11.11,45.39,11.53,0.9695,0.9196,53.7,LOW,20.9,critical,94.98,MED,MED
2025-04-01,SUP_0006,SUP_0006,fontaneria,fragile,3287127.49,94,4.81,25.93,91.12,15.71,0.9695,0.9196,78.63,MED,0.0,critical,138.81,HIGH,HIGH
2025-04-01,SUP_0007,SUP_0007,acero,watch,3428993.44,69,5.27,4.2,92.59,16.13,0.9695,0.9196,47.64,LOW,32.44,warning,95.75,MED,MED
2025-04-01,SUP_0008,SUP_0008,logistica,watch,1495429.79,43,2.88,1.41,49.98,20.48,0.9695,0.9196,12.75,LOW,69.06,stable,28.81,LOW,LOW
2025-04-01,SUP_0009,SUP_0009,electricidad,stable,3468114.32,51,3.5,3.76,10.02,8.15,0.9695,0.9196,12.5,LOW,75.3,stable,30.6,LOW,LOW
2025-04-01,SUP_0010,SUP_0010,acero,watch,3938847.38,72,2.17,8.62,43.48,17.21,0.9695,0.9196,21.81,LOW,58.37,warning,50.06,LOW,LOW
2025-04-01,SUP_0011,SUP_0011,logistica,stable,2870158.89,210,5.6,3.41,9.83,15.78,0.9695,0.9196,10.55,LOW,65.61,warning,24.31,LOW,LOW
2025-04-01,SUP_0012,SUP_0012,logistica,fragile,2266742.98,74,1.58,4.18,38.61,10.31,0.9695,0.9196,18.06,LOW,69.34,warning,45.55,LOW,LOW
2025-04-01,SUP_0013,SUP_0013,electricidad,watch,3289616.11,155,7.27,5.37,70.78,23.57,0.9695,0.9196,38.15,LOW,31.93,critical,70.84,LOW,MED
2025-04-01,SUP_0014,SUP_0014,cemento,fragile,1665090.25,68,7.69,29.29,81.88,13.6,0.9695,0.9196,90.26,MED,0.0,critical,168.91,HIGH,HIGH
2025-04-01,SUP_0015,SUP_0015,fontaneria,stable,2031266.69,63,3.04,4.82,22.69,45.0,0.9695,0.9196,-18.44,LOW,81.84,stable,0.0,LOW,LOW
2025-04-01,SUP_0016,SUP_0016,electricidad,stable,1134656.76,40,9.71,16.69,18.39,22.81,0.9695,0.9196,39.64,LOW,26.28,warning,90.61,MED,MED
2025-04-01,SUP_0017,SUP_0017,hormigon,watch,3868431.85,11,7.27,13.71,35.72,15.28,0.9695,0.9196,43.19,LOW,32.42,critical,77.81,MED,MED
2025-04-01,SUP_0018,SUP_0018,fontaneria,stable,2700801.34,22,5.37,6.69,11.84,21.31,0.9695,0.9196,10.16,LOW,66.63,stable,40.58,LOW,LOW
2025-04-01,SUP_0019,SUP_0019,acabados,fragile,1745341.74,21,5.42,6.52,45.16,15.03,0.9695,0.9196,31.35,LOW,49.57,critical,61.52,LOW,LOW
2025-04-01,SUP_0020,SUP_0020,cemento,watch,237355.9,10,1.84,15.32,39.69,21.09,0.9695,0.9196,25.29,LOW,51.2,warning,56.14,LOW,LOW
2025-04-01,SUP_0021,SUP_0021,acabados,watch,1375902.01,47,1.03,16.73,57.38,14.12,0.9695,0.9196,39.89,LOW,40.11,warning,72.43,LOW,MED
2025-04-01,SUP_0022,SUP_0022,cemento,stable,3662530.53,160,2.11,5.08,31.78,29.09,0.9695,0.9196,-0.82,LOW,72.45,warning,21.51,LOW,LOW
2025-04-01,SUP_0023,SUP_0023,acabados,fragile,1723136.2,86,8.31,20.55,5.06,14.42,0.9695,0.9196,43.6,LOW,25.88,critical,99.99,MED,MED
2025-04-01,SUP_0024,SUP_0024,acero,fragile,2751640.11,134,10.12,20.76,59.66,7.5,0.9695,0.9196,80.86,MED,0.0,critical,139.12,HIGH,HIGH
2025-04-01,SUP_0025,SUP_0025,cemento,watch,1112890.67,76,4.64,24.91,43.99,16.07,0.9695,0.9196,54.99,LOW,15.21,critical,113.61,MED,MED
2025-04-01,SUP_0026,SUP_0026,logistica,stable,4389374.31,121,1.55,10.12,35.89,17.52,0.9695,0.9196,18.47,LOW,59.89,warning,46.54,LOW,LOW
2025-04-01,SUP_0027,SUP_0027,hormigon,watch,2399635.99,37,8.03,15.12,60.84,12.91,0.9695,0.9196,61.24,LOW,13.67,critical,112.1,MED,HIGH
2025-04-01,SUP_0028,SUP_0028,fontaneria,stable,2823741.63,104,2.03,10.04,5.23,28.87,0.9695,0.9196,-5.38,LOW,76.46,stable,17.19,LOW,LOW
2025-04-01,SUP_0029,SUP_0029,hormigon,stable,5260504.97,108,3.69,10.2,18.35,22.63,0.9695,0.9196,12.0,LOW,61.26,warning,37.38,LOW,LOW
2025-04-01,SUP_0030,SUP_0030,logistica,watch,5434587.13,56,4.32,7.12,44.15,9.3,0.9695,0.9196,34.22,LOW,50.19,critical,60.71,LOW,LOW
2025-04-01,SUP_0031,SUP_0031,acabados,watch,2390301.01,107,12.36,4.79,16.08,21.3,0.9695,0.9196,30.19,LOW,38.01,critical,56.96,LOW,LOW
2025-04-01,SUP_0032,SUP_0032,acabados,fragile,2047542.89,141,8.72,5.8,83.12,14.13,0.9695,0.9196,58.13,LOW,16.82,critical,95.67,MED,HIGH
2025-04-01,SUP_0033,SUP_0033,electricidad,stable,2139907.84,56,0.92,2.28,37.94,8.45,0.9695,0.9196,14.8,LOW,75.97,stable,18.1,LOW,LOW
2025-04-01,SUP_0034,SUP_0034,electricidad,stable,2946722.26,35,2.65,3.12,40.31,40.15,0.9695,0.9196,-9.37,LOW,78.03,stable,11.08,LOW,LOW
2025-04-01,SUP_0035,SUP_0035,fontaneria,watch,2535224.27,41,7.54,19.66,29.34,10.83,0.9695,0.9196,54.51,LOW,19.86,critical,98.31,MED,MED
2025-04-01,SUP_0036,SUP_0036,acabados,stable,2638471.98,105,2.14,9.51,37.82,7.11,0.9695,0.9196,30.59,LOW,54.74,warning,53.72,LOW,LOW
2025-04-01,SUP_0037,SUP_0037,acabados,stable,3863193.87,95,2.95,1.34,44.82,5.98,0.9695,0.9196,25.06,LOW,64.59,warning,35.52,LOW,LOW
2025-04-01,SUP_0038,SUP_0038,cemento,watch,2762045.59,70,2.42,17.93,49.43,7.63,0.9695,0.9196,48.75,LOW,32.83,critical,88.22,MED,MED
2025-04-01,SUP_0039,SUP_0039,fontaneria,stable,5897386.61,87,8.55,16.23,44.96,19.41,0.9695,0.9196,50.81,LOW,17.31,critical,95.39,MED,MED
2025-04-01,SUP_0040,SUP_0040,cemento,watch,2625017.89,108,9.13,20.05,50.28,14.2,0.9695,0.9196,65.9,LOW,2.48,critical,122.68,HIGH,HIGH
2025-04-01,SUP_0041,SUP_0041,acero,stable,4214258.3,114,3.87,13.56,20.1,11.41,0.9695,0.9196,29.58,LOW,48.95,warning,60.18,LOW,LOW
2025-04-01,SUP_0042,SUP_0042,acabados,fragile,3827233.46,96,12.61,9.51,53.56,15.9,0.9695,0.9196,60.28,LOW,9.13,critical,103.47,MED,HIGH
2025-04-01,SUP_0043,SUP_0043,hormigon,watch,3318965.1,131,0.0,6.32,43.25,18.21,0.9695,0.9196,10.73,LOW,70.35,warning,26.72,LOW,LOW
2025-04-01,SUP_0044,SUP_0044,acabados,stable,1650428.03,43,1.66,5.48,36.66,21.55,0.9695,0.9196,8.15,LOW,72.16,stable,22.95,LOW,LOW
2025-04-01,SUP_0045,SUP_0045,electricidad,fragile,2397549.74,157,7.11,24.96,74.2,14.67,0.9695,0.9196,77.49,MED,0.0,critical,137.26,HIGH,HIGH
2025-04-01,SUP_0046,SUP_0046,hormigon,fragile,3771639.53,66,0.99,13.49,39.01,12.14,0.9695,0.9196,28.63,LOW,53.76,warning,59.89,LOW,LOW
2025-04-01,SUP_0047,SUP_0047,acero,stable,4365830.52,135,10.55,8.42,31.4,1.98,0.9695,0.9196,56.41,LOW,23.51,critical,105.88,MED,HIGH
2025-04-01,SUP_0048,SUP_0048,electricidad,stable,2850760.56,88,12.96,14.03,49.86,9.54,0.9695,0.9196,72.82,MED,0.0,critical,127.97,HIGH,HIGH
2025-04-01,SUP_0049,SUP_0049,acabados,watch,1510528.19,71,2.59,12.88,19.86,1.19,0.9695,0.9196,34.83,LOW,53.24,warning,62.98,LOW,LOW
2025-04-01,SUP_0050,SUP_0050,fontaneria,stable,1537436.61,17,3.77,4.73,16.61,14.98,0.9695,0.9196,10.92,LOW,72.69,stable,24.94,LOW,LOW
2025-04-01,SUP_0051,SUP_0051,logistica,stable,1567843.2,90,4.34,4.74,35.19,20.47,0.9695,0.9196,15.49,LOW,61.77,warning,39.03,LOW,LOW
2025-04-01,SUP_0052,SUP_0052,logistica,stable,1118460.45,22,4.55,10.33,32.15,25.68,0.9695,0.9196,17.94,LOW,55.0,stable,48.81,LOW,LOW
2025-04-01,SUP_0053,SUP_0053,acabados,watch,2721358.3,87,0.34,4.82,44.17,28.97,0.9695,0.9196,-0.83,LOW,76.64,warning,17.34,LOW,LOW
2025-04-01,SUP_0054,SUP_0054,fontaneria,watch,4507089.05,119,7.05,6.97,60.0,12.08,0.9695,0.9196,46.53,LOW,31.5,critical,83.15,MED,MED
2025-04-01,SUP_0055,SUP_0055,acero,watch,2316133.48,68,13.22,13.16,63.61,9.72,0.9695,0.9196,78.29,MED,0.0,critical,147.19,HIGH,HIGH
2025-04-01,SUP_0056,SUP_0056,acero,watch,367105.15,104,1.01,8.81,59.53,12.53,0.9695,0.9196,30.51,LOW,52.8,warning,52.28,LOW,LOW
2025-04-01,SUP_0057,SUP_0057,cemento,watch,2843277.31,65,1.75,7.31,42.45,11.01,0.9695,0.9196,24.3,LOW,61.2,warning,53.25,LOW,LOW
2025-04-01,SUP_0058,SUP_0058,acero,watch,3146060.52,69,3.27,6.21,95.0,17.17,0.9695,0.9196,44.72,LOW,35.68,critical,96.81,MED,MED
2025-04-01,SUP_0059,SUP_0059,logistica,stable,2076632.57,137,3.63,8.52,28.42,31.7,0.9695,0.9196,4.75,LOW,62.64,warning,27.23,LOW,LOW
2025-04-01,SUP_0060,SUP_0060,acero,stable,1075901.2,115,6.26,7.91,5.28,10.97,0.9695,0.9196,22.06,LOW,57.15,warning,59.99,LOW,LOW
2025-04-01,SUP_0061,SUP_0061,cemento,watch,2156870.31,138,6.29,5.83,67.52,14.67,0.9695,0.9196,43.32,LOW,33.8,critical,74.73,LOW,MED
2025-04-01,SUP_0062,SUP_0062,fontaneria,watch,4020391.84,66,0.45,6.15,24.28,18.98,0.9695,0.9196,2.51,LOW,79.64,stable,24.98,LOW,LOW
2025-04-01,SUP_0063,SUP_0063,logistica,watch,2360196.81,99,9.34,3.64,49.26,8.92,0.9695,0.9196,46.75,LOW,33.33,critical,85.95,MED,MED
2025-04-01,SUP_0064,SUP_0064,logistica,watch,3988933.66,78,4.33,11.57,55.7,20.39,0.9695,0.9196,35.0,LOW,39.3,critical,74.46,LOW,LOW
2025-04-01,SUP_0065,SUP_0065,hormigon,watch,3327738.43,129,9.85,5.77,13.47,15.49,0.9695,0.9196,28.78,LOW,44.55,warning,58.38,LOW,LOW
2025-04-01,SUP_0066,SUP_0066,electricidad,watch,2713904.55,100,3.64,0.0,18.84,18.58,0.9695,0.9196,0.83,LOW,80.45,stable,21.75,LOW,LOW
2025-04-01,SUP_0067,SUP_0067,electricidad,watch,3343178.76,86,5.18,1.15,9.8,9.93,0.9695,0.9196,11.74,LOW,73.47,stable,23.33,LOW,LOW
2025-04-01,SUP_0068,SUP_0068,hormigon,stable,1877186.23,43,8.08,8.06,26.44,10.99,0.9695,0.9196,37.24,LOW,42.21,warning,75.88,MED,LOW
2025-04-01,SUP_0069,SUP_0069,hormigon,stable,4221271.82,69,7.22,15.41,43.91,11.87,0.9695,0.9196,52.68,LOW,22.61,critical,89.95,MED,MED
2025-04-01,SUP_0070,SUP_0070,hormigon,stable,1416766.95,101,6.69,10.93,42.18,25.41,0.9695,0.9196,30.02,LOW,38.27,critical,72.4,LOW,LOW
2025-04-01,SUP_0071,SUP_0071,logistica,stable,2032301.34,119,0.43,12.66,32.83,11.31,0.9695,0.9196,23.74,LOW,58.57,warning,47.8,LOW,LOW
2025-04-01,SUP_0072,SUP_0072,acabados,stable,2400387.52,87,4.17,0.0,11.19,16.17,0.9695,0.9196,1.39,LOW,81.32,stable,19.88,LOW,LOW
2025-04-01,SUP_0073,SUP_0073,acabados,fragile,2328761.97,101,2.31,20.61,4.58,4.69,0.9695,0.9196,35.22,LOW,46.07,warning,67.93,LOW,LOW
2025-04-01,SUP_0074,SUP_0074,acabados,stable,2637461.69,161,1.45,15.44,20.07,15.96,0.9695,0.9196,20.58,LOW,55.05,warning,54.52,LOW,LOW
2025-04-01,SUP_0075,SUP_0075,logistica,stable,1538001.68,75,1.66,2.75,16.9,14.99,0.9695,0.9196,1.72,LOW,83.25,stable,10.96,LOW,LOW
2025-04-01,SUP_0076,SUP_0076,cemento,stable,2208872.05,90,6.32,5.85,44.82,28.53,0.9695,0.9196,19.38,LOW,50.14,warning,52.27,LOW,LOW
2025-04-01,SUP_0077,SUP_0077,logistica,stable,2172606.37,70,3.76,5.8,36.65,6.66,0.9695,0.9196,29.81,LOW,57.09,warning,63.93,LOW,LOW
2025-04-01,SUP_0078,SUP_0078,cemento,watch,2023262.06,81,1.33,9.6,51.81,21.88,0.9695,0.9196,19.82,LOW,57.42,warning,52.9,LOW,LOW
2025-04-01,SUP_0079,SUP_0079,electricidad,watch,2379937.59,53,6.62,6.12,55.77,20.05,0.9695,0.9196,34.08,LOW,41.62,critical,79.89,MED,LOW
2025-04-01,SUP_0080,SUP_0080,fontaneria,watch,1453153.31,110,3.56,25.99,42.92,13.74,0.9695,0.9196,55.24,LOW,15.96,critical,112.06,MED,MED
2025-04-01,SUP_0081,SUP_0081,acero,watch,2773039.78,84,2.59,13.37,61.39,13.34,0.9695,0.9196,42.12,LOW,37.41,warning,74.34,LOW,MED
2025-04-01,SUP_0082,SUP_0082,hormigon,stable,1147278.36,53,10.5,11.08,16.7,28.07,0.9695,0.9196,27.57,LOW,36.54,warning,67.06,LOW,LOW
2025-04-01,SUP_0083,SUP_0083,hormigon,fragile,1910920.74,161,5.33,6.36,56.84,12.46,0.9695,0.9196,38.65,LOW,39.9,warning,64.17,LOW,MED
2025-04-01,SUP_0084,SUP_0084,acabados,stable,1767250.11,9,4.74,10.55,32.17,31.73,0.9695,0.9196,12.79,LOW,56.31,warning,44.09,LOW,LOW
2025-04-01,SUP_0085,SUP_0085,acero,stable,3229743.46,9,1.88,10.89,39.77,15.28,0.9695,0.9196,24.58,LOW,57.9,warning,61.05,LOW,LOW
2025-04-01,SUP_0086,SUP_0086,acero,stable,3172612.58,75,3.19,3.18,19.82,21.63,0.9695,0.9196,1.63,LOW,77.28,stable,9.8,LOW,LOW
2025-04-01,SUP_0087,SUP_0087,logistica,watch,2700237.97,98,3.78,20.06,47.24,13.21,0.9695,0.9196,49.47,LOW,25.2,critical,94.93,MED,MED
2025-04-01,SUP_0088,SUP_0088,hormigon,watch,3891894.16,95,6.81,11.66,40.38,13.92,0.9695,0.9196,42.18,LOW,33.28,warning,88.27,MED,MED
2025-04-01,SUP_0089,SUP_0089,logistica,stable,621168.8,16,7.08,11.24,36.57,10.11,0.9695,0.9196,44.45,LOW,35.82,warning,79.98,MED,MED
2025-04-01,SUP_0090,SUP_0090,logistica,watch,2687843.09,69,7.7,11.84,56.29,20.65,0.9695,0.9196,45.54,LOW,25.33,critical,96.07,MED,MED
2025-04-01,SUP_0091,SUP_0091,fontaneria,stable,6121336.02,132,2.26,8.83,4.31,36.2,0.9695,0.9196,-14.24,LOW,80.07,stable,3.63,LOW,LOW
2025-04-01,SUP_0092,SUP_0092,hormigon,watch,3015793.6,134,0.0,25.72,22.58,12.57,0.9695,0.9196,36.17,LOW,38.77,critical,75.61,MED,LOW
2025-04-01,SUP_0093,SUP_0093,hormigon,stable,2771065.65,109,5.63,7.82,15.42,15.21,0.9695,0.9196,20.36,LOW,56.93,warning,51.21,LOW,LOW
2025-04-01,SUP_0094,SUP_0094,hormigon,stable,2818191.57,77,9.23,2.33,5.76,10.99,0.9695,0.9196,22.78,LOW,57.36,warning,51.07,LOW,LOW
2025-04-01,SUP_0095,SUP_0095,fontaneria,stable,4652156.28,73,3.43,7.59,22.5,15.38,0.9695,0.9196,16.43,LOW,64.15,stable,48.12,LOW,LOW
2025-04-01,SUP_0096,SUP_0096,hormigon,watch,881193.42,9,0.0,7.37,52.44,4.58,0.9695,0.9196,30.08,LOW,63.0,warning,55.96,LOW,LOW
2025-04-01,SUP_0097,SUP_0097,electricidad,stable,918889.6,90,2.97,12.78,22.57,14.18,0.9695,0.9196,24.07,LOW,54.65,stable,48.72,LOW,LOW
2025-04-01,SUP_0098,SUP_0098,cemento,stable,2317747.91,115,3.39,12.82,36.85,18.44,0.9695,0.9196,27.54,LOW,47.23,warning,57.5,LOW,LOW
2025-04-01,SUP_0099,SUP_0099,electricidad,stable,2084758.59,17,1.74,5.47,47.58,35.84,0.9695,0.9196,-1.01,LOW,72.74,stable,25.45,LOW,LOW
2025-04-01,SUP_0100,SUP_0100,cemento,fragile,2670405.86,70,2.79,14.01,74.16,23.21,0.9695,0.9196,39.56,LOW,33.44,critical,75.75,MED,MED
2025-04-01,SUP_0101,SUP_0101,fontaneria,fragile,1632751.29,56,8.65,1.05,66.17,9.36,0.9695,0.9196,47.94,LOW,35.14,critical,80.34,MED,MED
2025-04-01,SUP_0102,SUP_0102,cemento,watch,704748.41,61,9.57,24.13,69.95,16.82,0.9695,0.9196,79.55,MED,0.0,critical,161.2,HIGH,HIGH
2025-04-01,SUP_0103,SUP_0103,hormigon,stable,1261135.43,95,1.02,4.4,34.58,17.12,0.9695,0.9196,8.12,LOW,74.67,stable,29.84,LOW,LOW
2025-04-01,SUP_0104,SUP_0104,hormigon,fragile,157009.38,13,14.22,5.86,42.51,13.92,0.9695,0.9196,56.65,LOW,16.76,critical,103.94,MED,HIGH
2025-04-01,SUP_0105,SUP_0105,acabados,watch,2288001.16,134,9.21,7.32,29.72,17.37,0.9695,0.9196,34.62,LOW,37.2,critical,66.79,LOW,LOW
2025-04-01,SUP_0106,SUP_0106,cemento,watch,3102313.11,116,6.01,14.72,15.26,13.32,0.9695,0.9196,33.67,LOW,40.83,critical,77.43,MED,LOW
2025-04-01,SUP_0107,SUP_0107,electricidad,stable,2424057.75,95,3.93,8.51,19.78,20.37,0.9695,0.9196,13.09,LOW,62.63,warning,36.72,LOW,LOW
2025-04-01,SUP_0108,SUP_0108,fontaneria,stable,3476393.7,11,4.84,15.19,24.33,19.94,0.9695,0.9196,28.3,LOW,45.97,warning,69.84,LOW,LOW
2025-04-01,SUP_0109,SUP_0109,electricidad,stable,4528709.08,24,4.72,3.97,36.34,4.53,0.9695,0.9196,31.95,LOW,57.68,warning,58.77,LOW,LOW
2025-04-01,SUP_0110,SUP_0110,fontaneria,fragile,2730190.75,151,0.73,10.53,67.79,3.22,0.9695,0.9196,45.28,LOW,42.09,critical,83.66,MED,MED
2025-04-01,SUP_0111,SUP_0111,acabados,watch,392931.69,9,8.07,4.52,17.06,20.62,0.9695,0.9196,18.05,LOW,57.94,warning,51.42,LOW,LOW
2025-04-01,SUP_0112,SUP_0112,acero,stable,3111463.64,51,3.13,5.69,41.22,18.01,0.9695,0.9196,18.46,LOW,62.33,warning,42.32,LOW,LOW
2025-04-01,SUP_0113,SUP_0113,acabados,stable,3770090.44,50,10.35,5.12,19.92,14.45,0.9695,0.9196,33.24,LOW,42.97,warning,63.75,LOW,LOW
2025-04-01,SUP_0114,SUP_0114,acero,watch,3870597.88,81,6.11,8.11,38.2,13.44,0.9695,0.9196,34.24,LOW,44.42,warning,71.43,LOW,LOW
2025-04-01,SUP_0115,SUP_0115,logistica,stable,3317233.69,40,9.36,6.4,27.16,29.6,0.9695,0.9196,20.29,LOW,46.71,warning,58.03,LOW,LOW
2025-04-01,SUP_0116,SUP_0116,electricidad,fragile,1312095.67,149,3.25,13.3,13.93,19.67,0.9695,0.9196,16.3,LOW,56.56,warning,38.47,LOW,LOW
2025-04-01,SUP_0117,SUP_0117,acabados,watch,4134035.18,111,10.21,0.98,63.58,8.22,0.9695,0.9196,52.49,LOW,28.13,critical,94.55,MED,MED
2025-04-01,SUP_0118,SUP_0118,logistica,watch,1399171.23,148,5.97,1.08,34.53,21.17,0.9695,0.9196,13.88,LOW,61.4,warning,26.77,LOW,LOW
2025-04-01,SUP_0119,SUP_0119,acabados,stable,3512164.1,79,2.03,9.84,17.27,33.34,0.9695,0.9196,-4.73,LOW,73.73,stable,20.77,LOW,LOW
2025-04-01,SUP_0120,SUP_0120,acabados,watch,915619.36,95,8.27,12.58,22.74,17.47,0.9695,0.9196,36.43,LOW,34.82,critical,82.81,MED,LOW
2025-04-01,SUP_0121,SUP_0121,electricidad,watch,1585808.22,36,8.43,14.46,33.65,24.75,0.9695,0.9196,37.35,LOW,29.83,critical,83.52,MED,LOW
2025-04-01,SUP_0122,SUP_0122,cemento,watch,4235163.63,149,1.95,6.37,46.33,32.28,0.9695,0.9196,3.96,LOW,65.46,warning,24.52,LOW,LOW
2025-04-01,SUP_0123,SUP_0123,electricidad,stable,1937406.33,40,0.9,17.69,26.73,18.75,0.9695,0.9196,22.5,LOW,54.37,warning,54.36,LOW,LOW
2025-04-01,SUP_0124,SUP_0124,hormigon,stable,4365227.67,92,3.84,12.37,32.79,31.83,0.9695,0.9196,12.99,LOW,53.56,warning,39.79,LOW,LOW
2025-04-01,SUP_0125,SUP_0125,logistica,stable,3591367.48,107,2.36,4.93,31.73,27.09,0.9695,0.9196,1.65,LOW,72.73,warning,17.75,LOW,LOW
2025-04-01,SUP_0126,SUP_0126,hormigon,watch,2198495.12,27,4.13,5.55,59.07,17.48,0.9695,0.9196,29.82,LOW,51.1,warning,62.76,LOW,LOW
2025-04-01,SUP_0127,SUP_0127,hormigon,stable,4556720.13,118,6.2,4.15,27.14,10.07,0.9695,0.9196,26.98,LOW,54.65,warning,57.93,LOW,LOW
2025-04-01,SUP_0128,SUP_0128,hormigon,stable,2526064.15,82,0.46,10.95,11.45,33.09,0.9695,0.9196,-10.13,LOW,80.22,stable,4.79,LOW,LOW
2025-04-01,SUP_0129,SUP_0129,fontaneria,stable,910498.38,98,0.77,15.29,36.56,6.81,0.9695,0.9196,34.88,LOW,49.33,warning,59.34,LOW,LOW
2025-04-01,SUP_0130,SUP_0130,electricidad,watch,1725626.71,29,2.02,11.2,32.16,9.64,0.9695,0.9196,27.69,LOW,57.55,warning,60.89,LOW,LOW
2025-04-01,SUP_0131,SUP_0131,logistica,stable,4517603.8,68,1.8,0.0,50.59,18.17,0.9695,0.9196,9.99,LOW,74.37,warning,11.85,LOW,LOW
2025-04-01,SUP_0132,SUP_0132,acero,fragile,3080210.0,82,0.0,2.51,66.36,17.95,0.9695,0.9196,15.69,LOW,68.92,warning,30.69,LOW,LOW
2025-04-01,SUP_0133,SUP_0133,hormigon,watch,1079663.5,16,9.66,11.31,39.57,34.57,0.9695,0.9196,29.19,LOW,32.53,critical,72.86,LOW,LOW
2025-04-01,SUP_0134,SUP_0134,cemento,stable,2845355.11,50,1.76,3.61,39.98,18.34,0.9695,0.9196,10.33,LOW,72.7,warning,29.03,LOW,LOW
2025-04-01,SUP_0135,SUP_0135,cemento,watch,1967566.39,141,3.43,7.87,73.16,10.77,0.9695,0.9196,44.24,LOW,37.17,warning,81.15,MED,MED
2025-04-01,SUP_0136,SUP_0136,acero,stable,2746925.21,94,0.73,4.22,54.8,17.84,0.9695,0.9196,15.34,LOW,67.41,warning,29.13,LOW,LOW
2025-04-01,SUP_0137,SUP_0137,logistica,fragile,1491406.03,113,10.8,20.96,61.63,12.87,0.9695,0.9196,78.72,MED,0.0,critical,134.64,HIGH,HIGH
2025-04-01,SUP_0138,SUP_0138,electricidad,watch,2124186.0,158,0.89,20.63,55.88,10.44,0.9695,0.9196,48.31,LOW,28.96,critical,92.68,MED,MED
2025-04-01,SUP_0139,SUP_0139,logistica,watch,1557201.79,94,13.37,12.22,69.95,17.63,0.9695,0.9196,72.3,MED,0.0,critical,131.86,HIGH,HIGH
2025-04-01,SUP_0140,SUP_0140,cemento,stable,4644509.01,180,3.47,3.62,19.5,19.85,0.9695,0.9196,4.77,LOW,71.64,stable,23.07,LOW,LOW
2025-04-01,SUP_0141,SUP_0141,cemento,watch,3341046.92,232,9.91,18.84,49.17,15.12,0.9695,0.9196,64.99,LOW,0.0,critical,117.15,MED,HIGH
2025-04-01,SUP_0142,SUP_0142,acabados,watch,2810788.07,60,5.33,3.41,27.75,11.01,0.9695,0.9196,22.57,LOW,61.44,warning,49.44,LOW,LOW
2025-04-01,SUP_0143,SUP_0143,cemento,fragile,2128352.07,36,6.5,15.39,48.5,15.87,0.9695,0.9196,48.54,LOW,25.88,critical,103.05,MED,MED
2025-04-01,SUP_0144,SUP_0144,cemento,watch,2658304.33,80,5.19,9.26,28.86,13.65,0.9695,0.9196,28.81,LOW,50.1,warning,54.61,LOW,LOW
2025-04-01,SUP_0145,SUP_0145,acero,watch,1588554.9,81,8.17,9.29,14.2,11.47,0.9695,0.9196,33.34,LOW,43.96,warning,65.55,LOW,LOW
2025-04-01,SUP_0146,SUP_0146,logistica,stable,1597135.49,75,1.61,16.05,5.82,18.71,0.9695,0.9196,12.8,LOW,63.17,warning,35.53,LOW,LOW
2025-04-01,SUP_0147,SUP_0147,fontaneria,stable,1723197.21,44,3.19,2.3,15.77,15.41,0.9695,0.9196,4.72,LOW,79.58,stable,21.8,LOW,LOW
2025-04-01,SUP_0148,SUP_0148,cemento,watch,2757816.22,244,3.13,19.75,27.2,18.08,0.9695,0.9196,33.18,LOW,34.75,critical,78.55,MED,LOW
2025-04-01,SUP_0149,SUP_0149,acabados,stable,1588530.22,85,6.7,4.33,18.43,26.92,0.9695,0.9196,7.98,LOW,63.11,stable,32.41,LOW,LOW
2025-04-01,SUP_0150,SUP_0150,acabados,stable,2568906.8,44,7.2,2.68,48.75,23.3,0.9695,0.9196,24.26,LOW,50.74,warning,51.33,LOW,LOW
2025-04-01,SUP_0151,SUP_0151,acabados,fragile,3409501.32,135,6.58,14.92,95.0,9.32,0.9695,0.9196,75.56,MED,0.29,critical,135.38,HIGH,HIGH
2025-04-01,SUP_0152,SUP_0152,logistica,fragile,1290837.78,74,8.16,4.5,30.42,1.06,0.9695,0.9196,43.86,LOW,42.82,warning,74.36,LOW,MED
2025-04-01,SUP_0153,SUP_0153,hormigon,stable,2759546.08,78,4.28,7.62,38.59,8.04,0.9695,0.9196,33.61,LOW,50.74,warning,58.12,LOW,LOW
2025-04-01,SUP_0154,SUP_0154,logistica,watch,2636096.58,97,7.11,20.09,28.41,10.46,0.9695,0.9196,53.79,LOW,19.35,critical,113.91,MED,MED
2025-04-01,SUP_0155,SUP_0155,acero,stable,2672234.94,32,4.12,5.71,24.37,15.99,0.9695,0.9196,15.89,LOW,65.79,warning,39.92,LOW,LOW
2025-04-01,SUP_0156,SUP_0156,acabados,watch,2676021.01,103,0.0,9.21,45.22,20.5,0.9695,0.9196,13.66,LOW,65.33,warning,49.13,LOW,LOW
2025-04-01,SUP_0157,SUP_0157,fontaneria,stable,1100486.3,136,4.65,18.98,41.0,17.36,0.9695,0.9196,43.52,LOW,26.97,critical,86.55,MED,MED
2025-04-01,SUP_0158,SUP_0158,acabados,watch,853034.98,124,4.39,16.03,38.78,23.16,0.9695,0.9196,31.49,LOW,37.32,critical,84.13,MED,LOW
2025-04-01,SUP_0159,SUP_0159,fontaneria,watch,3257316.67,53,0.0,7.81,40.68,13.71,0.9695,0.9196,16.31,LOW,69.27,stable,38.68,LOW,LOW
2025-04-01,SUP_0160,SUP_0160,fontaneria,watch,3315252.04,76,3.27,28.02,20.11,14.24,0.9695,0.9196,46.64,LOW,24.53,critical,90.14,MED,MED
2025-04-01,SUP_0161,SUP_0161,fontaneria,stable,318006.94,67,3.3,8.55,29.91,18.15,0.9695,0.9196,18.03,LOW,60.58,warning,38.74,LOW,LOW
2025-04-01,SUP_0162,SUP_0162,acabados,fragile,2919524.75,82,3.26,1.8,83.88,12.88,0.9695,0.9196,37.34,LOW,47.67,warning,62.33,LOW,LOW
2025-04-01,SUP_0163,SUP_0163,acabados,stable,4094669.71,63,4.84,3.56,42.82,25.15,0.9695,0.9196,13.97,LOW,61.18,warning,40.11,LOW,LOW
2025-04-01,SUP_0164,SUP_0164,cemento,stable,3567791.64,131,3.6,5.92,53.7,1.0,0.9695,0.9196,42.84,LOW,46.02,warning,64.58,LOW,MED
2025-04-01,SUP_0165,SUP_0165,acabados,watch,3250510.81,27,1.85,7.24,41.53,2.0,0.9695,0.9196,33.11,LOW,59.3,warning,58.8,LOW,LOW
2025-04-01,SUP_0166,SUP_0166,electricidad,stable,1697657.15,98,4.48,4.74,43.93,15.09,0.9695,0.9196,25.23,LOW,55.17,warning,60.83,LOW,LOW
2025-04-01,SUP_0167,SUP_0167,acero,fragile,2420205.61,82,18.04,13.83,47.01,10.4,0.9695,0.9196,85.62,MED,0.0,critical,149.52,HIGH,HIGH
2025-04-01,SUP_0168,SUP_0168,electricidad,fragile,1102758.8,122,4.23,29.82,38.64,14.28,0.9695,0.9196,60.54,LOW,7.38,critical,111.61,MED,HIGH
2025-04-01,SUP_0169,SUP_0169,logistica,stable,158520.78,42,3.24,7.9,23.9,25.45,0.9695,0.9196,6.89,LOW,68.1,warning,30.9,LOW,LOW
2025-04-01,SUP_0170,SUP_0170,logistica,fragile,2730597.18,118,7.71,28.53,64.76,11.08,0.9695,0.9196,83.97,MED,0.0,critical,157.83,HIGH,HIGH
2025-04-01,SUP_0171,SUP_0171,acabados,stable,1603660.1,103,2.05,10.04,19.04,24.94,0.9695,0.9196,4.85,LOW,68.77,warning,29.47,LOW,LOW
2025-04-01,SUP_0172,SUP_0172,electricidad,watch,2269143.08,76,8.96,12.73,61.27,16.62,0.9695,0.9196,56.92,LOW,14.68,critical,114.92,MED,HIGH
2025-04-01,SUP_0173,SUP_0173,acabados,stable,1270738.72,31,3.09,10.35,44.54,21.88,0.9695,0.9196,22.94,LOW,53.65,warning,57.94,LOW,LOW
2025-04-01,SUP_0174,SUP_0174,acero,fragile,1162603.22,133,4.27,5.87,70.67,21.9,0.9695,0.9196,31.5,LOW,43.07,warning,76.41,MED,LOW
2025-04-01,SUP_0175,SUP_0175,fontaneria,stable,1959220.52,129,1.91,8.29,18.37,25.05,0.9695,0.9196,1.36,LOW,72.43,warning,7.3,LOW,LOW
2025-04-01,SUP_0176,SUP_0176,fontaneria,stable,1556930.3,24,2.53,23.08,38.23,18.43,0.9695,0.9196,40.97,LOW,32.26,warning,79.82,MED,MED
2025-04-01,SUP_0177,SUP_0177,hormigon,stable,3098799.67,101,1.88,13.63,20.25,21.19,0.9695,0.9196,14.0,LOW,60.5,warning,44.33,LOW,LOW
2025-04-01,SUP_0178,SUP_0178,hormigon,fragile,3040710.56,104,2.98,7.01,64.93,16.28,0.9695,0.9196,32.37,LOW,47.43,warning,60.1,LOW,LOW
2025-04-01,SUP_0179,SUP_0179,cemento,fragile,3026180.82,90,1.22,6.6,11.91,15.35,0.9695,0.9196,3.55,LOW,79.27,warning,21.16,LOW,LOW
2025-04-01,SUP_0180,SUP_0180,cemento,watch,3171783.06,95,7.06,8.93,35.97,34.74,0.9695,0.9196,16.01,LOW,47.04,critical,56.83,LOW,LOW
2025-04-01,SUP_0181,SUP_0181,electricidad,fragile,3883453.44,90,5.27,15.72,10.43,1.0,0.9695,0.9196,43.07,LOW,40.45,critical,86.57,MED,MED
2025-04-01,SUP_0182,SUP_0182,electricidad,fragile,1912257.82,127,2.46,24.82,17.45,3.45,0.9695,0.9196,49.01,LOW,30.06,critical,100.93,MED,MED
2025-04-01,SUP_0183,SUP_0183,hormigon,watch,2180117.34,113,6.93,15.93,53.35,7.99,0.9695,0.9196,60.7,LOW,15.83,critical,104.25,MED,HIGH
2025-04-01,SUP_0184,SUP_0184,acero,stable,5022725.99,11,8.51,9.56,62.46,14.3,0.9695,0.9196,53.69,LOW,23.4,critical,96.72,MED,MED
2025-04-01,SUP_0185,SUP_0185,fontaneria,watch,4934279.48,80,0.0,8.91,23.88,14.05,0.9695,0.9196,10.06,LOW,73.96,warning,18.72,LOW,LOW
2025-04-01,SUP_0186,SUP_0186,hormigon,watch,1198699.69,73,0.91,25.16,13.62,4.23,0.9695,0.9196,42.35,LOW,39.22,critical,85.6,MED,MED
2025-04-01,SUP_0187,SUP_0187,acero,stable,2385241.16,19,3.45,4.87,5.38,13.28,0.9695,0.9196,6.82,LOW,78.1,stable,26.48,LOW,LOW
2025-04-01,SUP_0188,SUP_0188,acero,stable,4337128.76,82,2.74,13.22,22.69,10.72,0.9695,0.9196,27.56,LOW,53.66,warning,58.88,LOW,LOW
2025-04-01,SUP_0189,SUP_0189,electricidad,watch,3637936.46,183,8.35,17.13,95.0,31.52,0.9695,0.9196,61.97,LOW,0.0,critical,120.57,HIGH,HIGH
2025-04-01,SUP_0190,SUP_0190,acero,stable,2952543.83,34,5.82,0.0,31.51,28.45,0.9695,0.9196,3.18,LOW,71.48,stable,18.9,LOW,LOW
2025-04-01,SUP_0191,SUP_0191,acabados,fragile,3145613.52,97,2.82,18.99,60.63,13.16,0.9695,0.9196,51.09,LOW,25.12,critical,100.9,MED,MED
2025-04-01,SUP_0192,SUP_0192,acero,stable,3005491.65,46,3.27,0.0,31.77,10.55,0.9695,0.9196,13.55,LOW,74.94,stable,29.13,LOW,LOW
2025-04-01,SUP_0193,SUP_0193,electricidad,stable,3365010.44,71,3.7,2.15,9.73,9.52,0.9695,0.9196,9.19,LOW,77.71,stable,24.94,LOW,LOW
2025-04-01,SUP_0194,SUP_0194,acero,fragile,2285567.1,191,7.04,22.33,43.16,2.0,0.9695,0.9196,72.05,MED,2.73,critical,126.56,HIGH,HIGH
2025-04-01,SUP_0195,SUP_0195,hormigon,stable,2801080.2,48,6.49,12.05,34.68,11.05,0.9695,0.9196,42.11,LOW,36.75,critical,81.44,MED,MED
2025-04-01,SUP_0196,SUP_0196,fontaneria,stable,2836100.53,130,3.96,4.74,28.45,8.88,0.9695,0.9196,22.93,LOW,61.07,warning,39.58,LOW,LOW
2025-04-01,SUP_0197,SUP_0197,hormigon,watch,2207818.63,16,3.45,9.64,66.14,12.18,0.9695,0.9196,42.39,LOW,40.94,critical,83.08,MED,MED
2025-04-01,SUP_0198,SUP_0198,acero,fragile,2673332.45,138,8.25,21.81,61.96,2.05,0.9695,0.9196,83.29,MED,0.0,critical,135.13,HIGH,HIGH
2025-04-01,SUP_0199,SUP_0199,acabados,stable,6532443.97,94,10.91,6.6,41.36,11.58,0.9695,0.9196,49.67,LOW,25.77,critical,98.0,MED,MED
2025-04-01,SUP_0200,SUP_0200,logistica,stable,628803.6,78,8.48,14.31,16.84,19.95,0.9695,0.9196,34.52,LOW,34.56,critical,68.41,LOW,LOW
2025-04-01,SUP_0201,SUP_0201,fontaneria,watch,2730287.22,94,1.03,10.49,60.84,15.4,0.9695,0.9196,30.81,LOW,50.09,critical,62.18,LOW,LOW
2025-04-01,SUP_0202,SUP_0202,logistica,fragile,1758207.65,19,0.0,16.32,76.22,17.6,0.9695,0.9196,41.18,LOW,38.65,critical,77.78,MED,MED
2025-04-01,SUP_0203,SUP_0203,acabados,watch,4415015.05,125,8.22,13.28,25.51,6.43,0.9695,0.9196,49.62,LOW,27.6,critical,91.74,MED,MED
2025-04-01,SUP_0204,SUP_0204,electricidad,stable,3191751.17,87,8.39,11.16,16.94,34.48,0.9695,0.9196,15.05,LOW,45.95,warning,47.66,LOW,LOW
2025-04-01,SUP_0205,SUP_0205,acabados,stable,3279777.43,109,2.63,4.85,47.82,13.98,0.9695,0.9196,22.72,LOW,59.87,warning,47.8,LOW,LOW
2025-04-01,SUP_0206,SUP_0206,acero,stable,3017315.69,83,0.17,12.09,20.4,9.71,0.9695,0.9196,18.12,LOW,66.86,stable,27.72,LOW,LOW
2025-04-01,SUP_0207,SUP_0207,electricidad,stable,2801094.46,50,3.7,12.66,59.48,18.57,0.9695,0.9196,38.27,LOW,38.13,critical,79.09,MED,MED
2025-04-01,SUP_0208,SUP_0208,electricidad,watch,4387314.65,123,9.04,5.54,36.52,5.79,0.9695,0.9196,46.08,LOW,34.67,critical,80.04,MED,MED
2025-04-01,SUP_0209,SUP_0209,logistica,stable,281273.34,107,6.1,4.39,53.69,15.04,0.9695,0.9196,33.99,LOW,44.74,warning,56.9,LOW,LOW
2025-04-01,SUP_0210,SUP_0210,acabados,watch,5071563.98,125,9.22,9.77,36.54,24.07,0.9695,0.9196,34.68,LOW,31.81,critical,79.44,MED,LOW
2025-04-01,SUP_0211,SUP_0211,electricidad,watch,3070704.02,91,8.16,17.77,50.07,18.42,0.9695,0.9196,55.25,LOW,13.01,critical,107.29,MED,MED
2025-04-01,SUP_0212,SUP_0212,fontaneria,watch,4038652.34,113,6.17,13.15,78.75,12.62,0.9695,0.9196,61.04,LOW,14.63,critical,100.89,MED,HIGH
2025-04-01,SUP_0213,SUP_0213,hormigon,stable,1272536.78,59,6.71,10.27,35.45,26.6,0.9695,0.9196,24.88,LOW,44.21,critical,67.01,LOW,LOW
2025-04-01,SUP_0214,SUP_0214,acabados,fragile,1736174.68,185,7.51,18.57,38.44,8.99,0.9695,0.9196,58.71,LOW,13.09,critical,110.13,MED,HIGH
2025-04-01,SUP_0215,SUP_0215,electricidad,watch,2160588.06,21,1.72,6.22,29.16,11.19,0.9695,0.9196,16.42,LOW,70.86,stable,30.02,LOW,LOW
2025-04-01,SUP_0216,SUP_0216,electricidad,watch,3021285.94,92,5.13,16.89,47.17,25.48,0.9695,0.9196,36.46,LOW,30.65,critical,79.91,MED,LOW
2025-04-01,SUP_0217,SUP_0217,acabados,stable,2818077.23,119,8.29,5.48,10.89,25.28,0.9695,0.9196,12.71,LOW,56.25,warning,42.22,LOW,LOW
2025-04-01,SUP_0218,SUP_0218,fontaneria,stable,4189136.57,68,10.73,3.56,36.93,29.62,0.9695,0.9196,24.53,LOW,41.67,warning,65.63,LOW,LOW
2025-04-01,SUP_0219,SUP_0219,cemento,fragile,810892.99,217,4.26,29.96,48.4,2.97,0.9695,0.9196,76.54,MED,0.0,critical,147.54,HIGH,HIGH
2025-04-01,SUP_0220,SUP_0220,acero,stable,3561351.97,171,2.67,11.68,43.46,11.53,0.9695,0.9196,33.56,LOW,45.29,warning,71.03,LOW,LOW
2025-05-01,SUP_0001,SUP_0001,logistica,watch,3579535.34,209,0.0,22.17,57.58,6.24,0.9118,0.9897,52.92,LOW,25.66,critical,93.84,MED,MED
2025-05-01,SUP_0002,SUP_0002,acero,stable,2740924.14,59,1.89,8.03,11.84,23.99,0.9118,0.9897,-0.95,LOW,77.68,stable,1.46,LOW,LOW
2025-05-01,SUP_0003,SUP_0003,cemento,fragile,4136941.33,52,0.44,30.1,76.67,12.06,0.9118,0.9897,68.92,LOW,6.18,critical,136.34,HIGH,HIGH
2025-05-01,SUP_0004,SUP_0004,electricidad,watch,2096362.23,71,1.66,14.86,29.88,6.01,0.9118,0.9897,34.71,LOW,50.16,warning,61.58,LOW,LOW
2025-05-01,SUP_0005,SUP_0005,electricidad,stable,3561651.36,124,2.94,10.48,42.98,15.88,0.9118,0.9897,27.99,LOW,49.8,warning,59.59,LOW,LOW
2025-05-01,SUP_0006,SUP_0006,fontaneria,fragile,5261074.24,89,3.25,20.66,63.69,13.43,0.9118,0.9897,55.97,LOW,19.04,critical,112.5,MED,HIGH
2025-05-01,SUP_0007,SUP_0007,acero,watch,3972938.16,65,5.14,11.02,80.59,18.15,0.9118,0.9897,50.08,LOW,25.52,critical,93.09,MED,MED
2025-05-01,SUP_0008,SUP_0008,logistica,watch,1871045.73,85,6.87,1.78,61.47,21.83,0.9118,0.9897,29.11,LOW,46.39,warning,63.62,LOW,LOW
2025-05-01,SUP_0009,SUP_0009,electricidad,stable,3442981.95,67,4.32,13.89,11.18,5.09,0.9118,0.9897,33.75,LOW,49.65,warning,57.03,LOW,LOW
2025-05-01,SUP_0010,SUP_0010,acero,watch,3891360.3,56,2.59,10.21,40.75,10.14,0.9118,0.9897,31.28,LOW,52.76,warning,60.47,LOW,LOW
2025-05-01,SUP_0011,SUP_0011,logistica,stable,3677964.4,218,3.09,3.46,13.9,15.08,0.9118,0.9897,5.63,LOW,73.22,stable,18.65,LOW,LOW
2025-05-01,SUP_0012,SUP_0012,logistica,fragile,4741038.22,126,3.41,18.82,48.89,11.7,0.9118,0.9897,48.77,LOW,27.04,critical,85.17,MED,MED
2025-05-01,SUP_0013,SUP_0013,electricidad,watch,2674140.06,142,6.99,16.4,65.74,21.78,0.9118,0.9897,53.39,LOW,12.99,critical,99.99,MED,MED
2025-05-01,SUP_0014,SUP_0014,cemento,fragile,1799496.36,80,7.78,30.86,66.49,13.94,0.9118,0.9897,85.62,MED,0.0,critical,170.24,HIGH,HIGH
2025-05-01,SUP_0015,SUP_0015,fontaneria,stable,2454562.29,83,7.09,15.24,19.32,25.56,0.9118,0.9897,27.26,LOW,38.92,critical,69.81,LOW,LOW
2025-05-01,SUP_0016,SUP_0016,electricidad,stable,840636.95,74,5.14,10.13,17.07,27.01,0.9118,0.9897,11.27,LOW,58.76,stable,35.73,LOW,LOW
2025-05-01,SUP_0017,SUP_0017,hormigon,watch,2482380.89,9,3.42,10.16,46.25,11.59,0.9118,0.9897,34.7,LOW,49.0,warning,62.55,LOW,LOW
2025-05-01,SUP_0018,SUP_0018,fontaneria,stable,2608302.35,31,2.55,12.58,17.44,24.67,0.9118,0.9897,9.71,LOW,64.48,stable,40.92,LOW,LOW
2025-05-01,SUP_0019,SUP_0019,acabados,fragile,2058336.86,20,1.77,6.85,39.31,26.04,0.9118,0.9897,7.23,LOW,70.04,warning,35.83,LOW,LOW
2025-05-01,SUP_0020,SUP_0020,cemento,watch,132250.58,8,1.7,10.44,50.27,17.61,0.9118,0.9897,25.79,LOW,55.59,warning,57.42,LOW,LOW
2025-05-01,SUP_0021,SUP_0021,acabados,watch,1497411.82,48,2.15,15.86,75.43,13.94,0.9118,0.9897,50.23,LOW,29.2,critical,89.86,MED,MED
2025-05-01,SUP_0022,SUP_0022,cemento,stable,4707854.21,94,3.01,4.59,33.07,16.29,0.9118,0.9897,14.52,LOW,66.77,stable,36.3,LOW,LOW
2025-05-01,SUP_0023,SUP_0023,acabados,fragile,1968596.77,59,9.91,13.34,5.39,12.77,0.9118,0.9897,39.4,LOW,33.94,critical,90.94,MED,MED
2025-05-01,SUP_0024,SUP_0024,acero,fragile,3037704.86,152,7.16,16.2,70.33,7.57,0.9118,0.9897,69.87,LOW,5.37,critical,130.82,HIGH,HIGH
2025-05-01,SUP_0025,SUP_0025,cemento,watch,1648813.29,103,1.99,23.03,38.65,14.27,0.9118,0.9897,43.63,LOW,30.49,critical,83.2,MED,MED
2025-05-01,SUP_0026,SUP_0026,logistica,stable,5030005.25,108,0.53,14.96,47.69,19.26,0.9118,0.9897,26.22,LOW,50.03,warning,67.06,LOW,LOW
2025-05-01,SUP_0027,SUP_0027,hormigon,watch,2936899.67,47,12.03,5.86,73.4,18.61,0.9118,0.9897,59.29,LOW,12.24,critical,103.13,MED,HIGH
2025-05-01,SUP_0028,SUP_0028,fontaneria,stable,3464109.63,148,5.55,15.33,4.78,28.58,0.9118,0.9897,13.21,LOW,50.57,critical,50.46,LOW,LOW
2025-05-01,SUP_0029,SUP_0029,hormigon,stable,4795778.15,143,5.28,14.44,20.9,18.54,0.9118,0.9897,28.38,LOW,42.77,warning,58.3,LOW,LOW
2025-05-01,SUP_0030,SUP_0030,logistica,watch,4999398.8,60,3.82,12.56,49.87,15.47,0.9118,0.9897,37.27,LOW,40.77,critical,73.55,LOW,LOW
2025-05-01,SUP_0031,SUP_0031,acabados,watch,2418584.47,149,8.17,5.23,12.29,19.79,0.9118,0.9897,18.08,LOW,53.81,warning,53.89,LOW,LOW
2025-05-01,SUP_0032,SUP_0032,acabados,fragile,2342504.57,137,5.98,7.38,77.11,13.31,0.9118,0.9897,50.4,LOW,27.16,critical,89.24,MED,MED
2025-05-01,SUP_0033,SUP_0033,electricidad,stable,2741625.82,54,2.63,7.25,41.06,4.54,0.9118,0.9897,32.7,LOW,56.48,warning,56.83,LOW,LOW
2025-05-01,SUP_0034,SUP_0034,electricidad,stable,3536713.96,37,5.84,5.39,40.76,40.88,0.9118,0.9897,3.06,LOW,60.71,warning,35.93,LOW,LOW
2025-05-01,SUP_0035,SUP_0035,fontaneria,watch,3196290.78,49,9.11,14.34,30.82,11.73,0.9118,0.9897,50.98,LOW,23.65,critical,106.18,MED,MED
2025-05-01,SUP_0036,SUP_0036,acabados,stable,3284367.54,85,1.61,10.88,41.76,7.57,0.9118,0.9897,32.37,LOW,53.12,warning,64.0,LOW,LOW
2025-05-01,SUP_0037,SUP_0037,acabados,stable,4504693.81,126,3.36,0.1,42.41,12.7,0.9118,0.9897,16.6,LOW,67.96,warning,31.72,LOW,LOW
2025-05-01,SUP_0038,SUP_0038,cemento,watch,3239259.7,66,1.32,11.33,35.06,11.22,0.9118,0.9897,25.52,LOW,58.21,warning,47.3,LOW,LOW
2025-05-01,SUP_0039,SUP_0039,fontaneria,stable,5277485.67,90,10.05,19.87,31.66,10.83,0.9118,0.9897,63.35,LOW,6.93,critical,110.16,MED,HIGH
2025-05-01,SUP_0040,SUP_0040,cemento,watch,2476302.93,157,8.81,5.47,51.53,16.69,0.9118,0.9897,41.12,LOW,31.77,critical,82.41,MED,MED
2025-05-01,SUP_0041,SUP_0041,acero,stable,6251386.28,136,2.72,8.04,14.51,20.09,0.9118,0.9897,6.66,LOW,69.44,stable,27.96,LOW,LOW
2025-05-01,SUP_0042,SUP_0042,acabados,fragile,3092717.97,126,8.57,11.43,43.87,17.12,0.9118,0.9897,45.47,LOW,25.34,critical,88.67,MED,MED
2025-05-01,SUP_0043,SUP_0043,hormigon,watch,4651780.72,73,0.0,7.16,39.04,25.51,0.9118,0.9897,2.8,LOW,74.85,stable,12.93,LOW,LOW
2025-05-01,SUP_0044,SUP_0044,acabados,stable,1833347.62,35,1.34,2.4,36.53,26.78,0.9118,0.9897,-2.71,LOW,81.72,stable,9.38,LOW,LOW
2025-05-01,SUP_0045,SUP_0045,electricidad,fragile,1772897.41,172,6.71,8.13,89.48,14.17,0.9118,0.9897,58.42,LOW,16.42,critical,108.61,MED,HIGH
2025-05-01,SUP_0046,SUP_0046,hormigon,fragile,3507708.43,53,3.92,20.06,31.66,12.16,0.9118,0.9897,43.93,LOW,32.64,critical,86.93,MED,MED
2025-05-01,SUP_0047,SUP_0047,acero,stable,3949071.29,83,8.59,14.96,28.05,1.37,0.9118,0.9897,59.46,LOW,21.1,critical,100.73,MED,HIGH
2025-05-01,SUP_0048,SUP_0048,electricidad,stable,3062220.56,87,11.29,7.31,39.19,15.99,0.9118,0.9897,46.47,LOW,25.59,critical,88.56,MED,MED
2025-05-01,SUP_0049,SUP_0049,acabados,watch,1608241.51,65,3.56,11.63,29.02,1.02,0.9118,0.9897,40.16,LOW,47.86,critical,77.19,MED,MED
2025-05-01,SUP_0050,SUP_0050,fontaneria,stable,1556918.58,15,2.17,2.53,14.69,26.14,0.9118,0.9897,-9.22,LOW,88.36,stable,3.54,LOW,LOW
2025-05-01,SUP_0051,SUP_0051,logistica,stable,1720313.54,96,2.68,8.72,29.7,17.47,0.9118,0.9897,17.03,LOW,61.7,warning,37.97,LOW,LOW
2025-05-01,SUP_0052,SUP_0052,logistica,stable,950963.89,34,7.04,15.41,45.06,30.71,0.9118,0.9897,33.8,LOW,30.47,warning,78.97,MED,LOW
2025-05-01,SUP_0053,SUP_0053,acabados,watch,3010736.27,138,1.72,10.16,46.94,28.19,0.9118,0.9897,13.33,LOW,57.39,warning,48.3,LOW,LOW
2025-05-01,SUP_0054,SUP_0054,fontaneria,watch,5302644.1,155,6.26,8.56,64.76,19.53,0.9118,0.9897,41.25,LOW,30.87,critical,83.73,MED,MED
2025-05-01,SUP_0055,SUP_0055,acero,watch,3121182.65,57,8.6,11.35,72.36,11.86,0.9118,0.9897,63.53,LOW,12.77,critical,115.16,MED,HIGH
2025-05-01,SUP_0056,SUP_0056,acero,watch,327980.83,134,0.61,9.05,54.93,17.27,0.9118,0.9897,22.85,LOW,56.76,warning,48.65,LOW,LOW
2025-05-01,SUP_0057,SUP_0057,cemento,watch,2590803.97,68,2.16,5.58,44.42,11.73,0.9118,0.9897,23.1,LOW,62.29,warning,58.79,LOW,LOW
2025-05-01,SUP_0058,SUP_0058,acero,watch,3082174.1,57,2.57,15.13,85.7,15.51,0.9118,0.9897,53.46,LOW,24.63,critical,97.37,MED,MED
2025-05-01,SUP_0059,SUP_0059,logistica,stable,4391514.88,164,2.44,8.5,27.64,15.94,0.9118,0.9897,16.59,LOW,61.44,warning,41.4,LOW,LOW
2025-05-01,SUP_0060,SUP_0060,acero,stable,1598437.52,73,0.12,6.28,5.4,12.52,0.9118,0.9897,-0.3,LOW,86.7,stable,19.08,LOW,LOW
2025-05-01,SUP_0061,SUP_0061,cemento,watch,2319813.4,175,1.14,11.49,57.64,17.78,0.9118,0.9897,28.83,LOW,47.48,warning,59.72,LOW,LOW
2025-05-01,SUP_0062,SUP_0062,fontaneria,watch,4944657.24,69,0.42,6.12,38.01,23.97,0.9118,0.9897,3.58,LOW,75.28,stable,7.14,LOW,LOW
2025-05-01,SUP_0063,SUP_0063,logistica,watch,3193758.94,114,7.46,6.4,42.42,10.26,0.9118,0.9897,40.8,LOW,38.47,critical,82.65,MED,MED
2025-05-01,SUP_0064,SUP_0064,logistica,watch,4684582.96,101,4.27,11.69,79.91,32.77,0.9118,0.9897,33.54,LOW,32.01,critical,90.64,MED,LOW
2025-05-01,SUP_0065,SUP_0065,hormigon,watch,3648968.67,140,2.43,3.42,13.94,32.84,0.9118,0.9897,-14.15,LOW,84.46,stable,1.61,LOW,LOW
2025-05-01,SUP_0066,SUP_0066,electricidad,watch,2971971.16,79,2.61,0.0,17.95,15.97,0.9118,0.9897,-0.07,LOW,84.7,stable,12.87,LOW,LOW
2025-05-01,SUP_0067,SUP_0067,electricidad,watch,4758254.62,119,2.7,1.76,11.5,9.69,0.9118,0.9897,6.21,LOW,80.34,stable,15.24,LOW,LOW
2025-05-01,SUP_0068,SUP_0068,hormigon,stable,1651699.17,63,7.2,12.35,24.71,11.64,0.9118,0.9897,39.61,LOW,37.57,warning,79.41,MED,MED
2025-05-01,SUP_0069,SUP_0069,hormigon,stable,4316208.92,55,6.32,10.08,40.16,11.18,0.9118,0.9897,40.98,LOW,38.73,critical,69.04,LOW,MED
2025-05-01,SUP_0070,SUP_0070,hormigon,stable,949598.82,131,5.87,10.99,31.81,30.48,0.9118,0.9897,17.93,LOW,46.98,warning,58.53,LOW,LOW
2025-05-01,SUP_0071,SUP_0071,logistica,stable,3462988.57,129,0.77,11.59,36.19,13.87,0.9118,0.9897,22.12,LOW,58.41,stable,43.09,LOW,LOW
2025-05-01,SUP_0072,SUP_0072,acabados,stable,3172805.83,112,7.78,0.0,10.02,21.96,0.9118,0.9897,5.89,LOW,68.7,stable,24.96,LOW,LOW
2025-05-01,SUP_0073,SUP_0073,acabados,fragile,3571195.72,125,1.76,16.77,5.13,5.04,0.9118,0.9897,27.7,LOW,55.13,warning,56.14,LOW,LOW
2025-05-01,SUP_0074,SUP_0074,acabados,stable,3770941.82,197,5.52,15.37,33.75,19.07,0.9118,0.9897,35.73,LOW,32.76,critical,89.17,MED,LOW
2025-05-01,SUP_0075,SUP_0075,logistica,stable,2113967.88,87,0.53,6.6,26.76,22.28,0.9118,0.9897,1.25,LOW,77.82,stable,13.19,LOW,LOW
2025-05-01,SUP_0076,SUP_0076,cemento,stable,1798176.43,93,8.3,6.29,27.04,45.0,0.9118,0.9897,1.49,LOW,55.04,warning,38.9,LOW,LOW
2025-05-01,SUP_0077,SUP_0077,logistica,stable,2578787.8,62,2.14,3.49,45.1,6.86,0.9118,0.9897,25.09,LOW,64.7,stable,50.56,LOW,LOW
2025-05-01,SUP_0078,SUP_0078,cemento,watch,2032643.49,86,1.52,7.11,54.79,22.03,0.9118,0.9897,17.86,LOW,60.17,warning,44.14,LOW,LOW
2025-05-01,SUP_0079,SUP_0079,electricidad,watch,3727481.33,76,2.45,13.01,47.84,22.23,0.9118,0.9897,26.16,LOW,48.15,critical,69.17,LOW,LOW
2025-05-01,SUP_0080,SUP_0080,fontaneria,watch,1744887.09,181,6.9,21.78,52.77,19.89,0.9118,0.9897,57.21,LOW,6.63,critical,109.41,MED,HIGH
2025-05-01,SUP_0081,SUP_0081,acero,watch,2895305.66,129,3.68,18.43,60.89,18.68,0.9118,0.9897,47.39,LOW,23.7,critical,95.42,MED,MED
2025-05-01,SUP_0082,SUP_0082,hormigon,stable,1731860.34,134,2.33,5.68,22.9,23.48,0.9118,0.9897,2.35,LOW,73.2,stable,21.23,LOW,LOW
2025-05-01,SUP_0083,SUP_0083,hormigon,fragile,2334916.85,92,6.17,22.44,57.5,14.93,0.9118,0.9897,63.13,LOW,7.01,critical,118.58,MED,HIGH
2025-05-01,SUP_0084,SUP_0084,acabados,stable,1952456.05,7,5.28,10.42,38.85,34.2,0.9118,0.9897,14.77,LOW,52.3,warning,52.55,LOW,LOW
2025-05-01,SUP_0085,SUP_0085,acero,stable,2585867.46,9,3.66,17.53,48.21,9.51,0.9118,0.9897,49.48,LOW,31.63,critical,90.74,MED,MED
2025-05-01,SUP_0086,SUP_0086,acero,stable,2332989.12,104,3.4,4.44,21.54,31.21,0.9118,0.9897,-4.66,LOW,75.63,stable,21.61,LOW,LOW
2025-05-01,SUP_0087,SUP_0087,logistica,watch,3746691.78,106,5.49,8.31,47.33,9.89,0.9118,0.9897,40.35,LOW,40.38,critical,80.61,MED,MED
2025-05-01,SUP_0088,SUP_0088,hormigon,watch,3776765.96,139,3.89,13.16,29.05,17.17,0.9118,0.9897,27.33,LOW,46.87,warning,59.36,LOW,LOW
2025-05-01,SUP_0089,SUP_0089,logistica,stable,648106.11,35,5.23,30.59,33.61,7.64,0.9118,0.9897,69.08,LOW,4.37,critical,130.38,HIGH,HIGH
2025-05-01,SUP_0090,SUP_0090,logistica,watch,3187046.41,83,7.66,13.94,57.8,24.51,0.9118,0.9897,45.41,LOW,21.52,critical,86.85,MED,MED
2025-05-01,SUP_0091,SUP_0091,fontaneria,stable,5110021.03,225,2.67,4.34,3.66,33.31,0.9118,0.9897,-17.15,LOW,83.91,stable,0.0,LOW,LOW
2025-05-01,SUP_0092,SUP_0092,hormigon,watch,2807401.93,164,0.0,19.4,21.37,7.9,0.9118,0.9897,30.82,LOW,49.43,warning,61.55,LOW,LOW
2025-05-01,SUP_0093,SUP_0093,hormigon,stable,2839127.83,113,7.95,4.57,11.23,21.38,0.9118,0.9897,14.37,LOW,58.09,warning,39.7,LOW,LOW
2025-05-01,SUP_0094,SUP_0094,hormigon,stable,5367276.82,71,11.51,9.81,4.36,7.96,0.9118,0.9897,43.26,LOW,33.03,critical,74.12,LOW,MED
2025-05-01,SUP_0095,SUP_0095,fontaneria,stable,3661426.83,79,3.35,9.39,21.54,23.97,0.9118,0.9897,9.86,LOW,64.15,warning,29.37,LOW,LOW
2025-05-01,SUP_0096,SUP_0096,hormigon,watch,757249.83,12,0.0,12.19,53.63,4.64,0.9118,0.9897,37.78,LOW,52.75,warning,72.5,LOW,MED
2025-05-01,SUP_0097,SUP_0097,electricidad,stable,809263.77,132,4.82,16.42,27.83,9.31,0.9118,0.9897,42.32,LOW,34.65,critical,77.87,MED,MED
2025-05-01,SUP_0098,SUP_0098,cemento,stable,3174857.51,121,2.12,6.88,30.16,14.45,0.9118,0.9897,15.8,LOW,65.61,stable,37.78,LOW,LOW
2025-05-01,SUP_0099,SUP_0099,electricidad,stable,2901122.48,29,5.03,14.42,52.4,23.46,0.9118,0.9897,36.83,LOW,34.82,critical,71.43,LOW,LOW
2025-05-01,SUP_0100,SUP_0100,cemento,fragile,5416918.85,62,0.84,25.5,95.0,25.39,0.9118,0.9897,58.12,LOW,9.93,critical,117.77,MED,HIGH
2025-05-01,SUP_0101,SUP_0101,fontaneria,fragile,2016892.94,51,5.23,1.37,63.16,5.25,0.9118,0.9897,40.91,LOW,48.23,critical,67.46,LOW,MED
2025-05-01,SUP_0102,SUP_0102,cemento,watch,679632.32,47,2.38,18.86,84.42,29.81,0.9118,0.9897,43.62,LOW,23.77,critical,99.33,MED,MED
2025-05-01,SUP_0103,SUP_0103,hormigon,stable,1367721.68,65,1.46,3.77,27.69,12.65,0.9118,0.9897,9.85,LOW,76.62,stable,17.53,LOW,LOW
2025-05-01,SUP_0104,SUP_0104,hormigon,fragile,222086.35,14,0.32,3.19,41.39,8.29,0.9118,0.9897,16.09,LOW,76.2,warning,32.13,LOW,LOW
2025-05-01,SUP_0105,SUP_0105,acabados,watch,2148065.78,170,6.24,16.97,31.24,17.38,0.9118,0.9897,40.84,LOW,28.03,critical,87.34,MED,MED
2025-05-01,SUP_0106,SUP_0106,cemento,watch,2672628.58,107,7.67,13.54,15.91,14.23,0.9118,0.9897,36.25,LOW,36.86,critical,73.27,LOW,LOW
2025-05-01,SUP_0107,SUP_0107,electricidad,stable,3233196.5,73,4.42,1.65,14.67,23.77,0.9118,0.9897,-1.44,LOW,78.56,stable,11.61,LOW,LOW
2025-05-01,SUP_0108,SUP_0108,fontaneria,stable,3615202.7,10,4.98,16.2,34.45,12.78,0.9118,0.9897,41.95,LOW,36.37,critical,83.51,MED,MED
2025-05-01,SUP_0109,SUP_0109,electricidad,stable,4475337.71,36,2.64,4.62,37.86,7.91,0.9118,0.9897,23.99,LOW,64.84,stable,50.62,LOW,LOW
2025-05-01,SUP_0110,SUP_0110,fontaneria,fragile,2947133.42,131,0.44,8.26,79.83,3.02,0.9118,0.9897,46.61,LOW,42.93,critical,79.15,MED,MED
2025-05-01,SUP_0111,SUP_0111,acabados,watch,431054.87,9,6.59,12.48,21.64,15.19,0.9118,0.9897,33.03,LOW,44.0,warning,75.42,MED,LOW
2025-05-01,SUP_0112,SUP_0112,acero,stable,3096492.87,113,2.98,7.84,33.37,21.42,0.9118,0.9897,14.29,LOW,61.51,warning,40.61,LOW,LOW
2025-05-01,SUP_0113,SUP_0113,acabados,stable,3917382.79,45,8.56,14.79,15.77,13.19,0.9118,0.9897,41.78,LOW,32.33,critical,88.31,MED,MED
2025-05-01,SUP_0114,SUP_0114,acero,watch,2604180.16,126,4.68,6.53,50.81,14.3,0.9118,0.9897,32.39,LOW,46.58,warning,57.33,LOW,LOW
2025-05-01,SUP_0115,SUP_0115,logistica,stable,4148700.65,50,7.7,4.57,24.78,25.59,0.9118,0.9897,15.52,LOW,56.37,warning,34.92,LOW,LOW
2025-05-01,SUP_0116,SUP_0116,electricidad,fragile,1683317.27,98,3.15,21.26,13.03,13.27,0.9118,0.9897,33.92,LOW,40.75,critical,68.86,LOW,LOW
2025-05-01,SUP_0117,SUP_0117,acabados,watch,5664886.34,114,1.35,0.92,63.46,7.7,0.9118,0.9897,26.29,LOW,63.48,stable,43.0,LOW,LOW
2025-05-01,SUP_0118,SUP_0118,logistica,watch,2054102.65,217,4.14,0.82,24.34,16.67,0.9118,0.9897,7.95,LOW,70.16,warning,14.71,LOW,LOW
2025-05-01,SUP_0119,SUP_0119,acabados,stable,4128068.02,72,0.94,7.34,18.51,39.43,0.9118,0.9897,-17.26,LOW,84.86,stable,2.74,LOW,LOW
2025-05-01,SUP_0120,SUP_0120,acabados,watch,771223.63,116,5.39,13.14,23.81,21.5,0.9118,0.9897,25.11,LOW,45.47,critical,55.09,LOW,LOW
2025-05-01,SUP_0121,SUP_0121,electricidad,watch,1488177.57,36,8.36,10.55,30.35,28.24,0.9118,0.9897,26.32,LOW,40.62,warning,68.91,LOW,LOW
2025-05-01,SUP_0122,SUP_0122,cemento,watch,3163060.66,93,4.72,17.26,48.34,20.12,0.9118,0.9897,41.69,LOW,29.08,warning,76.23,MED,MED
2025-05-01,SUP_0123,SUP_0123,electricidad,stable,2319133.16,90,0.28,5.69,23.38,38.01,0.9118,0.9897,-18.1,LOW,87.56,stable,0.0,LOW,LOW
2025-05-01,SUP_0124,SUP_0124,hormigon,stable,4522938.44,86,1.2,13.07,39.19,21.83,0.9118,0.9897,19.0,LOW,56.49,warning,43.82,LOW,LOW
2025-05-01,SUP_0125,SUP_0125,logistica,stable,4024698.18,112,1.45,3.08,39.26,39.2,0.9118,0.9897,-12.55,LOW,80.71,warning,7.36,LOW,LOW
2025-05-01,SUP_0126,SUP_0126,hormigon,watch,2612992.66,24,2.67,4.78,54.46,13.14,0.9118,0.9897,26.53,LOW,59.15,warning,47.42,LOW,LOW
2025-05-01,SUP_0127,SUP_0127,hormigon,stable,3654903.49,92,3.97,4.45,21.98,11.12,0.9118,0.9897,17.36,LOW,66.46,stable,31.84,LOW,LOW
2025-05-01,SUP_0128,SUP_0128,hormigon,stable,2511207.16,147,0.56,7.87,10.51,34.44,0.9118,0.9897,-16.23,LOW,84.93,stable,0.0,LOW,LOW
2025-05-01,SUP_0129,SUP_0129,fontaneria,stable,947415.64,89,0.46,6.8,47.82,7.94,0.9118,0.9897,25.17,LOW,63.13,warning,42.49,LOW,LOW
2025-05-01,SUP_0130,SUP_0130,electricidad,watch,1806066.7,29,7.98,9.86,35.62,13.5,0.9118,0.9897,41.26,LOW,36.19,critical,83.29,MED,MED
2025-05-01,SUP_0131,SUP_0131,logistica,stable,4380434.54,85,4.89,0.0,43.54,21.98,0.9118,0.9897,12.29,LOW,65.99,stable,25.74,LOW,LOW
2025-05-01,SUP_0132,SUP_0132,acero,fragile,4415155.82,163,0.0,1.43,51.58,17.49,0.9118,0.9897,7.87,LOW,75.15,stable,11.41,LOW,LOW
2025-05-01,SUP_0133,SUP_0133,hormigon,watch,1054893.65,9,9.08,10.88,39.96,22.53,0.9118,0.9897,39.0,LOW,31.56,critical,74.36,LOW,MED
2025-05-01,SUP_0134,SUP_0134,cemento,stable,1463193.25,61,5.74,7.15,39.4,15.08,0.9118,0.9897,30.58,LOW,48.46,warning,61.81,LOW,LOW
2025-05-01,SUP_0135,SUP_0135,cemento,watch,1779655.24,177,5.09,4.79,71.16,7.65,0.9118,0.9897,46.82,LOW,35.4,critical,81.31,MED,MED
2025-05-01,SUP_0136,SUP_0136,acero,stable,1870200.25,127,1.57,9.03,50.48,17.86,0.9118,0.9897,23.09,LOW,55.42,warning,49.16,LOW,LOW
2025-05-01,SUP_0137,SUP_0137,logistica,fragile,1607262.3,86,10.11,11.3,74.0,10.23,0.9118,0.9897,70.36,MED,4.66,critical,129.41,HIGH,HIGH
2025-05-01,SUP_0138,SUP_0138,electricidad,watch,1318401.15,180,9.39,0.0,34.39,15.24,0.9118,0.9897,28.4,LOW,46.9,warning,52.35,LOW,LOW
2025-05-01,SUP_0139,SUP_0139,logistica,watch,2295777.17,158,11.93,6.6,71.35,21.74,0.9118,0.9897,56.06,LOW,9.84,critical,104.22,MED,HIGH
2025-05-01,SUP_0140,SUP_0140,cemento,stable,4236193.63,111,3.94,2.52,22.98,19.92,0.9118,0.9897,6.03,LOW,72.49,stable,31.9,LOW,LOW
2025-05-01,SUP_0141,SUP_0141,cemento,watch,2353593.96,243,7.57,4.43,40.44,18.26,0.9118,0.9897,29.3,LOW,41.75,warning,51.91,LOW,LOW
2025-05-01,SUP_0142,SUP_0142,acabados,watch,2556550.6,87,3.45,1.83,35.62,12.71,0.9118,0.9897,16.41,LOW,68.36,warning,36.02,LOW,LOW
2025-05-01,SUP_0143,SUP_0143,cemento,fragile,2250961.32,55,6.79,28.26,54.18,13.27,0.9118,0.9897,73.86,MED,0.0,critical,137.53,HIGH,HIGH
2025-05-01,SUP_0144,SUP_0144,cemento,watch,3249335.87,176,11.55,10.23,27.28,7.57,0.9118,0.9897,54.69,LOW,18.44,critical,94.58,MED,MED
2025-05-01,SUP_0145,SUP_0145,acero,watch,2133394.66,123,1.75,8.03,14.1,13.83,0.9118,0.9897,9.81,LOW,71.73,stable,29.97,LOW,LOW
2025-05-01,SUP_0146,SUP_0146,logistica,stable,1340291.56,66,2.0,18.88,5.86,25.91,0.9118,0.9897,11.05,LOW,58.7,warning,49.77,LOW,LOW
2025-05-01,SUP_0147,SUP_0147,fontaneria,stable,2294923.14,43,2.2,2.34,12.06,23.51,0.9118,0.9897,-7.97,LOW,88.01,stable,0.0,LOW,LOW
2025-05-01,SUP_0148,SUP_0148,cemento,watch,2487650.64,207,3.75,23.47,35.44,17.79,0.9118,0.9897,44.61,LOW,22.14,critical,98.11,MED,MED
2025-05-01,SUP_0149,SUP_0149,acabados,stable,1794610.65,93,5.23,9.68,20.4,45.0,0.9118,0.9897,-5.61,LOW,63.49,warning,24.73,LOW,LOW
2025-05-01,SUP_0150,SUP_0150,acabados,stable,3221588.35,65,5.2,3.77,52.41,19.92,0.9118,0.9897,24.93,LOW,53.09,warning,54.22,LOW,LOW
2025-05-01,SUP_0151,SUP_0151,acabados,fragile,4024910.53,142,2.06,19.38,72.25,12.26,0.9118,0.9897,55.49,LOW,20.53,critical,88.69,MED,MED
2025-05-01,SUP_0152,SUP_0152,logistica,fragile,1172051.02,70,7.24,5.26,28.13,1.0,0.9118,0.9897,41.27,LOW,46.12,critical,64.21,LOW,MED
2025-05-01,SUP_0153,SUP_0153,hormigon,stable,3514868.07,74,4.98,5.97,47.03,9.37,0.9118,0.9897,35.7,LOW,48.03,warning,58.5,LOW,LOW
2025-05-01,SUP_0154,SUP_0154,logistica,watch,2928884.73,136,4.12,13.07,39.64,13.87,0.9118,0.9897,35.93,LOW,40.32,warning,74.07,LOW,LOW
2025-05-01,SUP_0155,SUP_0155,acero,stable,3419948.4,33,7.14,11.04,19.52,14.75,0.9118,0.9897,32.01,LOW,44.75,warning,74.27,LOW,LOW
2025-05-01,SUP_0156,SUP_0156,acabados,watch,2755116.01,150,0.0,6.67,40.73,11.22,0.9118,0.9897,17.11,LOW,67.76,stable,31.92,LOW,LOW
2025-05-01,SUP_0157,SUP_0157,fontaneria,stable,1115199.54,175,2.22,13.43,38.12,17.61,0.9118,0.9897,26.34,LOW,48.02,warning,50.4,LOW,LOW
2025-05-01,SUP_0158,SUP_0158,acabados,watch,1674655.02,134,5.33,19.67,33.86,21.36,0.9118,0.9897,39.36,LOW,27.58,critical,89.39,MED,MED
2025-05-01,SUP_0159,SUP_0159,fontaneria,watch,2730142.91,57,0.0,28.0,61.87,13.64,0.9118,0.9897,56.2,LOW,19.23,critical,104.04,MED,HIGH
2025-05-01,SUP_0160,SUP_0160,fontaneria,watch,5411809.25,70,0.73,12.92,24.45,12.44,0.9118,0.9897,20.12,LOW,62.5,warning,54.33,LOW,LOW
2025-05-01,SUP_0161,SUP_0161,fontaneria,stable,465944.97,80,1.74,14.04,33.43,22.7,0.9118,0.9897,18.63,LOW,55.47,warning,43.98,LOW,LOW
2025-05-01,SUP_0162,SUP_0162,acabados,fragile,3255278.95,96,6.91,1.84,95.0,7.22,0.9118,0.9897,59.03,LOW,25.55,critical,99.4,MED,HIGH
2025-05-01,SUP_0163,SUP_0163,acabados,stable,5036483.79,44,1.66,6.0,41.87,39.13,0.9118,0.9897,-6.3,LOW,74.88,stable,27.5,LOW,LOW
2025-05-01,SUP_0164,SUP_0164,cemento,stable,3537181.96,64,5.55,4.62,48.61,1.09,0.9118,0.9897,44.36,LOW,45.17,warning,58.64,LOW,MED
2025-05-01,SUP_0165,SUP_0165,acabados,watch,3636727.28,28,1.95,15.2,32.2,1.69,0.9118,0.9897,41.44,LOW,47.08,warning,80.36,MED,MED
2025-05-01,SUP_0166,SUP_0166,electricidad,stable,1754496.3,106,3.66,8.36,38.64,13.16,0.9118,0.9897,27.73,LOW,52.69,critical,64.87,LOW,LOW
2025-05-01,SUP_0167,SUP_0167,acero,fragile,2771355.68,102,8.34,13.26,63.6,9.95,0.9118,0.9897,63.59,LOW,11.9,critical,108.16,MED,HIGH
2025-05-01,SUP_0168,SUP_0168,electricidad,fragile,1171809.81,120,3.17,32.08,42.34,13.18,0.9118,0.9897,63.51,LOW,5.1,critical,122.0,HIGH,HIGH
2025-05-01,SUP_0169,SUP_0169,logistica,stable,363819.05,50,2.05,5.44,23.24,12.74,0.9118,0.9897,12.03,LOW,73.41,warning,23.99,LOW,LOW
2025-05-01,SUP_0170,SUP_0170,logistica,fragile,4061588.96,165,4.44,19.08,60.45,10.53,0.9118,0.9897,58.61,LOW,15.6,critical,110.09,MED,HIGH
2025-05-01,SUP_0171,SUP_0171,acabados,stable,1612958.03,125,4.18,7.79,16.82,17.12,0.9118,0.9897,14.67,LOW,62.37,warning,53.59,LOW,LOW
2025-05-01,SUP_0172,SUP_0172,electricidad,watch,3064376.75,171,6.65,11.93,45.18,23.6,0.9118,0.9897,34.58,LOW,32.35,critical,75.49,MED,LOW
2025-05-01,SUP_0173,SUP_0173,acabados,stable,797698.52,36,4.28,3.28,43.71,21.22,0.9118,0.9897,16.2,LOW,63.02,stable,38.28,LOW,LOW
2025-05-01,SUP_0174,SUP_0174,acero,fragile,1460558.26,153,9.87,13.41,53.04,11.74,0.9118,0.9897,61.84,LOW,9.37,critical,111.02,MED,HIGH
2025-05-01,SUP_0175,SUP_0175,fontaneria,stable,2071658.03,99,1.45,14.02,25.36,23.28,0.9118,0.9897,13.52,LOW,59.91,warning,39.38,LOW,LOW
2025-05-01,SUP_0176,SUP_0176,fontaneria,stable,2270169.29,24,3.92,14.87,43.44,10.58,0.9118,0.9897,43.02,LOW,38.03,critical,83.64,MED,MED
2025-05-01,SUP_0177,SUP_0177,hormigon,stable,2953703.28,95,3.56,6.42,21.31,25.91,0.9118,0.9897,3.98,LOW,69.57,warning,18.13,LOW,LOW
2025-05-01,SUP_0178,SUP_0178,hormigon,fragile,3625679.6,65,3.7,18.34,72.81,13.61,0.9118,0.9897,57.76,LOW,18.58,critical,111.71,MED,HIGH
2025-05-01,SUP_0179,SUP_0179,cemento,fragile,3867888.78,133,1.93,5.96,12.53,13.6,0.9118,0.9897,6.77,LOW,75.47,warning,26.13,LOW,LOW
2025-05-01,SUP_0180,SUP_0180,cemento,watch,3503731.96,93,6.76,19.53,30.34,21.37,0.9118,0.9897,41.87,LOW,24.92,critical,90.56,MED,MED
2025-05-01,SUP_0181,SUP_0181,electricidad,fragile,3571912.81,130,8.63,19.27,9.22,1.01,0.9118,0.9897,57.92,LOW,19.26,critical,98.32,MED,HIGH
2025-05-01,SUP_0182,SUP_0182,electricidad,fragile,1719605.82,121,2.87,21.6,21.7,4.38,0.9118,0.9897,46.4,LOW,33.44,critical,79.9,MED,MED
2025-05-01,SUP_0183,SUP_0183,hormigon,watch,3590587.37,124,4.52,8.22,66.9,8.11,0.9118,0.9897,47.87,LOW,34.51,critical,91.09,MED,MED
2025-05-01,SUP_0184,SUP_0184,acero,stable,3330566.55,12,4.83,8.19,46.76,19.32,0.9118,0.9897,28.48,LOW,49.7,warning,62.8,LOW,LOW
2025-05-01,SUP_0185,SUP_0185,fontaneria,watch,4063117.16,64,0.0,20.66,28.31,14.18,0.9118,0.9897,29.56,LOW,48.97,critical,52.91,LOW,LOW
2025-05-01,SUP_0186,SUP_0186,hormigon,watch,1122709.24,72,1.48,20.14,15.6,4.56,0.9118,0.9897,37.13,LOW,46.19,critical,70.18,LOW,LOW
2025-05-01,SUP_0187,SUP_0187,acero,stable,2912414.24,20,1.56,9.74,3.88,11.12,0.9118,0.9897,9.92,LOW,75.8,stable,28.71,LOW,LOW
2025-05-01,SUP_0188,SUP_0188,acero,stable,5306752.2,108,7.73,5.83,18.66,4.66,0.9118,0.9897,35.66,LOW,47.42,warning,67.12,LOW,LOW
2025-05-01,SUP_0189,SUP_0189,electricidad,watch,3358821.39,126,10.16,11.94,61.16,32.09,0.9118,0.9897,43.82,LOW,15.42,critical,89.69,MED,MED
2025-05-01,SUP_0190,SUP_0190,acero,stable,2962029.54,55,6.42,0.0,41.48,33.16,0.9118,0.9897,4.75,LOW,65.61,warning,18.73,LOW,LOW
2025-05-01,SUP_0191,SUP_0191,acabados,fragile,3241199.07,81,3.61,16.65,47.75,9.54,0.9118,0.9897,47.75,LOW,31.7,critical,92.9,MED,MED
2025-05-01,SUP_0192,SUP_0192,acero,stable,2391877.31,71,3.73,0.0,31.18,13.17,0.9118,0.9897,12.06,LOW,73.51,stable,23.97,LOW,LOW
2025-05-01,SUP_0193,SUP_0193,electricidad,stable,2276388.44,62,5.41,1.24,9.27,10.35,0.9118,0.9897,11.93,LOW,73.46,stable,31.03,LOW,LOW
2025-05-01,SUP_0194,SUP_0194,acero,fragile,2666061.96,166,9.9,28.38,49.7,1.81,0.9118,0.9897,92.84,MED,0.0,critical,163.43,HIGH,HIGH
2025-05-01,SUP_0195,SUP_0195,hormigon,stable,2708198.15,72,4.58,16.22,26.86,20.67,0.9118,0.9897,29.48,LOW,42.23,warning,69.11,LOW,LOW
2025-05-01,SUP_0196,SUP_0196,fontaneria,stable,3859493.23,101,2.28,3.33,25.64,11.78,0.9118,0.9897,11.6,LOW,73.77,stable,25.67,LOW,LOW
2025-05-01,SUP_0197,SUP_0197,hormigon,watch,2211249.59,12,5.01,6.47,55.5,14.7,0.9118,0.9897,35.01,LOW,46.82,warning,66.01,LOW,LOW
2025-05-01,SUP_0198,SUP_0198,acero,fragile,3002221.35,130,5.95,25.84,63.63,3.06,0.9118,0.9897,82.17,MED,0.0,critical,137.09,HIGH,HIGH
2025-05-01,SUP_0199,SUP_0199,acabados,stable,4467540.58,124,5.46,4.52,47.78,10.88,0.9118,0.9897,33.8,LOW,47.68,warning,58.05,LOW,LOW
2025-05-01,SUP_0200,SUP_0200,logistica,stable,820396.75,95,3.71,12.98,20.51,24.47,0.9118,0.9897,15.36,LOW,55.68,warning,47.5,LOW,LOW
2025-05-01,SUP_0201,SUP_0201,fontaneria,watch,3562105.93,107,0.41,5.91,59.37,21.28,0.9118,0.9897,15.54,LOW,64.04,warning,30.07,LOW,LOW
2025-05-01,SUP_0202,SUP_0202,logistica,fragile,2668531.74,52,0.0,22.46,88.56,12.13,0.9118,0.9897,61.42,LOW,17.91,critical,111.63,MED,HIGH
2025-05-01,SUP_0203,SUP_0203,acabados,watch,4235822.22,163,8.12,23.85,22.79,4.76,0.9118,0.9897,65.64,LOW,6.32,critical,119.59,MED,HIGH
2025-05-01,SUP_0204,SUP_0204,electricidad,stable,3497124.07,63,6.99,16.59,21.16,25.66,0.9118,0.9897,29.73,LOW,36.42,warning,67.96,LOW,LOW
2025-05-01,SUP_0205,SUP_0205,acabados,stable,4175849.91,84,0.87,3.85,48.52,13.72,0.9118,0.9897,16.49,LOW,69.28,warning,28.47,LOW,LOW
2025-05-01,SUP_0206,SUP_0206,acero,stable,4655811.94,88,0.13,7.9,41.02,14.3,0.9118,0.9897,16.4,LOW,67.57,stable,29.71,LOW,LOW
2025-05-01,SUP_0207,SUP_0207,electricidad,stable,1883402.33,50,7.22,10.79,57.18,17.38,0.9118,0.9897,46.21,LOW,28.39,critical,84.83,MED,MED
2025-05-01,SUP_0208,SUP_0208,electricidad,watch,4289245.84,89,6.44,3.62,35.99,4.93,0.9118,0.9897,36.01,LOW,49.88,warning,63.08,LOW,LOW
2025-05-01,SUP_0209,SUP_0209,logistica,stable,339927.31,129,14.02,9.23,56.17,17.11,0.9118,0.9897,64.06,LOW,2.31,critical,125.94,HIGH,HIGH
2025-05-01,SUP_0210,SUP_0210,acabados,watch,6578971.07,84,6.64,9.53,45.84,18.91,0.9118,0.9897,35.92,LOW,37.86,warning,70.42,LOW,LOW
2025-05-01,SUP_0211,SUP_0211,electricidad,watch,2944387.63,80,2.23,17.65,52.06,25.47,0.9118,0.9897,31.11,LOW,38.88,critical,66.17,LOW,LOW
2025-05-01,SUP_0212,SUP_0212,fontaneria,watch,4830026.3,90,3.67,8.65,72.69,15.29,0.9118,0.9897,41.41,LOW,37.95,critical,87.64,MED,MED
2025-05-01,SUP_0213,SUP_0213,hormigon,stable,1390060.76,71,1.97,8.97,29.73,30.21,0.9118,0.9897,2.53,LOW,69.24,stable,18.89,LOW,LOW
2025-05-01,SUP_0214,SUP_0214,acabados,fragile,2401771.22,171,10.7,11.05,35.99,16.65,0.9118,0.9897,48.22,LOW,19.6,critical,99.68,MED,MED
2025-05-01,SUP_0215,SUP_0215,electricidad,watch,3296408.46,29,0.39,13.33,43.79,13.53,0.9118,0.9897,27.35,LOW,55.93,warning,58.0,LOW,LOW
2025-05-01,SUP_0216,SUP_0216,electricidad,watch,2975252.68,90,0.0,24.39,61.08,26.9,0.9118,0.9897,37.16,LOW,30.45,critical,90.26,MED,LOW
2025-05-01,SUP_0217,SUP_0217,acabados,stable,2571004.4,100,13.95,6.61,7.93,36.57,0.9118,0.9897,18.78,LOW,37.2,critical,66.9,LOW,LOW
2025-05-01,SUP_0218,SUP_0218,fontaneria,stable,4562866.35,53,15.99,4.32,34.61,32.86,0.9118,0.9897,37.17,LOW,21.73,critical,79.87,MED,LOW
2025-05-01,SUP_0219,SUP_0219,cemento,fragile,961692.59,146,3.83,32.44,39.07,5.13,0.9118,0.9897,72.6,MED,0.0,critical,124.0,HIGH,HIGH
2025-05-01,SUP_0220,SUP_0220,acero,stable,4176233.57,135,1.76,6.43,46.89,7.4,0.9118,0.9897,28.62,LOW,57.56,warning,48.24,LOW,LOW
2025-06-01,SUP_0001,SUP_0001,logistica,watch,3239209.25,139,0.0,11.02,54.76,4.67,0.9318,0.9807,36.5,LOW,50.78,warning,71.94,LOW,LOW
2025-06-01,SUP_0002,SUP_0002,acero,stable,3256036.11,62,3.99,13.98,9.78,24.5,0.9318,0.9807,12.85,LOW,58.38,warning,35.01,LOW,LOW
2025-06-01,SUP_0003,SUP_0003,cemento,fragile,2417002.14,43,1.01,27.79,67.16,12.8,0.9318,0.9807,62.15,LOW,13.34,critical,121.18,HIGH,HIGH
2025-06-01,SUP_0004,SUP_0004,electricidad,watch,2272207.88,84,2.78,20.58,45.67,3.91,0.9318,0.9807,55.85,LOW,26.03,critical,105.85,MED,MED
2025-06-01,SUP_0005,SUP_0005,electricidad,stable,3202136.19,131,3.33,13.46,56.62,20.39,0.9318,0.9807,35.26,LOW,37.52,warning,75.19,MED,LOW
2025-06-01,SUP_0006,SUP_0006,fontaneria,fragile,4017780.64,73,6.21,14.22,61.21,11.75,0.9318,0.9807,55.75,LOW,21.12,critical,104.7,MED,MED
2025-06-01,SUP_0007,SUP_0007,acero,watch,3173228.01,61,7.9,12.38,69.92,10.33,0.9318,0.9807,63.41,LOW,13.95,critical,120.74,HIGH,HIGH
2025-06-01,SUP_0008,SUP_0008,logistica,watch,1447171.02,56,3.07,2.1,46.47,21.78,0.9318,0.9807,11.49,LOW,68.55,warning,33.81,LOW,LOW
2025-06-01,SUP_0009,SUP_0009,electricidad,stable,4779539.23,86,4.9,12.75,9.73,8.42,0.9318,0.9807,29.78,LOW,50.88,warning,65.7,LOW,LOW
2025-06-01,SUP_0010,SUP_0010,acero,watch,5015785.52,68,1.13,13.62,48.72,14.77,0.9318,0.9807,30.96,LOW,49.46,warning,51.11,LOW,LOW
2025-06-01,SUP_0011,SUP_0011,logistica,stable,3429980.21,260,4.65,3.11,17.33,13.56,0.9318,0.9807,12.86,LOW,64.32,stable,39.4,LOW,LOW
2025-06-01,SUP_0012,SUP_0012,logistica,fragile,3530250.52,107,6.83,28.03,45.41,9.55,0.9318,0.9807,73.42,MED,0.0,critical,132.52,HIGH,HIGH
2025-06-01,SUP_0013,SUP_0013,electricidad,watch,2263943.73,72,4.54,23.24,84.37,15.16,0.9318,0.9807,71.27,MED,0.55,critical,129.35,HIGH,HIGH
2025-06-01,SUP_0014,SUP_0014,cemento,fragile,2199138.48,69,9.21,30.72,59.38,25.1,0.9318,0.9807,75.34,MED,0.0,critical,148.34,HIGH,HIGH
2025-06-01,SUP_0015,SUP_0015,fontaneria,stable,2152682.35,105,6.56,7.58,17.59,29.07,0.9318,0.9807,9.88,LOW,57.72,warning,29.28,LOW,LOW
2025-06-01,SUP_0016,SUP_0016,electricidad,stable,850283.81,67,7.99,10.52,19.66,31.32,0.9318,0.9807,17.28,LOW,47.11,warning,44.65,LOW,LOW
2025-06-01,SUP_0017,SUP_0017,hormigon,watch,3204457.58,6,5.43,11.07,43.36,12.67,0.9318,0.9807,39.74,LOW,40.89,critical,82.15,MED,MED
2025-06-01,SUP_0018,SUP_0018,fontaneria,stable,3288931.64,38,3.54,6.4,15.16,24.21,0.9318,0.9807,2.84,LOW,73.55,stable,26.92,LOW,LOW
2025-06-01,SUP_0019,SUP_0019,acabados,fragile,2574147.43,21,3.9,9.88,40.64,14.37,0.9318,0.9807,30.43,LOW,50.76,warning,56.86,LOW,LOW
2025-06-01,SUP_0020,SUP_0020,cemento,watch,217740.72,6,3.03,10.55,53.37,21.63,0.9318,0.9807,27.3,LOW,50.14,warning,50.3,LOW,LOW
2025-06-01,SUP_0021,SUP_0021,acabados,watch,1475220.56,32,1.19,8.48,63.41,17.46,0.9318,0.9807,27.35,LOW,54.93,warning,53.01,LOW,LOW
2025-06-01,SUP_0022,SUP_0022,cemento,stable,3687027.08,178,2.01,1.2,41.93,21.39,0.9318,0.9807,5.3,LOW,72.84,stable,32.76,LOW,LOW
2025-06-01,SUP_0023,SUP_0023,acabados,fragile,2161013.38,110,7.16,16.35,5.35,11.32,0.9318,0.9807,37.11,LOW,36.9,critical,77.45,MED,LOW
2025-06-01,SUP_0024,SUP_0024,acero,fragile,2939603.87,161,6.28,8.76,69.58,10.27,0.9318,0.9807,53.02,LOW,24.82,critical,95.14,MED,MED
2025-06-01,SUP_0025,SUP_0025,cemento,watch,1447802.05,137,10.16,28.71,38.86,13.63,0.9318,0.9807,77.42,MED,0.0,critical,131.0,HIGH,HIGH
2025-06-01,SUP_0026,SUP_0026,logistica,stable,5138037.59,118,2.28,5.29,48.01,31.38,0.9318,0.9807,5.0,LOW,66.14,warning,25.51,LOW,LOW
2025-06-01,SUP_0027,SUP_0027,hormigon,watch,2185199.94,41,6.49,8.59,87.85,15.59,0.9318,0.9807,56.28,LOW,21.59,critical,115.1,MED,HIGH
2025-06-01,SUP_0028,SUP_0028,fontaneria,stable,3485016.88,119,4.2,3.83,4.67,27.55,0.9318,0.9807,-7.11,LOW,79.5,stable,17.08,LOW,LOW
2025-06-01,SUP_0029,SUP_0029,hormigon,stable,4011153.49,120,0.58,8.0,25.49,25.56,0.9318,0.9807,-0.33,LOW,75.54,warning,23.56,LOW,LOW
2025-06-01,SUP_0030,SUP_0030,logistica,watch,2298476.67,85,2.66,5.13,49.37,12.19,0.9318,0.9807,25.68,LOW,58.63,critical,50.86,LOW,LOW
2025-06-01,SUP_0031,SUP_0031,acabados,watch,2590570.91,93,6.98,5.23,13.1,18.85,0.9318,0.9807,15.82,LOW,59.54,warning,36.13,LOW,LOW
2025-06-01,SUP_0032,SUP_0032,acabados,fragile,2982704.44,143,4.88,8.9,95.0,21.83,0.9318,0.9807,48.91,LOW,23.28,critical,94.34,MED,MED
2025-06-01,SUP_0033,SUP_0033,electricidad,stable,2506920.49,58,1.36,3.24,36.41,10.51,0.9318,0.9807,14.81,LOW,73.63,stable,33.07,LOW,LOW
2025-06-01,SUP_0034,SUP_0034,electricidad,stable,1990593.24,48,3.82,4.15,40.87,20.81,0.9318,0.9807,15.27,LOW,63.85,warning,37.92,LOW,LOW
2025-06-01,SUP_0035,SUP_0035,fontaneria,watch,2061817.99,50,7.43,16.79,30.17,11.93,0.9318,0.9807,49.11,LOW,25.82,critical,96.0,MED,MED
2025-06-01,SUP_0036,SUP_0036,acabados,stable,2441231.12,106,1.7,17.67,46.57,4.12,0.9318,0.9807,48.43,LOW,35.17,warning,83.36,MED,MED
2025-06-01,SUP_0037,SUP_0037,acabados,stable,4965493.6,86,8.11,0.52,47.43,9.1,0.9318,0.9807,37.37,LOW,45.77,warning,63.67,LOW,LOW
2025-06-01,SUP_0038,SUP_0038,cemento,watch,2145880.75,70,0.63,11.09,47.11,7.32,0.9318,0.9807,32.4,LOW,54.55,warning,55.5,LOW,LOW
2025-06-01,SUP_0039,SUP_0039,fontaneria,stable,5557766.9,70,5.5,10.55,41.76,23.15,0.9318,0.9807,27.97,LOW,44.1,warning,62.76,LOW,LOW
2025-06-01,SUP_0040,SUP_0040,cemento,watch,3678467.87,115,13.2,31.93,42.51,12.94,0.9318,0.9807,93.69,MED,0.0,critical,180.0,HIGH,HIGH
2025-06-01,SUP_0041,SUP_0041,acero,stable,3669667.17,90,4.07,5.95,20.51,16.97,0.9318,0.9807,13.41,LOW,65.8,stable,27.55,LOW,LOW
2025-06-01,SUP_0042,SUP_0042,acabados,fragile,2866350.76,204,9.83,18.2,54.96,14.18,0.9318,0.9807,67.34,LOW,0.0,critical,121.55,HIGH,HIGH
2025-06-01,SUP_0043,SUP_0043,hormigon,watch,3237973.09,153,0.0,6.71,38.65,9.63,0.9318,0.9807,17.83,LOW,67.97,warning,32.29,LOW,LOW
2025-06-01,SUP_0044,SUP_0044,acabados,stable,1513524.23,52,1.33,5.91,36.35,25.47,0.9318,0.9807,3.76,LOW,73.85,stable,26.62,LOW,LOW
2025-06-01,SUP_0045,SUP_0045,electricidad,fragile,1819039.04,166,5.43,7.82,63.97,14.67,0.9318,0.9807,42.14,LOW,34.01,critical,85.57,MED,MED
2025-06-01,SUP_0046,SUP_0046,hormigon,fragile,3173185.84,59,2.58,19.26,34.15,14.25,0.9318,0.9807,37.76,LOW,38.99,warning,80.44,MED,MED
2025-06-01,SUP_0047,SUP_0047,acero,stable,4800766.84,149,8.56,6.16,30.98,1.42,0.9318,0.9807,47.43,LOW,35.55,critical,74.65,LOW,MED
2025-06-01,SUP_0048,SUP_0048,electricidad,stable,2875786.57,99,4.71,18.92,55.65,18.96,0.9318,0.9807,48.58,LOW,21.97,critical,99.7,MED,MED
2025-06-01,SUP_0049,SUP_0049,acabados,watch,1832445.59,69,1.05,9.96,24.18,1.0,0.9318,0.9807,27.97,LOW,63.28,warning,55.92,LOW,LOW
2025-06-01,SUP_0050,SUP_0050,fontaneria,stable,1733481.81,21,1.65,3.72,25.99,22.26,0.9318,0.9807,-0.05,LOW,81.44,stable,17.76,LOW,LOW
2025-06-01,SUP_0051,SUP_0051,logistica,stable,731555.62,86,2.9,7.98,29.58,20.9,0.9318,0.9807,13.09,LOW,63.85,warning,40.55,LOW,LOW
2025-06-01,SUP_0052,SUP_0052,logistica,stable,1081686.56,25,8.1,10.31,37.38,33.5,0.9318,0.9807,23.08,LOW,41.15,warning,49.34,LOW,LOW
2025-06-01,SUP_0053,SUP_0053,acabados,watch,3564872.97,144,1.32,7.75,32.14,21.7,0.9318,0.9807,8.34,LOW,68.03,warning,33.33,LOW,LOW
2025-06-01,SUP_0054,SUP_0054,fontaneria,watch,5900283.49,181,0.0,10.66,74.14,22.6,0.9318,0.9807,26.76,LOW,47.78,critical,63.63,LOW,LOW
2025-06-01,SUP_0055,SUP_0055,acero,watch,2890714.38,51,5.88,14.56,58.68,11.88,0.9318,0.9807,54.0,LOW,23.58,critical,97.71,MED,MED
2025-06-01,SUP_0056,SUP_0056,acero,watch,416790.62,91,1.09,12.58,63.83,18.58,0.9318,0.9807,32.3,LOW,45.52,warning,58.62,LOW,LOW
2025-06-01,SUP_0057,SUP_0057,cemento,watch,2512168.56,84,0.48,4.4,41.9,12.15,0.9318,0.9807,14.75,LOW,72.15,warning,32.75,LOW,LOW
2025-06-01,SUP_0058,SUP_0058,acero,watch,2990225.92,43,3.15,17.09,74.35,11.1,0.9318,0.9807,57.46,LOW,22.35,critical,114.32,MED,HIGH
2025-06-01,SUP_0059,SUP_0059,logistica,stable,4688153.04,153,1.08,7.71,30.64,25.65,0.9318,0.9807,2.94,LOW,70.86,stable,20.81,LOW,LOW
2025-06-01,SUP_0060,SUP_0060,acero,stable,1389838.93,138,10.24,9.34,4.86,14.54,0.9318,0.9807,32.37,LOW,39.14,critical,63.65,LOW,LOW
2025-06-01,SUP_0061,SUP_0061,cemento,watch,1950632.06,187,4.95,14.71,78.43,25.53,0.9318,0.9807,46.68,LOW,18.82,critical,103.96,MED,MED
2025-06-01,SUP_0062,SUP_0062,fontaneria,watch,5221539.48,85,0.39,4.43,32.35,28.72,0.9318,0.9807,-6.35,LOW,82.52,stable,12.8,LOW,LOW
2025-06-01,SUP_0063,SUP_0063,logistica,watch,3903817.98,100,9.34,6.7,41.68,8.32,0.9318,0.9807,48.53,LOW,30.37,critical,81.59,MED,MED
2025-06-01,SUP_0064,SUP_0064,logistica,watch,4319639.02,31,5.16,27.28,60.8,19.31,0.9318,0.9807,64.45,LOW,3.26,critical,127.01,HIGH,HIGH
2025-06-01,SUP_0065,SUP_0065,hormigon,watch,3974112.61,150,7.51,5.01,12.96,18.52,0.9318,0.9807,17.37,LOW,56.06,warning,42.16,LOW,LOW
2025-06-01,SUP_0066,SUP_0066,electricidad,watch,3688136.74,59,6.12,0.0,17.27,13.17,0.9318,0.9807,12.96,LOW,70.59,warning,29.39,LOW,LOW
2025-06-01,SUP_0067,SUP_0067,electricidad,watch,3533719.48,38,2.24,1.17,12.85,11.54,0.9318,0.9807,2.7,LOW,85.84,stable,5.8,LOW,LOW
2025-06-01,SUP_0068,SUP_0068,hormigon,stable,2186825.07,95,4.77,7.73,18.19,8.64,0.9318,0.9807,25.46,LOW,57.44,warning,57.19,LOW,LOW
2025-06-01,SUP_0069,SUP_0069,hormigon,stable,3118789.91,56,4.07,4.51,31.79,15.19,0.9318,0.9807,18.1,LOW,64.02,warning,43.04,LOW,LOW
2025-06-01,SUP_0070,SUP_0070,hormigon,stable,2014273.91,168,2.2,4.1,46.56,16.64,0.9318,0.9807,17.07,LOW,62.83,warning,34.88,LOW,LOW
2025-06-01,SUP_0071,SUP_0071,logistica,stable,2212842.33,169,0.68,27.56,32.93,12.7,0.9318,0.9807,45.51,LOW,26.7,critical,86.35,MED,MED
2025-06-01,SUP_0072,SUP_0072,acabados,stable,3372155.81,137,4.54,0.0,14.94,17.32,0.9318,0.9807,3.03,LOW,77.05,stable,25.82,LOW,LOW
2025-06-01,SUP_0073,SUP_0073,acabados,fragile,2189511.5,137,2.62,19.36,5.98,6.56,0.9318,0.9807,33.05,LOW,46.28,critical,61.77,LOW,LOW
2025-06-01,SUP_0074,SUP_0074,acabados,stable,2379885.7,158,7.01,15.38,29.68,20.27,0.9318,0.9807,37.21,LOW,30.17,warning,65.29,LOW,LOW
2025-06-01,SUP_0075,SUP_0075,logistica,stable,1550382.64,65,1.16,7.39,27.73,19.83,0.9318,0.9807,7.23,LOW,73.08,stable,21.29,LOW,LOW
2025-06-01,SUP_0076,SUP_0076,cemento,stable,1971673.45,59,3.7,5.83,45.94,28.06,0.9318,0.9807,12.47,LOW,60.89,stable,41.28,LOW,LOW
2025-06-01,SUP_0077,SUP_0077,logistica,stable,2542297.47,67,0.79,4.89,44.53,7.53,0.9318,0.9807,22.21,LOW,67.64,warning,44.4,LOW,LOW
2025-06-01,SUP_0078,SUP_0078,cemento,watch,1159125.12,99,1.77,4.97,43.4,28.02,0.9318,0.9807,4.28,LOW,70.29,warning,25.94,LOW,LOW
2025-06-01,SUP_0079,SUP_0079,electricidad,watch,4026050.65,93,8.24,6.08,51.25,9.46,0.9318,0.9807,47.43,LOW,32.35,critical,78.5,MED,MED
2025-06-01,SUP_0080,SUP_0080,fontaneria,watch,1568378.16,178,5.81,16.79,38.28,13.96,0.9318,0.9807,45.87,LOW,25.53,critical,90.43,MED,MED
2025-06-01,SUP_0081,SUP_0081,acero,watch,4699726.71,108,4.89,14.13,39.08,21.28,0.9318,0.9807,32.18,LOW,38.78,critical,78.88,MED,LOW
2025-06-01,SUP_0082,SUP_0082,hormigon,stable,1687047.34,89,7.14,3.91,22.75,21.57,0.9318,0.9807,15.96,LOW,58.26,warning,38.07,LOW,LOW
2025-06-01,SUP_0083,SUP_0083,hormigon,fragile,2803959.07,140,5.33,41.87,54.86,9.55,0.9318,0.9807,93.93,MED,0.0,critical,173.14,HIGH,HIGH
2025-06-01,SUP_0084,SUP_0084,acabados,stable,2165751.47,11,3.86,6.38,35.68,33.1,0.9318,0.9807,4.11,LOW,67.01,stable,33.06,LOW,LOW
2025-06-01,SUP_0085,SUP_0085,acero,stable,4622171.72,10,5.83,14.69,32.19,15.85,0.9318,0.9807,38.17,LOW,38.06,warning,82.69,MED,MED
2025-06-01,SUP_0086,SUP_0086,acero,stable,3154255.82,192,3.41,3.32,23.29,32.07,0.9318,0.9807,-6.4,LOW,74.73,stable,5.88,LOW,LOW
2025-06-01,SUP_0087,SUP_0087,logistica,watch,2354472.22,99,3.14,5.1,46.31,10.87,0.9318,0.9807,27.06,LOW,57.22,warning,60.34,LOW,LOW
2025-06-01,SUP_0088,SUP_0088,hormigon,watch,3268454.76,102,5.01,7.09,35.87,13.3,0.9318,0.9807,28.5,LOW,51.25,warning,56.41,LOW,LOW
2025-06-01,SUP_0089,SUP_0089,logistica,stable,547905.8,56,2.33,8.11,37.41,6.62,0.9318,0.9807,29.36,LOW,58.29,warning,48.48,LOW,LOW
2025-06-01,SUP_0090,SUP_0090,logistica,watch,2850919.53,73,9.57,15.81,54.52,15.1,0.9318,0.9807,61.85,LOW,8.66,critical,111.43,MED,HIGH
2025-06-01,SUP_0091,SUP_0091,fontaneria,stable,4344485.7,189,1.52,5.78,6.1,20.78,0.9318,0.9807,-4.81,LOW,81.23,stable,10.5,LOW,LOW
2025-06-01,SUP_0092,SUP_0092,hormigon,watch,3984996.57,168,0.0,17.4,15.39,16.25,0.9318,0.9807,16.78,LOW,58.91,warning,46.39,LOW,LOW
2025-06-01,SUP_0093,SUP_0093,hormigon,stable,3026108.12,88,8.41,5.09,15.2,23.3,0.9318,0.9807,16.41,LOW,54.86,warning,32.59,LOW,LOW
2025-06-01,SUP_0094,SUP_0094,hormigon,stable,3299376.7,76,9.17,6.06,5.44,9.89,0.9318,0.9807,29.14,LOW,49.97,critical,62.59,LOW,LOW
2025-06-01,SUP_0095,SUP_0095,fontaneria,stable,4401861.55,150,6.09,11.3,18.71,15.18,0.9318,0.9807,28.47,LOW,45.42,warning,66.3,LOW,LOW
2025-06-01,SUP_0096,SUP_0096,hormigon,watch,893467.35,9,0.0,14.99,50.26,4.57,0.9318,0.9807,40.52,LOW,48.73,warning,77.47,MED,MED
2025-06-01,SUP_0097,SUP_0097,electricidad,stable,677924.59,131,1.01,2.36,21.75,13.06,0.9318,0.9807,3.29,LOW,82.11,stable,13.71,LOW,LOW
2025-06-01,SUP_0098,SUP_0098,cemento,stable,3026288.57,142,1.65,3.21,34.47,16.14,0.9318,0.9807,9.12,LOW,72.89,warning,28.34,LOW,LOW
2025-06-01,SUP_0099,SUP_0099,electricidad,stable,1862924.44,40,5.59,10.17,38.49,27.34,0.9318,0.9807,22.01,LOW,48.34,warning,58.71,LOW,LOW
2025-06-01,SUP_0100,SUP_0100,cemento,fragile,3839898.96,53,4.43,21.21,85.18,25.91,0.9318,0.9807,57.52,LOW,9.01,critical,106.33,MED,HIGH
2025-06-01,SUP_0101,SUP_0101,fontaneria,fragile,2475497.6,30,11.72,1.04,44.02,6.32,0.9318,0.9807,50.21,LOW,32.53,critical,83.19,MED,MED
2025-06-01,SUP_0102,SUP_0102,cemento,watch,938121.28,58,4.33,13.62,61.34,30.49,0.9318,0.9807,30.54,LOW,36.77,critical,74.7,LOW,LOW
2025-06-01,SUP_0103,SUP_0103,hormigon,stable,1635329.43,88,1.25,3.54,31.65,17.91,0.9318,0.9807,5.39,LOW,77.31,stable,14.7,LOW,LOW
2025-06-01,SUP_0104,SUP_0104,hormigon,fragile,322492.21,10,9.05,3.56,31.64,13.42,0.9318,0.9807,33.32,LOW,46.83,critical,57.43,LOW,LOW
2025-06-01,SUP_0105,SUP_0105,acabados,watch,2765502.81,102,7.02,15.98,31.42,16.76,0.9318,0.9807,42.42,LOW,28.62,critical,92.08,MED,MED
2025-06-01,SUP_0106,SUP_0106,cemento,watch,2483172.71,115,7.76,10.83,16.01,9.98,0.9318,0.9807,36.76,LOW,40.11,critical,65.18,LOW,LOW
2025-06-01,SUP_0107,SUP_0107,electricidad,stable,2475274.51,103,3.46,6.55,20.54,25.27,0.9318,0.9807,4.18,LOW,69.58,stable,17.83,LOW,LOW
2025-06-01,SUP_0108,SUP_0108,fontaneria,stable,2823345.68,9,4.39,16.76,27.65,11.65,0.9318,0.9807,39.09,LOW,40.32,warning,74.99,LOW,MED
2025-06-01,SUP_0109,SUP_0109,electricidad,stable,4229184.7,27,2.19,3.54,29.77,7.26,0.9318,0.9807,18.01,LOW,72.51,warning,27.87,LOW,LOW
2025-06-01,SUP_0110,SUP_0110,fontaneria,fragile,2597506.73,114,0.15,10.73,87.76,3.91,0.9318,0.9807,52.13,LOW,36.38,critical,88.26,MED,MED
2025-06-01,SUP_0111,SUP_0111,acabados,watch,474756.78,10,5.51,10.03,17.85,24.77,0.9318,0.9807,14.83,LOW,58.25,warning,48.11,LOW,LOW
2025-06-01,SUP_0112,SUP_0112,acero,stable,2778816.75,115,2.69,3.57,56.37,20.74,0.9318,0.9807,18.06,LOW,60.52,stable,30.97,LOW,LOW
2025-06-01,SUP_0113,SUP_0113,acabados,stable,3168653.23,57,6.49,9.38,20.03,20.21,0.9318,0.9807,22.36,LOW,51.62,warning,59.79,LOW,LOW
2025-06-01,SUP_0114,SUP_0114,acero,watch,3357170.76,133,3.83,7.5,53.99,11.12,0.9318,0.9807,35.91,LOW,45.29,warning,71.71,LOW,LOW
2025-06-01,SUP_0115,SUP_0115,logistica,stable,3790225.55,64,4.72,5.97,30.73,38.74,0.9318,0.9807,-1.8,LOW,66.99,warning,30.07,LOW,LOW
2025-06-01,SUP_0116,SUP_0116,electricidad,fragile,1706638.14,108,4.03,11.85,13.55,11.85,0.9318,0.9807,24.1,LOW,55.0,critical,63.02,LOW,LOW
2025-06-01,SUP_0117,SUP_0117,acabados,watch,4933610.77,60,10.13,0.7,49.45,8.82,0.9318,0.9807,44.88,LOW,37.11,critical,85.9,MED,MED
2025-06-01,SUP_0118,SUP_0118,logistica,watch,1464838.49,183,10.74,0.94,38.0,19.92,0.9318,0.9807,30.81,LOW,39.54,warning,67.9,LOW,LOW
2025-06-01,SUP_0119,SUP_0119,acabados,stable,2809393.48,59,3.4,9.45,20.35,26.61,0.9318,0.9807,6.92,LOW,65.88,warning,30.28,LOW,LOW
2025-06-01,SUP_0120,SUP_0120,acabados,watch,1051475.96,101,2.95,8.76,27.54,23.8,0.9318,0.9807,10.6,LOW,63.56,warning,39.47,LOW,LOW
2025-06-01,SUP_0121,SUP_0121,electricidad,watch,2046886.22,38,6.68,5.53,29.48,29.23,0.9318,0.9807,12.37,LOW,58.05,stable,38.35,LOW,LOW
2025-06-01,SUP_0122,SUP_0122,cemento,watch,5280706.61,105,4.28,16.18,52.38,22.28,0.9318,0.9807,38.39,LOW,31.62,critical,79.85,MED,MED
2025-06-01,SUP_0123,SUP_0123,electricidad,stable,2196565.71,52,0.46,8.77,34.2,18.31,0.9318,0.9807,11.6,LOW,70.09,stable,31.96,LOW,LOW
2025-06-01,SUP_0124,SUP_0124,hormigon,stable,4136126.37,66,0.13,15.36,35.07,31.68,0.9318,0.9807,7.52,LOW,62.08,warning,27.32,LOW,LOW
2025-06-01,SUP_0125,SUP_0125,logistica,stable,3636634.97,87,2.46,7.08,42.19,14.2,0.9318,0.9807,22.78,LOW,59.38,warning,53.09,LOW,LOW
2025-06-01,SUP_0126,SUP_0126,hormigon,watch,3106240.26,30,3.3,5.87,66.82,23.22,0.9318,0.9807,25.56,LOW,52.22,warning,49.58,LOW,LOW
2025-06-01,SUP_0127,SUP_0127,hormigon,stable,6126976.61,85,5.04,2.9,18.74,11.16,0.9318,0.9807,16.76,LOW,66.92,warning,47.3,LOW,LOW
2025-06-01,SUP_0128,SUP_0128,hormigon,stable,2695852.51,145,0.3,9.93,13.9,27.55,0.9318,0.9807,-5.5,LOW,77.98,stable,16.95,LOW,LOW
2025-06-01,SUP_0129,SUP_0129,fontaneria,stable,907397.3,131,0.84,19.45,50.54,7.08,0.9318,0.9807,47.37,LOW,33.54,critical,85.55,MED,MED
2025-06-01,SUP_0130,SUP_0130,electricidad,watch,2143434.34,37,5.42,8.58,37.72,12.29,0.9318,0.9807,33.83,LOW,47.37,warning,64.79,LOW,LOW
2025-06-01,SUP_0131,SUP_0131,logistica,stable,2993866.77,124,3.17,0.0,39.57,44.15,0.9318,0.9807,-16.82,LOW,81.24,stable,0.0,LOW,LOW
2025-06-01,SUP_0132,SUP_0132,acero,fragile,3043812.33,105,0.0,2.39,62.21,16.85,0.9318,0.9807,14.72,LOW,69.98,warning,28.49,LOW,LOW
2025-06-01,SUP_0133,SUP_0133,hormigon,watch,1253828.54,15,6.41,4.04,35.55,33.74,0.9318,0.9807,7.55,LOW,61.63,warning,47.15,LOW,LOW
2025-06-01,SUP_0134,SUP_0134,cemento,stable,2206799.08,50,5.88,9.58,29.65,15.34,0.9318,0.9807,30.02,LOW,47.85,critical,63.3,LOW,LOW
2025-06-01,SUP_0135,SUP_0135,cemento,watch,2303574.56,142,5.21,13.63,75.69,6.03,0.9318,0.9807,64.1,LOW,15.71,critical,110.48,MED,HIGH
2025-06-01,SUP_0136,SUP_0136,acero,stable,1540655.91,160,1.05,5.57,63.33,20.03,0.9318,0.9807,19.97,LOW,58.37,warning,41.63,LOW,LOW
2025-06-01,SUP_0137,SUP_0137,logistica,fragile,1672915.01,141,10.94,10.39,53.94,7.97,0.9318,0.9807,64.69,LOW,9.77,critical,114.92,MED,HIGH
2025-06-01,SUP_0138,SUP_0138,electricidad,watch,2095367.48,222,10.94,21.85,50.61,14.95,0.9318,0.9807,73.42,MED,0.0,critical,125.16,HIGH,HIGH
2025-06-01,SUP_0139,SUP_0139,logistica,watch,2193551.19,104,12.06,5.47,64.69,23.92,0.9318,0.9807,49.57,LOW,16.98,critical,100.59,MED,MED
2025-06-01,SUP_0140,SUP_0140,cemento,stable,4366467.75,103,2.39,3.37,19.85,20.12,0.9318,0.9807,1.03,LOW,78.72,stable,15.27,LOW,LOW
2025-06-01,SUP_0141,SUP_0141,cemento,watch,3568208.33,216,5.28,19.31,45.88,23.87,0.9318,0.9807,41.57,LOW,21.51,critical,81.35,MED,MED
2025-06-01,SUP_0142,SUP_0142,acabados,watch,2108424.35,61,4.76,3.76,33.45,3.74,0.9318,0.9807,31.23,LOW,57.87,warning,55.88,LOW,LOW
2025-06-01,SUP_0143,SUP_0143,cemento,fragile,1275240.02,66,9.99,13.77,55.34,13.58,0.9318,0.9807,61.95,LOW,10.36,critical,115.56,MED,HIGH
2025-06-01,SUP_0144,SUP_0144,cemento,watch,2981743.92,54,2.34,7.34,31.29,13.95,0.9318,0.9807,18.17,LOW,65.13,warning,42.88,LOW,LOW
2025-06-01,SUP_0145,SUP_0145,acero,watch,2553401.11,73,7.43,9.0,13.41,10.08,0.9318,0.9807,31.75,LOW,47.56,critical,66.08,LOW,LOW
2025-06-01,SUP_0146,SUP_0146,logistica,stable,1033972.84,75,4.28,7.74,5.01,16.5,0.9318,0.9807,10.2,LOW,68.69,warning,25.83,LOW,LOW
2025-06-01,SUP_0147,SUP_0147,fontaneria,stable,2150707.0,53,2.56,3.72,12.29,24.66,0.9318,0.9807,-5.88,LOW,83.85,stable,3.69,LOW,LOW
2025-06-01,SUP_0148,SUP_0148,cemento,watch,3093297.07,176,3.07,19.19,35.71,11.73,0.9318,0.9807,42.33,LOW,32.1,critical,83.5,MED,MED
2025-06-01,SUP_0149,SUP_0149,acabados,stable,1118919.34,89,7.05,6.22,23.43,38.25,0.9318,0.9807,2.78,LOW,59.52,warning,30.09,LOW,LOW
2025-06-01,SUP_0150,SUP_0150,acabados,stable,3991334.96,62,8.38,2.13,49.37,17.77,0.9318,0.9807,32.76,LOW,44.39,critical,57.11,LOW,LOW
2025-06-01,SUP_0151,SUP_0151,acabados,fragile,3262769.52,120,6.31,12.77,54.58,8.85,0.9318,0.9807,53.8,LOW,24.14,critical,85.76,MED,MED
2025-06-01,SUP_0152,SUP_0152,logistica,fragile,1459862.01,102,7.33,7.52,29.66,1.0,0.9318,0.9807,45.6,LOW,39.61,critical,73.07,LOW,MED
2025-06-01,SUP_0153,SUP_0153,hormigon,stable,2738322.63,101,6.08,3.51,32.94,12.29,0.9318,0.9807,26.04,LOW,55.1,stable,50.56,LOW,LOW
2025-06-01,SUP_0154,SUP_0154,logistica,watch,3081029.16,127,6.73,14.52,36.36,11.06,0.9318,0.9807,47.25,LOW,27.76,critical,79.1,MED,MED
2025-06-01,SUP_0155,SUP_0155,acero,stable,2670197.22,57,7.45,17.65,23.71,12.25,0.9318,0.9807,47.24,LOW,26.81,critical,94.98,MED,MED
2025-06-01,SUP_0156,SUP_0156,acabados,watch,2228373.9,92,0.0,11.54,53.16,21.91,0.9318,0.9807,19.32,LOW,57.9,warning,54.5,LOW,LOW
2025-06-01,SUP_0157,SUP_0157,fontaneria,stable,1363622.68,89,1.92,15.91,41.13,16.44,0.9318,0.9807,31.69,LOW,45.08,warning,63.51,LOW,LOW
2025-06-01,SUP_0158,SUP_0158,acabados,watch,1385914.05,125,2.44,11.32,28.57,29.89,0.9318,0.9807,7.25,LOW,61.47,warning,33.86,LOW,LOW
2025-06-01,SUP_0159,SUP_0159,fontaneria,watch,3434608.25,93,0.0,22.31,60.09,14.61,0.9318,0.9807,45.9,LOW,30.66,critical,88.47,MED,MED
2025-06-01,SUP_0160,SUP_0160,fontaneria,watch,5348104.97,82,2.71,10.9,18.67,14.3,0.9318,0.9807,18.58,LOW,61.5,warning,42.84,LOW,LOW
2025-06-01,SUP_0161,SUP_0161,fontaneria,stable,374826.37,83,2.32,15.66,35.41,13.47,0.9318,0.9807,32.9,LOW,45.72,warning,62.99,LOW,LOW
2025-06-01,SUP_0162,SUP_0162,acabados,fragile,2725853.04,86,5.58,2.66,83.37,6.55,0.9318,0.9807,51.69,LOW,34.57,critical,91.9,MED,MED
2025-06-01,SUP_0163,SUP_0163,acabados,stable,4291643.44,70,6.66,6.15,37.31,30.16,0.9318,0.9807,15.83,LOW,52.74,warning,53.25,LOW,LOW
2025-06-01,SUP_0164,SUP_0164,cemento,stable,2409882.93,133,4.21,5.13,54.65,1.0,0.9318,0.9807,43.91,LOW,44.66,warning,69.68,LOW,MED
2025-06-01,SUP_0165,SUP_0165,acabados,watch,4498051.06,15,1.59,9.36,43.3,2.06,0.9318,0.9807,36.23,LOW,55.7,warning,58.81,LOW,LOW
2025-06-01,SUP_0166,SUP_0166,electricidad,stable,1692343.65,91,6.84,5.88,41.32,17.46,0.9318,0.9807,30.47,LOW,45.68,warning,60.09,LOW,LOW
2025-06-01,SUP_0167,SUP_0167,acero,fragile,3311335.98,70,6.17,10.89,62.69,9.24,0.9318,0.9807,53.8,LOW,26.5,critical,88.86,MED,MED
2025-06-01,SUP_0168,SUP_0168,electricidad,fragile,958324.12,94,3.35,28.35,53.35,17.1,0.9318,0.9807,59.48,LOW,9.06,critical,127.13,HIGH,HIGH
2025-06-01,SUP_0169,SUP_0169,logistica,stable,331308.1,42,2.53,7.06,16.06,28.17,0.9318,0.9807,-2.75,LOW,77.13,stable,6.68,LOW,LOW
2025-06-01,SUP_0170,SUP_0170,logistica,fragile,3892723.88,129,10.37,9.96,62.59,9.56,0.9318,0.9807,64.67,LOW,9.9,critical,118.78,MED,HIGH
2025-06-01,SUP_0171,SUP_0171,acabados,stable,1989440.47,102,2.45,8.05,13.02,23.98,0.9318,0.9807,1.31,LOW,73.56,stable,16.12,LOW,LOW
2025-06-01,SUP_0172,SUP_0172,electricidad,watch,2162100.78,100,4.95,9.97,58.56,25.29,0.9318,0.9807,30.86,LOW,39.77,warning,65.35,LOW,LOW
2025-06-01,SUP_0173,SUP_0173,acabados,stable,1154632.39,36,6.71,8.7,41.59,17.81,0.9318,0.9807,34.09,LOW,42.19,warning,76.14,MED,LOW
2025-06-01,SUP_0174,SUP_0174,acero,fragile,1332837.79,88,7.39,13.74,78.11,21.23,0.9318,0.9807,56.7,LOW,12.6,critical,105.29,MED,HIGH
2025-06-01,SUP_0175,SUP_0175,fontaneria,stable,2567153.45,123,1.15,6.9,29.57,31.81,0.9318,0.9807,-4.71,LOW,75.76,stable,15.55,LOW,LOW
2025-06-01,SUP_0176,SUP_0176,fontaneria,stable,1689215.46,25,3.73,15.3,31.62,12.34,0.9318,0.9807,36.02,LOW,43.83,warning,78.09,MED,LOW
2025-06-01,SUP_0177,SUP_0177,hormigon,stable,3168412.64,97,2.9,8.41,23.75,27.38,0.9318,0.9807,4.63,LOW,67.54,warning,15.98,LOW,LOW
2025-06-01,SUP_0178,SUP_0178,hormigon,fragile,3858079.16,92,2.92,19.47,67.89,10.4,0.9318,0.9807,58.11,LOW,19.7,critical,108.79,MED,HIGH
2025-06-01,SUP_0179,SUP_0179,cemento,fragile,3925281.86,140,1.06,6.71,11.55,12.83,0.9318,0.9807,5.62,LOW,77.43,stable,23.78,LOW,LOW
2025-06-01,SUP_0180,SUP_0180,cemento,watch,4236359.2,143,12.66,20.21,29.3,20.75,0.9318,0.9807,60.72,LOW,0.0,critical,120.05,HIGH,HIGH
2025-06-01,SUP_0181,SUP_0181,electricidad,fragile,3713781.8,111,7.4,21.78,11.42,1.0,0.9318,0.9807,58.99,LOW,18.75,critical,91.64,MED,HIGH
2025-06-01,SUP_0182,SUP_0182,electricidad,fragile,1857179.91,201,3.56,23.07,15.38,3.82,0.9318,0.9807,48.38,LOW,28.03,critical,89.19,MED,MED
2025-06-01,SUP_0183,SUP_0183,hormigon,watch,3223721.21,146,5.85,9.95,54.61,8.23,0.9318,0.9807,48.8,LOW,30.64,critical,98.46,MED,MED
2025-06-01,SUP_0184,SUP_0184,acero,stable,4052543.36,10,1.17,6.81,36.62,23.59,0.9318,0.9807,6.63,LOW,73.16,stable,27.78,LOW,LOW
2025-06-01,SUP_0185,SUP_0185,fontaneria,watch,4300554.78,59,0.0,12.87,30.36,14.31,0.9318,0.9807,18.66,LOW,63.84,stable,42.4,LOW,LOW
2025-06-01,SUP_0186,SUP_0186,hormigon,watch,1509348.71,48,1.73,17.69,19.92,4.31,0.9318,0.9807,36.39,LOW,48.8,warning,71.06,LOW,LOW
2025-06-01,SUP_0187,SUP_0187,acero,stable,2568629.15,24,1.81,12.87,4.51,15.39,0.9318,0.9807,11.36,LOW,69.68,stable,29.28,LOW,LOW
2025-06-01,SUP_0188,SUP_0188,acero,stable,5459812.81,110,10.12,2.22,20.79,9.92,0.9318,0.9807,33.12,LOW,45.9,warning,58.32,LOW,LOW
2025-06-01,SUP_0189,SUP_0189,electricidad,watch,2837416.5,147,9.68,16.94,87.6,35.44,0.9318,0.9807,58.42,LOW,0.0,critical,120.83,HIGH,HIGH
2025-06-01,SUP_0190,SUP_0190,acero,stable,2987794.0,57,4.36,0.0,37.36,38.93,0.9318,0.9807,-9.04,LOW,77.69,stable,14.77,LOW,LOW
2025-06-01,SUP_0191,SUP_0191,acabados,fragile,2719567.38,86,1.72,18.12,43.82,11.02,0.9318,0.9807,41.05,LOW,38.44,warning,77.82,MED,MED
2025-06-01,SUP_0192,SUP_0192,acero,stable,1795530.35,58,1.22,0.0,35.16,13.32,0.9318,0.9807,6.16,LOW,82.22,stable,20.52,LOW,LOW
2025-06-01,SUP_0193,SUP_0193,electricidad,stable,3338241.69,77,8.36,2.2,9.3,9.26,0.9318,0.9807,23.29,LOW,58.92,warning,34.32,LOW,LOW
2025-06-01,SUP_0194,SUP_0194,acero,fragile,2212264.69,177,4.75,17.14,42.86,2.37,0.9318,0.9807,56.86,LOW,22.95,critical,94.52,MED,HIGH
2025-06-01,SUP_0195,SUP_0195,hormigon,stable,3137180.5,43,5.36,13.81,38.58,11.91,0.9318,0.9807,42.23,LOW,36.47,warning,73.98,LOW,MED
2025-06-01,SUP_0196,SUP_0196,fontaneria,stable,2494811.87,115,3.24,4.69,28.22,10.79,0.9318,0.9807,18.68,LOW,65.27,warning,36.21,LOW,LOW
2025-06-01,SUP_0197,SUP_0197,hormigon,watch,1812015.65,15,5.79,5.19,51.8,14.64,0.9318,0.9807,33.82,LOW,47.84,critical,71.1,LOW,LOW
2025-06-01,SUP_0198,SUP_0198,acero,fragile,3954157.11,159,4.71,22.62,63.92,2.95,0.9318,0.9807,73.87,MED,3.4,critical,127.61,HIGH,HIGH
2025-06-01,SUP_0199,SUP_0199,acabados,stable,4799695.47,84,6.87,9.69,36.48,13.71,0.9318,0.9807,37.86,LOW,39.0,warning,72.4,LOW,MED
2025-06-01,SUP_0200,SUP_0200,logistica,stable,986125.88,103,3.86,16.94,19.28,22.26,0.9318,0.9807,23.41,LOW,46.69,critical,57.1,LOW,LOW
2025-06-01,SUP_0201,SUP_0201,fontaneria,watch,4823286.76,107,1.03,9.76,57.9,17.52,0.9318,0.9807,26.25,LOW,53.26,warning,71.66,LOW,LOW
2025-06-01,SUP_0202,SUP_0202,logistica,fragile,2140194.64,37,0.0,17.57,95.0,14.41,0.9318,0.9807,54.69,LOW,26.04,critical,98.62,MED,MED
2025-06-01,SUP_0203,SUP_0203,acabados,watch,2944317.63,101,5.66,27.31,21.82,6.36,0.9318,0.9807,61.4,LOW,12.13,critical,120.84,HIGH,HIGH
2025-06-01,SUP_0204,SUP_0204,electricidad,stable,3505823.43,52,12.65,5.12,18.93,21.24,0.9318,0.9807,32.9,LOW,36.52,critical,68.52,LOW,LOW
2025-06-01,SUP_0205,SUP_0205,acabados,stable,3863736.83,82,2.2,3.79,43.31,10.9,0.9318,0.9807,20.86,LOW,65.5,stable,44.49,LOW,LOW
2025-06-01,SUP_0206,SUP_0206,acero,stable,5701338.03,111,0.1,4.85,31.8,39.8,0.9318,0.9807,-17.92,LOW,86.2,stable,0.0,LOW,LOW
2025-06-01,SUP_0207,SUP_0207,electricidad,stable,4026230.09,67,5.55,16.41,51.2,20.0,0.9318,0.9807,44.29,LOW,26.94,critical,87.1,MED,MED
2025-06-01,SUP_0208,SUP_0208,electricidad,watch,4396849.82,100,5.36,3.2,34.66,4.44,0.9318,0.9807,32.04,LOW,55.13,warning,61.42,LOW,LOW
2025-06-01,SUP_0209,SUP_0209,logistica,stable,375916.3,76,7.74,10.6,38.29,13.88,0.9318,0.9807,42.48,LOW,33.18,critical,75.47,MED,MED
2025-06-01,SUP_0210,SUP_0210,acabados,watch,4704917.76,107,5.62,7.54,43.83,13.69,0.9318,0.9807,34.22,LOW,44.3,critical,72.46,LOW,LOW
2025-06-01,SUP_0211,SUP_0211,electricidad,watch,2998159.39,58,4.96,16.14,40.69,22.43,0.9318,0.9807,34.97,LOW,35.68,critical,76.08,MED,LOW
2025-06-01,SUP_0212,SUP_0212,fontaneria,watch,2194114.06,99,4.01,10.88,87.32,14.63,0.9318,0.9807,53.01,LOW,25.05,critical,82.83,MED,MED
2025-06-01,SUP_0213,SUP_0213,hormigon,stable,1851016.77,62,2.67,3.94,20.32,32.2,0.9318,0.9807,-9.15,LOW,81.73,stable,16.28,LOW,LOW
2025-06-01,SUP_0214,SUP_0214,acabados,fragile,1404160.39,163,4.17,22.15,40.1,12.12,0.9318,0.9807,51.67,LOW,20.33,critical,87.56,MED,MED
2025-06-01,SUP_0215,SUP_0215,electricidad,watch,3785380.4,31,2.45,17.34,28.05,13.03,0.9318,0.9807,32.94,LOW,46.54,warning,60.7,LOW,LOW
2025-06-01,SUP_0216,SUP_0216,electricidad,watch,3675287.57,132,10.99,8.02,48.0,16.51,0.9318,0.9807,50.09,LOW,20.23,critical,81.2,MED,MED
2025-06-01,SUP_0217,SUP_0217,acabados,stable,3758722.44,144,9.92,4.45,9.18,32.08,0.9318,0.9807,8.49,LOW,54.19,warning,41.9,LOW,LOW
2025-06-01,SUP_0218,SUP_0218,fontaneria,stable,3549536.17,70,6.95,3.76,32.69,40.45,0.9318,0.9807,0.74,LOW,62.03,warning,30.07,LOW,LOW
2025-06-01,SUP_0219,SUP_0219,cemento,fragile,805268.33,151,2.57,28.77,47.64,6.26,0.9318,0.9807,66.02,LOW,8.43,critical,124.37,HIGH,HIGH
2025-06-01,SUP_0220,SUP_0220,acero,stable,3741878.23,120,2.02,3.56,39.26,15.29,0.9318,0.9807,13.78,LOW,68.88,warning,30.98,LOW,LOW
